0 verbose cli C:\Program Files\nodejs\node.exe C:\Program Files\nodejs\node_modules\npm\bin\npm-cli.js
1 info using npm@11.17.0
2 info using node@v24.19.0
3 silly config load:file:C:\Program Files\nodejs\node_modules\npm\npmrc
4 silly config load:file:C:\Users\ricar\Documents\Codex\2026-09-30\build-a-link-shortener-with-click\.npmrc
5 silly config load:file:C:\Users\ricar\.npmrc
6 silly config load:file:C:\Users\ricar\AppData\Roaming\npm\etc\npmrc
7 verbose title npm install
8 verbose argv "install" "--fetch-retries" "10" "--fetch-retry-mintimeout" "500" "--fetch-retry-maxtimeout" "5000"
9 verbose logfile logs-max:10 dir:C:\Users\ricar\Documents\Codex\2026-09-30\build-a-link-shortener-with-click\work\npm-cache\_logs\2026-09-30T11_07_00_304Z-
10 verbose logfile C:\Users\ricar\Documents\Codex\2026-09-30\build-a-link-shortener-with-click\work\npm-cache\_logs\2026-09-30T11_07_00_304Z-debug-0.log
11 silly logfile done cleaning log files
12 silly packumentCache heap:4496293888 maxSize:1124073472 maxEntrySize:562036736
13 silly idealTree buildDeps
14 silly fetch manifest @supabase/ssr@^0.5.2
15 silly packumentCache full:https://registry.npmjs.org/@supabase%2fssr cache-miss
16 http cache https://registry.npmjs.org/@supabase%2fssr 22ms (cache hit)
17 silly packumentCache full:https://registry.npmjs.org/@supabase%2fssr set size:261164 disposed:false
18 silly fetch manifest @supabase/supabase-js@^2.45.4
19 silly packumentCache full:https://registry.npmjs.org/@supabase%2fsupabase-js cache-miss
20 http cache https://registry.npmjs.org/@supabase%2fsupabase-js 19ms (cache hit)
21 silly packumentCache full:https://registry.npmjs.org/@supabase%2fsupabase-js set size:4066375 disposed:false
22 silly fetch manifest @opentelemetry/api@>=1.0.0
23 silly packumentCache full:https://registry.npmjs.org/@opentelemetry%2fapi cache-miss
24 http cache https://registry.npmjs.org/@opentelemetry%2fapi 13ms (cache hit)
25 silly packumentCache full:https://registry.npmjs.org/@opentelemetry%2fapi set size:272967 disposed:false
26 silly fetch manifest next@^15.1.0
27 silly packumentCache full:https://registry.npmjs.org/next cache-miss
28 http cache https://registry.npmjs.org/next 86ms (cache hit)
29 silly packumentCache full:https://registry.npmjs.org/next set size:31333372 disposed:false
30 silly fetch manifest @opentelemetry/api@^1.1.0
31 silly packumentCache full:https://registry.npmjs.org/@opentelemetry%2fapi cache-hit
32 silly fetch manifest @playwright/test@^1.51.1
33 silly packumentCache full:https://registry.npmjs.org/@playwright%2ftest cache-miss
34 http cache https://registry.npmjs.org/@playwright%2ftest 30ms (cache hit)
35 silly packumentCache full:https://registry.npmjs.org/@playwright%2ftest set size:9576275 disposed:false
36 silly fetch manifest babel-plugin-react-compiler@*
37 silly packumentCache full:https://registry.npmjs.org/babel-plugin-react-compiler cache-miss
38 http cache https://registry.npmjs.org/babel-plugin-react-compiler 12ms (cache hit)
39 silly packumentCache full:https://registry.npmjs.org/babel-plugin-react-compiler set size:1356999 disposed:false
40 silly fetch manifest react@^19.0.0
41 silly packumentCache full:https://registry.npmjs.org/react cache-miss
42 http cache https://registry.npmjs.org/react 22ms (cache hit)
43 silly packumentCache full:https://registry.npmjs.org/react set size:7011585 disposed:false
44 silly fetch manifest react-dom@^19.0.0
45 silly packumentCache full:https://registry.npmjs.org/react-dom cache-miss
46 http cache https://registry.npmjs.org/react-dom 32ms (cache hit)
47 silly packumentCache full:https://registry.npmjs.org/react-dom set size:9447690 disposed:false
48 silly fetch manifest sass@^1.3.0
49 silly packumentCache full:https://registry.npmjs.org/sass cache-miss
50 http cache https://registry.npmjs.org/sass 11ms (cache hit)
51 silly packumentCache full:https://registry.npmjs.org/sass set size:756819 disposed:false
52 silly fetch manifest nanoid@^5.0.7
53 silly packumentCache full:https://registry.npmjs.org/nanoid cache-miss
54 http cache https://registry.npmjs.org/nanoid 10ms (cache hit)
55 silly packumentCache full:https://registry.npmjs.org/nanoid set size:345858 disposed:false
56 silly fetch manifest qrcode@^1.5.4
57 silly packumentCache full:https://registry.npmjs.org/qrcode cache-miss
58 http cache https://registry.npmjs.org/qrcode 10ms (cache hit)
59 silly packumentCache full:https://registry.npmjs.org/qrcode set size:131489 disposed:false
60 silly fetch manifest recharts@^2.12.7
61 silly packumentCache full:https://registry.npmjs.org/recharts cache-miss
62 http cache https://registry.npmjs.org/recharts 13ms (cache hit)
63 silly packumentCache full:https://registry.npmjs.org/recharts set size:1480357 disposed:false
64 silly fetch manifest ua-parser-js@^1.0.39
65 silly packumentCache full:https://registry.npmjs.org/ua-parser-js cache-miss
66 http cache https://registry.npmjs.org/ua-parser-js 9ms (cache hit)
67 silly packumentCache full:https://registry.npmjs.org/ua-parser-js set size:719507 disposed:false
68 silly fetch manifest zod@^3.23.8
69 silly packumentCache full:https://registry.npmjs.org/zod cache-miss
70 http cache https://registry.npmjs.org/zod 20ms (cache hit)
71 silly packumentCache full:https://registry.npmjs.org/zod set size:4166672 disposed:false
72 silly fetch manifest @types/node@^20.14.15
73 silly packumentCache full:https://registry.npmjs.org/@types%2fnode cache-miss
74 http cache https://registry.npmjs.org/@types%2fnode 39ms (cache hit)
75 silly packumentCache full:https://registry.npmjs.org/@types%2fnode set size:11157642 disposed:false
76 silly fetch manifest @types/qrcode@^1.5.5
77 silly packumentCache full:https://registry.npmjs.org/@types%2fqrcode cache-miss
78 http cache https://registry.npmjs.org/@types%2fqrcode 25ms (cache hit)
79 silly packumentCache full:https://registry.npmjs.org/@types%2fqrcode set size:46163 disposed:false
80 silly fetch manifest @types/react@^19.0.0
81 silly packumentCache full:https://registry.npmjs.org/@types%2freact cache-miss
82 http cache https://registry.npmjs.org/@types%2freact 16ms (cache hit)
83 silly packumentCache full:https://registry.npmjs.org/@types%2freact set size:2642161 disposed:false
84 silly fetch manifest @types/react-dom@^19.0.0
85 silly packumentCache full:https://registry.npmjs.org/@types%2freact-dom cache-miss
86 http cache https://registry.npmjs.org/@types%2freact-dom 8ms (cache hit)
87 silly packumentCache full:https://registry.npmjs.org/@types%2freact-dom set size:444872 disposed:false
88 silly fetch manifest autoprefixer@^10.4.20
89 silly packumentCache full:https://registry.npmjs.org/autoprefixer cache-miss
90 http cache https://registry.npmjs.org/autoprefixer 11ms (cache hit)
91 silly packumentCache full:https://registry.npmjs.org/autoprefixer set size:1414323 disposed:false
92 silly fetch manifest postcss@^8.4.40
93 silly packumentCache full:https://registry.npmjs.org/postcss cache-miss
94 http cache https://registry.npmjs.org/postcss 8ms (cache hit)
95 silly packumentCache full:https://registry.npmjs.org/postcss set size:766699 disposed:false
96 silly fetch manifest eslint@^8.57.0
97 silly packumentCache full:https://registry.npmjs.org/eslint cache-miss
98 http cache https://registry.npmjs.org/eslint 12ms (cache hit)
99 silly packumentCache full:https://registry.npmjs.org/eslint set size:2085131 disposed:false
100 silly fetch manifest eslint-config-next@^15.1.0
101 silly packumentCache full:https://registry.npmjs.org/eslint-config-next cache-miss
102 http cache https://registry.npmjs.org/eslint-config-next 22ms (cache hit)
103 silly packumentCache full:https://registry.npmjs.org/eslint-config-next set size:7294052 disposed:false
104 silly fetch manifest typescript@^5.5.4
105 silly packumentCache full:https://registry.npmjs.org/typescript cache-miss
106 http cache https://registry.npmjs.org/typescript 40ms (cache hit)
107 silly packumentCache full:https://registry.npmjs.org/typescript set size:15735824 disposed:false
108 silly fetch manifest tailwindcss@^3.4.7
109 silly packumentCache full:https://registry.npmjs.org/tailwindcss cache-miss
110 http cache https://registry.npmjs.org/tailwindcss 35ms (cache hit)
111 silly packumentCache full:https://registry.npmjs.org/tailwindcss set size:10893093 disposed:false
112 silly placeDep ROOT @supabase/ssr@0.5.2 OK for: shortly-analytics@1.0.0 want: ^0.5.2
113 silly placeDep ROOT @supabase/supabase-js@2.117.2 OK for: @supabase/ssr@0.5.2 want: ^2.43.4
114 silly placeDep ROOT @types/node@20.19.43 OK for: shortly-analytics@1.0.0 want: ^20.14.15
115 silly placeDep ROOT @types/qrcode@1.5.6 OK for: shortly-analytics@1.0.0 want: ^1.5.5
116 silly placeDep ROOT @types/react@19.3.0 OK for: shortly-analytics@1.0.0 want: ^19.0.0
117 silly placeDep ROOT @types/react-dom@19.3.0 OK for: shortly-analytics@1.0.0 want: ^19.0.0
118 silly placeDep ROOT autoprefixer@10.6.1 OK for: shortly-analytics@1.0.0 want: ^10.4.20
119 silly placeDep ROOT postcss@8.5.28 OK for: autoprefixer@10.6.1 want: ^8.1.0
120 silly placeDep ROOT eslint@8.57.1 OK for: shortly-analytics@1.0.0 want: ^8.57.0
121 silly placeDep ROOT eslint-config-next@15.5.26 OK for: shortly-analytics@1.0.0 want: ^15.1.0
122 silly placeDep ROOT nanoid@5.1.16 OK for: shortly-analytics@1.0.0 want: ^5.0.7
123 silly placeDep ROOT next@15.5.26 OK for: shortly-analytics@1.0.0 want: ^15.1.0
124 silly placeDep ROOT react@19.3.0 OK for: next@15.5.26 want: ^18.2.0 || 19.0.0-rc-de68d2f4-20241204 || ^19.0.0
125 silly placeDep ROOT react-dom@19.3.0 OK for: next@15.5.26 want: ^18.2.0 || 19.0.0-rc-de68d2f4-20241204 || ^19.0.0
126 silly placeDep ROOT qrcode@1.5.4 OK for: shortly-analytics@1.0.0 want: ^1.5.4
127 silly placeDep ROOT recharts@2.15.4 OK for: shortly-analytics@1.0.0 want: ^2.12.7
128 silly placeDep ROOT tailwindcss@3.4.19 OK for: shortly-analytics@1.0.0 want: ^3.4.7
129 silly placeDep ROOT typescript@5.9.3 OK for: shortly-analytics@1.0.0 want: ^5.5.4
130 silly placeDep ROOT ua-parser-js@1.0.41 OK for: shortly-analytics@1.0.0 want: ^1.0.39
131 silly placeDep ROOT zod@3.25.76 OK for: shortly-analytics@1.0.0 want: ^3.23.8
132 silly fetch manifest cookie@^0.7.0
133 silly packumentCache full:https://registry.npmjs.org/cookie cache-miss
134 silly fetch manifest @types/cookie@^0.6.0
135 silly packumentCache full:https://registry.npmjs.org/@types%2fcookie cache-miss
136 silly fetch manifest @supabase/auth-js@2.117.2
137 silly packumentCache full:https://registry.npmjs.org/@supabase%2fauth-js cache-miss
138 silly fetch manifest @supabase/storage-js@2.117.2
139 silly packumentCache full:https://registry.npmjs.org/@supabase%2fstorage-js cache-miss
140 silly fetch manifest @supabase/realtime-js@2.117.2
141 silly packumentCache full:https://registry.npmjs.org/@supabase%2frealtime-js cache-miss
142 silly fetch manifest @supabase/functions-js@2.117.2
143 silly packumentCache full:https://registry.npmjs.org/@supabase%2ffunctions-js cache-miss
144 silly fetch manifest @supabase/postgrest-js@2.117.2
145 silly packumentCache full:https://registry.npmjs.org/@supabase%2fpostgrest-js cache-miss
146 silly fetch manifest undici-types@~6.21.0
147 silly packumentCache full:https://registry.npmjs.org/undici-types cache-miss
148 silly fetch manifest csstype@^3.2.2
149 silly packumentCache full:https://registry.npmjs.org/csstype cache-miss
150 silly fetch manifest picocolors@^1.1.1
151 silly packumentCache full:https://registry.npmjs.org/picocolors cache-miss
152 silly fetch manifest fraction.js@^5.3.4
153 silly packumentCache full:https://registry.npmjs.org/fraction.js cache-miss
154 http cache https://registry.npmjs.org/cookie 49ms (cache hit)
155 silly packumentCache full:https://registry.npmjs.org/cookie set size:78274 disposed:false
156 silly fetch manifest browserslist@^4.28.9
157 silly packumentCache full:https://registry.npmjs.org/browserslist cache-miss
158 http cache https://registry.npmjs.org/undici-types 49ms (cache hit)
159 silly packumentCache full:https://registry.npmjs.org/undici-types set size:270043 disposed:false
160 silly fetch manifest caniuse-lite@^1.0.30001810
161 silly packumentCache full:https://registry.npmjs.org/caniuse-lite cache-miss
162 http cache https://registry.npmjs.org/@supabase%2fstorage-js 59ms (cache hit)
163 silly packumentCache full:https://registry.npmjs.org/@supabase%2fstorage-js set size:1667362 disposed:false
164 silly fetch manifest postcss-value-parser@^4.2.0
165 silly packumentCache full:https://registry.npmjs.org/postcss-value-parser cache-miss
166 http cache https://registry.npmjs.org/@types%2fcookie 72ms (cache hit)
167 silly packumentCache full:https://registry.npmjs.org/@types%2fcookie set size:39348 disposed:false
168 silly fetch manifest nanoid@^3.3.18
169 silly packumentCache full:https://registry.npmjs.org/nanoid cache-hit
170 silly fetch manifest picocolors@^1.1.1
171 silly packumentCache full:https://registry.npmjs.org/picocolors cache-miss
172 http cache https://registry.npmjs.org/@supabase%2fpostgrest-js 77ms (cache hit)
173 silly packumentCache full:https://registry.npmjs.org/@supabase%2fpostgrest-js set size:2122913 disposed:false
174 silly fetch manifest source-map-js@^1.2.1
175 silly packumentCache full:https://registry.npmjs.org/source-map-js cache-miss
176 http cache https://registry.npmjs.org/@supabase%2ffunctions-js 99ms (cache hit)
177 silly packumentCache full:https://registry.npmjs.org/@supabase%2ffunctions-js set size:1388523 disposed:false
178 silly fetch manifest ajv@^6.12.4
179 silly packumentCache full:https://registry.npmjs.org/ajv cache-miss
180 http cache https://registry.npmjs.org/@supabase%2fauth-js 117ms (cache hit)
181 silly packumentCache full:https://registry.npmjs.org/@supabase%2fauth-js set size:1668327 disposed:false
182 silly fetch manifest levn@^0.4.1
183 silly packumentCache full:https://registry.npmjs.org/levn cache-miss
184 http cache https://registry.npmjs.org/csstype 132ms (cache hit)
185 silly packumentCache full:https://registry.npmjs.org/csstype set size:274189 disposed:false
186 silly fetch manifest chalk@^4.0.0
187 silly packumentCache full:https://registry.npmjs.org/chalk cache-miss
188 http cache https://registry.npmjs.org/picocolors 146ms (cache hit)
189 silly packumentCache full:https://registry.npmjs.org/picocolors set size:16648 disposed:false
190 silly fetch manifest debug@^4.3.2
191 silly packumentCache full:https://registry.npmjs.org/debug cache-miss
192 http cache https://registry.npmjs.org/postcss-value-parser 108ms (cache hit)
193 silly packumentCache full:https://registry.npmjs.org/postcss-value-parser set size:73526 disposed:false
194 silly fetch manifest espree@^9.6.1
195 silly packumentCache full:https://registry.npmjs.org/espree cache-miss
196 http cache https://registry.npmjs.org/source-map-js 89ms (cache hit)
197 silly packumentCache full:https://registry.npmjs.org/source-map-js set size:62640 disposed:false
198 silly fetch manifest ignore@^5.2.0
199 silly packumentCache full:https://registry.npmjs.org/ignore cache-miss
200 http cache https://registry.npmjs.org/picocolors 112ms (cache hit)
201 silly packumentCache full:https://registry.npmjs.org/picocolors set size:16648 disposed:false
202 silly packumentCache full:https://registry.npmjs.org/picocolors dispose
203 silly fetch manifest esquery@^1.4.2
204 silly packumentCache full:https://registry.npmjs.org/esquery cache-miss
205 http cache https://registry.npmjs.org/caniuse-lite 137ms (cache hit)
206 silly packumentCache full:https://registry.npmjs.org/caniuse-lite set size:2319807 disposed:false
207 silly fetch manifest esutils@^2.0.2
208 silly packumentCache full:https://registry.npmjs.org/esutils cache-miss
209 http cache https://registry.npmjs.org/browserslist 157ms (cache hit)
210 silly packumentCache full:https://registry.npmjs.org/browserslist set size:530436 disposed:false
211 silly fetch manifest find-up@^5.0.0
212 silly packumentCache full:https://registry.npmjs.org/find-up cache-miss
213 http cache https://registry.npmjs.org/ajv 102ms (cache hit)
214 silly packumentCache full:https://registry.npmjs.org/ajv set size:1142658 disposed:false
215 silly fetch manifest globals@^13.19.0
216 silly packumentCache full:https://registry.npmjs.org/globals cache-miss
217 http cache https://registry.npmjs.org/levn 97ms (cache hit)
218 silly packumentCache full:https://registry.npmjs.org/levn set size:28223 disposed:false
219 silly fetch manifest is-glob@^4.0.0
220 silly packumentCache full:https://registry.npmjs.org/is-glob cache-miss
221 http cache https://registry.npmjs.org/chalk 94ms (cache hit)
222 silly packumentCache full:https://registry.npmjs.org/chalk set size:137439 disposed:false
223 silly fetch manifest js-yaml@^4.1.0
224 silly packumentCache full:https://registry.npmjs.org/js-yaml cache-miss
225 http cache https://registry.npmjs.org/debug 81ms (cache hit)
226 silly packumentCache full:https://registry.npmjs.org/debug set size:195840 disposed:false
227 silly fetch manifest doctrine@^3.0.0
228 silly packumentCache full:https://registry.npmjs.org/doctrine cache-miss
229 http cache https://registry.npmjs.org/ignore 66ms (cache hit)
230 silly packumentCache full:https://registry.npmjs.org/ignore set size:259019 disposed:false
231 silly fetch manifest graphemer@^1.4.0
232 silly packumentCache full:https://registry.npmjs.org/graphemer cache-miss
233 http cache https://registry.npmjs.org/espree 78ms (cache hit)
234 silly packumentCache full:https://registry.npmjs.org/espree set size:326080 disposed:false
235 silly fetch manifest minimatch@^3.1.2
236 silly packumentCache full:https://registry.npmjs.org/minimatch cache-miss
237 http cache https://registry.npmjs.org/esquery 79ms (cache hit)
238 silly packumentCache full:https://registry.npmjs.org/esquery set size:48888 disposed:false
239 silly fetch manifest @eslint/js@8.57.1
240 silly packumentCache full:https://registry.npmjs.org/@eslint%2fjs cache-miss
241 http cache https://registry.npmjs.org/esutils 63ms (cache hit)
242 silly packumentCache full:https://registry.npmjs.org/esutils set size:29522 disposed:false
243 silly fetch manifest optionator@^0.9.3
244 silly packumentCache full:https://registry.npmjs.org/optionator cache-miss
245 http cache https://registry.npmjs.org/find-up 57ms (cache hit)
246 silly packumentCache full:https://registry.npmjs.org/find-up set size:42620 disposed:false
247 silly fetch manifest strip-ansi@^6.0.1
248 silly packumentCache full:https://registry.npmjs.org/strip-ansi cache-miss
249 http cache https://registry.npmjs.org/js-yaml 40ms (cache hit)
250 silly packumentCache full:https://registry.npmjs.org/js-yaml set size:198692 disposed:false
251 silly fetch manifest text-table@^0.2.0
252 silly packumentCache full:https://registry.npmjs.org/text-table cache-miss
253 http cache https://registry.npmjs.org/is-glob 50ms (cache hit)
254 silly packumentCache full:https://registry.npmjs.org/is-glob set size:40530 disposed:false
255 silly fetch manifest cross-spawn@^7.0.2
256 silly packumentCache full:https://registry.npmjs.org/cross-spawn cache-miss
257 http cache https://registry.npmjs.org/globals 55ms (cache hit)
258 silly packumentCache full:https://registry.npmjs.org/globals set size:338968 disposed:false
259 silly fetch manifest glob-parent@^6.0.2
260 silly packumentCache full:https://registry.npmjs.org/glob-parent cache-miss
261 http cache https://registry.npmjs.org/doctrine 51ms (cache hit)
262 silly packumentCache full:https://registry.npmjs.org/doctrine set size:64052 disposed:false
263 silly fetch manifest imurmurhash@^0.1.4
264 silly packumentCache full:https://registry.npmjs.org/imurmurhash cache-miss
265 http cache https://registry.npmjs.org/@eslint%2fjs 38ms (cache hit)
266 silly packumentCache full:https://registry.npmjs.org/@eslint%2fjs set size:141633 disposed:false
267 silly fetch manifest eslint-scope@^7.2.2
268 silly packumentCache full:https://registry.npmjs.org/eslint-scope cache-miss
269 http cache https://registry.npmjs.org/optionator 42ms (cache hit)
270 silly packumentCache full:https://registry.npmjs.org/optionator set size:49651 disposed:false
271 silly fetch manifest lodash.merge@^4.6.2
272 silly packumentCache full:https://registry.npmjs.org/lodash.merge cache-miss
273 http cache https://registry.npmjs.org/graphemer 56ms (cache hit)
274 silly packumentCache full:https://registry.npmjs.org/graphemer set size:25853 disposed:false
275 silly fetch manifest is-path-inside@^3.0.3
276 silly packumentCache full:https://registry.npmjs.org/is-path-inside cache-miss
277 http cache https://registry.npmjs.org/minimatch 53ms (cache hit)
278 silly packumentCache full:https://registry.npmjs.org/minimatch set size:377924 disposed:false
279 silly fetch manifest fast-deep-equal@^3.1.3
280 silly packumentCache full:https://registry.npmjs.org/fast-deep-equal cache-miss
281 http cache https://registry.npmjs.org/strip-ansi 53ms (cache hit)
282 silly packumentCache full:https://registry.npmjs.org/strip-ansi set size:44998 disposed:false
283 silly fetch manifest natural-compare@^1.4.0
284 silly packumentCache full:https://registry.npmjs.org/natural-compare cache-miss
285 http cache https://registry.npmjs.org/glob-parent 42ms (cache hit)
286 silly packumentCache full:https://registry.npmjs.org/glob-parent set size:42445 disposed:false
287 silly fetch manifest @eslint/eslintrc@^2.1.4
288 silly packumentCache full:https://registry.npmjs.org/@eslint%2feslintrc cache-miss
289 http cache https://registry.npmjs.org/text-table 53ms (cache hit)
290 silly packumentCache full:https://registry.npmjs.org/text-table set size:20701 disposed:false
291 silly fetch manifest @nodelib/fs.walk@^1.2.8
292 silly packumentCache full:https://registry.npmjs.org/@nodelib%2ffs.walk cache-miss
293 http cache https://registry.npmjs.org/cross-spawn 52ms (cache hit)
294 silly packumentCache full:https://registry.npmjs.org/cross-spawn set size:109066 disposed:false
295 silly fetch manifest file-entry-cache@^6.0.1
296 silly packumentCache full:https://registry.npmjs.org/file-entry-cache cache-miss
297 http cache https://registry.npmjs.org/imurmurhash 44ms (cache hit)
298 silly packumentCache full:https://registry.npmjs.org/imurmurhash set size:35819 disposed:false
299 silly fetch manifest eslint-visitor-keys@^3.4.3
300 silly packumentCache full:https://registry.npmjs.org/eslint-visitor-keys cache-miss
301 http cache https://registry.npmjs.org/eslint-scope 41ms (cache hit)
302 silly packumentCache full:https://registry.npmjs.org/eslint-scope set size:98867 disposed:false
303 silly fetch manifest escape-string-regexp@^4.0.0
304 silly packumentCache full:https://registry.npmjs.org/escape-string-regexp cache-miss
305 http cache https://registry.npmjs.org/lodash.merge 41ms (cache hit)
306 silly packumentCache full:https://registry.npmjs.org/lodash.merge set size:78575 disposed:false
307 silly fetch manifest @ungap/structured-clone@^1.2.0
308 silly packumentCache full:https://registry.npmjs.org/@ungap%2fstructured-clone cache-miss
309 http cache https://registry.npmjs.org/is-path-inside 44ms (cache hit)
310 silly packumentCache full:https://registry.npmjs.org/is-path-inside set size:23585 disposed:false
311 silly fetch manifest @eslint-community/regexpp@^4.6.1
312 silly packumentCache full:https://registry.npmjs.org/@eslint-community%2fregexpp cache-miss
313 http cache https://registry.npmjs.org/fast-deep-equal 40ms (cache hit)
314 silly packumentCache full:https://registry.npmjs.org/fast-deep-equal set size:48634 disposed:false
315 silly fetch manifest @humanwhocodes/config-array@^0.13.0
316 silly packumentCache full:https://registry.npmjs.org/@humanwhocodes%2fconfig-array cache-miss
317 http cache https://registry.npmjs.org/natural-compare 38ms (cache hit)
318 silly packumentCache full:https://registry.npmjs.org/natural-compare set size:7852 disposed:false
319 silly fetch manifest @eslint-community/eslint-utils@^4.2.0
320 silly packumentCache full:https://registry.npmjs.org/@eslint-community%2feslint-utils cache-miss
321 http cache https://registry.npmjs.org/@nodelib%2ffs.walk 37ms (cache hit)
322 silly packumentCache full:https://registry.npmjs.org/@nodelib%2ffs.walk set size:41589 disposed:false
323 silly fetch manifest @humanwhocodes/module-importer@^1.0.1
324 silly packumentCache full:https://registry.npmjs.org/@humanwhocodes%2fmodule-importer cache-miss
325 http cache https://registry.npmjs.org/@eslint%2feslintrc 42ms (cache hit)
326 silly packumentCache full:https://registry.npmjs.org/@eslint%2feslintrc set size:174680 disposed:false
327 silly fetch manifest json-stable-stringify-without-jsonify@^1.0.1
328 silly packumentCache full:https://registry.npmjs.org/json-stable-stringify-without-jsonify cache-miss
329 http cache https://registry.npmjs.org/file-entry-cache 39ms (cache hit)
330 silly packumentCache full:https://registry.npmjs.org/file-entry-cache set size:127681 disposed:false
331 silly fetch manifest eslint-plugin-react@^7.37.0
332 silly packumentCache full:https://registry.npmjs.org/eslint-plugin-react cache-miss
333 http cache https://registry.npmjs.org/eslint-visitor-keys 41ms (cache hit)
334 silly packumentCache full:https://registry.npmjs.org/eslint-visitor-keys set size:69949 disposed:false
335 silly fetch manifest eslint-plugin-import@^2.31.0
336 silly packumentCache full:https://registry.npmjs.org/eslint-plugin-import cache-miss
337 http cache https://registry.npmjs.org/escape-string-regexp 40ms (cache hit)
338 silly packumentCache full:https://registry.npmjs.org/escape-string-regexp set size:22244 disposed:false
339 silly fetch manifest eslint-plugin-jsx-a11y@^6.10.0
340 silly packumentCache full:https://registry.npmjs.org/eslint-plugin-jsx-a11y cache-miss
341 http cache https://registry.npmjs.org/@ungap%2fstructured-clone 39ms (cache hit)
342 silly packumentCache full:https://registry.npmjs.org/@ungap%2fstructured-clone set size:68313 disposed:false
343 silly fetch manifest @rushstack/eslint-patch@^1.10.3
344 silly packumentCache full:https://registry.npmjs.org/@rushstack%2feslint-patch cache-miss
345 http cache https://registry.npmjs.org/@eslint-community%2fregexpp 43ms (cache hit)
346 silly packumentCache full:https://registry.npmjs.org/@eslint-community%2fregexpp set size:106609 disposed:false
347 silly fetch manifest @next/eslint-plugin-next@15.5.26
348 silly packumentCache full:https://registry.npmjs.org/@next%2feslint-plugin-next cache-miss
349 http cache https://registry.npmjs.org/@humanwhocodes%2fconfig-array 45ms (cache hit)
350 silly packumentCache full:https://registry.npmjs.org/@humanwhocodes%2fconfig-array set size:139493 disposed:false
351 silly fetch manifest @typescript-eslint/parser@^5.4.2 || ^6.0.0 || ^7.0.0 || ^8.0.0
352 silly packumentCache full:https://registry.npmjs.org/@typescript-eslint%2fparser cache-miss
353 http cache https://registry.npmjs.org/@eslint-community%2feslint-utils 46ms (cache hit)
354 silly packumentCache full:https://registry.npmjs.org/@eslint-community%2feslint-utils set size:108339 disposed:false
355 silly fetch manifest eslint-plugin-react-hooks@^5.0.0
356 silly packumentCache full:https://registry.npmjs.org/eslint-plugin-react-hooks cache-miss
357 http cache https://registry.npmjs.org/@humanwhocodes%2fmodule-importer 47ms (cache hit)
358 silly packumentCache full:https://registry.npmjs.org/@humanwhocodes%2fmodule-importer set size:9516 disposed:false
359 silly fetch manifest eslint-import-resolver-node@^0.3.6
360 silly packumentCache full:https://registry.npmjs.org/eslint-import-resolver-node cache-miss
361 http cache https://registry.npmjs.org/json-stable-stringify-without-jsonify 47ms (cache hit)
362 silly packumentCache full:https://registry.npmjs.org/json-stable-stringify-without-jsonify set size:5808 disposed:false
363 silly fetch manifest @typescript-eslint/eslint-plugin@^5.4.2 || ^6.0.0 || ^7.0.0 || ^8.0.0
364 silly packumentCache full:https://registry.npmjs.org/@typescript-eslint%2feslint-plugin cache-miss
365 http cache https://registry.npmjs.org/eslint-plugin-react 48ms (cache hit)
366 silly packumentCache full:https://registry.npmjs.org/eslint-plugin-react set size:646827 disposed:false
367 silly fetch manifest eslint-import-resolver-typescript@^3.5.2
368 silly packumentCache full:https://registry.npmjs.org/eslint-import-resolver-typescript cache-miss
369 http cache https://registry.npmjs.org/eslint-plugin-import 57ms (cache hit)
370 silly packumentCache full:https://registry.npmjs.org/eslint-plugin-import set size:484928 disposed:false
371 silly fetch manifest postcss@8.4.31
372 silly packumentCache full:https://registry.npmjs.org/postcss cache-hit
373 silly fetch manifest @next/env@15.5.26
374 silly packumentCache full:https://registry.npmjs.org/@next%2fenv cache-miss
375 http cache https://registry.npmjs.org/@rushstack%2feslint-patch 57ms (cache hit)
376 silly packumentCache full:https://registry.npmjs.org/@rushstack%2feslint-patch set size:114289 disposed:false
377 silly fetch manifest styled-jsx@5.1.6
378 silly packumentCache full:https://registry.npmjs.org/styled-jsx cache-miss
379 http cache https://registry.npmjs.org/eslint-plugin-jsx-a11y 71ms (cache hit)
380 silly packumentCache full:https://registry.npmjs.org/eslint-plugin-jsx-a11y set size:280052 disposed:false
381 silly fetch manifest @swc/helpers@0.5.15
382 silly packumentCache full:https://registry.npmjs.org/@swc%2fhelpers cache-miss
383 http cache https://registry.npmjs.org/@next%2feslint-plugin-next 82ms (cache hit)
384 silly packumentCache full:https://registry.npmjs.org/@next%2feslint-plugin-next set size:7246967 disposed:false
385 silly fetch manifest caniuse-lite@^1.0.30001579
386 silly packumentCache full:https://registry.npmjs.org/caniuse-lite cache-miss
387 http cache https://registry.npmjs.org/@typescript-eslint%2fparser 150ms (cache hit)
388 silly packumentCache full:https://registry.npmjs.org/@typescript-eslint%2fparser set size:15937189 disposed:false
389 silly fetch manifest sharp@^0.34.3 || ^0.35.4
390 silly packumentCache full:https://registry.npmjs.org/sharp cache-miss
391 http cache https://registry.npmjs.org/eslint-import-resolver-node 272ms (cache hit)
392 silly packumentCache full:https://registry.npmjs.org/eslint-import-resolver-node set size:39118 disposed:false
393 silly fetch manifest @next/swc-darwin-x64@15.5.26
394 silly packumentCache full:https://registry.npmjs.org/@next%2fswc-darwin-x64 cache-miss
395 http cache https://registry.npmjs.org/eslint-plugin-react-hooks 295ms (cache hit)
396 silly packumentCache full:https://registry.npmjs.org/eslint-plugin-react-hooks set size:7843679 disposed:false
397 silly fetch manifest @next/swc-darwin-arm64@15.5.26
398 silly packumentCache full:https://registry.npmjs.org/@next%2fswc-darwin-arm64 cache-miss
399 http cache https://registry.npmjs.org/eslint-import-resolver-typescript 338ms (cache hit)
400 silly packumentCache full:https://registry.npmjs.org/eslint-import-resolver-typescript set size:337167 disposed:false
401 silly fetch manifest @next/swc-linux-x64-gnu@15.5.26
402 silly packumentCache full:https://registry.npmjs.org/@next%2fswc-linux-x64-gnu cache-miss
403 http cache https://registry.npmjs.org/@typescript-eslint%2feslint-plugin 406ms (cache hit)
404 silly packumentCache full:https://registry.npmjs.org/@typescript-eslint%2feslint-plugin set size:18972727 disposed:false
405 silly fetch manifest @next/swc-linux-x64-musl@15.5.26
406 silly packumentCache full:https://registry.npmjs.org/@next%2fswc-linux-x64-musl cache-miss
407 http cache https://registry.npmjs.org/@next%2fenv 556ms (cache hit)
408 silly packumentCache full:https://registry.npmjs.org/@next%2fenv set size:7745539 disposed:false
409 silly fetch manifest @next/swc-win32-x64-msvc@15.5.26
410 silly packumentCache full:https://registry.npmjs.org/@next%2fswc-win32-x64-msvc cache-miss
411 http cache https://registry.npmjs.org/styled-jsx 599ms (cache hit)
412 silly packumentCache full:https://registry.npmjs.org/styled-jsx set size:436113 disposed:false
413 silly fetch manifest @next/swc-linux-arm64-gnu@15.5.26
414 silly packumentCache full:https://registry.npmjs.org/@next%2fswc-linux-arm64-gnu cache-miss
415 http cache https://registry.npmjs.org/@swc%2fhelpers 603ms (cache hit)
416 silly packumentCache full:https://registry.npmjs.org/@swc%2fhelpers set size:775458 disposed:false
417 silly fetch manifest @next/swc-linux-arm64-musl@15.5.26
418 silly packumentCache full:https://registry.npmjs.org/@next%2fswc-linux-arm64-musl cache-miss
419 http cache https://registry.npmjs.org/sharp 404ms (cache hit)
420 silly packumentCache full:https://registry.npmjs.org/sharp set size:1250806 disposed:false
421 silly fetch manifest @next/swc-win32-arm64-msvc@15.5.26
422 silly packumentCache full:https://registry.npmjs.org/@next%2fswc-win32-arm64-msvc cache-miss
423 http cache https://registry.npmjs.org/caniuse-lite 591ms (cache hit)
424 silly packumentCache full:https://registry.npmjs.org/caniuse-lite set size:2319807 disposed:false
425 silly fetch manifest scheduler@^0.28.0
426 silly packumentCache full:https://registry.npmjs.org/scheduler cache-miss
427 http cache https://registry.npmjs.org/@next%2fswc-darwin-x64 449ms (cache hit)
428 silly packumentCache full:https://registry.npmjs.org/@next%2fswc-darwin-x64 set size:5621621 disposed:false
429 silly fetch manifest pngjs@^5.0.0
430 silly packumentCache full:https://registry.npmjs.org/pngjs cache-miss
431 http cache https://registry.npmjs.org/@next%2fswc-darwin-arm64 417ms (cache hit)
432 silly packumentCache full:https://registry.npmjs.org/@next%2fswc-darwin-arm64 set size:5682777 disposed:false
433 silly fetch manifest yargs@^15.3.1
434 silly packumentCache full:https://registry.npmjs.org/yargs cache-miss
435 http cache https://registry.npmjs.org/@next%2fswc-linux-x64-gnu 467ms (cache hit)
436 silly packumentCache full:https://registry.npmjs.org/@next%2fswc-linux-x64-gnu set size:5737426 disposed:false
437 silly fetch manifest dijkstrajs@^1.0.1
438 silly packumentCache full:https://registry.npmjs.org/dijkstrajs cache-miss
439 http cache https://registry.npmjs.org/@next%2fswc-linux-x64-musl 345ms (cache hit)
440 silly packumentCache full:https://registry.npmjs.org/@next%2fswc-linux-x64-musl set size:5492988 disposed:false
441 silly fetch manifest clsx@^2.0.0
442 silly packumentCache full:https://registry.npmjs.org/clsx cache-miss
443 http cache https://registry.npmjs.org/@next%2fswc-win32-x64-msvc 319ms (cache hit)
444 silly packumentCache full:https://registry.npmjs.org/@next%2fswc-win32-x64-msvc set size:5707673 disposed:false
445 silly fetch manifest lodash@^4.17.21
446 silly packumentCache full:https://registry.npmjs.org/lodash cache-miss
447 http cache https://registry.npmjs.org/@next%2fswc-linux-arm64-gnu 348ms (cache hit)
448 silly packumentCache full:https://registry.npmjs.org/@next%2fswc-linux-arm64-gnu set size:5542791 disposed:false
449 silly fetch manifest react-is@^18.3.1
450 silly packumentCache full:https://registry.npmjs.org/react-is cache-miss
451 http cache https://registry.npmjs.org/pngjs 286ms (cache hit)
452 silly packumentCache full:https://registry.npmjs.org/pngjs set size:70154 disposed:false
453 silly fetch manifest react-smooth@^4.0.4
454 silly packumentCache full:https://registry.npmjs.org/react-smooth cache-miss
455 http cache https://registry.npmjs.org/@next%2fswc-linux-arm64-musl 393ms (cache hit)
456 silly packumentCache full:https://registry.npmjs.org/@next%2fswc-linux-arm64-musl set size:5562703 disposed:false
457 silly fetch manifest eventemitter3@^4.0.1
458 silly packumentCache full:https://registry.npmjs.org/eventemitter3 cache-miss
459 http cache https://registry.npmjs.org/@next%2fswc-win32-arm64-msvc 471ms (cache hit)
460 silly packumentCache full:https://registry.npmjs.org/@next%2fswc-win32-arm64-msvc set size:5523684 disposed:false
461 silly fetch manifest recharts-scale@^0.4.4
462 silly packumentCache full:https://registry.npmjs.org/recharts-scale cache-miss
463 http cache https://registry.npmjs.org/scheduler 502ms (cache hit)
464 silly packumentCache full:https://registry.npmjs.org/scheduler set size:5788143 disposed:false
465 silly fetch manifest tiny-invariant@^1.3.1
466 silly packumentCache full:https://registry.npmjs.org/tiny-invariant cache-miss
467 http cache https://registry.npmjs.org/yargs 458ms (cache hit)
468 silly packumentCache full:https://registry.npmjs.org/yargs set size:763370 disposed:false
469 silly fetch manifest victory-vendor@^36.6.8
470 silly packumentCache full:https://registry.npmjs.org/victory-vendor cache-miss
471 http cache https://registry.npmjs.org/dijkstrajs 396ms (cache hit)
472 silly packumentCache full:https://registry.npmjs.org/dijkstrajs set size:10832 disposed:false
473 silly fetch manifest arg@^5.0.2
474 silly packumentCache full:https://registry.npmjs.org/arg cache-miss
475 http cache https://registry.npmjs.org/clsx 349ms (cache hit)
476 silly packumentCache full:https://registry.npmjs.org/clsx set size:42531 disposed:false
477 silly fetch manifest dlv@^1.1.3
478 silly packumentCache full:https://registry.npmjs.org/dlv cache-miss
479 http cache https://registry.npmjs.org/lodash 310ms (cache hit)
480 silly packumentCache full:https://registry.npmjs.org/lodash set size:247678 disposed:false
481 silly fetch manifest jiti@^1.21.7
482 silly packumentCache full:https://registry.npmjs.org/jiti cache-miss
483 http cache https://registry.npmjs.org/react-smooth 262ms (cache hit)
484 silly packumentCache full:https://registry.npmjs.org/react-smooth set size:197810 disposed:false
485 silly fetch manifest is-glob@^4.0.3
486 silly packumentCache full:https://registry.npmjs.org/is-glob cache-hit
487 silly fetch manifest resolve@^1.22.8
488 silly packumentCache full:https://registry.npmjs.org/resolve cache-miss
489 http cache https://registry.npmjs.org/recharts-scale 116ms (cache hit)
490 silly packumentCache full:https://registry.npmjs.org/recharts-scale set size:62529 disposed:false
491 silly fetch manifest sucrase@^3.35.0
492 silly packumentCache full:https://registry.npmjs.org/sucrase cache-miss
493 http cache https://registry.npmjs.org/react-is 305ms (cache hit)
494 silly packumentCache full:https://registry.npmjs.org/react-is set size:5675314 disposed:false
495 silly fetch manifest chokidar@^3.6.0
496 silly packumentCache full:https://registry.npmjs.org/chokidar cache-miss
497 http cache https://registry.npmjs.org/tiny-invariant 142ms (cache hit)
498 silly packumentCache full:https://registry.npmjs.org/tiny-invariant set size:98310 disposed:false
499 silly fetch manifest fast-glob@^3.3.2
500 silly packumentCache full:https://registry.npmjs.org/fast-glob cache-miss
501 http cache https://registry.npmjs.org/eventemitter3 266ms (cache hit)
502 silly packumentCache full:https://registry.npmjs.org/eventemitter3 set size:92292 disposed:false
503 silly fetch manifest lilconfig@^3.1.3
504 silly packumentCache full:https://registry.npmjs.org/lilconfig cache-miss
505 http cache https://registry.npmjs.org/victory-vendor 146ms (cache hit)
506 silly packumentCache full:https://registry.npmjs.org/victory-vendor set size:249209 disposed:false
507 silly fetch manifest didyoumean@^1.2.2
508 silly packumentCache full:https://registry.npmjs.org/didyoumean cache-miss
509 http cache https://registry.npmjs.org/arg 149ms (cache hit)
510 silly packumentCache full:https://registry.npmjs.org/arg set size:67036 disposed:false
511 silly fetch manifest micromatch@^4.0.8
512 silly packumentCache full:https://registry.npmjs.org/micromatch cache-miss
513 http cache https://registry.npmjs.org/dlv 155ms (cache hit)
514 silly packumentCache full:https://registry.npmjs.org/dlv set size:16709 disposed:false
515 silly fetch manifest postcss-js@^4.0.1
516 silly packumentCache full:https://registry.npmjs.org/postcss-js cache-miss
517 http cache https://registry.npmjs.org/jiti 155ms (cache hit)
518 silly packumentCache full:https://registry.npmjs.org/jiti set size:387989 disposed:false
519 silly fetch manifest object-hash@^3.0.0
520 silly packumentCache full:https://registry.npmjs.org/object-hash cache-miss
521 http cache https://registry.npmjs.org/resolve 170ms (cache hit)
522 silly packumentCache full:https://registry.npmjs.org/resolve set size:244568 disposed:false
523 silly fetch manifest normalize-path@^3.0.0
524 silly packumentCache full:https://registry.npmjs.org/normalize-path cache-miss
525 http cache https://registry.npmjs.org/chokidar 94ms (cache hit)
526 silly packumentCache full:https://registry.npmjs.org/chokidar set size:255902 disposed:false
527 silly fetch manifest postcss-import@^15.1.0
528 silly packumentCache full:https://registry.npmjs.org/postcss-import cache-miss
529 http cache https://registry.npmjs.org/sucrase 181ms (cache hit)
530 silly packumentCache full:https://registry.npmjs.org/sucrase set size:449399 disposed:false
531 silly fetch manifest postcss-nested@^6.2.0
532 silly packumentCache full:https://registry.npmjs.org/postcss-nested cache-miss
533 http cache https://registry.npmjs.org/fast-glob 103ms (cache hit)
534 silly packumentCache full:https://registry.npmjs.org/fast-glob set size:220556 disposed:false
535 silly fetch manifest @alloc/quick-lru@^5.2.0
536 silly packumentCache full:https://registry.npmjs.org/@alloc%2fquick-lru cache-miss
537 http cache https://registry.npmjs.org/didyoumean 93ms (cache hit)
538 silly packumentCache full:https://registry.npmjs.org/didyoumean set size:11446 disposed:false
539 silly fetch manifest postcss-load-config@^4.0.2 || ^5.0 || ^6.0
540 silly packumentCache full:https://registry.npmjs.org/postcss-load-config cache-miss
541 http cache https://registry.npmjs.org/lilconfig 107ms (cache hit)
542 silly packumentCache full:https://registry.npmjs.org/lilconfig set size:45636 disposed:false
543 silly fetch manifest postcss-selector-parser@^6.1.2
544 silly packumentCache full:https://registry.npmjs.org/postcss-selector-parser cache-miss
545 http cache https://registry.npmjs.org/micromatch 106ms (cache hit)
546 silly packumentCache full:https://registry.npmjs.org/micromatch set size:240630 disposed:false
547 http cache https://registry.npmjs.org/postcss-js 108ms (cache hit)
548 silly packumentCache full:https://registry.npmjs.org/postcss-js set size:51308 disposed:false
549 http cache https://registry.npmjs.org/object-hash 98ms (cache hit)
550 silly packumentCache full:https://registry.npmjs.org/object-hash set size:100564 disposed:false
551 http cache https://registry.npmjs.org/normalize-path 84ms (cache hit)
552 silly packumentCache full:https://registry.npmjs.org/normalize-path set size:28713 disposed:false
553 http cache https://registry.npmjs.org/@alloc%2fquick-lru 61ms (cache hit)
554 silly packumentCache full:https://registry.npmjs.org/@alloc%2fquick-lru set size:10833 disposed:false
555 http cache https://registry.npmjs.org/postcss-nested 70ms (cache hit)
556 silly packumentCache full:https://registry.npmjs.org/postcss-nested set size:83321 disposed:false
557 http cache https://registry.npmjs.org/postcss-import 82ms (cache hit)
558 silly packumentCache full:https://registry.npmjs.org/postcss-import set size:125042 disposed:false
559 http cache https://registry.npmjs.org/postcss-load-config 65ms (cache hit)
560 silly packumentCache full:https://registry.npmjs.org/postcss-load-config set size:86425 disposed:false
561 http cache https://registry.npmjs.org/postcss-selector-parser 65ms (cache hit)
562 silly packumentCache full:https://registry.npmjs.org/postcss-selector-parser set size:199901 disposed:false
563 http fetch GET 200 https://registry.npmjs.org/@supabase%2frealtime-js 5749ms (cache miss)
564 silly packumentCache full:https://registry.npmjs.org/@supabase%2frealtime-js set size:undefined disposed:false
565 http fetch GET 200 https://registry.npmjs.org/fraction.js 15650ms (cache miss)
566 silly packumentCache full:https://registry.npmjs.org/fraction.js set size:undefined disposed:false
567 silly placeDep ROOT @types/cookie@0.6.0 OK for: @supabase/ssr@0.5.2 want: ^0.6.0
568 silly placeDep ROOT cookie@0.7.2 OK for: @supabase/ssr@0.5.2 want: ^0.7.0
569 silly placeDep ROOT @supabase/auth-js@2.117.2 OK for: @supabase/supabase-js@2.117.2 want: 2.117.2
570 silly placeDep ROOT @supabase/functions-js@2.117.2 OK for: @supabase/supabase-js@2.117.2 want: 2.117.2
571 silly placeDep ROOT @supabase/postgrest-js@2.117.2 OK for: @supabase/supabase-js@2.117.2 want: 2.117.2
572 silly placeDep ROOT @supabase/realtime-js@2.117.2 OK for: @supabase/supabase-js@2.117.2 want: 2.117.2
573 silly placeDep ROOT @supabase/storage-js@2.117.2 OK for: @supabase/supabase-js@2.117.2 want: 2.117.2
574 silly fetch manifest tslib@2.8.1
575 silly packumentCache full:https://registry.npmjs.org/tslib cache-miss
576 silly fetch manifest tslib@2.8.1
577 silly packumentCache full:https://registry.npmjs.org/tslib cache-miss
578 silly fetch manifest tslib@2.8.1
579 silly packumentCache full:https://registry.npmjs.org/tslib cache-miss
580 silly fetch manifest tslib@2.8.1
581 silly packumentCache full:https://registry.npmjs.org/tslib cache-miss
582 silly fetch manifest @supabase/phoenix@0.4.5
583 silly packumentCache full:https://registry.npmjs.org/@supabase%2fphoenix cache-miss
584 silly fetch manifest tslib@2.8.1
585 silly packumentCache full:https://registry.npmjs.org/tslib cache-miss
586 silly fetch manifest iceberg-js@^0.8.1
587 silly packumentCache full:https://registry.npmjs.org/iceberg-js cache-miss
588 http fetch GET 200 https://registry.npmjs.org/tslib 129ms (cache miss)
589 silly packumentCache full:https://registry.npmjs.org/tslib set size:undefined disposed:false
590 http fetch GET 200 https://registry.npmjs.org/tslib 1551ms (cache miss)
591 silly packumentCache full:https://registry.npmjs.org/tslib set size:undefined disposed:false
592 http fetch GET 200 https://registry.npmjs.org/iceberg-js 1925ms (cache miss)
593 silly packumentCache full:https://registry.npmjs.org/iceberg-js set size:undefined disposed:false
594 http fetch GET 200 https://registry.npmjs.org/tslib 7634ms (cache miss)
595 silly packumentCache full:https://registry.npmjs.org/tslib set size:undefined disposed:false
596 http fetch GET https://registry.npmjs.org/@supabase%2fphoenix attempt 1 failed with ECONNRESET
597 http fetch GET https://registry.npmjs.org/tslib attempt 1 failed with ECONNRESET
598 http fetch GET https://registry.npmjs.org/tslib attempt 1 failed with ECONNRESET
599 http fetch GET 200 https://registry.npmjs.org/@supabase%2fphoenix 14022ms attempt #2 (cache miss)
600 silly packumentCache full:https://registry.npmjs.org/@supabase%2fphoenix set size:undefined disposed:false
601 http fetch GET 200 https://registry.npmjs.org/tslib 14732ms attempt #2 (cache miss)
602 silly packumentCache full:https://registry.npmjs.org/tslib set size:undefined disposed:false
603 http fetch GET 200 https://registry.npmjs.org/tslib 18571ms attempt #2 (cache miss)
604 silly packumentCache full:https://registry.npmjs.org/tslib set size:undefined disposed:false
605 silly placeDep ROOT tslib@2.8.1 OK for: @supabase/auth-js@2.117.2 want: 2.8.1
606 silly placeDep ROOT @supabase/phoenix@0.4.5 OK for: @supabase/realtime-js@2.117.2 want: 0.4.5
607 silly placeDep ROOT iceberg-js@0.8.1 OK for: @supabase/storage-js@2.117.2 want: ^0.8.1
608 silly placeDep ROOT undici-types@6.21.0 OK for: @types/node@20.19.43 want: ~6.21.0
609 silly placeDep ROOT csstype@3.2.3 OK for: @types/react@19.3.0 want: ^3.2.2
610 silly placeDep ROOT browserslist@4.29.3 OK for: autoprefixer@10.6.1 want: ^4.28.9
611 silly placeDep ROOT caniuse-lite@1.0.30001814 OK for: autoprefixer@10.6.1 want: ^1.0.30001810
612 silly placeDep ROOT fraction.js@5.3.4 OK for: autoprefixer@10.6.1 want: ^5.3.4
613 silly placeDep ROOT picocolors@1.1.1 OK for: autoprefixer@10.6.1 want: ^1.1.1
614 silly placeDep ROOT postcss-value-parser@4.2.0 OK for: autoprefixer@10.6.1 want: ^4.2.0
615 silly fetch manifest caniuse-lite@^1.0.30001813
616 silly packumentCache full:https://registry.npmjs.org/caniuse-lite cache-miss
617 silly fetch manifest node-releases@^2.0.57
618 silly packumentCache full:https://registry.npmjs.org/node-releases cache-miss
619 silly fetch manifest electron-to-chromium@^1.5.439
620 silly packumentCache full:https://registry.npmjs.org/electron-to-chromium cache-miss
621 silly fetch manifest update-browserslist-db@^1.3.3
622 silly packumentCache full:https://registry.npmjs.org/update-browserslist-db cache-miss
623 silly fetch manifest baseline-browser-mapping@^2.11.26
624 silly packumentCache full:https://registry.npmjs.org/baseline-browser-mapping cache-miss
625 http cache https://registry.npmjs.org/update-browserslist-db 13ms (cache hit)
626 silly packumentCache full:https://registry.npmjs.org/update-browserslist-db set size:71185 disposed:false
627 http cache https://registry.npmjs.org/caniuse-lite 24ms (cache hit)
628 silly packumentCache full:https://registry.npmjs.org/caniuse-lite set size:2319807 disposed:false
629 http fetch GET 200 https://registry.npmjs.org/baseline-browser-mapping 210ms (cache miss)
630 silly packumentCache full:https://registry.npmjs.org/baseline-browser-mapping set size:undefined disposed:false
631 http fetch GET 200 https://registry.npmjs.org/electron-to-chromium 4547ms (cache miss)
632 silly packumentCache full:https://registry.npmjs.org/electron-to-chromium set size:undefined disposed:false
633 http fetch GET 200 https://registry.npmjs.org/node-releases 5787ms (cache miss)
634 silly packumentCache full:https://registry.npmjs.org/node-releases set size:undefined disposed:false
635 silly fetch manifest browserslist@>= 4.21.0
636 silly packumentCache full:https://registry.npmjs.org/browserslist cache-hit
637 silly placeDep ROOT baseline-browser-mapping@2.11.26 OK for: browserslist@4.29.3 want: ^2.11.26
638 silly placeDep ROOT electron-to-chromium@1.5.442 OK for: browserslist@4.29.3 want: ^1.5.439
639 silly placeDep ROOT node-releases@2.0.57 OK for: browserslist@4.29.3 want: ^2.0.57
640 silly placeDep ROOT update-browserslist-db@1.3.3 OK for: browserslist@4.29.3 want: ^1.3.3
641 silly fetch manifest escalade@^3.2.0
642 silly packumentCache full:https://registry.npmjs.org/escalade cache-miss
643 http fetch GET 200 https://registry.npmjs.org/escalade 8545ms (cache miss)
644 silly packumentCache full:https://registry.npmjs.org/escalade set size:undefined disposed:false
645 silly fetch manifest eslint@^6.0.0 || ^7.0.0 || >=8.0.0
646 silly packumentCache full:https://registry.npmjs.org/eslint cache-miss
647 http cache https://registry.npmjs.org/eslint 10ms (cache hit)
648 silly packumentCache full:https://registry.npmjs.org/eslint set size:2085131 disposed:false
649 silly fetch manifest jiti@*
650 silly packumentCache full:https://registry.npmjs.org/jiti cache-hit
651 silly placeDep ROOT @eslint-community/eslint-utils@4.10.1 OK for: eslint@8.57.1 want: ^4.2.0
652 silly placeDep ROOT @eslint-community/regexpp@4.12.2 OK for: eslint@8.57.1 want: ^4.6.1
653 silly placeDep ROOT @eslint/eslintrc@2.1.4 OK for: eslint@8.57.1 want: ^2.1.4
654 silly placeDep ROOT @eslint/js@8.57.1 OK for: eslint@8.57.1 want: 8.57.1
655 silly placeDep ROOT @humanwhocodes/config-array@0.13.0 OK for: eslint@8.57.1 want: ^0.13.0
656 silly placeDep ROOT @humanwhocodes/module-importer@1.0.1 OK for: eslint@8.57.1 want: ^1.0.1
657 silly placeDep ROOT @nodelib/fs.walk@1.2.8 OK for: eslint@8.57.1 want: ^1.2.8
658 silly placeDep ROOT @ungap/structured-clone@1.4.0 OK for: eslint@8.57.1 want: ^1.2.0
659 silly placeDep ROOT ajv@6.15.0 OK for: eslint@8.57.1 want: ^6.12.4
660 silly placeDep ROOT chalk@4.1.2 OK for: eslint@8.57.1 want: ^4.0.0
661 silly placeDep ROOT cross-spawn@7.0.6 OK for: eslint@8.57.1 want: ^7.0.2
662 silly placeDep ROOT debug@4.4.3 OK for: eslint@8.57.1 want: ^4.3.2
663 silly placeDep ROOT doctrine@3.0.0 OK for: eslint@8.57.1 want: ^3.0.0
664 silly placeDep ROOT escape-string-regexp@4.0.0 OK for: eslint@8.57.1 want: ^4.0.0
665 silly placeDep ROOT eslint-scope@7.2.2 OK for: eslint@8.57.1 want: ^7.2.2
666 silly placeDep ROOT eslint-visitor-keys@3.4.3 OK for: eslint@8.57.1 want: ^3.4.3
667 silly placeDep ROOT espree@9.6.1 OK for: eslint@8.57.1 want: ^9.6.1
668 silly placeDep ROOT esquery@1.7.0 OK for: eslint@8.57.1 want: ^1.4.2
669 silly placeDep ROOT esutils@2.0.3 OK for: eslint@8.57.1 want: ^2.0.2
670 silly placeDep ROOT fast-deep-equal@3.1.3 OK for: eslint@8.57.1 want: ^3.1.3
671 silly placeDep ROOT file-entry-cache@6.0.1 OK for: eslint@8.57.1 want: ^6.0.1
672 silly placeDep ROOT find-up@5.0.0 OK for: eslint@8.57.1 want: ^5.0.0
673 silly placeDep ROOT glob-parent@6.0.2 OK for: eslint@8.57.1 want: ^6.0.2
674 silly placeDep ROOT globals@13.24.0 OK for: eslint@8.57.1 want: ^13.19.0
675 silly placeDep ROOT graphemer@1.4.0 OK for: eslint@8.57.1 want: ^1.4.0
676 silly placeDep ROOT ignore@5.3.2 OK for: eslint@8.57.1 want: ^5.2.0
677 silly placeDep ROOT imurmurhash@0.1.4 OK for: eslint@8.57.1 want: ^0.1.4
678 silly placeDep ROOT is-glob@4.0.3 OK for: eslint@8.57.1 want: ^4.0.0
679 silly placeDep ROOT is-path-inside@3.0.3 OK for: eslint@8.57.1 want: ^3.0.3
680 silly placeDep ROOT js-yaml@4.3.2 OK for: eslint@8.57.1 want: ^4.1.0
681 silly placeDep ROOT json-stable-stringify-without-jsonify@1.0.1 OK for: eslint@8.57.1 want: ^1.0.1
682 silly placeDep ROOT levn@0.4.1 OK for: eslint@8.57.1 want: ^0.4.1
683 silly placeDep ROOT lodash.merge@4.6.2 OK for: eslint@8.57.1 want: ^4.6.2
684 silly placeDep ROOT minimatch@3.1.5 OK for: eslint@8.57.1 want: ^3.1.2
685 silly placeDep ROOT natural-compare@1.4.0 OK for: eslint@8.57.1 want: ^1.4.0
686 silly placeDep ROOT optionator@0.9.4 OK for: eslint@8.57.1 want: ^0.9.3
687 silly placeDep ROOT strip-ansi@6.0.1 OK for: eslint@8.57.1 want: ^6.0.1
688 silly placeDep ROOT text-table@0.2.0 OK for: eslint@8.57.1 want: ^0.2.0
689 silly fetch manifest espree@^9.6.0
690 silly packumentCache full:https://registry.npmjs.org/espree cache-hit
691 silly fetch manifest import-fresh@^3.2.1
692 silly packumentCache full:https://registry.npmjs.org/import-fresh cache-miss
693 silly fetch manifest strip-json-comments@^3.1.1
694 silly packumentCache full:https://registry.npmjs.org/strip-json-comments cache-miss
695 silly fetch manifest debug@^4.3.1
696 silly packumentCache full:https://registry.npmjs.org/debug cache-hit
697 silly fetch manifest minimatch@^3.0.5
698 silly packumentCache full:https://registry.npmjs.org/minimatch cache-hit
699 silly fetch manifest @humanwhocodes/object-schema@^2.0.3
700 silly packumentCache full:https://registry.npmjs.org/@humanwhocodes%2fobject-schema cache-miss
701 silly fetch manifest fastq@^1.6.0
702 silly packumentCache full:https://registry.npmjs.org/fastq cache-miss
703 silly fetch manifest @nodelib/fs.scandir@2.1.5
704 silly packumentCache full:https://registry.npmjs.org/@nodelib%2ffs.scandir cache-miss
705 silly fetch manifest uri-js@^4.2.2
706 silly packumentCache full:https://registry.npmjs.org/uri-js cache-miss
707 silly fetch manifest fast-deep-equal@^3.1.1
708 silly packumentCache full:https://registry.npmjs.org/fast-deep-equal cache-hit
709 silly fetch manifest json-schema-traverse@^0.4.1
710 silly packumentCache full:https://registry.npmjs.org/json-schema-traverse cache-miss
711 silly fetch manifest fast-json-stable-stringify@^2.0.0
712 silly packumentCache full:https://registry.npmjs.org/fast-json-stable-stringify cache-miss
713 silly fetch manifest ansi-styles@^4.1.0
714 silly packumentCache full:https://registry.npmjs.org/ansi-styles cache-miss
715 silly fetch manifest supports-color@^7.1.0
716 silly packumentCache full:https://registry.npmjs.org/supports-color cache-miss
717 silly fetch manifest which@^2.0.1
718 silly packumentCache full:https://registry.npmjs.org/which cache-miss
719 http fetch GET 200 https://registry.npmjs.org/import-fresh 742ms (cache miss)
720 silly packumentCache full:https://registry.npmjs.org/import-fresh set size:undefined disposed:false
721 silly fetch manifest path-key@^3.1.0
722 silly packumentCache full:https://registry.npmjs.org/path-key cache-miss
723 http fetch GET 200 https://registry.npmjs.org/strip-json-comments 744ms (cache miss)
724 silly packumentCache full:https://registry.npmjs.org/strip-json-comments set size:undefined disposed:false
725 silly fetch manifest shebang-command@^2.0.0
726 silly packumentCache full:https://registry.npmjs.org/shebang-command cache-miss
727 http fetch GET 200 https://registry.npmjs.org/fastq 744ms (cache miss)
728 silly packumentCache full:https://registry.npmjs.org/fastq set size:undefined disposed:false
729 silly fetch manifest ms@^2.1.3
730 silly packumentCache full:https://registry.npmjs.org/ms cache-miss
731 http fetch GET 200 https://registry.npmjs.org/path-key 161ms (cache miss)
732 silly packumentCache full:https://registry.npmjs.org/path-key set size:undefined disposed:false
733 silly fetch manifest esrecurse@^4.3.0
734 silly packumentCache full:https://registry.npmjs.org/esrecurse cache-miss
735 http fetch GET 200 https://registry.npmjs.org/shebang-command 162ms (cache miss)
736 silly packumentCache full:https://registry.npmjs.org/shebang-command set size:undefined disposed:false
737 silly fetch manifest estraverse@^5.2.0
738 silly packumentCache full:https://registry.npmjs.org/estraverse cache-miss
739 http fetch GET 200 https://registry.npmjs.org/ms 161ms (cache miss)
740 silly packumentCache full:https://registry.npmjs.org/ms set size:undefined disposed:false
741 silly fetch manifest acorn@^8.9.0
742 silly packumentCache full:https://registry.npmjs.org/acorn cache-miss
743 http fetch GET 200 https://registry.npmjs.org/esrecurse 73ms (cache miss)
744 silly packumentCache full:https://registry.npmjs.org/esrecurse set size:undefined disposed:false
745 silly fetch manifest acorn-jsx@^5.3.2
746 silly packumentCache full:https://registry.npmjs.org/acorn-jsx cache-miss
747 http fetch GET 200 https://registry.npmjs.org/estraverse 99ms (cache miss)
748 silly packumentCache full:https://registry.npmjs.org/estraverse set size:undefined disposed:false
749 silly fetch manifest estraverse@^5.1.0
750 silly packumentCache full:https://registry.npmjs.org/estraverse cache-miss
751 http cache https://registry.npmjs.org/estraverse 5ms (cache hit)
752 silly packumentCache full:https://registry.npmjs.org/estraverse set size:62412 disposed:false
753 silly fetch manifest flat-cache@^3.0.4
754 silly packumentCache full:https://registry.npmjs.org/flat-cache cache-miss
755 http fetch GET 200 https://registry.npmjs.org/acorn 179ms (cache miss)
756 silly packumentCache full:https://registry.npmjs.org/acorn set size:undefined disposed:false
757 silly fetch manifest locate-path@^6.0.0
758 silly packumentCache full:https://registry.npmjs.org/locate-path cache-miss
759 http fetch GET 200 https://registry.npmjs.org/acorn-jsx 153ms (cache miss)
760 silly packumentCache full:https://registry.npmjs.org/acorn-jsx set size:undefined disposed:false
761 silly fetch manifest path-exists@^4.0.0
762 silly packumentCache full:https://registry.npmjs.org/path-exists cache-miss
763 http fetch GET 200 https://registry.npmjs.org/flat-cache 126ms (cache miss)
764 silly packumentCache full:https://registry.npmjs.org/flat-cache set size:undefined disposed:false
765 silly fetch manifest type-fest@^0.20.2
766 silly packumentCache full:https://registry.npmjs.org/type-fest cache-miss
767 http fetch GET 200 https://registry.npmjs.org/locate-path 91ms (cache miss)
768 silly packumentCache full:https://registry.npmjs.org/locate-path set size:undefined disposed:false
769 silly fetch manifest is-extglob@^2.1.1
770 silly packumentCache full:https://registry.npmjs.org/is-extglob cache-miss
771 http fetch GET 200 https://registry.npmjs.org/path-exists 92ms (cache miss)
772 silly packumentCache full:https://registry.npmjs.org/path-exists set size:undefined disposed:false
773 silly fetch manifest argparse@^2.0.1
774 silly packumentCache full:https://registry.npmjs.org/argparse cache-miss
775 http fetch GET 200 https://registry.npmjs.org/is-extglob 65ms (cache miss)
776 silly packumentCache full:https://registry.npmjs.org/is-extglob set size:undefined disposed:false
777 silly fetch manifest prelude-ls@^1.2.1
778 silly packumentCache full:https://registry.npmjs.org/prelude-ls cache-miss
779 http fetch GET 200 https://registry.npmjs.org/argparse 85ms (cache miss)
780 silly packumentCache full:https://registry.npmjs.org/argparse set size:undefined disposed:false
781 silly fetch manifest type-check@~0.4.0
782 silly packumentCache full:https://registry.npmjs.org/type-check cache-miss
783 http fetch GET 200 https://registry.npmjs.org/prelude-ls 77ms (cache miss)
784 silly packumentCache full:https://registry.npmjs.org/prelude-ls set size:undefined disposed:false
785 silly fetch manifest brace-expansion@^1.1.7
786 silly packumentCache full:https://registry.npmjs.org/brace-expansion cache-miss
787 http fetch GET 200 https://registry.npmjs.org/type-fest 207ms (cache miss)
788 silly packumentCache full:https://registry.npmjs.org/type-fest set size:undefined disposed:false
789 silly fetch manifest deep-is@^0.1.3
790 silly packumentCache full:https://registry.npmjs.org/deep-is cache-miss
791 http fetch GET 200 https://registry.npmjs.org/type-check 91ms (cache miss)
792 silly packumentCache full:https://registry.npmjs.org/type-check set size:undefined disposed:false
793 silly fetch manifest word-wrap@^1.2.5
794 silly packumentCache full:https://registry.npmjs.org/word-wrap cache-miss
795 http fetch GET 200 https://registry.npmjs.org/deep-is 78ms (cache miss)
796 silly packumentCache full:https://registry.npmjs.org/deep-is set size:undefined disposed:false
797 silly fetch manifest type-check@^0.4.0
798 silly packumentCache full:https://registry.npmjs.org/type-check cache-miss
799 http fetch GET 200 https://registry.npmjs.org/brace-expansion 106ms (cache miss)
800 silly packumentCache full:https://registry.npmjs.org/brace-expansion set size:undefined disposed:false
801 silly fetch manifest fast-levenshtein@^2.0.6
802 silly packumentCache full:https://registry.npmjs.org/fast-levenshtein cache-miss
803 http cache https://registry.npmjs.org/type-check 12ms (cache hit)
804 silly packumentCache full:https://registry.npmjs.org/type-check set size:21221 disposed:false
805 silly fetch manifest ansi-regex@^5.0.1
806 silly packumentCache full:https://registry.npmjs.org/ansi-regex cache-miss
807 http fetch GET 200 https://registry.npmjs.org/@humanwhocodes%2fobject-schema 1455ms (cache miss)
808 silly packumentCache full:https://registry.npmjs.org/@humanwhocodes%2fobject-schema set size:undefined disposed:false
809 http fetch GET 200 https://registry.npmjs.org/word-wrap 279ms (cache miss)
810 silly packumentCache full:https://registry.npmjs.org/word-wrap set size:undefined disposed:false
811 http fetch GET 200 https://registry.npmjs.org/fast-levenshtein 275ms (cache miss)
812 silly packumentCache full:https://registry.npmjs.org/fast-levenshtein set size:undefined disposed:false
813 http fetch GET 200 https://registry.npmjs.org/ansi-regex 284ms (cache miss)
814 silly packumentCache full:https://registry.npmjs.org/ansi-regex set size:undefined disposed:false
815 http fetch GET https://registry.npmjs.org/@nodelib%2ffs.scandir attempt 1 failed with ECONNRESET
816 http fetch GET https://registry.npmjs.org/ansi-styles attempt 1 failed with ECONNRESET
817 http fetch GET https://registry.npmjs.org/uri-js attempt 1 failed with ECONNRESET
818 http fetch GET https://registry.npmjs.org/supports-color attempt 1 failed with ECONNRESET
819 http fetch GET https://registry.npmjs.org/which attempt 1 failed with ECONNRESET
820 http fetch GET https://registry.npmjs.org/json-schema-traverse attempt 1 failed with ECONNRESET
821 http fetch GET https://registry.npmjs.org/fast-json-stable-stringify attempt 1 failed with ECONNRESET
822 http fetch GET 200 https://registry.npmjs.org/uri-js 12590ms attempt #2 (cache miss)
823 silly packumentCache full:https://registry.npmjs.org/uri-js set size:undefined disposed:false
824 http fetch GET 200 https://registry.npmjs.org/ansi-styles 12625ms attempt #2 (cache miss)
825 silly packumentCache full:https://registry.npmjs.org/ansi-styles set size:undefined disposed:false
826 http fetch GET 200 https://registry.npmjs.org/supports-color 12629ms attempt #2 (cache miss)
827 silly packumentCache full:https://registry.npmjs.org/supports-color set size:undefined disposed:false
828 http fetch GET 200 https://registry.npmjs.org/which 12850ms attempt #2 (cache miss)
829 silly packumentCache full:https://registry.npmjs.org/which set size:undefined disposed:false
830 http fetch GET 200 https://registry.npmjs.org/fast-json-stable-stringify 13424ms attempt #2 (cache miss)
831 silly packumentCache full:https://registry.npmjs.org/fast-json-stable-stringify set size:undefined disposed:false
832 http fetch GET https://registry.npmjs.org/json-schema-traverse attempt 2 failed with ECONNRESET
833 http fetch GET 200 https://registry.npmjs.org/@nodelib%2ffs.scandir 28461ms attempt #2 (cache miss)
834 silly packumentCache full:https://registry.npmjs.org/@nodelib%2ffs.scandir set size:undefined disposed:false
835 http fetch GET 200 https://registry.npmjs.org/json-schema-traverse 29690ms attempt #3 (cache miss)
836 silly packumentCache full:https://registry.npmjs.org/json-schema-traverse set size:undefined disposed:false
837 silly placeDep ROOT import-fresh@3.3.1 OK for: @eslint/eslintrc@2.1.4 want: ^3.2.1
838 silly placeDep ROOT strip-json-comments@3.1.1 OK for: @eslint/eslintrc@2.1.4 want: ^3.1.1
839 silly fetch manifest resolve-from@^4.0.0
840 silly packumentCache full:https://registry.npmjs.org/resolve-from cache-miss
841 silly fetch manifest parent-module@^1.0.0
842 silly packumentCache full:https://registry.npmjs.org/parent-module cache-miss
843 http cache https://registry.npmjs.org/parent-module 37ms (cache hit)
844 silly packumentCache full:https://registry.npmjs.org/parent-module set size:18255 disposed:false
845 http cache https://registry.npmjs.org/resolve-from 39ms (cache hit)
846 silly packumentCache full:https://registry.npmjs.org/resolve-from set size:12911 disposed:false
847 silly placeDep ROOT @humanwhocodes/object-schema@2.0.3 OK for: @humanwhocodes/config-array@0.13.0 want: ^2.0.3
848 silly placeDep ROOT @nodelib/fs.scandir@2.1.5 OK for: @nodelib/fs.walk@1.2.8 want: 2.1.5
849 silly placeDep ROOT fastq@1.20.3 OK for: @nodelib/fs.walk@1.2.8 want: ^1.6.0
850 silly fetch manifest run-parallel@^1.1.9
851 silly packumentCache full:https://registry.npmjs.org/run-parallel cache-miss
852 silly fetch manifest @nodelib/fs.stat@2.0.5
853 silly packumentCache full:https://registry.npmjs.org/@nodelib%2ffs.stat cache-miss
854 silly fetch manifest reusify@^1.0.4
855 silly packumentCache full:https://registry.npmjs.org/reusify cache-miss
856 http cache https://registry.npmjs.org/run-parallel 38ms (cache hit)
857 silly packumentCache full:https://registry.npmjs.org/run-parallel set size:35172 disposed:false
858 http cache https://registry.npmjs.org/@nodelib%2ffs.stat 38ms (cache hit)
859 silly packumentCache full:https://registry.npmjs.org/@nodelib%2ffs.stat set size:36993 disposed:false
860 http cache https://registry.npmjs.org/reusify 62ms (cache hit)
861 silly packumentCache full:https://registry.npmjs.org/reusify set size:14249 disposed:false
862 silly placeDep ROOT @nodelib/fs.stat@2.0.5 OK for: @nodelib/fs.scandir@2.1.5 want: 2.0.5
863 silly placeDep ROOT run-parallel@1.2.0 OK for: @nodelib/fs.scandir@2.1.5 want: ^1.1.9
864 silly fetch manifest queue-microtask@^1.2.2
865 silly packumentCache full:https://registry.npmjs.org/queue-microtask cache-miss
866 http cache https://registry.npmjs.org/queue-microtask 33ms (cache hit)
867 silly packumentCache full:https://registry.npmjs.org/queue-microtask set size:36088 disposed:false
868 silly placeDep ROOT fast-json-stable-stringify@2.1.0 OK for: ajv@6.15.0 want: ^2.0.0
869 silly placeDep ROOT json-schema-traverse@0.4.1 OK for: ajv@6.15.0 want: ^0.4.1
870 silly placeDep ROOT uri-js@4.4.1 OK for: ajv@6.15.0 want: ^4.2.2
871 silly fetch manifest punycode@^2.1.0
872 silly packumentCache full:https://registry.npmjs.org/punycode cache-miss
873 http cache https://registry.npmjs.org/punycode 36ms (cache hit)
874 silly packumentCache full:https://registry.npmjs.org/punycode set size:61278 disposed:false
875 silly placeDep ROOT ansi-styles@4.3.0 OK for: chalk@4.1.2 want: ^4.1.0
876 silly placeDep ROOT supports-color@7.2.0 OK for: chalk@4.1.2 want: ^7.1.0
877 silly fetch manifest color-convert@^2.0.1
878 silly packumentCache full:https://registry.npmjs.org/color-convert cache-miss
879 silly fetch manifest has-flag@^4.0.0
880 silly packumentCache full:https://registry.npmjs.org/has-flag cache-miss
881 http cache https://registry.npmjs.org/has-flag 9ms (cache hit)
882 silly packumentCache full:https://registry.npmjs.org/has-flag set size:15180 disposed:false
883 http fetch GET 200 https://registry.npmjs.org/color-convert 872ms (cache miss)
884 silly packumentCache full:https://registry.npmjs.org/color-convert set size:undefined disposed:false
885 silly placeDep ROOT color-convert@2.0.1 OK for: ansi-styles@4.3.0 want: ^2.0.1
886 silly fetch manifest color-name@~1.1.4
887 silly packumentCache full:https://registry.npmjs.org/color-name cache-miss
888 http fetch GET 200 https://registry.npmjs.org/color-name 140ms (cache miss)
889 silly packumentCache full:https://registry.npmjs.org/color-name set size:undefined disposed:false
890 silly placeDep ROOT color-name@1.1.4 OK for: color-convert@2.0.1 want: ~1.1.4
891 silly placeDep ROOT path-key@3.1.1 OK for: cross-spawn@7.0.6 want: ^3.1.0
892 silly placeDep ROOT shebang-command@2.0.0 OK for: cross-spawn@7.0.6 want: ^2.0.0
893 silly placeDep ROOT which@2.0.2 OK for: cross-spawn@7.0.6 want: ^2.0.1
894 silly fetch manifest shebang-regex@^3.0.0
895 silly packumentCache full:https://registry.npmjs.org/shebang-regex cache-miss
896 silly fetch manifest isexe@^2.0.0
897 silly packumentCache full:https://registry.npmjs.org/isexe cache-miss
898 http fetch GET 200 https://registry.npmjs.org/shebang-regex 838ms (cache miss)
899 silly packumentCache full:https://registry.npmjs.org/shebang-regex set size:undefined disposed:false
900 http fetch GET 200 https://registry.npmjs.org/isexe 14631ms (cache miss)
901 silly packumentCache full:https://registry.npmjs.org/isexe set size:undefined disposed:false
902 silly placeDep ROOT ms@2.1.3 OK for: debug@4.4.3 want: ^2.1.3
903 silly fetch manifest eslint@^7.23.0 || ^8.0.0 || ^9.0.0
904 silly packumentCache full:https://registry.npmjs.org/eslint cache-miss
905 http cache https://registry.npmjs.org/eslint 10ms (cache hit)
906 silly packumentCache full:https://registry.npmjs.org/eslint set size:2085131 disposed:false
907 silly fetch manifest typescript@>=3.3.1
908 silly packumentCache full:https://registry.npmjs.org/typescript cache-miss
909 http cache https://registry.npmjs.org/typescript 45ms (cache hit)
910 silly packumentCache full:https://registry.npmjs.org/typescript set size:15735824 disposed:false
911 silly fetch manifest typescript@>=4.8.4 <6.1.0
912 silly packumentCache full:https://registry.npmjs.org/typescript cache-miss
913 http cache https://registry.npmjs.org/typescript 37ms (cache hit)
914 silly packumentCache full:https://registry.npmjs.org/typescript set size:15735824 disposed:false
915 silly fetch manifest eslint-plugin-import-x@*
916 silly packumentCache full:https://registry.npmjs.org/eslint-plugin-import-x cache-miss
917 http cache https://registry.npmjs.org/eslint-plugin-import-x 7ms (cache hit)
918 silly packumentCache full:https://registry.npmjs.org/eslint-plugin-import-x set size:276235 disposed:false
919 silly fetch manifest @typescript-eslint/utils@^8.56.0
920 silly packumentCache full:https://registry.npmjs.org/@typescript-eslint%2futils cache-miss
921 http fetch GET 200 https://registry.npmjs.org/@typescript-eslint%2futils 45433ms (cache miss)
922 silly packumentCache full:https://registry.npmjs.org/@typescript-eslint%2futils set size:undefined disposed:false
923 silly placeDep ROOT @next/eslint-plugin-next@15.5.26 OK for: eslint-config-next@15.5.26 want: 15.5.26
924 silly placeDep ROOT @rushstack/eslint-patch@1.16.1 OK for: eslint-config-next@15.5.26 want: ^1.10.3
925 silly placeDep ROOT @typescript-eslint/eslint-plugin@8.71.0 OK for: eslint-config-next@15.5.26 want: ^5.4.2 || ^6.0.0 || ^7.0.0 || ^8.0.0
926 silly placeDep ROOT @typescript-eslint/parser@8.71.0 OK for: @typescript-eslint/eslint-plugin@8.71.0 want: ^8.71.0
927 silly placeDep ROOT eslint-import-resolver-node@0.3.10 OK for: eslint-config-next@15.5.26 want: ^0.3.6
928 silly placeDep ROOT eslint-import-resolver-typescript@3.10.1 OK for: eslint-config-next@15.5.26 want: ^3.5.2
929 silly placeDep ROOT eslint-plugin-import@2.32.0 OK for: eslint-config-next@15.5.26 want: ^2.31.0
930 silly placeDep ROOT eslint-plugin-jsx-a11y@6.10.2 OK for: eslint-config-next@15.5.26 want: ^6.10.0
931 silly placeDep ROOT eslint-plugin-react@7.37.5 OK for: eslint-config-next@15.5.26 want: ^7.37.0
932 silly placeDep ROOT eslint-plugin-react-hooks@5.2.0 OK for: eslint-config-next@15.5.26 want: ^5.0.0
933 silly fetch manifest fast-glob@3.3.1
934 silly packumentCache full:https://registry.npmjs.org/fast-glob cache-hit
935 silly fetch manifest ignore@^7.0.5
936 silly packumentCache full:https://registry.npmjs.org/ignore cache-hit
937 silly fetch manifest ts-api-utils@^2.5.0
938 silly packumentCache full:https://registry.npmjs.org/ts-api-utils cache-miss
939 silly fetch manifest @typescript-eslint/utils@8.71.0
940 silly packumentCache full:https://registry.npmjs.org/@typescript-eslint%2futils cache-miss
941 silly fetch manifest @typescript-eslint/type-utils@8.71.0
942 silly packumentCache full:https://registry.npmjs.org/@typescript-eslint%2ftype-utils cache-miss
943 silly fetch manifest @typescript-eslint/visitor-keys@8.71.0
944 silly packumentCache full:https://registry.npmjs.org/@typescript-eslint%2fvisitor-keys cache-miss
945 silly fetch manifest @typescript-eslint/scope-manager@8.71.0
946 silly packumentCache full:https://registry.npmjs.org/@typescript-eslint%2fscope-manager cache-miss
947 silly fetch manifest @typescript-eslint/types@8.71.0
948 silly packumentCache full:https://registry.npmjs.org/@typescript-eslint%2ftypes cache-miss
949 silly fetch manifest @typescript-eslint/visitor-keys@8.71.0
950 silly packumentCache full:https://registry.npmjs.org/@typescript-eslint%2fvisitor-keys cache-miss
951 silly fetch manifest @typescript-eslint/scope-manager@8.71.0
952 silly packumentCache full:https://registry.npmjs.org/@typescript-eslint%2fscope-manager cache-miss
953 silly fetch manifest @typescript-eslint/typescript-estree@8.71.0
954 silly packumentCache full:https://registry.npmjs.org/@typescript-eslint%2ftypescript-estree cache-miss
955 silly fetch manifest debug@^3.2.7
956 silly packumentCache full:https://registry.npmjs.org/debug cache-hit
957 silly fetch manifest resolve@^2.0.0-next.6
958 silly packumentCache full:https://registry.npmjs.org/resolve cache-hit
959 silly fetch manifest is-core-module@^2.16.1
960 silly packumentCache full:https://registry.npmjs.org/is-core-module cache-miss
961 silly fetch manifest tinyglobby@^0.2.13
962 silly packumentCache full:https://registry.npmjs.org/tinyglobby cache-miss
963 http cache https://registry.npmjs.org/ts-api-utils 23ms (cache hit)
964 silly packumentCache full:https://registry.npmjs.org/ts-api-utils set size:226785 disposed:false
965 silly fetch manifest stable-hash@^0.0.5
966 silly packumentCache full:https://registry.npmjs.org/stable-hash cache-miss
967 http cache https://registry.npmjs.org/@typescript-eslint%2futils 66ms (cache hit)
968 silly packumentCache full:https://registry.npmjs.org/@typescript-eslint%2futils set size:11003338 disposed:false
969 silly fetch manifest get-tsconfig@^4.10.0
970 silly packumentCache full:https://registry.npmjs.org/get-tsconfig cache-miss
971 http cache https://registry.npmjs.org/@typescript-eslint%2ftype-utils 140ms (cache hit)
972 silly packumentCache full:https://registry.npmjs.org/@typescript-eslint%2ftype-utils set size:10066389 disposed:false
973 silly fetch manifest is-bun-module@^2.0.0
974 silly packumentCache full:https://registry.npmjs.org/is-bun-module cache-miss
975 http cache https://registry.npmjs.org/@typescript-eslint%2ftypes 212ms (cache hit)
976 silly packumentCache full:https://registry.npmjs.org/@typescript-eslint%2ftypes set size:13017922 disposed:false
977 silly fetch manifest unrs-resolver@^1.6.2
978 silly packumentCache full:https://registry.npmjs.org/unrs-resolver cache-miss
979 http cache https://registry.npmjs.org/is-core-module 333ms (cache hit)
980 silly packumentCache full:https://registry.npmjs.org/is-core-module set size:78502 disposed:false
981 silly fetch manifest @nolyfill/is-core-module@1.0.39
982 silly packumentCache full:https://registry.npmjs.org/@nolyfill%2fis-core-module cache-miss
983 http cache https://registry.npmjs.org/@typescript-eslint%2fscope-manager 361ms (cache hit)
984 silly packumentCache full:https://registry.npmjs.org/@typescript-eslint%2fscope-manager set size:13194309 disposed:false
985 silly fetch manifest @rtsao/scc@^1.1.0
986 silly packumentCache full:https://registry.npmjs.org/@rtsao%2fscc cache-miss
987 http cache https://registry.npmjs.org/@typescript-eslint%2fvisitor-keys 440ms (cache hit)
988 silly packumentCache full:https://registry.npmjs.org/@typescript-eslint%2fvisitor-keys set size:12535307 disposed:false
989 silly fetch manifest array-includes@^3.1.9
990 silly packumentCache full:https://registry.npmjs.org/array-includes cache-miss
991 http cache https://registry.npmjs.org/@typescript-eslint%2fvisitor-keys 541ms (cache hit)
992 silly packumentCache full:https://registry.npmjs.org/@typescript-eslint%2fvisitor-keys set size:12535307 disposed:false
993 silly fetch manifest array.prototype.findlastindex@^1.2.6
994 silly packumentCache full:https://registry.npmjs.org/array.prototype.findlastindex cache-miss
995 http cache https://registry.npmjs.org/@typescript-eslint%2fscope-manager 639ms (cache hit)
996 silly packumentCache full:https://registry.npmjs.org/@typescript-eslint%2fscope-manager set size:13194309 disposed:false
997 silly fetch manifest array.prototype.flat@^1.3.3
998 silly packumentCache full:https://registry.npmjs.org/array.prototype.flat cache-miss
999 http cache https://registry.npmjs.org/tinyglobby 695ms (cache hit)
1000 silly packumentCache full:https://registry.npmjs.org/tinyglobby set size:54291 disposed:false
1001 silly fetch manifest array.prototype.flatmap@^1.3.3
1002 silly packumentCache full:https://registry.npmjs.org/array.prototype.flatmap cache-miss
1003 http cache https://registry.npmjs.org/stable-hash 669ms (cache hit)
1004 silly packumentCache full:https://registry.npmjs.org/stable-hash set size:18359 disposed:false
1005 silly fetch manifest doctrine@^2.1.0
1006 silly packumentCache full:https://registry.npmjs.org/doctrine cache-hit
1007 silly fetch manifest eslint-module-utils@^2.12.1
1008 silly packumentCache full:https://registry.npmjs.org/eslint-module-utils cache-miss
1009 http cache https://registry.npmjs.org/get-tsconfig 593ms (cache hit)
1010 silly packumentCache full:https://registry.npmjs.org/get-tsconfig set size:146232 disposed:false
1011 silly fetch manifest hasown@^2.0.2
1012 silly packumentCache full:https://registry.npmjs.org/hasown cache-miss
1013 http cache https://registry.npmjs.org/unrs-resolver 382ms (cache hit)
1014 silly packumentCache full:https://registry.npmjs.org/unrs-resolver set size:151128 disposed:false
1015 silly fetch manifest object.fromentries@^2.0.8
1016 silly packumentCache full:https://registry.npmjs.org/object.fromentries cache-miss
1017 http cache https://registry.npmjs.org/@nolyfill%2fis-core-module 383ms (cache hit)
1018 silly packumentCache full:https://registry.npmjs.org/@nolyfill%2fis-core-module set size:10461 disposed:false
1019 silly fetch manifest object.groupby@^1.0.3
1020 silly packumentCache full:https://registry.npmjs.org/object.groupby cache-miss
1021 http cache https://registry.npmjs.org/array-includes 200ms (cache hit)
1022 silly packumentCache full:https://registry.npmjs.org/array-includes set size:80888 disposed:false
1023 silly fetch manifest object.values@^1.2.1
1024 silly packumentCache full:https://registry.npmjs.org/object.values cache-miss
1025 http cache https://registry.npmjs.org/@rtsao%2fscc 306ms (cache hit)
1026 silly packumentCache full:https://registry.npmjs.org/@rtsao%2fscc set size:6332 disposed:false
1027 silly fetch manifest semver@^6.3.1
1028 silly packumentCache full:https://registry.npmjs.org/semver cache-miss
1029 http cache https://registry.npmjs.org/is-bun-module 541ms (cache hit)
1030 silly packumentCache full:https://registry.npmjs.org/is-bun-module set size:19768 disposed:false
1031 silly fetch manifest string.prototype.trimend@^1.0.9
1032 silly packumentCache full:https://registry.npmjs.org/string.prototype.trimend cache-miss
1033 http cache https://registry.npmjs.org/array.prototype.findlastindex 109ms (cache hit)
1034 silly packumentCache full:https://registry.npmjs.org/array.prototype.findlastindex set size:44828 disposed:false
1035 silly fetch manifest tsconfig-paths@^3.15.0
1036 silly packumentCache full:https://registry.npmjs.org/tsconfig-paths cache-miss
1037 http cache https://registry.npmjs.org/array.prototype.flatmap 29ms (cache hit)
1038 silly packumentCache full:https://registry.npmjs.org/array.prototype.flatmap set size:51458 disposed:false
1039 silly fetch manifest aria-query@^5.3.2
1040 silly packumentCache full:https://registry.npmjs.org/aria-query cache-miss
1041 http cache https://registry.npmjs.org/array.prototype.flat 101ms (cache hit)
1042 silly packumentCache full:https://registry.npmjs.org/array.prototype.flat set size:38327 disposed:false
1043 silly fetch manifest array-includes@^3.1.8
1044 silly packumentCache full:https://registry.npmjs.org/array-includes cache-hit
1045 silly fetch manifest array.prototype.flatmap@^1.3.2
1046 silly packumentCache full:https://registry.npmjs.org/array.prototype.flatmap cache-hit
1047 silly fetch manifest ast-types-flow@^0.0.8
1048 silly packumentCache full:https://registry.npmjs.org/ast-types-flow cache-miss
1049 http cache https://registry.npmjs.org/hasown 88ms (cache hit)
1050 silly packumentCache full:https://registry.npmjs.org/hasown set size:18361 disposed:false
1051 silly fetch manifest axe-core@^4.10.0
1052 silly packumentCache full:https://registry.npmjs.org/axe-core cache-miss
1053 http cache https://registry.npmjs.org/object.fromentries 88ms (cache hit)
1054 silly packumentCache full:https://registry.npmjs.org/object.fromentries set size:37686 disposed:false
1055 silly fetch manifest axobject-query@^4.1.0
1056 silly packumentCache full:https://registry.npmjs.org/axobject-query cache-miss
1057 http cache https://registry.npmjs.org/eslint-module-utils 95ms (cache hit)
1058 silly packumentCache full:https://registry.npmjs.org/eslint-module-utils set size:83654 disposed:false
1059 silly fetch manifest damerau-levenshtein@^1.0.8
1060 silly packumentCache full:https://registry.npmjs.org/damerau-levenshtein cache-miss
1061 http cache https://registry.npmjs.org/object.groupby 90ms (cache hit)
1062 silly packumentCache full:https://registry.npmjs.org/object.groupby set size:15504 disposed:false
1063 silly fetch manifest emoji-regex@^9.2.2
1064 silly packumentCache full:https://registry.npmjs.org/emoji-regex cache-miss
1065 http cache https://registry.npmjs.org/semver 90ms (cache hit)
1066 silly packumentCache full:https://registry.npmjs.org/semver set size:246128 disposed:false
1067 silly fetch manifest jsx-ast-utils@^3.3.5
1068 silly packumentCache full:https://registry.npmjs.org/jsx-ast-utils cache-miss
1069 http cache https://registry.npmjs.org/object.values 95ms (cache hit)
1070 silly packumentCache full:https://registry.npmjs.org/object.values set size:49009 disposed:false
1071 silly fetch manifest language-tags@^1.0.9
1072 silly packumentCache full:https://registry.npmjs.org/language-tags cache-miss
1073 http cache https://registry.npmjs.org/string.prototype.trimend 93ms (cache hit)
1074 silly packumentCache full:https://registry.npmjs.org/string.prototype.trimend set size:44009 disposed:false
1075 silly fetch manifest safe-regex-test@^1.0.3
1076 silly packumentCache full:https://registry.npmjs.org/safe-regex-test cache-miss
1077 http cache https://registry.npmjs.org/tsconfig-paths 94ms (cache hit)
1078 silly packumentCache full:https://registry.npmjs.org/tsconfig-paths set size:192565 disposed:false
1079 silly fetch manifest string.prototype.includes@^2.0.1
1080 silly packumentCache full:https://registry.npmjs.org/string.prototype.includes cache-miss
1081 http cache https://registry.npmjs.org/aria-query 95ms (cache hit)
1082 silly packumentCache full:https://registry.npmjs.org/aria-query set size:98864 disposed:false
1083 silly fetch manifest array.prototype.findlast@^1.2.5
1084 silly packumentCache full:https://registry.npmjs.org/array.prototype.findlast cache-miss
1085 http cache https://registry.npmjs.org/ast-types-flow 33ms (cache hit)
1086 silly packumentCache full:https://registry.npmjs.org/ast-types-flow set size:15144 disposed:false
1087 silly fetch manifest array.prototype.tosorted@^1.1.4
1088 silly packumentCache full:https://registry.npmjs.org/array.prototype.tosorted cache-miss
1089 http cache https://registry.npmjs.org/axobject-query 30ms (cache hit)
1090 silly packumentCache full:https://registry.npmjs.org/axobject-query set size:75032 disposed:false
1091 silly fetch manifest es-iterator-helpers@^1.2.1
1092 silly packumentCache full:https://registry.npmjs.org/es-iterator-helpers cache-miss
1093 http cache https://registry.npmjs.org/damerau-levenshtein 32ms (cache hit)
1094 silly packumentCache full:https://registry.npmjs.org/damerau-levenshtein set size:23390 disposed:false
1095 silly fetch manifest estraverse@^5.3.0
1096 silly packumentCache full:https://registry.npmjs.org/estraverse cache-hit
1097 silly fetch manifest jsx-ast-utils@^2.4.1 || ^3.0.0
1098 silly packumentCache full:https://registry.npmjs.org/jsx-ast-utils cache-miss
1099 http cache https://registry.npmjs.org/emoji-regex 32ms (cache hit)
1100 silly packumentCache full:https://registry.npmjs.org/emoji-regex set size:91540 disposed:false
1101 silly fetch manifest object.entries@^1.1.9
1102 silly packumentCache full:https://registry.npmjs.org/object.entries cache-miss
1103 http cache https://registry.npmjs.org/jsx-ast-utils 29ms (cache hit)
1104 silly packumentCache full:https://registry.npmjs.org/jsx-ast-utils set size:115998 disposed:false
1105 silly fetch manifest prop-types@^15.8.1
1106 silly packumentCache full:https://registry.npmjs.org/prop-types cache-miss
1107 http cache https://registry.npmjs.org/language-tags 30ms (cache hit)
1108 silly packumentCache full:https://registry.npmjs.org/language-tags set size:38675 disposed:false
1109 silly fetch manifest resolve@^2.0.0-next.5
1110 silly packumentCache full:https://registry.npmjs.org/resolve cache-hit
1111 silly fetch manifest string.prototype.matchall@^4.0.12
1112 silly packumentCache full:https://registry.npmjs.org/string.prototype.matchall cache-miss
1113 http cache https://registry.npmjs.org/safe-regex-test 30ms (cache hit)
1114 silly packumentCache full:https://registry.npmjs.org/safe-regex-test set size:17412 disposed:false
1115 silly fetch manifest string.prototype.repeat@^1.0.0
1116 silly packumentCache full:https://registry.npmjs.org/string.prototype.repeat cache-miss
1117 http cache https://registry.npmjs.org/axe-core 57ms (cache hit)
1118 silly packumentCache full:https://registry.npmjs.org/axe-core set size:10204257 disposed:false
1119 http cache https://registry.npmjs.org/string.prototype.includes 92ms (cache hit)
1120 silly packumentCache full:https://registry.npmjs.org/string.prototype.includes set size:10217 disposed:false
1121 http cache https://registry.npmjs.org/array.prototype.findlast 95ms (cache hit)
1122 silly packumentCache full:https://registry.npmjs.org/array.prototype.findlast set size:40323 disposed:false
1123 http cache https://registry.npmjs.org/array.prototype.tosorted 92ms (cache hit)
1124 silly packumentCache full:https://registry.npmjs.org/array.prototype.tosorted set size:24661 disposed:false
1125 http cache https://registry.npmjs.org/prop-types 83ms (cache hit)
1126 silly packumentCache full:https://registry.npmjs.org/prop-types set size:76747 disposed:false
1127 http cache https://registry.npmjs.org/string.prototype.matchall 81ms (cache hit)
1128 silly packumentCache full:https://registry.npmjs.org/string.prototype.matchall set size:66531 disposed:false
1129 http cache https://registry.npmjs.org/object.entries 87ms (cache hit)
1130 silly packumentCache full:https://registry.npmjs.org/object.entries set size:50037 disposed:false
1131 http cache https://registry.npmjs.org/es-iterator-helpers 94ms (cache hit)
1132 silly packumentCache full:https://registry.npmjs.org/es-iterator-helpers set size:281513 disposed:false
1133 http cache https://registry.npmjs.org/jsx-ast-utils 94ms (cache hit)
1134 silly packumentCache full:https://registry.npmjs.org/jsx-ast-utils set size:115998 disposed:false
1135 silly packumentCache full:https://registry.npmjs.org/jsx-ast-utils dispose
1136 http cache https://registry.npmjs.org/string.prototype.repeat 87ms (cache hit)
1137 silly packumentCache full:https://registry.npmjs.org/string.prototype.repeat set size:8608 disposed:false
1138 http fetch GET 200 https://registry.npmjs.org/@typescript-eslint%2ftypescript-estree 7731ms (cache miss)
1139 silly packumentCache full:https://registry.npmjs.org/@typescript-eslint%2ftypescript-estree set size:undefined disposed:false
1140 silly placeDep ROOT fast-glob@3.3.1 OK for: @next/eslint-plugin-next@15.5.26 want: 3.3.1
1141 silly fetch manifest merge2@^1.3.0
1142 silly packumentCache full:https://registry.npmjs.org/merge2 cache-miss
1143 silly fetch manifest micromatch@^4.0.4
1144 silly packumentCache full:https://registry.npmjs.org/micromatch cache-hit
1145 silly fetch manifest glob-parent@^5.1.2
1146 silly packumentCache full:https://registry.npmjs.org/glob-parent cache-hit
1147 http fetch GET 200 https://registry.npmjs.org/merge2 439ms (cache miss)
1148 silly packumentCache full:https://registry.npmjs.org/merge2 set size:undefined disposed:false
1149 silly fetch manifest eslint@^8.57.0 || ^9.0.0 || ^10.0.0
1150 silly packumentCache full:https://registry.npmjs.org/eslint cache-miss
1151 http cache https://registry.npmjs.org/eslint 11ms (cache hit)
1152 silly packumentCache full:https://registry.npmjs.org/eslint set size:2085131 disposed:false
1153 silly placeDep ROOT @typescript-eslint/scope-manager@8.71.0 OK for: @typescript-eslint/eslint-plugin@8.71.0 want: 8.71.0
1154 silly placeDep ROOT @typescript-eslint/type-utils@8.71.0 OK for: @typescript-eslint/eslint-plugin@8.71.0 want: 8.71.0
1155 silly placeDep ROOT @typescript-eslint/utils@8.71.0 OK for: @typescript-eslint/eslint-plugin@8.71.0 want: 8.71.0
1156 silly placeDep ROOT @typescript-eslint/visitor-keys@8.71.0 OK for: @typescript-eslint/eslint-plugin@8.71.0 want: 8.71.0
1157 silly placeDep node_modules/@typescript-eslint/eslint-plugin ignore@7.0.10 OK for: @typescript-eslint/eslint-plugin@8.71.0 want: ^7.0.5
1158 silly placeDep ROOT ts-api-utils@2.5.0 OK for: @typescript-eslint/eslint-plugin@8.71.0 want: ^2.5.0
1159 silly fetch manifest eslint-visitor-keys@^5.0.0
1160 silly packumentCache full:https://registry.npmjs.org/eslint-visitor-keys cache-hit
1161 silly placeDep ROOT @typescript-eslint/types@8.71.0 OK for: @typescript-eslint/parser@8.71.0 want: 8.71.0
1162 silly placeDep ROOT @typescript-eslint/typescript-estree@8.71.0 OK for: @typescript-eslint/parser@8.71.0 want: 8.71.0
1163 silly fetch manifest semver@^7.7.3
1164 silly packumentCache full:https://registry.npmjs.org/semver cache-hit
1165 silly fetch manifest minimatch@^10.2.2
1166 silly packumentCache full:https://registry.npmjs.org/minimatch cache-hit
1167 silly fetch manifest tinyglobby@^0.2.15
1168 silly packumentCache full:https://registry.npmjs.org/tinyglobby cache-hit
1169 silly fetch manifest @typescript-eslint/tsconfig-utils@8.71.0
1170 silly packumentCache full:https://registry.npmjs.org/@typescript-eslint%2ftsconfig-utils cache-miss
1171 silly fetch manifest @typescript-eslint/project-service@8.71.0
1172 silly packumentCache full:https://registry.npmjs.org/@typescript-eslint%2fproject-service cache-miss
1173 http fetch GET 200 https://registry.npmjs.org/@typescript-eslint%2ftsconfig-utils 405ms (cache miss)
1174 silly packumentCache full:https://registry.npmjs.org/@typescript-eslint%2ftsconfig-utils set size:undefined disposed:false
1175 http fetch GET 200 https://registry.npmjs.org/@typescript-eslint%2fproject-service 2562ms (cache miss)
1176 silly packumentCache full:https://registry.npmjs.org/@typescript-eslint%2fproject-service set size:undefined disposed:false
1177 silly placeDep ROOT @typescript-eslint/project-service@8.71.0 OK for: @typescript-eslint/typescript-estree@8.71.0 want: 8.71.0
1178 silly placeDep ROOT @typescript-eslint/tsconfig-utils@8.71.0 OK for: @typescript-eslint/typescript-estree@8.71.0 want: 8.71.0
1179 silly placeDep node_modules/@typescript-eslint/typescript-estree minimatch@10.2.6 OK for: @typescript-eslint/typescript-estree@8.71.0 want: ^10.2.2
1180 silly placeDep ROOT semver@7.8.5 OK for: @typescript-eslint/typescript-estree@8.71.0 want: ^7.7.3
1181 silly placeDep ROOT tinyglobby@0.2.17 OK for: @typescript-eslint/typescript-estree@8.71.0 want: ^0.2.15
1182 silly fetch manifest @typescript-eslint/tsconfig-utils@^8.71.0
1183 silly packumentCache full:https://registry.npmjs.org/@typescript-eslint%2ftsconfig-utils cache-miss
1184 silly fetch manifest brace-expansion@^5.0.8
1185 silly packumentCache full:https://registry.npmjs.org/brace-expansion cache-miss
1186 silly fetch manifest fdir@^6.5.0
1187 silly packumentCache full:https://registry.npmjs.org/fdir cache-miss
1188 silly fetch manifest picomatch@^4.0.4
1189 silly packumentCache full:https://registry.npmjs.org/picomatch cache-miss
1190 http cache https://registry.npmjs.org/@typescript-eslint%2ftsconfig-utils 18ms (cache hit)
1191 silly packumentCache full:https://registry.npmjs.org/@typescript-eslint%2ftsconfig-utils set size:1956843 disposed:false
1192 http cache https://registry.npmjs.org/brace-expansion 31ms (cache hit)
1193 silly packumentCache full:https://registry.npmjs.org/brace-expansion set size:128514 disposed:false
1194 http fetch GET 200 https://registry.npmjs.org/picomatch 109ms (cache miss)
1195 silly packumentCache full:https://registry.npmjs.org/picomatch set size:undefined disposed:false
1196 http fetch GET 200 https://registry.npmjs.org/fdir 831ms (cache miss)
1197 silly packumentCache full:https://registry.npmjs.org/fdir set size:undefined disposed:false
1198 silly placeDep node_modules/@typescript-eslint/visitor-keys eslint-visitor-keys@5.0.1 OK for: @typescript-eslint/visitor-keys@8.71.0 want: ^5.0.0
1199 silly placeDep node_modules/eslint-import-resolver-node debug@3.2.7 OK for: eslint-import-resolver-node@0.3.10 want: ^3.2.7
1200 silly placeDep ROOT is-core-module@2.17.0 OK for: eslint-import-resolver-node@0.3.10 want: ^2.16.1
1201 silly placeDep ROOT resolve@2.0.0-next.7 OK for: eslint-import-resolver-node@0.3.10 want: ^2.0.0-next.6
1202 silly fetch manifest hasown@^2.0.4
1203 silly packumentCache full:https://registry.npmjs.org/hasown cache-hit
1204 silly fetch manifest es-errors@^1.3.0
1205 silly packumentCache full:https://registry.npmjs.org/es-errors cache-miss
1206 silly fetch manifest node-exports-info@^1.6.0
1207 silly packumentCache full:https://registry.npmjs.org/node-exports-info cache-miss
1208 silly fetch manifest object-keys@^1.1.1
1209 silly packumentCache full:https://registry.npmjs.org/object-keys cache-miss
1210 silly fetch manifest path-parse@^1.0.7
1211 silly packumentCache full:https://registry.npmjs.org/path-parse cache-miss
1212 silly fetch manifest supports-preserve-symlinks-flag@^1.0.0
1213 silly packumentCache full:https://registry.npmjs.org/supports-preserve-symlinks-flag cache-miss
1214 http fetch GET 200 https://registry.npmjs.org/node-exports-info 75ms (cache miss)
1215 silly packumentCache full:https://registry.npmjs.org/node-exports-info set size:undefined disposed:false
1216 http fetch GET 200 https://registry.npmjs.org/path-parse 77ms (cache miss)
1217 silly packumentCache full:https://registry.npmjs.org/path-parse set size:undefined disposed:false
1218 http fetch GET 200 https://registry.npmjs.org/supports-preserve-symlinks-flag 104ms (cache miss)
1219 silly packumentCache full:https://registry.npmjs.org/supports-preserve-symlinks-flag set size:undefined disposed:false
1220 http fetch GET 200 https://registry.npmjs.org/es-errors 381ms (cache miss)
1221 silly packumentCache full:https://registry.npmjs.org/es-errors set size:undefined disposed:false
1222 http fetch GET 200 https://registry.npmjs.org/object-keys 440ms (cache miss)
1223 silly packumentCache full:https://registry.npmjs.org/object-keys set size:undefined disposed:false
1224 silly placeDep ROOT @nolyfill/is-core-module@1.0.39 OK for: eslint-import-resolver-typescript@3.10.1 want: 1.0.39
1225 silly placeDep ROOT get-tsconfig@4.14.3 OK for: eslint-import-resolver-typescript@3.10.1 want: ^4.10.0
1226 silly placeDep ROOT is-bun-module@2.0.0 OK for: eslint-import-resolver-typescript@3.10.1 want: ^2.0.0
1227 silly placeDep ROOT stable-hash@0.0.5 OK for: eslint-import-resolver-typescript@3.10.1 want: ^0.0.5
1228 silly placeDep ROOT unrs-resolver@1.12.2 OK for: eslint-import-resolver-typescript@3.10.1 want: ^1.6.2
1229 silly fetch manifest resolve-pkg-maps@^1.0.0
1230 silly packumentCache full:https://registry.npmjs.org/resolve-pkg-maps cache-miss
1231 silly fetch manifest napi-postinstall@^0.3.4
1232 silly packumentCache full:https://registry.npmjs.org/napi-postinstall cache-miss
1233 silly fetch manifest @unrs/resolver-binding-darwin-arm64@1.12.2
1234 silly packumentCache full:https://registry.npmjs.org/@unrs%2fresolver-binding-darwin-arm64 cache-miss
1235 silly fetch manifest @unrs/resolver-binding-android-arm64@1.12.2
1236 silly packumentCache full:https://registry.npmjs.org/@unrs%2fresolver-binding-android-arm64 cache-miss
1237 silly fetch manifest @unrs/resolver-binding-win32-arm64-msvc@1.12.2
1238 silly packumentCache full:https://registry.npmjs.org/@unrs%2fresolver-binding-win32-arm64-msvc cache-miss
1239 silly fetch manifest @unrs/resolver-binding-linux-arm64-gnu@1.12.2
1240 silly packumentCache full:https://registry.npmjs.org/@unrs%2fresolver-binding-linux-arm64-gnu cache-miss
1241 silly fetch manifest @unrs/resolver-binding-linux-arm64-musl@1.12.2
1242 silly packumentCache full:https://registry.npmjs.org/@unrs%2fresolver-binding-linux-arm64-musl cache-miss
1243 silly fetch manifest @unrs/resolver-binding-openharmony-arm64@1.12.2
1244 silly packumentCache full:https://registry.npmjs.org/@unrs%2fresolver-binding-openharmony-arm64 cache-miss
1245 silly fetch manifest @unrs/resolver-binding-android-arm-eabi@1.12.2
1246 silly packumentCache full:https://registry.npmjs.org/@unrs%2fresolver-binding-android-arm-eabi cache-miss
1247 silly fetch manifest @unrs/resolver-binding-linux-arm-gnueabihf@1.12.2
1248 silly packumentCache full:https://registry.npmjs.org/@unrs%2fresolver-binding-linux-arm-gnueabihf cache-miss
1249 silly fetch manifest @unrs/resolver-binding-linux-arm-musleabihf@1.12.2
1250 silly packumentCache full:https://registry.npmjs.org/@unrs%2fresolver-binding-linux-arm-musleabihf cache-miss
1251 http fetch GET 200 https://registry.npmjs.org/resolve-pkg-maps 153ms (cache miss)
1252 silly packumentCache full:https://registry.npmjs.org/resolve-pkg-maps set size:undefined disposed:false
1253 silly fetch manifest @unrs/resolver-binding-win32-ia32-msvc@1.12.2
1254 silly packumentCache full:https://registry.npmjs.org/@unrs%2fresolver-binding-win32-ia32-msvc cache-miss
1255 http fetch GET 200 https://registry.npmjs.org/@unrs%2fresolver-binding-android-arm64 171ms (cache miss)
1256 silly packumentCache full:https://registry.npmjs.org/@unrs%2fresolver-binding-android-arm64 set size:undefined disposed:false
1257 silly fetch manifest @unrs/resolver-binding-linux-loong64-gnu@1.12.2
1258 silly packumentCache full:https://registry.npmjs.org/@unrs%2fresolver-binding-linux-loong64-gnu cache-miss
1259 http fetch GET 200 https://registry.npmjs.org/napi-postinstall 181ms (cache miss)
1260 silly packumentCache full:https://registry.npmjs.org/napi-postinstall set size:undefined disposed:false
1261 silly fetch manifest @unrs/resolver-binding-linux-loong64-musl@1.12.2
1262 silly packumentCache full:https://registry.npmjs.org/@unrs%2fresolver-binding-linux-loong64-musl cache-miss
1263 http fetch GET 200 https://registry.npmjs.org/@unrs%2fresolver-binding-win32-ia32-msvc 139ms (cache miss)
1264 silly packumentCache full:https://registry.npmjs.org/@unrs%2fresolver-binding-win32-ia32-msvc set size:undefined disposed:false
1265 silly fetch manifest @unrs/resolver-binding-linux-ppc64-gnu@1.12.2
1266 silly packumentCache full:https://registry.npmjs.org/@unrs%2fresolver-binding-linux-ppc64-gnu cache-miss
1267 http fetch GET 200 https://registry.npmjs.org/@unrs%2fresolver-binding-linux-loong64-gnu 136ms (cache miss)
1268 silly packumentCache full:https://registry.npmjs.org/@unrs%2fresolver-binding-linux-loong64-gnu set size:undefined disposed:false
1269 silly fetch manifest @unrs/resolver-binding-linux-riscv64-gnu@1.12.2
1270 silly packumentCache full:https://registry.npmjs.org/@unrs%2fresolver-binding-linux-riscv64-gnu cache-miss
1271 http fetch GET 200 https://registry.npmjs.org/@unrs%2fresolver-binding-linux-loong64-musl 130ms (cache miss)
1272 silly packumentCache full:https://registry.npmjs.org/@unrs%2fresolver-binding-linux-loong64-musl set size:undefined disposed:false
1273 silly fetch manifest @unrs/resolver-binding-linux-riscv64-musl@1.12.2
1274 silly packumentCache full:https://registry.npmjs.org/@unrs%2fresolver-binding-linux-riscv64-musl cache-miss
1275 http fetch GET 200 https://registry.npmjs.org/@unrs%2fresolver-binding-darwin-arm64 363ms (cache miss)
1276 silly packumentCache full:https://registry.npmjs.org/@unrs%2fresolver-binding-darwin-arm64 set size:undefined disposed:false
1277 silly fetch manifest @unrs/resolver-binding-linux-s390x-gnu@1.12.2
1278 silly packumentCache full:https://registry.npmjs.org/@unrs%2fresolver-binding-linux-s390x-gnu cache-miss
1279 http fetch GET 200 https://registry.npmjs.org/@unrs%2fresolver-binding-linux-ppc64-gnu 84ms (cache miss)
1280 silly packumentCache full:https://registry.npmjs.org/@unrs%2fresolver-binding-linux-ppc64-gnu set size:undefined disposed:false
1281 silly fetch manifest @unrs/resolver-binding-wasm32-wasi@1.12.2
1282 silly packumentCache full:https://registry.npmjs.org/@unrs%2fresolver-binding-wasm32-wasi cache-miss
1283 http fetch GET 200 https://registry.npmjs.org/@unrs%2fresolver-binding-linux-riscv64-gnu 88ms (cache miss)
1284 silly packumentCache full:https://registry.npmjs.org/@unrs%2fresolver-binding-linux-riscv64-gnu set size:undefined disposed:false
1285 silly fetch manifest @unrs/resolver-binding-darwin-x64@1.12.2
1286 silly packumentCache full:https://registry.npmjs.org/@unrs%2fresolver-binding-darwin-x64 cache-miss
1287 http fetch GET 200 https://registry.npmjs.org/@unrs%2fresolver-binding-linux-riscv64-musl 103ms (cache miss)
1288 silly packumentCache full:https://registry.npmjs.org/@unrs%2fresolver-binding-linux-riscv64-musl set size:undefined disposed:false
1289 silly fetch manifest @unrs/resolver-binding-win32-x64-msvc@1.12.2
1290 silly packumentCache full:https://registry.npmjs.org/@unrs%2fresolver-binding-win32-x64-msvc cache-miss
1291 http fetch GET 200 https://registry.npmjs.org/@unrs%2fresolver-binding-wasm32-wasi 89ms (cache miss)
1292 silly packumentCache full:https://registry.npmjs.org/@unrs%2fresolver-binding-wasm32-wasi set size:undefined disposed:false
1293 silly fetch manifest @unrs/resolver-binding-freebsd-x64@1.12.2
1294 silly packumentCache full:https://registry.npmjs.org/@unrs%2fresolver-binding-freebsd-x64 cache-miss
1295 http fetch GET 200 https://registry.npmjs.org/@unrs%2fresolver-binding-darwin-x64 100ms (cache miss)
1296 silly packumentCache full:https://registry.npmjs.org/@unrs%2fresolver-binding-darwin-x64 set size:undefined disposed:false
1297 silly fetch manifest @unrs/resolver-binding-linux-x64-gnu@1.12.2
1298 silly packumentCache full:https://registry.npmjs.org/@unrs%2fresolver-binding-linux-x64-gnu cache-miss
1299 http fetch GET 200 https://registry.npmjs.org/@unrs%2fresolver-binding-win32-x64-msvc 105ms (cache miss)
1300 silly packumentCache full:https://registry.npmjs.org/@unrs%2fresolver-binding-win32-x64-msvc set size:undefined disposed:false
1301 silly fetch manifest @unrs/resolver-binding-linux-x64-musl@1.12.2
1302 silly packumentCache full:https://registry.npmjs.org/@unrs%2fresolver-binding-linux-x64-musl cache-miss
1303 http fetch GET 200 https://registry.npmjs.org/@unrs%2fresolver-binding-freebsd-x64 87ms (cache miss)
1304 silly packumentCache full:https://registry.npmjs.org/@unrs%2fresolver-binding-freebsd-x64 set size:undefined disposed:false
1305 http fetch GET 200 https://registry.npmjs.org/@unrs%2fresolver-binding-linux-x64-gnu 112ms (cache miss)
1306 silly packumentCache full:https://registry.npmjs.org/@unrs%2fresolver-binding-linux-x64-gnu set size:undefined disposed:false
1307 http fetch GET 200 https://registry.npmjs.org/@unrs%2fresolver-binding-linux-x64-musl 108ms (cache miss)
1308 silly packumentCache full:https://registry.npmjs.org/@unrs%2fresolver-binding-linux-x64-musl set size:undefined disposed:false
1309 http fetch GET 200 https://registry.npmjs.org/@unrs%2fresolver-binding-linux-s390x-gnu 269ms (cache miss)
1310 silly packumentCache full:https://registry.npmjs.org/@unrs%2fresolver-binding-linux-s390x-gnu set size:undefined disposed:false
1311 http fetch GET 200 https://registry.npmjs.org/@unrs%2fresolver-binding-win32-arm64-msvc 925ms (cache miss)
1312 silly packumentCache full:https://registry.npmjs.org/@unrs%2fresolver-binding-win32-arm64-msvc set size:undefined disposed:false
1313 http fetch GET 200 https://registry.npmjs.org/@unrs%2fresolver-binding-linux-arm-musleabihf 1182ms (cache miss)
1314 silly packumentCache full:https://registry.npmjs.org/@unrs%2fresolver-binding-linux-arm-musleabihf set size:undefined disposed:false
1315 http fetch GET https://registry.npmjs.org/@unrs%2fresolver-binding-linux-arm-gnueabihf attempt 1 failed with ECONNRESET
1316 http fetch GET https://registry.npmjs.org/@unrs%2fresolver-binding-openharmony-arm64 attempt 1 failed with ECONNRESET
1317 http fetch GET https://registry.npmjs.org/@unrs%2fresolver-binding-android-arm-eabi attempt 1 failed with ECONNRESET
1318 http fetch GET https://registry.npmjs.org/@unrs%2fresolver-binding-linux-arm64-musl attempt 1 failed with ECONNRESET
1319 http fetch GET https://registry.npmjs.org/@unrs%2fresolver-binding-linux-arm64-gnu attempt 1 failed with ECONNRESET
1320 http fetch GET 200 https://registry.npmjs.org/@unrs%2fresolver-binding-linux-arm-gnueabihf 11894ms attempt #2 (cache miss)
1321 silly packumentCache full:https://registry.npmjs.org/@unrs%2fresolver-binding-linux-arm-gnueabihf set size:undefined disposed:false
1322 http fetch GET 200 https://registry.npmjs.org/@unrs%2fresolver-binding-openharmony-arm64 11983ms attempt #2 (cache miss)
1323 silly packumentCache full:https://registry.npmjs.org/@unrs%2fresolver-binding-openharmony-arm64 set size:undefined disposed:false
1324 http fetch GET 200 https://registry.npmjs.org/@unrs%2fresolver-binding-linux-arm64-musl 12005ms attempt #2 (cache miss)
1325 silly packumentCache full:https://registry.npmjs.org/@unrs%2fresolver-binding-linux-arm64-musl set size:undefined disposed:false
1326 http fetch GET 200 https://registry.npmjs.org/@unrs%2fresolver-binding-android-arm-eabi 12042ms attempt #2 (cache miss)
1327 silly packumentCache full:https://registry.npmjs.org/@unrs%2fresolver-binding-android-arm-eabi set size:undefined disposed:false
1328 http fetch GET 200 https://registry.npmjs.org/@unrs%2fresolver-binding-linux-arm64-gnu 12762ms attempt #2 (cache miss)
1329 silly packumentCache full:https://registry.npmjs.org/@unrs%2fresolver-binding-linux-arm64-gnu set size:undefined disposed:false
1330 silly placeDep ROOT @rtsao/scc@1.1.0 OK for: eslint-plugin-import@2.32.0 want: ^1.1.0
1331 silly placeDep ROOT array-includes@3.2.0 OK for: eslint-plugin-import@2.32.0 want: ^3.1.9
1332 silly placeDep ROOT array.prototype.findlastindex@1.2.6 OK for: eslint-plugin-import@2.32.0 want: ^1.2.6
1333 silly placeDep ROOT array.prototype.flat@1.3.3 OK for: eslint-plugin-import@2.32.0 want: ^1.3.3
1334 silly placeDep ROOT array.prototype.flatmap@1.3.3 OK for: eslint-plugin-import@2.32.0 want: ^1.3.3
1335 silly placeDep node_modules/eslint-plugin-import debug@3.2.7 OK for: eslint-plugin-import@2.32.0 want: ^3.2.7
1336 silly placeDep node_modules/eslint-plugin-import doctrine@2.1.0 OK for: eslint-plugin-import@2.32.0 want: ^2.1.0
1337 silly placeDep ROOT eslint-module-utils@2.14.0 OK for: eslint-plugin-import@2.32.0 want: ^2.12.1
1338 silly placeDep ROOT hasown@2.0.4 OK for: eslint-plugin-import@2.32.0 want: ^2.0.2
1339 silly placeDep ROOT object.fromentries@2.0.8 OK for: eslint-plugin-import@2.32.0 want: ^2.0.8
1340 silly placeDep ROOT object.groupby@1.0.3 OK for: eslint-plugin-import@2.32.0 want: ^1.0.3
1341 silly placeDep ROOT object.values@1.2.1 OK for: eslint-plugin-import@2.32.0 want: ^1.2.1
1342 silly placeDep node_modules/eslint-plugin-import semver@6.3.1 OK for: eslint-plugin-import@2.32.0 want: ^6.3.1
1343 silly placeDep ROOT string.prototype.trimend@1.0.10 OK for: eslint-plugin-import@2.32.0 want: ^1.0.9
1344 silly placeDep ROOT tsconfig-paths@3.15.0 OK for: eslint-plugin-import@2.32.0 want: ^3.15.0
1345 silly fetch manifest call-bind@^1.0.9
1346 silly packumentCache full:https://registry.npmjs.org/call-bind cache-miss
1347 silly fetch manifest is-string@^1.1.1
1348 silly packumentCache full:https://registry.npmjs.org/is-string cache-miss
1349 silly fetch manifest call-bound@^1.0.4
1350 silly packumentCache full:https://registry.npmjs.org/call-bound cache-miss
1351 silly fetch manifest es-abstract@^1.24.2
1352 silly packumentCache full:https://registry.npmjs.org/es-abstract cache-miss
1353 silly fetch manifest es-object-atoms@^1.1.2
1354 silly packumentCache full:https://registry.npmjs.org/es-object-atoms cache-miss
1355 silly fetch manifest math-intrinsics@^1.1.0
1356 silly packumentCache full:https://registry.npmjs.org/math-intrinsics cache-miss
1357 silly fetch manifest define-properties@^1.2.1
1358 silly packumentCache full:https://registry.npmjs.org/define-properties cache-miss
1359 silly fetch manifest es-shim-unscopables@^1.1.0
1360 silly packumentCache full:https://registry.npmjs.org/es-shim-unscopables cache-miss
1361 silly fetch manifest call-bind@^1.0.8
1362 silly packumentCache full:https://registry.npmjs.org/call-bind cache-miss
1363 silly fetch manifest call-bound@^1.0.4
1364 silly packumentCache full:https://registry.npmjs.org/call-bound cache-miss
1365 silly fetch manifest define-properties@^1.2.1
1366 silly packumentCache full:https://registry.npmjs.org/define-properties cache-miss
1367 http cache https://registry.npmjs.org/is-string 25ms (cache hit)
1368 silly packumentCache full:https://registry.npmjs.org/is-string set size:29636 disposed:false
1369 silly fetch manifest es-abstract@^1.23.9
1370 silly packumentCache full:https://registry.npmjs.org/es-abstract cache-miss
1371 http cache https://registry.npmjs.org/es-abstract 26ms (cache hit)
1372 silly packumentCache full:https://registry.npmjs.org/es-abstract set size:384124 disposed:false
1373 silly fetch manifest es-object-atoms@^1.1.1
1374 silly packumentCache full:https://registry.npmjs.org/es-object-atoms cache-miss
1375 http cache https://registry.npmjs.org/call-bound 31ms (cache hit)
1376 silly packumentCache full:https://registry.npmjs.org/call-bound set size:15317 disposed:false
1377 silly fetch manifest es-shim-unscopables@^1.1.0
1378 silly packumentCache full:https://registry.npmjs.org/es-shim-unscopables cache-miss
1379 http cache https://registry.npmjs.org/call-bind 33ms (cache hit)
1380 silly packumentCache full:https://registry.npmjs.org/call-bind set size:32985 disposed:false
1381 silly fetch manifest call-bind@^1.0.8
1382 silly packumentCache full:https://registry.npmjs.org/call-bind cache-hit
1383 silly fetch manifest define-properties@^1.2.1
1384 silly packumentCache full:https://registry.npmjs.org/define-properties cache-miss
1385 http cache https://registry.npmjs.org/define-properties 33ms (cache hit)
1386 silly packumentCache full:https://registry.npmjs.org/define-properties set size:31491 disposed:false
1387 silly fetch manifest es-abstract@^1.23.5
1388 silly packumentCache full:https://registry.npmjs.org/es-abstract cache-hit
1389 silly fetch manifest es-shim-unscopables@^1.0.2
1390 silly packumentCache full:https://registry.npmjs.org/es-shim-unscopables cache-miss
1391 http cache https://registry.npmjs.org/es-object-atoms 36ms (cache hit)
1392 silly packumentCache full:https://registry.npmjs.org/es-object-atoms set size:18278 disposed:false
1393 silly fetch manifest es-shim-unscopables@^1.0.2
1394 silly packumentCache full:https://registry.npmjs.org/es-shim-unscopables cache-miss
1395 http cache https://registry.npmjs.org/math-intrinsics 37ms (cache hit)
1396 silly packumentCache full:https://registry.npmjs.org/math-intrinsics set size:9265 disposed:false
1397 silly fetch manifest function-bind@^1.1.2
1398 silly packumentCache full:https://registry.npmjs.org/function-bind cache-miss
1399 http cache https://registry.npmjs.org/es-shim-unscopables 38ms (cache hit)
1400 silly packumentCache full:https://registry.npmjs.org/es-shim-unscopables set size:13965 disposed:false
1401 silly fetch manifest call-bind@^1.0.7
1402 silly packumentCache full:https://registry.npmjs.org/call-bind cache-hit
1403 silly fetch manifest es-abstract@^1.23.2
1404 silly packumentCache full:https://registry.npmjs.org/es-abstract cache-hit
1405 silly fetch manifest es-object-atoms@^1.0.0
1406 silly packumentCache full:https://registry.npmjs.org/es-object-atoms cache-hit
1407 silly fetch manifest call-bound@^1.0.3
1408 silly packumentCache full:https://registry.npmjs.org/call-bound cache-hit
1409 silly fetch manifest json5@^1.0.2
1410 silly packumentCache full:https://registry.npmjs.org/json5 cache-miss
1411 http cache https://registry.npmjs.org/call-bind 42ms (cache hit)
1412 silly packumentCache full:https://registry.npmjs.org/call-bind set size:32985 disposed:false
1413 silly packumentCache full:https://registry.npmjs.org/call-bind dispose
1414 silly fetch manifest minimist@^1.2.6
1415 silly packumentCache full:https://registry.npmjs.org/minimist cache-miss
1416 http cache https://registry.npmjs.org/call-bound 44ms (cache hit)
1417 silly packumentCache full:https://registry.npmjs.org/call-bound set size:15317 disposed:false
1418 silly packumentCache full:https://registry.npmjs.org/call-bound dispose
1419 silly fetch manifest strip-bom@^3.0.0
1420 silly packumentCache full:https://registry.npmjs.org/strip-bom cache-miss
1421 http cache https://registry.npmjs.org/define-properties 45ms (cache hit)
1422 silly packumentCache full:https://registry.npmjs.org/define-properties set size:31491 disposed:false
1423 silly packumentCache full:https://registry.npmjs.org/define-properties dispose
1424 silly fetch manifest @types/json5@^0.0.29
1425 silly packumentCache full:https://registry.npmjs.org/@types%2fjson5 cache-miss
1426 http cache https://registry.npmjs.org/es-shim-unscopables 43ms (cache hit)
1427 silly packumentCache full:https://registry.npmjs.org/es-shim-unscopables set size:13965 disposed:false
1428 silly packumentCache full:https://registry.npmjs.org/es-shim-unscopables dispose
1429 http cache https://registry.npmjs.org/es-object-atoms 45ms (cache hit)
1430 silly packumentCache full:https://registry.npmjs.org/es-object-atoms set size:18278 disposed:false
1431 silly packumentCache full:https://registry.npmjs.org/es-object-atoms dispose
1432 http cache https://registry.npmjs.org/es-abstract 51ms (cache hit)
1433 silly packumentCache full:https://registry.npmjs.org/es-abstract set size:384124 disposed:false
1434 silly packumentCache full:https://registry.npmjs.org/es-abstract dispose
1435 http cache https://registry.npmjs.org/define-properties 45ms (cache hit)
1436 silly packumentCache full:https://registry.npmjs.org/define-properties set size:31491 disposed:true
1437 silly packumentCache full:https://registry.npmjs.org/define-properties dispose
1438 http cache https://registry.npmjs.org/es-shim-unscopables 42ms (cache hit)
1439 silly packumentCache full:https://registry.npmjs.org/es-shim-unscopables set size:13965 disposed:true
1440 silly packumentCache full:https://registry.npmjs.org/es-shim-unscopables dispose
1441 http cache https://registry.npmjs.org/function-bind 42ms (cache hit)
1442 silly packumentCache full:https://registry.npmjs.org/function-bind set size:15733 disposed:false
1443 http cache https://registry.npmjs.org/es-shim-unscopables 46ms (cache hit)
1444 silly packumentCache full:https://registry.npmjs.org/es-shim-unscopables set size:13965 disposed:true
1445 silly packumentCache full:https://registry.npmjs.org/es-shim-unscopables dispose
1446 http cache https://registry.npmjs.org/minimist 38ms (cache hit)
1447 silly packumentCache full:https://registry.npmjs.org/minimist set size:77063 disposed:false
1448 http cache https://registry.npmjs.org/json5 40ms (cache hit)
1449 silly packumentCache full:https://registry.npmjs.org/json5 set size:86136 disposed:false
1450 http cache https://registry.npmjs.org/strip-bom 39ms (cache hit)
1451 silly packumentCache full:https://registry.npmjs.org/strip-bom set size:19359 disposed:false
1452 http cache https://registry.npmjs.org/@types%2fjson5 39ms (cache hit)
1453 silly packumentCache full:https://registry.npmjs.org/@types%2fjson5 set size:19581 disposed:false
1454 silly placeDep ROOT call-bind@1.0.9 OK for: array-includes@3.2.0 want: ^1.0.9
1455 silly placeDep ROOT call-bound@1.0.4 OK for: array-includes@3.2.0 want: ^1.0.4
1456 silly placeDep ROOT define-properties@1.2.1 OK for: array-includes@3.2.0 want: ^1.2.1
1457 silly placeDep ROOT es-abstract@1.24.2 OK for: array-includes@3.2.0 want: ^1.24.2
1458 silly placeDep ROOT es-object-atoms@1.1.2 OK for: array-includes@3.2.0 want: ^1.1.2
1459 silly placeDep ROOT es-shim-unscopables@1.1.0 OK for: array-includes@3.2.0 want: ^1.1.0
1460 silly placeDep ROOT is-string@1.1.1 OK for: array-includes@3.2.0 want: ^1.1.1
1461 silly placeDep ROOT math-intrinsics@1.1.0 OK for: array-includes@3.2.0 want: ^1.1.0
1462 silly fetch manifest call-bind-apply-helpers@^1.0.2
1463 silly packumentCache full:https://registry.npmjs.org/call-bind-apply-helpers cache-miss
1464 silly fetch manifest es-define-property@^1.0.1
1465 silly packumentCache full:https://registry.npmjs.org/es-define-property cache-miss
1466 silly fetch manifest get-intrinsic@^1.3.0
1467 silly packumentCache full:https://registry.npmjs.org/get-intrinsic cache-miss
1468 silly fetch manifest set-function-length@^1.2.2
1469 silly packumentCache full:https://registry.npmjs.org/set-function-length cache-miss
1470 silly fetch manifest call-bind-apply-helpers@^1.0.2
1471 silly packumentCache full:https://registry.npmjs.org/call-bind-apply-helpers cache-miss
1472 silly fetch manifest get-intrinsic@^1.3.0
1473 silly packumentCache full:https://registry.npmjs.org/get-intrinsic cache-miss
1474 silly fetch manifest define-data-property@^1.0.1
1475 silly packumentCache full:https://registry.npmjs.org/define-data-property cache-miss
1476 silly fetch manifest has-property-descriptors@^1.0.0
1477 silly packumentCache full:https://registry.npmjs.org/has-property-descriptors cache-miss
1478 silly fetch manifest array-buffer-byte-length@^1.0.2
1479 silly packumentCache full:https://registry.npmjs.org/array-buffer-byte-length cache-miss
1480 silly fetch manifest arraybuffer.prototype.slice@^1.0.4
1481 silly packumentCache full:https://registry.npmjs.org/arraybuffer.prototype.slice cache-miss
1482 silly fetch manifest available-typed-arrays@^1.0.7
1483 silly packumentCache full:https://registry.npmjs.org/available-typed-arrays cache-miss
1484 http fetch GET 200 https://registry.npmjs.org/es-define-property 102ms (cache miss)
1485 silly packumentCache full:https://registry.npmjs.org/es-define-property set size:undefined disposed:false
1486 silly fetch manifest data-view-buffer@^1.0.2
1487 silly packumentCache full:https://registry.npmjs.org/data-view-buffer cache-miss
1488 http fetch GET 200 https://registry.npmjs.org/get-intrinsic 110ms (cache miss)
1489 silly packumentCache full:https://registry.npmjs.org/get-intrinsic set size:undefined disposed:false
1490 silly fetch manifest data-view-byte-length@^1.0.2
1491 silly packumentCache full:https://registry.npmjs.org/data-view-byte-length cache-miss
1492 http fetch GET 200 https://registry.npmjs.org/set-function-length 119ms (cache miss)
1493 silly packumentCache full:https://registry.npmjs.org/set-function-length set size:undefined disposed:false
1494 silly fetch manifest data-view-byte-offset@^1.0.1
1495 silly packumentCache full:https://registry.npmjs.org/data-view-byte-offset cache-miss
1496 http fetch GET 200 https://registry.npmjs.org/data-view-buffer 70ms (cache miss)
1497 silly packumentCache full:https://registry.npmjs.org/data-view-buffer set size:undefined disposed:false
1498 silly fetch manifest es-set-tostringtag@^2.1.0
1499 silly packumentCache full:https://registry.npmjs.org/es-set-tostringtag cache-miss
1500 http fetch GET 200 https://registry.npmjs.org/call-bind-apply-helpers 179ms (cache miss)
1501 silly packumentCache full:https://registry.npmjs.org/call-bind-apply-helpers set size:undefined disposed:false
1502 silly fetch manifest es-to-primitive@^1.3.0
1503 silly packumentCache full:https://registry.npmjs.org/es-to-primitive cache-miss
1504 http fetch GET 200 https://registry.npmjs.org/data-view-byte-length 83ms (cache miss)
1505 silly packumentCache full:https://registry.npmjs.org/data-view-byte-length set size:undefined disposed:false
1506 silly fetch manifest function.prototype.name@^1.1.8
1507 silly packumentCache full:https://registry.npmjs.org/function.prototype.name cache-miss
1508 http fetch GET 200 https://registry.npmjs.org/data-view-byte-offset 84ms (cache miss)
1509 silly packumentCache full:https://registry.npmjs.org/data-view-byte-offset set size:undefined disposed:false
1510 silly fetch manifest get-proto@^1.0.1
1511 silly packumentCache full:https://registry.npmjs.org/get-proto cache-miss
1512 http fetch GET 200 https://registry.npmjs.org/es-set-tostringtag 67ms (cache miss)
1513 silly packumentCache full:https://registry.npmjs.org/es-set-tostringtag set size:undefined disposed:false
1514 silly fetch manifest get-symbol-description@^1.1.0
1515 silly packumentCache full:https://registry.npmjs.org/get-symbol-description cache-miss
1516 http fetch GET 200 https://registry.npmjs.org/function.prototype.name 82ms (cache miss)
1517 silly packumentCache full:https://registry.npmjs.org/function.prototype.name set size:undefined disposed:false
1518 silly fetch manifest globalthis@^1.0.4
1519 silly packumentCache full:https://registry.npmjs.org/globalthis cache-miss
1520 http fetch GET 200 https://registry.npmjs.org/get-proto 78ms (cache miss)
1521 silly packumentCache full:https://registry.npmjs.org/get-proto set size:undefined disposed:false
1522 silly fetch manifest gopd@^1.2.0
1523 silly packumentCache full:https://registry.npmjs.org/gopd cache-miss
1524 http fetch GET 200 https://registry.npmjs.org/array-buffer-byte-length 286ms (cache miss)
1525 silly packumentCache full:https://registry.npmjs.org/array-buffer-byte-length set size:undefined disposed:false
1526 silly fetch manifest has-property-descriptors@^1.0.2
1527 silly packumentCache full:https://registry.npmjs.org/has-property-descriptors cache-miss
1528 http fetch GET 200 https://registry.npmjs.org/call-bind-apply-helpers 294ms (cache miss)
1529 silly packumentCache full:https://registry.npmjs.org/call-bind-apply-helpers set size:undefined disposed:false
1530 silly fetch manifest has-proto@^1.2.0
1531 silly packumentCache full:https://registry.npmjs.org/has-proto cache-miss
1532 http fetch GET 200 https://registry.npmjs.org/get-symbol-description 70ms (cache miss)
1533 silly packumentCache full:https://registry.npmjs.org/get-symbol-description set size:undefined disposed:false
1534 silly fetch manifest has-symbols@^1.1.0
1535 silly packumentCache full:https://registry.npmjs.org/has-symbols cache-miss
1536 http fetch GET 200 https://registry.npmjs.org/get-intrinsic 352ms (cache miss)
1537 silly packumentCache full:https://registry.npmjs.org/get-intrinsic set size:undefined disposed:false
1538 silly fetch manifest internal-slot@^1.1.0
1539 silly packumentCache full:https://registry.npmjs.org/internal-slot cache-miss
1540 http fetch GET 200 https://registry.npmjs.org/es-to-primitive 183ms (cache miss)
1541 silly packumentCache full:https://registry.npmjs.org/es-to-primitive set size:undefined disposed:false
1542 silly fetch manifest is-array-buffer@^3.0.5
1543 silly packumentCache full:https://registry.npmjs.org/is-array-buffer cache-miss
1544 http fetch GET 200 https://registry.npmjs.org/has-property-descriptors 80ms (cache miss)
1545 silly packumentCache full:https://registry.npmjs.org/has-property-descriptors set size:undefined disposed:false
1546 silly fetch manifest is-callable@^1.2.7
1547 silly packumentCache full:https://registry.npmjs.org/is-callable cache-miss
1548 http fetch GET 200 https://registry.npmjs.org/globalthis 92ms (cache miss)
1549 silly packumentCache full:https://registry.npmjs.org/globalthis set size:undefined disposed:false
1550 silly fetch manifest is-data-view@^1.0.2
1551 silly packumentCache full:https://registry.npmjs.org/is-data-view cache-miss
1552 http fetch GET 200 https://registry.npmjs.org/has-symbols 64ms (cache miss)
1553 silly packumentCache full:https://registry.npmjs.org/has-symbols set size:undefined disposed:false
1554 silly fetch manifest is-negative-zero@^2.0.3
1555 silly packumentCache full:https://registry.npmjs.org/is-negative-zero cache-miss
1556 http fetch GET 200 https://registry.npmjs.org/is-negative-zero 62ms (cache miss)
1557 silly packumentCache full:https://registry.npmjs.org/is-negative-zero set size:undefined disposed:false
1558 silly fetch manifest is-regex@^1.2.1
1559 silly packumentCache full:https://registry.npmjs.org/is-regex cache-miss
1560 http fetch GET 200 https://registry.npmjs.org/is-data-view 78ms (cache miss)
1561 silly packumentCache full:https://registry.npmjs.org/is-data-view set size:undefined disposed:false
1562 silly fetch manifest is-set@^2.0.3
1563 silly packumentCache full:https://registry.npmjs.org/is-set cache-miss
1564 http fetch GET 200 https://registry.npmjs.org/is-callable 95ms (cache miss)
1565 silly packumentCache full:https://registry.npmjs.org/is-callable set size:undefined disposed:false
1566 silly fetch manifest is-shared-array-buffer@^1.0.4
1567 silly packumentCache full:https://registry.npmjs.org/is-shared-array-buffer cache-miss
1568 http fetch GET 200 https://registry.npmjs.org/is-regex 100ms (cache miss)
1569 silly packumentCache full:https://registry.npmjs.org/is-regex set size:undefined disposed:false
1570 silly fetch manifest is-typed-array@^1.1.15
1571 silly packumentCache full:https://registry.npmjs.org/is-typed-array cache-miss
1572 http fetch GET 200 https://registry.npmjs.org/is-shared-array-buffer 85ms (cache miss)
1573 silly packumentCache full:https://registry.npmjs.org/is-shared-array-buffer set size:undefined disposed:false
1574 silly fetch manifest is-weakref@^1.1.1
1575 silly packumentCache full:https://registry.npmjs.org/is-weakref cache-miss
1576 http fetch GET 200 https://registry.npmjs.org/is-set 104ms (cache miss)
1577 silly packumentCache full:https://registry.npmjs.org/is-set set size:undefined disposed:false
1578 silly fetch manifest object-inspect@^1.13.4
1579 silly packumentCache full:https://registry.npmjs.org/object-inspect cache-miss
1580 http fetch GET 200 https://registry.npmjs.org/is-array-buffer 222ms (cache miss)
1581 silly packumentCache full:https://registry.npmjs.org/is-array-buffer set size:undefined disposed:false
1582 silly fetch manifest object.assign@^4.1.7
1583 silly packumentCache full:https://registry.npmjs.org/object.assign cache-miss
1584 http fetch GET 200 https://registry.npmjs.org/is-typed-array 79ms (cache miss)
1585 silly packumentCache full:https://registry.npmjs.org/is-typed-array set size:undefined disposed:false
1586 silly fetch manifest own-keys@^1.0.1
1587 silly packumentCache full:https://registry.npmjs.org/own-keys cache-miss
1588 http fetch GET 200 https://registry.npmjs.org/is-weakref 96ms (cache miss)
1589 silly packumentCache full:https://registry.npmjs.org/is-weakref set size:undefined disposed:false
1590 silly fetch manifest regexp.prototype.flags@^1.5.4
1591 silly packumentCache full:https://registry.npmjs.org/regexp.prototype.flags cache-miss
1592 http fetch GET 200 https://registry.npmjs.org/internal-slot 305ms (cache miss)
1593 silly packumentCache full:https://registry.npmjs.org/internal-slot set size:undefined disposed:false
1594 silly fetch manifest safe-array-concat@^1.1.3
1595 silly packumentCache full:https://registry.npmjs.org/safe-array-concat cache-miss
1596 http fetch GET 200 https://registry.npmjs.org/object-inspect 107ms (cache miss)
1597 silly packumentCache full:https://registry.npmjs.org/object-inspect set size:undefined disposed:false
1598 silly fetch manifest safe-push-apply@^1.0.0
1599 silly packumentCache full:https://registry.npmjs.org/safe-push-apply cache-miss
1600 http fetch GET 200 https://registry.npmjs.org/gopd 388ms (cache miss)
1601 silly packumentCache full:https://registry.npmjs.org/gopd set size:undefined disposed:false
1602 silly fetch manifest safe-regex-test@^1.1.0
1603 silly packumentCache full:https://registry.npmjs.org/safe-regex-test cache-hit
1604 silly fetch manifest set-proto@^1.0.0
1605 silly packumentCache full:https://registry.npmjs.org/set-proto cache-miss
1606 http fetch GET 200 https://registry.npmjs.org/own-keys 64ms (cache miss)
1607 silly packumentCache full:https://registry.npmjs.org/own-keys set size:undefined disposed:false
1608 silly fetch manifest stop-iteration-iterator@^1.1.0
1609 silly packumentCache full:https://registry.npmjs.org/stop-iteration-iterator cache-miss
1610 http fetch GET 200 https://registry.npmjs.org/has-proto 404ms (cache miss)
1611 silly packumentCache full:https://registry.npmjs.org/has-proto set size:undefined disposed:false
1612 silly fetch manifest string.prototype.trim@^1.2.10
1613 silly packumentCache full:https://registry.npmjs.org/string.prototype.trim cache-miss
1614 http fetch GET 200 https://registry.npmjs.org/set-proto 115ms (cache miss)
1615 silly packumentCache full:https://registry.npmjs.org/set-proto set size:undefined disposed:false
1616 silly fetch manifest string.prototype.trimstart@^1.0.8
1617 silly packumentCache full:https://registry.npmjs.org/string.prototype.trimstart cache-miss
1618 http fetch GET 200 https://registry.npmjs.org/safe-push-apply 124ms (cache miss)
1619 silly packumentCache full:https://registry.npmjs.org/safe-push-apply set size:undefined disposed:false
1620 silly fetch manifest typed-array-buffer@^1.0.3
1621 silly packumentCache full:https://registry.npmjs.org/typed-array-buffer cache-miss
1622 http fetch GET 200 https://registry.npmjs.org/stop-iteration-iterator 105ms (cache miss)
1623 silly packumentCache full:https://registry.npmjs.org/stop-iteration-iterator set size:undefined disposed:false
1624 silly fetch manifest typed-array-byte-length@^1.0.3
1625 silly packumentCache full:https://registry.npmjs.org/typed-array-byte-length cache-miss
1626 http fetch GET 200 https://registry.npmjs.org/string.prototype.trim 175ms (cache miss)
1627 silly packumentCache full:https://registry.npmjs.org/string.prototype.trim set size:undefined disposed:false
1628 silly fetch manifest typed-array-byte-offset@^1.0.4
1629 silly packumentCache full:https://registry.npmjs.org/typed-array-byte-offset cache-miss
1630 http fetch GET 200 https://registry.npmjs.org/object.assign 331ms (cache miss)
1631 silly packumentCache full:https://registry.npmjs.org/object.assign set size:undefined disposed:false
1632 silly fetch manifest typed-array-length@^1.0.7
1633 silly packumentCache full:https://registry.npmjs.org/typed-array-length cache-miss
1634 http fetch GET 200 https://registry.npmjs.org/regexp.prototype.flags 283ms (cache miss)
1635 silly packumentCache full:https://registry.npmjs.org/regexp.prototype.flags set size:undefined disposed:false
1636 silly fetch manifest unbox-primitive@^1.1.0
1637 silly packumentCache full:https://registry.npmjs.org/unbox-primitive cache-miss
1638 http fetch GET 200 https://registry.npmjs.org/typed-array-buffer 157ms (cache miss)
1639 silly packumentCache full:https://registry.npmjs.org/typed-array-buffer set size:undefined disposed:false
1640 silly fetch manifest which-typed-array@^1.1.19
1641 silly packumentCache full:https://registry.npmjs.org/which-typed-array cache-miss
1642 http fetch GET 200 https://registry.npmjs.org/typed-array-byte-length 165ms (cache miss)
1643 silly packumentCache full:https://registry.npmjs.org/typed-array-byte-length set size:undefined disposed:false
1644 silly fetch manifest has-tostringtag@^1.0.2
1645 silly packumentCache full:https://registry.npmjs.org/has-tostringtag cache-miss
1646 http fetch GET 200 https://registry.npmjs.org/string.prototype.trimstart 174ms (cache miss)
1647 silly packumentCache full:https://registry.npmjs.org/string.prototype.trimstart set size:undefined disposed:false
1648 http fetch GET 200 https://registry.npmjs.org/unbox-primitive 101ms (cache miss)
1649 silly packumentCache full:https://registry.npmjs.org/unbox-primitive set size:undefined disposed:false
1650 http fetch GET 200 https://registry.npmjs.org/has-tostringtag 76ms (cache miss)
1651 silly packumentCache full:https://registry.npmjs.org/has-tostringtag set size:undefined disposed:false
1652 http fetch GET 200 https://registry.npmjs.org/which-typed-array 92ms (cache miss)
1653 silly packumentCache full:https://registry.npmjs.org/which-typed-array set size:undefined disposed:false
1654 http fetch GET 200 https://registry.npmjs.org/typed-array-length 194ms (cache miss)
1655 silly packumentCache full:https://registry.npmjs.org/typed-array-length set size:undefined disposed:false
1656 http fetch GET 200 https://registry.npmjs.org/typed-array-byte-offset 246ms (cache miss)
1657 silly packumentCache full:https://registry.npmjs.org/typed-array-byte-offset set size:undefined disposed:false
1658 http fetch GET 200 https://registry.npmjs.org/safe-array-concat 471ms (cache miss)
1659 silly packumentCache full:https://registry.npmjs.org/safe-array-concat set size:undefined disposed:false
1660 http fetch GET https://registry.npmjs.org/arraybuffer.prototype.slice attempt 1 failed with ECONNRESET
1661 http fetch GET https://registry.npmjs.org/has-property-descriptors attempt 1 failed with ECONNRESET
1662 http fetch GET https://registry.npmjs.org/define-data-property attempt 1 failed with ECONNRESET
1663 http fetch GET https://registry.npmjs.org/available-typed-arrays attempt 1 failed with ECONNRESET
1664 http fetch GET 200 https://registry.npmjs.org/arraybuffer.prototype.slice 11743ms attempt #2 (cache miss)
1665 silly packumentCache full:https://registry.npmjs.org/arraybuffer.prototype.slice set size:undefined disposed:false
1666 http fetch GET 200 https://registry.npmjs.org/define-data-property 11746ms attempt #2 (cache miss)
1667 silly packumentCache full:https://registry.npmjs.org/define-data-property set size:undefined disposed:false
1668 http fetch GET 200 https://registry.npmjs.org/has-property-descriptors 11746ms attempt #2 (cache miss)
1669 silly packumentCache full:https://registry.npmjs.org/has-property-descriptors set size:undefined disposed:false
1670 http fetch GET 200 https://registry.npmjs.org/available-typed-arrays 11774ms attempt #2 (cache miss)
1671 silly packumentCache full:https://registry.npmjs.org/available-typed-arrays set size:undefined disposed:false
1672 silly placeDep ROOT es-errors@1.3.0 OK for: array.prototype.findlastindex@1.2.6 want: ^1.3.0
1673 silly placeDep ROOT call-bind-apply-helpers@1.0.2 OK for: call-bind@1.0.9 want: ^1.0.2
1674 silly placeDep ROOT es-define-property@1.0.1 OK for: call-bind@1.0.9 want: ^1.0.1
1675 silly placeDep ROOT get-intrinsic@1.3.0 OK for: call-bind@1.0.9 want: ^1.3.0
1676 silly placeDep ROOT set-function-length@1.2.2 OK for: call-bind@1.0.9 want: ^1.2.2
1677 silly fetch manifest define-data-property@^1.1.4
1678 silly packumentCache full:https://registry.npmjs.org/define-data-property cache-miss
1679 silly fetch manifest gopd@^1.0.1
1680 silly packumentCache full:https://registry.npmjs.org/gopd cache-miss
1681 http cache https://registry.npmjs.org/gopd 9ms (cache hit)
1682 silly packumentCache full:https://registry.npmjs.org/gopd set size:11483 disposed:false
1683 http cache https://registry.npmjs.org/define-data-property 11ms (cache hit)
1684 silly packumentCache full:https://registry.npmjs.org/define-data-property set size:28048 disposed:false
1685 silly placeDep ROOT function-bind@1.1.2 OK for: call-bind-apply-helpers@1.0.2 want: ^1.1.2
1686 silly placeDep ROOT define-data-property@1.1.4 OK for: define-properties@1.2.1 want: ^1.0.1
1687 silly placeDep ROOT has-property-descriptors@1.0.2 OK for: define-properties@1.2.1 want: ^1.0.0
1688 silly placeDep ROOT object-keys@1.1.1 OK for: define-properties@1.2.1 want: ^1.1.1
1689 silly placeDep ROOT gopd@1.2.0 OK for: define-data-property@1.1.4 want: ^1.0.1
1690 silly placeDep ROOT array-buffer-byte-length@1.0.2 OK for: es-abstract@1.24.2 want: ^1.0.2
1691 silly placeDep ROOT arraybuffer.prototype.slice@1.0.4 OK for: es-abstract@1.24.2 want: ^1.0.4
1692 silly placeDep ROOT available-typed-arrays@1.0.7 OK for: es-abstract@1.24.2 want: ^1.0.7
1693 silly placeDep ROOT data-view-buffer@1.0.2 OK for: es-abstract@1.24.2 want: ^1.0.2
1694 silly placeDep ROOT data-view-byte-length@1.0.2 OK for: es-abstract@1.24.2 want: ^1.0.2
1695 silly placeDep ROOT data-view-byte-offset@1.0.1 OK for: es-abstract@1.24.2 want: ^1.0.1
1696 silly placeDep ROOT es-set-tostringtag@2.1.0 OK for: es-abstract@1.24.2 want: ^2.1.0
1697 silly placeDep ROOT es-to-primitive@1.3.4 OK for: es-abstract@1.24.2 want: ^1.3.0
1698 silly placeDep ROOT function.prototype.name@1.2.0 OK for: es-abstract@1.24.2 want: ^1.1.8
1699 silly placeDep ROOT get-proto@1.0.1 OK for: es-abstract@1.24.2 want: ^1.0.1
1700 silly placeDep ROOT get-symbol-description@1.1.0 OK for: es-abstract@1.24.2 want: ^1.1.0
1701 silly placeDep ROOT globalthis@1.0.4 OK for: es-abstract@1.24.2 want: ^1.0.4
1702 silly placeDep ROOT has-proto@1.2.0 OK for: es-abstract@1.24.2 want: ^1.2.0
1703 silly placeDep ROOT has-symbols@1.1.0 OK for: es-abstract@1.24.2 want: ^1.1.0
1704 silly placeDep ROOT internal-slot@1.1.0 OK for: es-abstract@1.24.2 want: ^1.1.0
1705 silly placeDep ROOT is-array-buffer@3.0.5 OK for: es-abstract@1.24.2 want: ^3.0.5
1706 silly placeDep ROOT is-callable@1.2.7 OK for: es-abstract@1.24.2 want: ^1.2.7
1707 silly placeDep ROOT is-data-view@1.0.2 OK for: es-abstract@1.24.2 want: ^1.0.2
1708 silly placeDep ROOT is-negative-zero@2.0.3 OK for: es-abstract@1.24.2 want: ^2.0.3
1709 silly placeDep ROOT is-regex@1.2.1 OK for: es-abstract@1.24.2 want: ^1.2.1
1710 silly placeDep ROOT is-set@2.0.3 OK for: es-abstract@1.24.2 want: ^2.0.3
1711 silly placeDep ROOT is-shared-array-buffer@1.0.4 OK for: es-abstract@1.24.2 want: ^1.0.4
1712 silly placeDep ROOT is-typed-array@1.1.15 OK for: es-abstract@1.24.2 want: ^1.1.15
1713 silly placeDep ROOT is-weakref@1.1.1 OK for: es-abstract@1.24.2 want: ^1.1.1
1714 silly placeDep ROOT object-inspect@1.13.4 OK for: es-abstract@1.24.2 want: ^1.13.4
1715 silly placeDep ROOT object.assign@4.1.7 OK for: es-abstract@1.24.2 want: ^4.1.7
1716 silly placeDep ROOT own-keys@1.0.2 OK for: es-abstract@1.24.2 want: ^1.0.1
1717 silly placeDep ROOT regexp.prototype.flags@1.5.4 OK for: es-abstract@1.24.2 want: ^1.5.4
1718 silly placeDep ROOT safe-array-concat@1.1.4 OK for: es-abstract@1.24.2 want: ^1.1.3
1719 silly placeDep ROOT safe-push-apply@1.0.0 OK for: es-abstract@1.24.2 want: ^1.0.0
1720 silly placeDep ROOT safe-regex-test@1.1.0 OK for: es-abstract@1.24.2 want: ^1.1.0
1721 silly placeDep ROOT set-proto@1.0.0 OK for: es-abstract@1.24.2 want: ^1.0.0
1722 silly placeDep ROOT stop-iteration-iterator@1.1.0 OK for: es-abstract@1.24.2 want: ^1.1.0
1723 silly placeDep ROOT string.prototype.trim@1.2.11 OK for: es-abstract@1.24.2 want: ^1.2.10
1724 silly placeDep ROOT string.prototype.trimstart@1.0.8 OK for: es-abstract@1.24.2 want: ^1.0.8
1725 silly placeDep ROOT typed-array-buffer@1.0.3 OK for: es-abstract@1.24.2 want: ^1.0.3
1726 silly placeDep ROOT typed-array-byte-length@1.0.3 OK for: es-abstract@1.24.2 want: ^1.0.3
1727 silly placeDep ROOT typed-array-byte-offset@1.0.5 OK for: es-abstract@1.24.2 want: ^1.0.4
1728 silly placeDep ROOT typed-array-length@1.0.8 OK for: es-abstract@1.24.2 want: ^1.0.7
1729 silly placeDep ROOT unbox-primitive@1.1.0 OK for: es-abstract@1.24.2 want: ^1.1.0
1730 silly placeDep ROOT which-typed-array@1.1.24 OK for: es-abstract@1.24.2 want: ^1.1.19
1731 silly fetch manifest is-array-buffer@^3.0.4
1732 silly packumentCache full:https://registry.npmjs.org/is-array-buffer cache-miss
1733 silly fetch manifest possible-typed-array-names@^1.0.0
1734 silly packumentCache full:https://registry.npmjs.org/possible-typed-array-names cache-miss
1735 silly fetch manifest is-data-view@^1.0.1
1736 silly packumentCache full:https://registry.npmjs.org/is-data-view cache-miss
1737 silly fetch manifest is-symbol@^1.1.1
1738 silly packumentCache full:https://registry.npmjs.org/is-symbol cache-miss
1739 silly fetch manifest is-date-object@^1.1.0
1740 silly packumentCache full:https://registry.npmjs.org/is-date-object cache-miss
1741 silly fetch manifest es-abstract-get@^1.0.0
1742 silly packumentCache full:https://registry.npmjs.org/es-abstract-get cache-miss
1743 silly fetch manifest is-document.all@^1.0.0
1744 silly packumentCache full:https://registry.npmjs.org/is-document.all cache-miss
1745 silly fetch manifest functions-have-names@^1.2.3
1746 silly packumentCache full:https://registry.npmjs.org/functions-have-names cache-miss
1747 silly fetch manifest dunder-proto@^1.0.1
1748 silly packumentCache full:https://registry.npmjs.org/dunder-proto cache-miss
1749 silly fetch manifest dunder-proto@^1.0.0
1750 silly packumentCache full:https://registry.npmjs.org/dunder-proto cache-miss
1751 silly fetch manifest side-channel@^1.1.0
1752 silly packumentCache full:https://registry.npmjs.org/side-channel cache-miss
1753 http cache https://registry.npmjs.org/is-symbol 25ms (cache hit)
1754 silly packumentCache full:https://registry.npmjs.org/is-symbol set size:22675 disposed:false
1755 silly fetch manifest is-typed-array@^1.1.13
1756 silly packumentCache full:https://registry.npmjs.org/is-typed-array cache-miss
1757 http cache https://registry.npmjs.org/is-data-view 29ms (cache hit)
1758 silly packumentCache full:https://registry.npmjs.org/is-data-view set size:13756 disposed:false
1759 silly fetch manifest which-typed-array@^1.1.16
1760 silly packumentCache full:https://registry.npmjs.org/which-typed-array cache-miss
1761 http cache https://registry.npmjs.org/is-array-buffer 32ms (cache hit)
1762 silly packumentCache full:https://registry.npmjs.org/is-array-buffer set size:33562 disposed:false
1763 silly fetch manifest set-function-name@^2.0.2
1764 silly packumentCache full:https://registry.npmjs.org/set-function-name cache-miss
1765 http cache https://registry.npmjs.org/is-date-object 34ms (cache hit)
1766 silly packumentCache full:https://registry.npmjs.org/is-date-object set size:25050 disposed:false
1767 silly fetch manifest isarray@^2.0.5
1768 silly packumentCache full:https://registry.npmjs.org/isarray cache-miss
1769 http cache https://registry.npmjs.org/possible-typed-array-names 37ms (cache hit)
1770 silly packumentCache full:https://registry.npmjs.org/possible-typed-array-names set size:9167 disposed:false
1771 silly fetch manifest isarray@^2.0.5
1772 silly packumentCache full:https://registry.npmjs.org/isarray cache-miss
1773 http cache https://registry.npmjs.org/es-abstract-get 38ms (cache hit)
1774 silly packumentCache full:https://registry.npmjs.org/es-abstract-get set size:7156 disposed:false
1775 silly fetch manifest dunder-proto@^1.0.1
1776 silly packumentCache full:https://registry.npmjs.org/dunder-proto cache-miss
1777 http cache https://registry.npmjs.org/is-document.all 41ms (cache hit)
1778 silly packumentCache full:https://registry.npmjs.org/is-document.all set size:5283 disposed:false
1779 silly fetch manifest for-each@^0.3.3
1780 silly packumentCache full:https://registry.npmjs.org/for-each cache-miss
1781 http cache https://registry.npmjs.org/functions-have-names 42ms (cache hit)
1782 silly packumentCache full:https://registry.npmjs.org/functions-have-names set size:24196 disposed:false
1783 silly fetch manifest for-each@^0.3.5
1784 silly packumentCache full:https://registry.npmjs.org/for-each cache-miss
1785 http cache https://registry.npmjs.org/dunder-proto 44ms (cache hit)
1786 silly packumentCache full:https://registry.npmjs.org/dunder-proto set size:8256 disposed:false
1787 silly fetch manifest reflect.getprototypeof@^1.0.10
1788 silly packumentCache full:https://registry.npmjs.org/reflect.getprototypeof cache-miss
1789 http cache https://registry.npmjs.org/side-channel 46ms (cache hit)
1790 silly packumentCache full:https://registry.npmjs.org/side-channel set size:27650 disposed:false
1791 silly fetch manifest for-each@^0.3.5
1792 silly packumentCache full:https://registry.npmjs.org/for-each cache-miss
1793 http cache https://registry.npmjs.org/dunder-proto 50ms (cache hit)
1794 silly packumentCache full:https://registry.npmjs.org/dunder-proto set size:8256 disposed:false
1795 silly packumentCache full:https://registry.npmjs.org/dunder-proto dispose
1796 silly fetch manifest possible-typed-array-names@^1.1.0
1797 silly packumentCache full:https://registry.npmjs.org/possible-typed-array-names cache-hit
1798 silly fetch manifest reflect.getprototypeof@^1.0.10
1799 silly packumentCache full:https://registry.npmjs.org/reflect.getprototypeof cache-miss
1800 http cache https://registry.npmjs.org/which-typed-array 62ms (cache hit)
1801 silly packumentCache full:https://registry.npmjs.org/which-typed-array set size:109574 disposed:false
1802 silly fetch manifest has-bigints@^1.0.2
1803 silly packumentCache full:https://registry.npmjs.org/has-bigints cache-miss
1804 http cache https://registry.npmjs.org/isarray 69ms (cache hit)
1805 silly packumentCache full:https://registry.npmjs.org/isarray set size:17392 disposed:false
1806 silly fetch manifest which-boxed-primitive@^1.1.1
1807 silly packumentCache full:https://registry.npmjs.org/which-boxed-primitive cache-miss
1808 http cache https://registry.npmjs.org/is-typed-array 81ms (cache hit)
1809 silly packumentCache full:https://registry.npmjs.org/is-typed-array set size:79965 disposed:false
1810 silly fetch manifest for-each@^0.3.5
1811 silly packumentCache full:https://registry.npmjs.org/for-each cache-miss
1812 http cache https://registry.npmjs.org/isarray 75ms (cache hit)
1813 silly packumentCache full:https://registry.npmjs.org/isarray set size:17392 disposed:false
1814 silly packumentCache full:https://registry.npmjs.org/isarray dispose
1815 http cache https://registry.npmjs.org/dunder-proto 74ms (cache hit)
1816 silly packumentCache full:https://registry.npmjs.org/dunder-proto set size:8256 disposed:true
1817 silly packumentCache full:https://registry.npmjs.org/dunder-proto dispose
1818 http cache https://registry.npmjs.org/for-each 69ms (cache hit)
1819 silly packumentCache full:https://registry.npmjs.org/for-each set size:14327 disposed:false
1820 http cache https://registry.npmjs.org/for-each 73ms (cache hit)
1821 silly packumentCache full:https://registry.npmjs.org/for-each set size:14327 disposed:false
1822 silly packumentCache full:https://registry.npmjs.org/for-each dispose
1823 http cache https://registry.npmjs.org/for-each 67ms (cache hit)
1824 silly packumentCache full:https://registry.npmjs.org/for-each set size:14327 disposed:true
1825 silly packumentCache full:https://registry.npmjs.org/for-each dispose
1826 http cache https://registry.npmjs.org/reflect.getprototypeof 65ms (cache hit)
1827 silly packumentCache full:https://registry.npmjs.org/reflect.getprototypeof set size:44083 disposed:false
1828 http cache https://registry.npmjs.org/reflect.getprototypeof 75ms (cache hit)
1829 silly packumentCache full:https://registry.npmjs.org/reflect.getprototypeof set size:44083 disposed:false
1830 silly packumentCache full:https://registry.npmjs.org/reflect.getprototypeof dispose
1831 http cache https://registry.npmjs.org/has-bigints 35ms (cache hit)
1832 silly packumentCache full:https://registry.npmjs.org/has-bigints set size:14176 disposed:false
1833 http cache https://registry.npmjs.org/which-boxed-primitive 24ms (cache hit)
1834 silly packumentCache full:https://registry.npmjs.org/which-boxed-primitive set size:19407 disposed:false
1835 http cache https://registry.npmjs.org/for-each 21ms (cache hit)
1836 silly packumentCache full:https://registry.npmjs.org/for-each set size:14327 disposed:true
1837 silly packumentCache full:https://registry.npmjs.org/for-each dispose
1838 http fetch GET 200 https://registry.npmjs.org/set-function-name 133ms (cache miss)
1839 silly packumentCache full:https://registry.npmjs.org/set-function-name set size:undefined disposed:false
1840 silly placeDep ROOT possible-typed-array-names@1.1.0 OK for: available-typed-arrays@1.0.7 want: ^1.0.0
1841 silly placeDep ROOT has-tostringtag@1.0.2 OK for: es-set-tostringtag@2.1.0 want: ^1.0.2
1842 silly placeDep ROOT es-abstract-get@1.0.0 OK for: es-to-primitive@1.3.4 want: ^1.0.0
1843 silly placeDep ROOT is-date-object@1.1.0 OK for: es-to-primitive@1.3.4 want: ^1.1.0
1844 silly placeDep ROOT is-symbol@1.1.1 OK for: es-to-primitive@1.3.4 want: ^1.1.1
1845 silly placeDep node_modules/eslint-module-utils debug@3.2.7 OK for: eslint-module-utils@2.14.0 want: ^3.2.7
1846 silly placeDep ROOT aria-query@5.3.2 OK for: eslint-plugin-jsx-a11y@6.10.2 want: ^5.3.2
1847 silly placeDep ROOT ast-types-flow@0.0.8 OK for: eslint-plugin-jsx-a11y@6.10.2 want: ^0.0.8
1848 silly placeDep ROOT axe-core@4.13.0 OK for: eslint-plugin-jsx-a11y@6.10.2 want: ^4.10.0
1849 silly placeDep ROOT axobject-query@4.1.0 OK for: eslint-plugin-jsx-a11y@6.10.2 want: ^4.1.0
1850 silly placeDep ROOT damerau-levenshtein@1.0.8 OK for: eslint-plugin-jsx-a11y@6.10.2 want: ^1.0.8
1851 silly placeDep ROOT emoji-regex@9.2.2 OK for: eslint-plugin-jsx-a11y@6.10.2 want: ^9.2.2
1852 silly placeDep ROOT jsx-ast-utils@3.3.5 OK for: eslint-plugin-jsx-a11y@6.10.2 want: ^3.3.5
1853 silly placeDep ROOT language-tags@1.0.9 OK for: eslint-plugin-jsx-a11y@6.10.2 want: ^1.0.9
1854 silly placeDep ROOT string.prototype.includes@2.0.1 OK for: eslint-plugin-jsx-a11y@6.10.2 want: ^2.0.1
1855 silly fetch manifest language-subtag-registry@^0.3.20
1856 silly packumentCache full:https://registry.npmjs.org/language-subtag-registry cache-miss
1857 http fetch GET 200 https://registry.npmjs.org/language-subtag-registry 305ms (cache miss)
1858 silly packumentCache full:https://registry.npmjs.org/language-subtag-registry set size:undefined disposed:false
1859 silly placeDep ROOT array.prototype.findlast@1.2.5 OK for: eslint-plugin-react@7.37.5 want: ^1.2.5
1860 silly placeDep ROOT array.prototype.tosorted@1.1.4 OK for: eslint-plugin-react@7.37.5 want: ^1.1.4
1861 silly placeDep node_modules/eslint-plugin-react doctrine@2.1.0 OK for: eslint-plugin-react@7.37.5 want: ^2.1.0
1862 silly placeDep ROOT es-iterator-helpers@1.4.0 OK for: eslint-plugin-react@7.37.5 want: ^1.2.1
1863 silly placeDep ROOT estraverse@5.3.0 OK for: eslint-plugin-react@7.37.5 want: ^5.3.0
1864 silly placeDep ROOT object.entries@1.1.9 OK for: eslint-plugin-react@7.37.5 want: ^1.1.9
1865 silly placeDep ROOT prop-types@15.8.1 OK for: eslint-plugin-react@7.37.5 want: ^15.8.1
1866 silly placeDep node_modules/eslint-plugin-react semver@6.3.1 OK for: eslint-plugin-react@7.37.5 want: ^6.3.1
1867 silly placeDep ROOT string.prototype.matchall@4.1.0 OK for: eslint-plugin-react@7.37.5 want: ^4.0.12
1868 silly placeDep ROOT string.prototype.repeat@1.0.0 OK for: eslint-plugin-react@7.37.5 want: ^1.0.0
1869 silly fetch manifest iterator.prototype@^1.1.5
1870 silly packumentCache full:https://registry.npmjs.org/iterator.prototype cache-miss
1871 silly fetch manifest loose-envify@^1.4.0
1872 silly packumentCache full:https://registry.npmjs.org/loose-envify cache-miss
1873 silly fetch manifest object-assign@^4.1.1
1874 silly packumentCache full:https://registry.npmjs.org/object-assign cache-miss
1875 silly fetch manifest react-is@^16.13.1
1876 silly packumentCache full:https://registry.npmjs.org/react-is cache-miss
1877 silly fetch manifest side-channel@^1.1.1
1878 silly packumentCache full:https://registry.npmjs.org/side-channel cache-hit
1879 http cache https://registry.npmjs.org/react-is 22ms (cache hit)
1880 silly packumentCache full:https://registry.npmjs.org/react-is set size:5675314 disposed:false
1881 http fetch GET 200 https://registry.npmjs.org/object-assign 113ms (cache miss)
1882 silly packumentCache full:https://registry.npmjs.org/object-assign set size:undefined disposed:false
1883 http fetch GET 200 https://registry.npmjs.org/loose-envify 115ms (cache miss)
1884 silly packumentCache full:https://registry.npmjs.org/loose-envify set size:undefined disposed:false
1885 http fetch GET 200 https://registry.npmjs.org/iterator.prototype 601ms (cache miss)
1886 silly packumentCache full:https://registry.npmjs.org/iterator.prototype set size:undefined disposed:false
1887 silly placeDep ROOT iterator.prototype@1.1.5 OK for: es-iterator-helpers@1.4.0 want: ^1.1.5
1888 silly placeDep ROOT esrecurse@4.3.0 OK for: eslint-scope@7.2.2 want: ^4.3.0
1889 silly placeDep ROOT acorn@8.18.0 OK for: espree@9.6.1 want: ^8.9.0
1890 silly placeDep ROOT acorn-jsx@5.3.2 OK for: espree@9.6.1 want: ^5.3.2
1891 silly placeDep node_modules/fast-glob glob-parent@5.1.2 OK for: fast-glob@3.3.1 want: ^5.1.2
1892 silly placeDep ROOT merge2@1.4.1 OK for: fast-glob@3.3.1 want: ^1.3.0
1893 silly placeDep ROOT micromatch@4.0.8 OK for: fast-glob@3.3.1 want: ^4.0.4
1894 silly fetch manifest braces@^3.0.3
1895 silly packumentCache full:https://registry.npmjs.org/braces cache-miss
1896 silly fetch manifest picomatch@^2.3.1
1897 silly packumentCache full:https://registry.npmjs.org/picomatch cache-miss
1898 http cache https://registry.npmjs.org/picomatch 8ms (cache hit)
1899 silly packumentCache full:https://registry.npmjs.org/picomatch set size:134451 disposed:false
1900 http fetch GET 200 https://registry.npmjs.org/braces 90ms (cache miss)
1901 silly packumentCache full:https://registry.npmjs.org/braces set size:undefined disposed:false
1902 silly placeDep ROOT reusify@1.1.0 OK for: fastq@1.20.3 want: ^1.0.4
1903 silly placeDep ROOT flat-cache@3.2.0 OK for: file-entry-cache@6.0.1 want: ^3.0.4
1904 silly fetch manifest keyv@^4.5.3
1905 silly packumentCache full:https://registry.npmjs.org/keyv cache-miss
1906 silly fetch manifest rimraf@^3.0.2
1907 silly packumentCache full:https://registry.npmjs.org/rimraf cache-miss
1908 silly fetch manifest flatted@^3.2.9
1909 silly packumentCache full:https://registry.npmjs.org/flatted cache-miss
1910 http fetch GET 200 https://registry.npmjs.org/keyv 139ms (cache miss)
1911 silly packumentCache full:https://registry.npmjs.org/keyv set size:undefined disposed:false
1912 http fetch GET 200 https://registry.npmjs.org/flatted 523ms (cache miss)
1913 silly packumentCache full:https://registry.npmjs.org/flatted set size:undefined disposed:false
1914 http fetch GET 200 https://registry.npmjs.org/rimraf 660ms (cache miss)
1915 silly packumentCache full:https://registry.npmjs.org/rimraf set size:undefined disposed:false
1916 silly placeDep ROOT locate-path@6.0.0 OK for: find-up@5.0.0 want: ^6.0.0
1917 silly placeDep ROOT path-exists@4.0.0 OK for: find-up@5.0.0 want: ^4.0.0
1918 silly fetch manifest p-locate@^5.0.0
1919 silly packumentCache full:https://registry.npmjs.org/p-locate cache-miss
1920 http fetch GET 200 https://registry.npmjs.org/p-locate 71ms (cache miss)
1921 silly packumentCache full:https://registry.npmjs.org/p-locate set size:undefined disposed:false
1922 silly placeDep ROOT flatted@3.4.4 OK for: flat-cache@3.2.0 want: ^3.2.9
1923 silly placeDep ROOT keyv@4.5.4 OK for: flat-cache@3.2.0 want: ^4.5.3
1924 silly placeDep ROOT rimraf@3.0.2 OK for: flat-cache@3.2.0 want: ^3.0.2
1925 silly fetch manifest json-buffer@3.0.1
1926 silly packumentCache full:https://registry.npmjs.org/json-buffer cache-miss
1927 silly fetch manifest glob@^7.1.3
1928 silly packumentCache full:https://registry.npmjs.org/glob cache-miss
1929 http fetch GET 200 https://registry.npmjs.org/json-buffer 107ms (cache miss)
1930 silly packumentCache full:https://registry.npmjs.org/json-buffer set size:undefined disposed:false
1931 http fetch GET 200 https://registry.npmjs.org/glob 1501ms (cache miss)
1932 silly packumentCache full:https://registry.npmjs.org/glob set size:undefined disposed:false
1933 silly placeDep ROOT functions-have-names@1.2.3 OK for: function.prototype.name@1.2.0 want: ^1.2.3
1934 silly placeDep ROOT is-document.all@1.0.0 OK for: function.prototype.name@1.2.0 want: ^1.0.0
1935 silly placeDep ROOT dunder-proto@1.0.1 OK for: get-proto@1.0.1 want: ^1.0.1
1936 silly placeDep ROOT resolve-pkg-maps@1.0.0 OK for: get-tsconfig@4.14.3 want: ^1.0.0
1937 silly placeDep ROOT type-fest@0.20.2 OK for: globals@13.24.0 want: ^0.20.2
1938 silly placeDep ROOT parent-module@1.0.1 OK for: import-fresh@3.3.1 want: ^1.0.0
1939 silly placeDep ROOT resolve-from@4.0.0 OK for: import-fresh@3.3.1 want: ^4.0.0
1940 silly fetch manifest callsites@^3.0.0
1941 silly packumentCache full:https://registry.npmjs.org/callsites cache-miss
1942 http fetch GET 200 https://registry.npmjs.org/callsites 112ms (cache miss)
1943 silly packumentCache full:https://registry.npmjs.org/callsites set size:undefined disposed:false
1944 silly placeDep ROOT side-channel@1.1.1 OK for: internal-slot@1.1.0 want: ^1.1.0
1945 silly fetch manifest side-channel-list@^1.0.1
1946 silly packumentCache full:https://registry.npmjs.org/side-channel-list cache-miss
1947 silly fetch manifest side-channel-map@^1.0.1
1948 silly packumentCache full:https://registry.npmjs.org/side-channel-map cache-miss
1949 silly fetch manifest side-channel-weakmap@^1.0.2
1950 silly packumentCache full:https://registry.npmjs.org/side-channel-weakmap cache-miss
1951 http fetch GET 200 https://registry.npmjs.org/side-channel-list 75ms (cache miss)
1952 silly packumentCache full:https://registry.npmjs.org/side-channel-list set size:undefined disposed:false
1953 http fetch GET 200 https://registry.npmjs.org/side-channel-weakmap 106ms (cache miss)
1954 silly packumentCache full:https://registry.npmjs.org/side-channel-weakmap set size:undefined disposed:false
1955 http fetch GET 200 https://registry.npmjs.org/side-channel-map 240ms (cache miss)
1956 silly packumentCache full:https://registry.npmjs.org/side-channel-map set size:undefined disposed:false
1957 silly placeDep ROOT is-extglob@2.1.1 OK for: is-glob@4.0.3 want: ^2.1.1
1958 silly placeDep ROOT set-function-name@2.0.2 OK for: iterator.prototype@1.1.5 want: ^2.0.2
1959 silly placeDep ROOT argparse@2.0.1 OK for: js-yaml@4.3.2 want: ^2.0.1
1960 silly placeDep ROOT json-buffer@3.0.1 OK for: keyv@4.5.4 want: 3.0.1
1961 silly placeDep ROOT language-subtag-registry@0.3.23 OK for: language-tags@1.0.9 want: ^0.3.20
1962 silly placeDep ROOT prelude-ls@1.2.1 OK for: levn@0.4.1 want: ^1.2.1
1963 silly placeDep ROOT type-check@0.4.0 OK for: levn@0.4.1 want: ~0.4.0
1964 silly placeDep ROOT p-locate@5.0.0 OK for: locate-path@6.0.0 want: ^5.0.0
1965 silly fetch manifest p-limit@^3.0.2
1966 silly packumentCache full:https://registry.npmjs.org/p-limit cache-miss
1967 http fetch GET 200 https://registry.npmjs.org/p-limit 143ms (cache miss)
1968 silly packumentCache full:https://registry.npmjs.org/p-limit set size:undefined disposed:false
1969 silly placeDep ROOT braces@3.0.3 OK for: micromatch@4.0.8 want: ^3.0.3
1970 silly placeDep ROOT picomatch@2.3.2 OK for: micromatch@4.0.8 want: ^2.3.1
1971 silly fetch manifest fill-range@^7.1.1
1972 silly packumentCache full:https://registry.npmjs.org/fill-range cache-miss
1973 http fetch GET 200 https://registry.npmjs.org/fill-range 96ms (cache miss)
1974 silly packumentCache full:https://registry.npmjs.org/fill-range set size:undefined disposed:false
1975 silly placeDep ROOT fill-range@7.1.1 OK for: braces@3.0.3 want: ^7.1.1
1976 silly fetch manifest to-regex-range@^5.0.1
1977 silly packumentCache full:https://registry.npmjs.org/to-regex-range cache-miss
1978 http fetch GET 200 https://registry.npmjs.org/to-regex-range 301ms (cache miss)
1979 silly packumentCache full:https://registry.npmjs.org/to-regex-range set size:undefined disposed:false
1980 silly placeDep ROOT to-regex-range@5.0.1 OK for: fill-range@7.1.1 want: ^5.0.1
1981 silly fetch manifest is-number@^7.0.0
1982 silly packumentCache full:https://registry.npmjs.org/is-number cache-miss
1983 http fetch GET 200 https://registry.npmjs.org/is-number 82ms (cache miss)
1984 silly packumentCache full:https://registry.npmjs.org/is-number set size:undefined disposed:false
1985 silly placeDep ROOT brace-expansion@1.1.21 OK for: minimatch@3.1.5 want: ^1.1.7
1986 silly fetch manifest concat-map@0.0.1
1987 silly packumentCache full:https://registry.npmjs.org/concat-map cache-miss
1988 silly fetch manifest balanced-match@^1.0.0
1989 silly packumentCache full:https://registry.npmjs.org/balanced-match cache-miss
1990 http fetch GET 200 https://registry.npmjs.org/concat-map 81ms (cache miss)
1991 silly packumentCache full:https://registry.npmjs.org/concat-map set size:undefined disposed:false
1992 http fetch GET 200 https://registry.npmjs.org/balanced-match 172ms (cache miss)
1993 silly packumentCache full:https://registry.npmjs.org/balanced-match set size:undefined disposed:false
1994 silly placeDep ROOT balanced-match@1.0.2 OK for: brace-expansion@1.1.21 want: ^1.0.0
1995 silly placeDep ROOT concat-map@0.0.1 OK for: brace-expansion@1.1.21 want: 0.0.1
1996 silly fetch manifest react@^18.2.0 || 19.0.0-rc-de68d2f4-20241204 || ^19.0.0
1997 silly packumentCache full:https://registry.npmjs.org/react cache-miss
1998 http cache https://registry.npmjs.org/react 22ms (cache hit)
1999 silly packumentCache full:https://registry.npmjs.org/react set size:7011585 disposed:false
2000 silly placeDep ROOT @next/env@15.5.26 OK for: next@15.5.26 want: 15.5.26
2001 silly placeDep ROOT @next/swc-darwin-arm64@15.5.26 OK for: next@15.5.26 want: 15.5.26
2002 silly placeDep ROOT @next/swc-darwin-x64@15.5.26 OK for: next@15.5.26 want: 15.5.26
2003 silly placeDep ROOT @next/swc-linux-arm64-gnu@15.5.26 OK for: next@15.5.26 want: 15.5.26
2004 silly placeDep ROOT @next/swc-linux-arm64-musl@15.5.26 OK for: next@15.5.26 want: 15.5.26
2005 silly placeDep ROOT @next/swc-linux-x64-gnu@15.5.26 OK for: next@15.5.26 want: 15.5.26
2006 silly placeDep ROOT @next/swc-linux-x64-musl@15.5.26 OK for: next@15.5.26 want: 15.5.26
2007 silly placeDep ROOT @next/swc-win32-arm64-msvc@15.5.26 OK for: next@15.5.26 want: 15.5.26
2008 silly placeDep ROOT @next/swc-win32-x64-msvc@15.5.26 OK for: next@15.5.26 want: 15.5.26
2009 silly placeDep ROOT @swc/helpers@0.5.15 OK for: next@15.5.26 want: 0.5.15
2010 silly placeDep node_modules/next postcss@8.4.31 OK for: next@15.5.26 want: 8.4.31
2011 silly placeDep ROOT sharp@0.35.5 OK for: next@15.5.26 want: ^0.34.3 || ^0.35.4
2012 silly placeDep ROOT styled-jsx@5.1.6 OK for: next@15.5.26 want: 5.1.6
2013 silly fetch manifest nanoid@^3.3.6
2014 silly packumentCache full:https://registry.npmjs.org/nanoid cache-hit
2015 silly fetch manifest source-map-js@^1.0.2
2016 silly packumentCache full:https://registry.npmjs.org/source-map-js cache-hit
2017 silly fetch manifest @img/colour@^1.1.0
2018 silly packumentCache full:https://registry.npmjs.org/@img%2fcolour cache-miss
2019 silly fetch manifest detect-libc@^2.1.2
2020 silly packumentCache full:https://registry.npmjs.org/detect-libc cache-miss
2021 silly fetch manifest @img/sharp-linux-arm@0.35.5
2022 silly packumentCache full:https://registry.npmjs.org/@img%2fsharp-linux-arm cache-miss
2023 silly fetch manifest @img/sharp-linux-x64@0.35.5
2024 silly packumentCache full:https://registry.npmjs.org/@img%2fsharp-linux-x64 cache-miss
2025 silly fetch manifest @img/sharp-win32-x64@0.35.5
2026 silly packumentCache full:https://registry.npmjs.org/@img%2fsharp-win32-x64 cache-miss
2027 silly fetch manifest @img/sharp-darwin-x64@0.35.5
2028 silly packumentCache full:https://registry.npmjs.org/@img%2fsharp-darwin-x64 cache-miss
2029 silly fetch manifest @img/sharp-win32-ia32@0.35.5
2030 silly packumentCache full:https://registry.npmjs.org/@img%2fsharp-win32-ia32 cache-miss
2031 silly fetch manifest @img/sharp-linux-arm64@0.35.5
2032 silly packumentCache full:https://registry.npmjs.org/@img%2fsharp-linux-arm64 cache-miss
2033 silly fetch manifest @img/sharp-linux-ppc64@0.35.5
2034 silly packumentCache full:https://registry.npmjs.org/@img%2fsharp-linux-ppc64 cache-miss
2035 silly fetch manifest @img/sharp-linux-s390x@0.35.5
2036 silly packumentCache full:https://registry.npmjs.org/@img%2fsharp-linux-s390x cache-miss
2037 silly fetch manifest @img/sharp-win32-arm64@0.35.5
2038 silly packumentCache full:https://registry.npmjs.org/@img%2fsharp-win32-arm64 cache-miss
2039 http fetch GET 200 https://registry.npmjs.org/detect-libc 73ms (cache miss)
2040 silly packumentCache full:https://registry.npmjs.org/detect-libc set size:undefined disposed:false
2041 silly fetch manifest @img/sharp-darwin-arm64@0.35.5
2042 silly packumentCache full:https://registry.npmjs.org/@img%2fsharp-darwin-arm64 cache-miss
2043 http fetch GET 200 https://registry.npmjs.org/@img%2fsharp-win32-x64 108ms (cache miss)
2044 silly packumentCache full:https://registry.npmjs.org/@img%2fsharp-win32-x64 set size:undefined disposed:false
2045 silly fetch manifest @img/sharp-linux-riscv64@0.35.5
2046 silly packumentCache full:https://registry.npmjs.org/@img%2fsharp-linux-riscv64 cache-miss
2047 http fetch GET 200 https://registry.npmjs.org/@img%2fsharp-darwin-x64 116ms (cache miss)
2048 silly packumentCache full:https://registry.npmjs.org/@img%2fsharp-darwin-x64 set size:undefined disposed:false
2049 silly fetch manifest @img/sharp-linuxmusl-x64@0.35.5
2050 silly packumentCache full:https://registry.npmjs.org/@img%2fsharp-linuxmusl-x64 cache-miss
2051 http fetch GET 200 https://registry.npmjs.org/@img%2fsharp-darwin-arm64 91ms (cache miss)
2052 silly packumentCache full:https://registry.npmjs.org/@img%2fsharp-darwin-arm64 set size:undefined disposed:false
2053 silly fetch manifest @img/sharp-freebsd-wasm32@0.35.5
2054 silly packumentCache full:https://registry.npmjs.org/@img%2fsharp-freebsd-wasm32 cache-miss
2055 http fetch GET 200 https://registry.npmjs.org/@img%2fsharp-linux-riscv64 96ms (cache miss)
2056 silly packumentCache full:https://registry.npmjs.org/@img%2fsharp-linux-riscv64 set size:undefined disposed:false
2057 silly fetch manifest @img/sharp-linuxmusl-arm64@0.35.5
2058 silly packumentCache full:https://registry.npmjs.org/@img%2fsharp-linuxmusl-arm64 cache-miss
2059 http fetch GET 200 https://registry.npmjs.org/@img%2fsharp-linuxmusl-x64 109ms (cache miss)
2060 silly packumentCache full:https://registry.npmjs.org/@img%2fsharp-linuxmusl-x64 set size:undefined disposed:false
2061 silly fetch manifest @img/sharp-libvips-linux-arm@1.3.4
2062 silly packumentCache full:https://registry.npmjs.org/@img%2fsharp-libvips-linux-arm cache-miss
2063 http fetch GET 200 https://registry.npmjs.org/@img%2fsharp-win32-ia32 256ms (cache miss)
2064 silly packumentCache full:https://registry.npmjs.org/@img%2fsharp-win32-ia32 set size:undefined disposed:false
2065 silly fetch manifest @img/sharp-libvips-linux-x64@1.3.4
2066 silly packumentCache full:https://registry.npmjs.org/@img%2fsharp-libvips-linux-x64 cache-miss
2067 http fetch GET 200 https://registry.npmjs.org/@img%2fsharp-freebsd-wasm32 94ms (cache miss)
2068 silly packumentCache full:https://registry.npmjs.org/@img%2fsharp-freebsd-wasm32 set size:undefined disposed:false
2069 silly fetch manifest @img/sharp-libvips-darwin-x64@1.3.4
2070 silly packumentCache full:https://registry.npmjs.org/@img%2fsharp-libvips-darwin-x64 cache-miss
2071 http fetch GET 200 https://registry.npmjs.org/@img%2fsharp-linuxmusl-arm64 112ms (cache miss)
2072 silly packumentCache full:https://registry.npmjs.org/@img%2fsharp-linuxmusl-arm64 set size:undefined disposed:false
2073 silly fetch manifest @img/sharp-libvips-linux-arm64@1.3.4
2074 silly packumentCache full:https://registry.npmjs.org/@img%2fsharp-libvips-linux-arm64 cache-miss
2075 http fetch GET 200 https://registry.npmjs.org/@img%2fsharp-libvips-linux-arm 101ms (cache miss)
2076 silly packumentCache full:https://registry.npmjs.org/@img%2fsharp-libvips-linux-arm set size:undefined disposed:false
2077 silly fetch manifest @img/sharp-libvips-linux-ppc64@1.3.4
2078 silly packumentCache full:https://registry.npmjs.org/@img%2fsharp-libvips-linux-ppc64 cache-miss
2079 http fetch GET 200 https://registry.npmjs.org/@img%2fsharp-linux-ppc64 332ms (cache miss)
2080 silly packumentCache full:https://registry.npmjs.org/@img%2fsharp-linux-ppc64 set size:undefined disposed:false
2081 silly fetch manifest @img/sharp-libvips-linux-s390x@1.3.4
2082 silly packumentCache full:https://registry.npmjs.org/@img%2fsharp-libvips-linux-s390x cache-miss
2083 http fetch GET 200 https://registry.npmjs.org/@img%2fsharp-libvips-linux-x64 88ms (cache miss)
2084 silly packumentCache full:https://registry.npmjs.org/@img%2fsharp-libvips-linux-x64 set size:undefined disposed:false
2085 silly fetch manifest @img/sharp-libvips-darwin-arm64@1.3.4
2086 silly packumentCache full:https://registry.npmjs.org/@img%2fsharp-libvips-darwin-arm64 cache-miss
2087 http fetch GET 200 https://registry.npmjs.org/@img%2fsharp-linux-arm 455ms (cache miss)
2088 silly packumentCache full:https://registry.npmjs.org/@img%2fsharp-linux-arm set size:undefined disposed:false
2089 silly fetch manifest @img/sharp-webcontainers-wasm32@0.35.5
2090 silly packumentCache full:https://registry.npmjs.org/@img%2fsharp-webcontainers-wasm32 cache-miss
2091 http fetch GET 200 https://registry.npmjs.org/@img%2fsharp-libvips-linux-s390x 199ms (cache miss)
2092 silly packumentCache full:https://registry.npmjs.org/@img%2fsharp-libvips-linux-s390x set size:undefined disposed:false
2093 silly fetch manifest @img/sharp-libvips-linux-riscv64@1.3.4
2094 silly packumentCache full:https://registry.npmjs.org/@img%2fsharp-libvips-linux-riscv64 cache-miss
2095 http fetch GET 200 https://registry.npmjs.org/@img%2fsharp-libvips-linux-ppc64 205ms (cache miss)
2096 silly packumentCache full:https://registry.npmjs.org/@img%2fsharp-libvips-linux-ppc64 set size:undefined disposed:false
2097 silly fetch manifest @img/sharp-libvips-linuxmusl-x64@1.3.4
2098 silly packumentCache full:https://registry.npmjs.org/@img%2fsharp-libvips-linuxmusl-x64 cache-miss
2099 http fetch GET 200 https://registry.npmjs.org/@img%2fsharp-libvips-darwin-arm64 199ms (cache miss)
2100 silly packumentCache full:https://registry.npmjs.org/@img%2fsharp-libvips-darwin-arm64 set size:undefined disposed:false
2101 silly fetch manifest @img/sharp-libvips-linuxmusl-arm64@1.3.4
2102 silly packumentCache full:https://registry.npmjs.org/@img%2fsharp-libvips-linuxmusl-arm64 cache-miss
2103 http fetch GET 200 https://registry.npmjs.org/@img%2fsharp-libvips-linux-arm64 232ms (cache miss)
2104 silly packumentCache full:https://registry.npmjs.org/@img%2fsharp-libvips-linux-arm64 set size:undefined disposed:false
2105 silly fetch manifest client-only@0.0.1
2106 silly packumentCache full:https://registry.npmjs.org/client-only cache-miss
2107 http fetch GET 200 https://registry.npmjs.org/@img%2fsharp-linux-x64 613ms (cache miss)
2108 silly packumentCache full:https://registry.npmjs.org/@img%2fsharp-linux-x64 set size:undefined disposed:false
2109 http fetch GET 200 https://registry.npmjs.org/@img%2fsharp-libvips-linuxmusl-x64 96ms (cache miss)
2110 silly packumentCache full:https://registry.npmjs.org/@img%2fsharp-libvips-linuxmusl-x64 set size:undefined disposed:false
2111 http fetch GET 200 https://registry.npmjs.org/@img%2fsharp-libvips-linuxmusl-arm64 87ms (cache miss)
2112 silly packumentCache full:https://registry.npmjs.org/@img%2fsharp-libvips-linuxmusl-arm64 set size:undefined disposed:false
2113 http fetch GET 200 https://registry.npmjs.org/client-only 83ms (cache miss)
2114 silly packumentCache full:https://registry.npmjs.org/client-only set size:undefined disposed:false
2115 http fetch GET 200 https://registry.npmjs.org/@img%2fsharp-libvips-linux-riscv64 104ms (cache miss)
2116 silly packumentCache full:https://registry.npmjs.org/@img%2fsharp-libvips-linux-riscv64 set size:undefined disposed:false
2117 http fetch GET 200 https://registry.npmjs.org/@img%2fsharp-webcontainers-wasm32 278ms (cache miss)
2118 silly packumentCache full:https://registry.npmjs.org/@img%2fsharp-webcontainers-wasm32 set size:undefined disposed:false
2119 http fetch GET 200 https://registry.npmjs.org/@img%2fsharp-libvips-darwin-x64 488ms (cache miss)
2120 silly packumentCache full:https://registry.npmjs.org/@img%2fsharp-libvips-darwin-x64 set size:undefined disposed:false
2121 http fetch GET 200 https://registry.npmjs.org/@img%2fcolour 778ms (cache miss)
2122 silly packumentCache full:https://registry.npmjs.org/@img%2fcolour set size:undefined disposed:false
2123 http fetch GET 200 https://registry.npmjs.org/@img%2fsharp-linux-arm64 1387ms (cache miss)
2124 silly packumentCache full:https://registry.npmjs.org/@img%2fsharp-linux-arm64 set size:undefined disposed:false
2125 http fetch GET https://registry.npmjs.org/@img%2fsharp-linux-s390x attempt 1 failed with ECONNRESET
2126 http fetch GET https://registry.npmjs.org/@img%2fsharp-win32-arm64 attempt 1 failed with ECONNRESET
2127 http fetch GET 200 https://registry.npmjs.org/@img%2fsharp-win32-arm64 12079ms attempt #2 (cache miss)
2128 silly packumentCache full:https://registry.npmjs.org/@img%2fsharp-win32-arm64 set size:undefined disposed:false
2129 http fetch GET 200 https://registry.npmjs.org/@img%2fsharp-linux-s390x 12133ms attempt #2 (cache miss)
2130 silly packumentCache full:https://registry.npmjs.org/@img%2fsharp-linux-s390x set size:undefined disposed:false
2131 silly placeDep ROOT deep-is@0.1.4 OK for: optionator@0.9.4 want: ^0.1.3
2132 silly placeDep ROOT fast-levenshtein@2.0.6 OK for: optionator@0.9.4 want: ^2.0.6
2133 silly placeDep ROOT word-wrap@1.2.5 OK for: optionator@0.9.4 want: ^1.2.5
2134 silly placeDep ROOT p-limit@3.1.0 OK for: p-locate@5.0.0 want: ^3.0.2
2135 silly fetch manifest yocto-queue@^0.1.0
2136 silly packumentCache full:https://registry.npmjs.org/yocto-queue cache-miss
2137 http cache https://registry.npmjs.org/yocto-queue 4ms (cache hit)
2138 silly packumentCache full:https://registry.npmjs.org/yocto-queue set size:20256 disposed:false
2139 silly placeDep ROOT yocto-queue@0.1.0 OK for: p-limit@3.1.0 want: ^0.1.0
2140 silly placeDep ROOT callsites@3.1.0 OK for: parent-module@1.0.1 want: ^3.0.0
2141 silly placeDep node_modules/postcss nanoid@3.3.19 OK for: postcss@8.5.28 want: ^3.3.18
2142 silly placeDep ROOT source-map-js@1.2.1 OK for: postcss@8.5.28 want: ^1.2.1
2143 silly placeDep ROOT loose-envify@1.4.0 OK for: prop-types@15.8.1 want: ^1.4.0
2144 silly placeDep ROOT object-assign@4.1.1 OK for: prop-types@15.8.1 want: ^4.1.1
2145 silly placeDep ROOT react-is@16.13.1 OK for: prop-types@15.8.1 want: ^16.13.1
2146 silly fetch manifest js-tokens@^3.0.0 || ^4.0.0
2147 silly packumentCache full:https://registry.npmjs.org/js-tokens cache-miss
2148 http cache https://registry.npmjs.org/js-tokens 6ms (cache hit)
2149 silly packumentCache full:https://registry.npmjs.org/js-tokens set size:41947 disposed:false
2150 silly placeDep ROOT js-tokens@4.0.0 OK for: loose-envify@1.4.0 want: ^3.0.0 || ^4.0.0
2151 silly placeDep ROOT dijkstrajs@1.0.3 OK for: qrcode@1.5.4 want: ^1.0.1
2152 silly placeDep ROOT pngjs@5.0.0 OK for: qrcode@1.5.4 want: ^5.0.0
2153 silly placeDep ROOT yargs@15.4.1 OK for: qrcode@1.5.4 want: ^15.3.1
2154 silly fetch manifest y18n@^4.0.0
2155 silly packumentCache full:https://registry.npmjs.org/y18n cache-miss
2156 silly fetch manifest cliui@^6.0.0
2157 silly packumentCache full:https://registry.npmjs.org/cliui cache-miss
2158 silly fetch manifest find-up@^4.1.0
2159 silly packumentCache full:https://registry.npmjs.org/find-up cache-hit
2160 silly fetch manifest decamelize@^1.2.0
2161 silly packumentCache full:https://registry.npmjs.org/decamelize cache-miss
2162 silly fetch manifest set-blocking@^2.0.0
2163 silly packumentCache full:https://registry.npmjs.org/set-blocking cache-miss
2164 silly fetch manifest string-width@^4.2.0
2165 silly packumentCache full:https://registry.npmjs.org/string-width cache-miss
2166 silly fetch manifest which-module@^2.0.0
2167 silly packumentCache full:https://registry.npmjs.org/which-module cache-miss
2168 silly fetch manifest yargs-parser@^18.1.2
2169 silly packumentCache full:https://registry.npmjs.org/yargs-parser cache-miss
2170 silly fetch manifest get-caller-file@^2.0.1
2171 silly packumentCache full:https://registry.npmjs.org/get-caller-file cache-miss
2172 silly fetch manifest require-directory@^2.1.1
2173 silly packumentCache full:https://registry.npmjs.org/require-directory cache-miss
2174 silly fetch manifest require-main-filename@^2.0.0
2175 silly packumentCache full:https://registry.npmjs.org/require-main-filename cache-miss
2176 http cache https://registry.npmjs.org/cliui 17ms (cache hit)
2177 silly packumentCache full:https://registry.npmjs.org/cliui set size:69089 disposed:false
2178 http cache https://registry.npmjs.org/decamelize 17ms (cache hit)
2179 silly packumentCache full:https://registry.npmjs.org/decamelize set size:34500 disposed:false
2180 http cache https://registry.npmjs.org/y18n 19ms (cache hit)
2181 silly packumentCache full:https://registry.npmjs.org/y18n set size:76206 disposed:false
2182 http cache https://registry.npmjs.org/set-blocking 20ms (cache hit)
2183 silly packumentCache full:https://registry.npmjs.org/set-blocking set size:5763 disposed:false
2184 http cache https://registry.npmjs.org/which-module 20ms (cache hit)
2185 silly packumentCache full:https://registry.npmjs.org/which-module set size:13898 disposed:false
2186 http cache https://registry.npmjs.org/string-width 22ms (cache hit)
2187 silly packumentCache full:https://registry.npmjs.org/string-width set size:74702 disposed:false
2188 http cache https://registry.npmjs.org/get-caller-file 22ms (cache hit)
2189 silly packumentCache full:https://registry.npmjs.org/get-caller-file set size:26456 disposed:false
2190 http cache https://registry.npmjs.org/yargs-parser 23ms (cache hit)
2191 silly packumentCache full:https://registry.npmjs.org/yargs-parser set size:238681 disposed:false
2192 http cache https://registry.npmjs.org/require-main-filename 24ms (cache hit)
2193 silly packumentCache full:https://registry.npmjs.org/require-main-filename set size:7471 disposed:false
2194 http cache https://registry.npmjs.org/require-directory 25ms (cache hit)
2195 silly packumentCache full:https://registry.npmjs.org/require-directory set size:26866 disposed:false
2196 silly placeDep ROOT scheduler@0.28.0 OK for: react-dom@19.3.0 want: ^0.28.0
2197 silly fetch manifest react@^16.0.0 || ^17.0.0 || ^18.0.0 || ^19.0.0
2198 silly packumentCache full:https://registry.npmjs.org/react cache-miss
2199 http cache https://registry.npmjs.org/react 17ms (cache hit)
2200 silly packumentCache full:https://registry.npmjs.org/react set size:7011585 disposed:false
2201 silly fetch manifest react-dom@^16.0.0 || ^17.0.0 || ^18.0.0 || ^19.0.0
2202 silly packumentCache full:https://registry.npmjs.org/react-dom cache-miss
2203 http cache https://registry.npmjs.org/react-dom 28ms (cache hit)
2204 silly packumentCache full:https://registry.npmjs.org/react-dom set size:9447690 disposed:false
2205 silly placeDep ROOT clsx@2.1.1 OK for: recharts@2.15.4 want: ^2.0.0
2206 silly placeDep ROOT eventemitter3@4.0.7 OK for: recharts@2.15.4 want: ^4.0.1
2207 silly placeDep ROOT lodash@4.18.1 OK for: recharts@2.15.4 want: ^4.17.21
2208 silly placeDep node_modules/recharts react-is@18.3.1 OK for: recharts@2.15.4 want: ^18.3.1
2209 silly placeDep ROOT react-smooth@4.0.4 OK for: recharts@2.15.4 want: ^4.0.4
2210 silly placeDep ROOT recharts-scale@0.4.5 OK for: recharts@2.15.4 want: ^0.4.4
2211 silly placeDep ROOT tiny-invariant@1.3.3 OK for: recharts@2.15.4 want: ^1.3.1
2212 silly placeDep ROOT victory-vendor@36.9.2 OK for: recharts@2.15.4 want: ^36.6.8
2213 silly fetch manifest fast-equals@^5.0.1
2214 silly packumentCache full:https://registry.npmjs.org/fast-equals cache-miss
2215 silly fetch manifest react-transition-group@^4.4.5
2216 silly packumentCache full:https://registry.npmjs.org/react-transition-group cache-miss
2217 silly fetch manifest decimal.js-light@^2.4.1
2218 silly packumentCache full:https://registry.npmjs.org/decimal.js-light cache-miss
2219 silly fetch manifest d3-ease@^3.0.1
2220 silly packumentCache full:https://registry.npmjs.org/d3-ease cache-miss
2221 silly fetch manifest d3-time@^3.0.0
2222 silly packumentCache full:https://registry.npmjs.org/d3-time cache-miss
2223 silly fetch manifest d3-array@^3.1.6
2224 silly packumentCache full:https://registry.npmjs.org/d3-array cache-miss
2225 silly fetch manifest d3-scale@^4.0.2
2226 silly packumentCache full:https://registry.npmjs.org/d3-scale cache-miss
2227 silly fetch manifest d3-shape@^3.1.0
2228 silly packumentCache full:https://registry.npmjs.org/d3-shape cache-miss
2229 silly fetch manifest d3-timer@^3.0.1
2230 silly packumentCache full:https://registry.npmjs.org/d3-timer cache-miss
2231 silly fetch manifest @types/d3-ease@^3.0.0
2232 silly packumentCache full:https://registry.npmjs.org/@types%2fd3-ease cache-miss
2233 silly fetch manifest @types/d3-time@^3.0.0
2234 silly packumentCache full:https://registry.npmjs.org/@types%2fd3-time cache-miss
2235 http cache https://registry.npmjs.org/react-transition-group 13ms (cache hit)
2236 silly packumentCache full:https://registry.npmjs.org/react-transition-group set size:110654 disposed:false
2237 silly fetch manifest d3-interpolate@^3.0.1
2238 silly packumentCache full:https://registry.npmjs.org/d3-interpolate cache-miss
2239 http cache https://registry.npmjs.org/decimal.js-light 15ms (cache hit)
2240 silly packumentCache full:https://registry.npmjs.org/decimal.js-light set size:38254 disposed:false
2241 silly fetch manifest @types/d3-array@^3.0.3
2242 silly packumentCache full:https://registry.npmjs.org/@types%2fd3-array cache-miss
2243 http cache https://registry.npmjs.org/@types%2fd3-ease 14ms (cache hit)
2244 silly packumentCache full:https://registry.npmjs.org/@types%2fd3-ease set size:41281 disposed:false
2245 silly fetch manifest @types/d3-scale@^4.0.2
2246 silly packumentCache full:https://registry.npmjs.org/@types%2fd3-scale cache-miss
2247 http cache https://registry.npmjs.org/d3-array 16ms (cache hit)
2248 silly packumentCache full:https://registry.npmjs.org/d3-array set size:246308 disposed:false
2249 silly fetch manifest @types/d3-shape@^3.1.0
2250 silly packumentCache full:https://registry.npmjs.org/@types%2fd3-shape cache-miss
2251 http cache https://registry.npmjs.org/fast-equals 21ms (cache hit)
2252 silly packumentCache full:https://registry.npmjs.org/fast-equals set size:343989 disposed:false
2253 silly fetch manifest @types/d3-timer@^3.0.0
2254 silly packumentCache full:https://registry.npmjs.org/@types%2fd3-timer cache-miss
2255 http cache https://registry.npmjs.org/d3-interpolate 16ms (cache hit)
2256 silly packumentCache full:https://registry.npmjs.org/d3-interpolate set size:162337 disposed:false
2257 silly fetch manifest @types/d3-interpolate@^3.0.1
2258 silly packumentCache full:https://registry.npmjs.org/@types%2fd3-interpolate cache-miss
2259 http cache https://registry.npmjs.org/@types%2fd3-scale 15ms (cache hit)
2260 silly packumentCache full:https://registry.npmjs.org/@types%2fd3-scale set size:131176 disposed:false
2261 http cache https://registry.npmjs.org/@types%2fd3-array 18ms (cache hit)
2262 silly packumentCache full:https://registry.npmjs.org/@types%2fd3-array set size:130543 disposed:false
2263 http cache https://registry.npmjs.org/@types%2fd3-shape 15ms (cache hit)
2264 silly packumentCache full:https://registry.npmjs.org/@types%2fd3-shape set size:118722 disposed:false
2265 http cache https://registry.npmjs.org/@types%2fd3-timer 11ms (cache hit)
2266 silly packumentCache full:https://registry.npmjs.org/@types%2fd3-timer set size:38776 disposed:false
2267 http cache https://registry.npmjs.org/@types%2fd3-interpolate 8ms (cache hit)
2268 silly packumentCache full:https://registry.npmjs.org/@types%2fd3-interpolate set size:56692 disposed:false
2269 http fetch GET 200 https://registry.npmjs.org/d3-time 119ms (cache miss)
2270 silly packumentCache full:https://registry.npmjs.org/d3-time set size:undefined disposed:false
2271 http fetch GET 200 https://registry.npmjs.org/d3-ease 142ms (cache miss)
2272 silly packumentCache full:https://registry.npmjs.org/d3-ease set size:undefined disposed:false
2273 http fetch GET 200 https://registry.npmjs.org/d3-timer 268ms (cache miss)
2274 silly packumentCache full:https://registry.npmjs.org/d3-timer set size:undefined disposed:false
2275 http fetch GET 200 https://registry.npmjs.org/d3-scale 335ms (cache miss)
2276 silly packumentCache full:https://registry.npmjs.org/d3-scale set size:undefined disposed:false
2277 http fetch GET 200 https://registry.npmjs.org/@types%2fd3-time 461ms (cache miss)
2278 silly packumentCache full:https://registry.npmjs.org/@types%2fd3-time set size:undefined disposed:false
2279 http fetch GET 200 https://registry.npmjs.org/d3-shape 1135ms (cache miss)
2280 silly packumentCache full:https://registry.npmjs.org/d3-shape set size:undefined disposed:false
2281 silly fetch manifest react@^16.8.0 || ^17.0.0 || ^18.0.0 || ^19.0.0
2282 silly packumentCache full:https://registry.npmjs.org/react cache-miss
2283 http cache https://registry.npmjs.org/react 20ms (cache hit)
2284 silly packumentCache full:https://registry.npmjs.org/react set size:7011585 disposed:false
2285 silly fetch manifest react-dom@^16.8.0 || ^17.0.0 || ^18.0.0 || ^19.0.0
2286 silly packumentCache full:https://registry.npmjs.org/react-dom cache-miss
2287 http cache https://registry.npmjs.org/react-dom 64ms (cache hit)
2288 silly packumentCache full:https://registry.npmjs.org/react-dom set size:9447690 disposed:false
2289 silly placeDep ROOT fast-equals@5.4.3 OK for: react-smooth@4.0.4 want: ^5.0.1
2290 silly placeDep ROOT react-transition-group@4.4.5 OK for: react-smooth@4.0.4 want: ^4.4.5
2291 silly fetch manifest @babel/runtime@^7.5.5
2292 silly packumentCache full:https://registry.npmjs.org/@babel%2fruntime cache-miss
2293 silly fetch manifest dom-helpers@^5.0.1
2294 silly packumentCache full:https://registry.npmjs.org/dom-helpers cache-miss
2295 http fetch GET 200 https://registry.npmjs.org/dom-helpers 86ms (cache miss)
2296 silly packumentCache full:https://registry.npmjs.org/dom-helpers set size:undefined disposed:false
2297 http fetch GET 200 https://registry.npmjs.org/@babel%2fruntime 971ms (cache miss)
2298 silly packumentCache full:https://registry.npmjs.org/@babel%2fruntime set size:undefined disposed:false
2299 silly placeDep ROOT @babel/runtime@7.29.7 OK for: react-transition-group@4.4.5 want: ^7.5.5
2300 silly placeDep ROOT dom-helpers@5.2.1 OK for: react-transition-group@4.4.5 want: ^5.0.1
2301 silly placeDep ROOT decimal.js-light@2.5.1 OK for: recharts-scale@0.4.5 want: ^2.4.1
2302 silly placeDep ROOT node-exports-info@1.6.2 OK for: resolve@2.0.0-next.7 want: ^1.6.0
2303 silly placeDep ROOT path-parse@1.0.7 OK for: resolve@2.0.0-next.7 want: ^1.0.7
2304 silly placeDep ROOT supports-preserve-symlinks-flag@1.0.0 OK for: resolve@2.0.0-next.7 want: ^1.0.0
2305 silly placeDep node_modules/node-exports-info semver@6.3.1 OK for: node-exports-info@1.6.2 want: ^6.3.1
2306 silly placeDep ROOT glob@7.2.3 OK for: rimraf@3.0.2 want: ^7.1.3
2307 silly fetch manifest once@^1.3.0
2308 silly packumentCache full:https://registry.npmjs.org/once cache-miss
2309 silly fetch manifest inflight@^1.0.4
2310 silly packumentCache full:https://registry.npmjs.org/inflight cache-miss
2311 silly fetch manifest inherits@2
2312 silly packumentCache full:https://registry.npmjs.org/inherits cache-miss
2313 silly fetch manifest fs.realpath@^1.0.0
2314 silly packumentCache full:https://registry.npmjs.org/fs.realpath cache-miss
2315 silly fetch manifest path-is-absolute@^1.0.0
2316 silly packumentCache full:https://registry.npmjs.org/path-is-absolute cache-miss
2317 http fetch GET 200 https://registry.npmjs.org/inflight 67ms (cache miss)
2318 silly packumentCache full:https://registry.npmjs.org/inflight set size:undefined disposed:false
2319 http fetch GET 200 https://registry.npmjs.org/inherits 79ms (cache miss)
2320 silly packumentCache full:https://registry.npmjs.org/inherits set size:undefined disposed:false
2321 http fetch GET 200 https://registry.npmjs.org/fs.realpath 97ms (cache miss)
2322 silly packumentCache full:https://registry.npmjs.org/fs.realpath set size:undefined disposed:false
2323 http fetch GET 200 https://registry.npmjs.org/path-is-absolute 98ms (cache miss)
2324 silly packumentCache full:https://registry.npmjs.org/path-is-absolute set size:undefined disposed:false
2325 http fetch GET 200 https://registry.npmjs.org/once 394ms (cache miss)
2326 silly packumentCache full:https://registry.npmjs.org/once set size:undefined disposed:false
2327 silly placeDep ROOT fs.realpath@1.0.0 OK for: glob@7.2.3 want: ^1.0.0
2328 silly placeDep ROOT inflight@1.0.6 OK for: glob@7.2.3 want: ^1.0.4
2329 silly placeDep ROOT inherits@2.0.4 OK for: glob@7.2.3 want: 2
2330 silly placeDep ROOT once@1.4.0 OK for: glob@7.2.3 want: ^1.3.0
2331 silly placeDep ROOT path-is-absolute@1.0.1 OK for: glob@7.2.3 want: ^1.0.0
2332 silly fetch manifest wrappy@1
2333 silly packumentCache full:https://registry.npmjs.org/wrappy cache-miss
2334 silly fetch manifest wrappy@1
2335 silly packumentCache full:https://registry.npmjs.org/wrappy cache-miss
2336 http fetch GET 200 https://registry.npmjs.org/wrappy 126ms (cache miss)
2337 silly packumentCache full:https://registry.npmjs.org/wrappy set size:undefined disposed:false
2338 http fetch GET 200 https://registry.npmjs.org/wrappy 153ms (cache miss)
2339 silly packumentCache full:https://registry.npmjs.org/wrappy set size:undefined disposed:false
2340 silly placeDep ROOT wrappy@1.0.2 OK for: inflight@1.0.6 want: 1
2341 silly placeDep ROOT queue-microtask@1.2.3 OK for: run-parallel@1.2.0 want: ^1.2.2
2342 silly placeDep ROOT isarray@2.0.5 OK for: safe-array-concat@1.1.4 want: ^2.0.5
2343 silly placeDep ROOT @img/colour@1.1.0 OK for: sharp@0.35.5 want: ^1.1.0
2344 silly placeDep ROOT @img/sharp-darwin-arm64@0.35.5 OK for: sharp@0.35.5 want: 0.35.5
2345 silly placeDep ROOT @img/sharp-darwin-x64@0.35.5 OK for: sharp@0.35.5 want: 0.35.5
2346 silly placeDep ROOT @img/sharp-freebsd-wasm32@0.35.5 OK for: sharp@0.35.5 want: 0.35.5
2347 silly placeDep ROOT @img/sharp-libvips-darwin-arm64@1.3.4 OK for: sharp@0.35.5 want: 1.3.4
2348 silly placeDep ROOT @img/sharp-libvips-darwin-x64@1.3.4 OK for: sharp@0.35.5 want: 1.3.4
2349 silly placeDep ROOT @img/sharp-libvips-linux-arm@1.3.4 OK for: sharp@0.35.5 want: 1.3.4
2350 silly placeDep ROOT @img/sharp-libvips-linux-arm64@1.3.4 OK for: sharp@0.35.5 want: 1.3.4
2351 silly placeDep ROOT @img/sharp-libvips-linux-ppc64@1.3.4 OK for: sharp@0.35.5 want: 1.3.4
2352 silly placeDep ROOT @img/sharp-libvips-linux-riscv64@1.3.4 OK for: sharp@0.35.5 want: 1.3.4
2353 silly placeDep ROOT @img/sharp-libvips-linux-s390x@1.3.4 OK for: sharp@0.35.5 want: 1.3.4
2354 silly placeDep ROOT @img/sharp-libvips-linux-x64@1.3.4 OK for: sharp@0.35.5 want: 1.3.4
2355 silly placeDep ROOT @img/sharp-libvips-linuxmusl-arm64@1.3.4 OK for: sharp@0.35.5 want: 1.3.4
2356 silly placeDep ROOT @img/sharp-libvips-linuxmusl-x64@1.3.4 OK for: sharp@0.35.5 want: 1.3.4
2357 silly placeDep ROOT @img/sharp-linux-arm@0.35.5 OK for: sharp@0.35.5 want: 0.35.5
2358 silly placeDep ROOT @img/sharp-linux-arm64@0.35.5 OK for: sharp@0.35.5 want: 0.35.5
2359 silly placeDep ROOT @img/sharp-linux-ppc64@0.35.5 OK for: sharp@0.35.5 want: 0.35.5
2360 silly placeDep ROOT @img/sharp-linux-riscv64@0.35.5 OK for: sharp@0.35.5 want: 0.35.5
2361 silly placeDep ROOT @img/sharp-linux-s390x@0.35.5 OK for: sharp@0.35.5 want: 0.35.5
2362 silly placeDep ROOT @img/sharp-linux-x64@0.35.5 OK for: sharp@0.35.5 want: 0.35.5
2363 silly placeDep ROOT @img/sharp-linuxmusl-arm64@0.35.5 OK for: sharp@0.35.5 want: 0.35.5
2364 silly placeDep ROOT @img/sharp-linuxmusl-x64@0.35.5 OK for: sharp@0.35.5 want: 0.35.5
2365 silly placeDep ROOT @img/sharp-webcontainers-wasm32@0.35.5 OK for: sharp@0.35.5 want: 0.35.5
2366 silly placeDep ROOT @img/sharp-win32-arm64@0.35.5 OK for: sharp@0.35.5 want: 0.35.5
2367 silly placeDep ROOT @img/sharp-win32-ia32@0.35.5 OK for: sharp@0.35.5 want: 0.35.5
2368 silly placeDep ROOT @img/sharp-win32-x64@0.35.5 OK for: sharp@0.35.5 want: 0.35.5
2369 silly placeDep ROOT detect-libc@2.1.2 OK for: sharp@0.35.5 want: ^2.1.2
2370 silly fetch manifest @img/sharp-wasm32@0.35.5
2371 silly packumentCache full:https://registry.npmjs.org/@img%2fsharp-wasm32 cache-miss
2372 silly fetch manifest @img/sharp-wasm32@0.35.5
2373 silly packumentCache full:https://registry.npmjs.org/@img%2fsharp-wasm32 cache-miss
2374 http fetch GET 200 https://registry.npmjs.org/@img%2fsharp-wasm32 138ms (cache miss)
2375 silly packumentCache full:https://registry.npmjs.org/@img%2fsharp-wasm32 set size:undefined disposed:false
2376 http fetch GET 200 https://registry.npmjs.org/@img%2fsharp-wasm32 732ms (cache miss)
2377 silly packumentCache full:https://registry.npmjs.org/@img%2fsharp-wasm32 set size:undefined disposed:false
2378 silly placeDep ROOT @img/sharp-wasm32@0.35.5 OK for: @img/sharp-freebsd-wasm32@0.35.5 want: 0.35.5
2379 silly fetch manifest @emnapi/runtime@^1.11.3
2380 silly packumentCache full:https://registry.npmjs.org/@emnapi%2fruntime cache-miss
2381 http fetch GET 200 https://registry.npmjs.org/@emnapi%2fruntime 170ms (cache miss)
2382 silly packumentCache full:https://registry.npmjs.org/@emnapi%2fruntime set size:undefined disposed:false
2383 silly placeDep ROOT @emnapi/runtime@1.11.3 OK for: @img/sharp-wasm32@0.35.5 want: ^1.11.3
2384 silly placeDep ROOT shebang-regex@3.0.0 OK for: shebang-command@2.0.0 want: ^3.0.0
2385 silly placeDep ROOT side-channel-list@1.0.1 OK for: side-channel@1.1.1 want: ^1.0.1
2386 silly placeDep ROOT side-channel-map@1.0.1 OK for: side-channel@1.1.1 want: ^1.0.1
2387 silly placeDep ROOT side-channel-weakmap@1.0.2 OK for: side-channel@1.1.1 want: ^1.0.2
2388 silly placeDep ROOT ansi-regex@5.0.1 OK for: strip-ansi@6.0.1 want: ^5.0.1
2389 silly placeDep ROOT client-only@0.0.1 OK for: styled-jsx@5.1.6 want: 0.0.1
2390 silly placeDep ROOT has-flag@4.0.0 OK for: supports-color@7.2.0 want: ^4.0.0
2391 silly fetch manifest postcss@^8.4.47
2392 silly packumentCache full:https://registry.npmjs.org/postcss cache-hit
2393 silly fetch manifest tsx@^4.8.1
2394 silly packumentCache full:https://registry.npmjs.org/tsx cache-miss
2395 http fetch GET 200 https://registry.npmjs.org/tsx 196ms (cache miss)
2396 silly packumentCache full:https://registry.npmjs.org/tsx set size:undefined disposed:false
2397 silly fetch manifest yaml@^2.4.2
2398 silly packumentCache full:https://registry.npmjs.org/yaml cache-miss
2399 http fetch GET 200 https://registry.npmjs.org/yaml 588ms (cache miss)
2400 silly packumentCache full:https://registry.npmjs.org/yaml set size:undefined disposed:false
2401 silly placeDep ROOT @alloc/quick-lru@5.3.0 OK for: tailwindcss@3.4.19 want: ^5.2.0
2402 silly placeDep ROOT arg@5.0.2 OK for: tailwindcss@3.4.19 want: ^5.0.2
2403 silly placeDep ROOT chokidar@3.6.0 OK for: tailwindcss@3.4.19 want: ^3.6.0
2404 silly placeDep ROOT didyoumean@1.2.2 OK for: tailwindcss@3.4.19 want: ^1.2.2
2405 silly placeDep ROOT dlv@1.1.3 OK for: tailwindcss@3.4.19 want: ^1.1.3
2406 silly placeDep node_modules/tailwindcss fast-glob@3.3.3 OK for: tailwindcss@3.4.19 want: ^3.3.2
2407 silly placeDep ROOT jiti@1.21.7 OK for: tailwindcss@3.4.19 want: ^1.21.7
2408 silly placeDep ROOT lilconfig@3.1.3 OK for: tailwindcss@3.4.19 want: ^3.1.3
2409 silly placeDep ROOT normalize-path@3.0.0 OK for: tailwindcss@3.4.19 want: ^3.0.0
2410 silly placeDep ROOT object-hash@3.0.0 OK for: tailwindcss@3.4.19 want: ^3.0.0
2411 silly placeDep ROOT postcss-import@15.1.0 OK for: tailwindcss@3.4.19 want: ^15.1.0
2412 silly placeDep ROOT postcss-js@4.1.0 OK for: tailwindcss@3.4.19 want: ^4.0.1
2413 silly placeDep ROOT postcss-load-config@6.0.1 OK for: tailwindcss@3.4.19 want: ^4.0.2 || ^5.0 || ^6.0
2414 silly placeDep ROOT postcss-nested@6.2.0 OK for: tailwindcss@3.4.19 want: ^6.2.0
2415 silly placeDep ROOT postcss-selector-parser@6.1.4 OK for: tailwindcss@3.4.19 want: ^6.1.2
2416 silly placeDep node_modules/tailwindcss resolve@1.22.12 OK for: tailwindcss@3.4.19 want: ^1.22.8
2417 silly placeDep ROOT sucrase@3.35.1 OK for: tailwindcss@3.4.19 want: ^3.35.0
2418 silly fetch manifest anymatch@~3.1.2
2419 silly packumentCache full:https://registry.npmjs.org/anymatch cache-miss
2420 silly fetch manifest readdirp@~3.6.0
2421 silly packumentCache full:https://registry.npmjs.org/readdirp cache-miss
2422 silly fetch manifest glob-parent@~5.1.2
2423 silly packumentCache full:https://registry.npmjs.org/glob-parent cache-hit
2424 silly fetch manifest is-binary-path@~2.1.0
2425 silly packumentCache full:https://registry.npmjs.org/is-binary-path cache-miss
2426 silly fetch manifest normalize-path@~3.0.0
2427 silly packumentCache full:https://registry.npmjs.org/normalize-path cache-hit
2428 silly fetch manifest fsevents@~2.3.2
2429 silly packumentCache full:https://registry.npmjs.org/fsevents cache-miss
2430 silly fetch manifest resolve@^1.1.7
2431 silly packumentCache full:https://registry.npmjs.org/resolve cache-hit
2432 silly fetch manifest read-cache@^1.0.0
2433 silly packumentCache full:https://registry.npmjs.org/read-cache cache-miss
2434 silly fetch manifest camelcase-css@^2.0.1
2435 silly packumentCache full:https://registry.npmjs.org/camelcase-css cache-miss
2436 silly fetch manifest postcss-selector-parser@^6.1.1
2437 silly packumentCache full:https://registry.npmjs.org/postcss-selector-parser cache-hit
2438 silly fetch manifest cssesc@^3.0.0
2439 silly packumentCache full:https://registry.npmjs.org/cssesc cache-miss
2440 silly fetch manifest util-deprecate@^1.0.2
2441 silly packumentCache full:https://registry.npmjs.org/util-deprecate cache-miss
2442 silly fetch manifest @jridgewell/gen-mapping@^0.3.2
2443 silly packumentCache full:https://registry.npmjs.org/@jridgewell%2fgen-mapping cache-miss
2444 silly fetch manifest commander@^4.0.0
2445 silly packumentCache full:https://registry.npmjs.org/commander cache-miss
2446 silly fetch manifest lines-and-columns@^1.1.6
2447 silly packumentCache full:https://registry.npmjs.org/lines-and-columns cache-miss
2448 http fetch GET 200 https://registry.npmjs.org/util-deprecate 75ms (cache miss)
2449 silly packumentCache full:https://registry.npmjs.org/util-deprecate set size:undefined disposed:false
2450 silly fetch manifest mz@^2.7.0
2451 silly packumentCache full:https://registry.npmjs.org/mz cache-miss
2452 http fetch GET 200 https://registry.npmjs.org/read-cache 79ms (cache miss)
2453 silly packumentCache full:https://registry.npmjs.org/read-cache set size:undefined disposed:false
2454 silly fetch manifest pirates@^4.0.1
2455 silly packumentCache full:https://registry.npmjs.org/pirates cache-miss
2456 http fetch GET 200 https://registry.npmjs.org/cssesc 83ms (cache miss)
2457 silly packumentCache full:https://registry.npmjs.org/cssesc set size:undefined disposed:false
2458 silly fetch manifest ts-interface-checker@^0.1.9
2459 silly packumentCache full:https://registry.npmjs.org/ts-interface-checker cache-miss
2460 http fetch GET 200 https://registry.npmjs.org/anymatch 95ms (cache miss)
2461 silly packumentCache full:https://registry.npmjs.org/anymatch set size:undefined disposed:false
2462 http fetch GET 200 https://registry.npmjs.org/is-binary-path 138ms (cache miss)
2463 silly packumentCache full:https://registry.npmjs.org/is-binary-path set size:undefined disposed:false
2464 http fetch GET 200 https://registry.npmjs.org/@jridgewell%2fgen-mapping 143ms (cache miss)
2465 silly packumentCache full:https://registry.npmjs.org/@jridgewell%2fgen-mapping set size:undefined disposed:false
2466 http fetch GET 200 https://registry.npmjs.org/pirates 96ms (cache miss)
2467 silly packumentCache full:https://registry.npmjs.org/pirates set size:undefined disposed:false
2468 http fetch GET 200 https://registry.npmjs.org/mz 100ms (cache miss)
2469 silly packumentCache full:https://registry.npmjs.org/mz set size:undefined disposed:false
2470 http fetch GET 200 https://registry.npmjs.org/ts-interface-checker 98ms (cache miss)
2471 silly packumentCache full:https://registry.npmjs.org/ts-interface-checker set size:undefined disposed:false
2472 http fetch GET 200 https://registry.npmjs.org/fsevents 315ms (cache miss)
2473 silly packumentCache full:https://registry.npmjs.org/fsevents set size:undefined disposed:false
2474 http fetch GET 200 https://registry.npmjs.org/commander 328ms (cache miss)
2475 silly packumentCache full:https://registry.npmjs.org/commander set size:undefined disposed:false
2476 http fetch GET 200 https://registry.npmjs.org/camelcase-css 436ms (cache miss)
2477 silly packumentCache full:https://registry.npmjs.org/camelcase-css set size:undefined disposed:false
2478 http fetch GET 200 https://registry.npmjs.org/readdirp 1142ms (cache miss)
2479 silly packumentCache full:https://registry.npmjs.org/readdirp set size:undefined disposed:false
2480 http fetch GET https://registry.npmjs.org/lines-and-columns attempt 1 failed with ECONNRESET
2481 http fetch GET 200 https://registry.npmjs.org/lines-and-columns 11914ms attempt #2 (cache miss)
2482 silly packumentCache full:https://registry.npmjs.org/lines-and-columns set size:undefined disposed:false
2483 silly placeDep ROOT anymatch@3.1.3 OK for: chokidar@3.6.0 want: ~3.1.2
2484 silly placeDep ROOT fsevents@2.3.3 OK for: chokidar@3.6.0 want: ~2.3.2
2485 silly placeDep node_modules/chokidar glob-parent@5.1.2 OK for: chokidar@3.6.0 want: ~5.1.2
2486 silly placeDep ROOT is-binary-path@2.1.0 OK for: chokidar@3.6.0 want: ~2.1.0
2487 silly placeDep ROOT readdirp@3.6.0 OK for: chokidar@3.6.0 want: ~3.6.0
2488 silly fetch manifest binary-extensions@^2.0.0
2489 silly packumentCache full:https://registry.npmjs.org/binary-extensions cache-miss
2490 http fetch GET 200 https://registry.npmjs.org/binary-extensions 542ms (cache miss)
2491 silly packumentCache full:https://registry.npmjs.org/binary-extensions set size:undefined disposed:false
2492 silly placeDep ROOT binary-extensions@2.3.0 OK for: is-binary-path@2.1.0 want: ^2.0.0
2493 silly placeDep ROOT read-cache@1.0.2 OK for: postcss-import@15.1.0 want: ^1.0.0
2494 silly placeDep node_modules/postcss-import resolve@1.22.12 OK for: postcss-import@15.1.0 want: ^1.1.7
2495 silly placeDep ROOT camelcase-css@2.0.1 OK for: postcss-js@4.1.0 want: ^2.0.1
2496 silly placeDep ROOT cssesc@3.0.0 OK for: postcss-selector-parser@6.1.4 want: ^3.0.0
2497 silly placeDep ROOT util-deprecate@1.0.2 OK for: postcss-selector-parser@6.1.4 want: ^1.0.2
2498 silly placeDep ROOT @jridgewell/gen-mapping@0.3.13 OK for: sucrase@3.35.1 want: ^0.3.2
2499 silly placeDep ROOT commander@4.1.1 OK for: sucrase@3.35.1 want: ^4.0.0
2500 silly placeDep ROOT lines-and-columns@1.2.4 OK for: sucrase@3.35.1 want: ^1.1.6
2501 silly placeDep ROOT mz@2.7.0 OK for: sucrase@3.35.1 want: ^2.7.0
2502 silly placeDep ROOT pirates@4.0.7 OK for: sucrase@3.35.1 want: ^4.0.1
2503 silly placeDep ROOT ts-interface-checker@0.1.13 OK for: sucrase@3.35.1 want: ^0.1.9
2504 silly fetch manifest @jridgewell/trace-mapping@^0.3.24
2505 silly packumentCache full:https://registry.npmjs.org/@jridgewell%2ftrace-mapping cache-miss
2506 silly fetch manifest @jridgewell/sourcemap-codec@^1.5.0
2507 silly packumentCache full:https://registry.npmjs.org/@jridgewell%2fsourcemap-codec cache-miss
2508 silly fetch manifest any-promise@^1.0.0
2509 silly packumentCache full:https://registry.npmjs.org/any-promise cache-miss
2510 silly fetch manifest thenify-all@^1.0.0
2511 silly packumentCache full:https://registry.npmjs.org/thenify-all cache-miss
2512 http fetch GET 200 https://registry.npmjs.org/any-promise 121ms (cache miss)
2513 silly packumentCache full:https://registry.npmjs.org/any-promise set size:undefined disposed:false
2514 http fetch GET 200 https://registry.npmjs.org/@jridgewell%2fsourcemap-codec 131ms (cache miss)
2515 silly packumentCache full:https://registry.npmjs.org/@jridgewell%2fsourcemap-codec set size:undefined disposed:false
2516 http fetch GET 200 https://registry.npmjs.org/@jridgewell%2ftrace-mapping 354ms (cache miss)
2517 silly packumentCache full:https://registry.npmjs.org/@jridgewell%2ftrace-mapping set size:undefined disposed:false
2518 http fetch GET 200 https://registry.npmjs.org/thenify-all 542ms (cache miss)
2519 silly packumentCache full:https://registry.npmjs.org/thenify-all set size:undefined disposed:false
2520 silly placeDep ROOT @jridgewell/sourcemap-codec@1.6.0 OK for: @jridgewell/gen-mapping@0.3.13 want: ^1.5.0
2521 silly placeDep ROOT @jridgewell/trace-mapping@0.3.31 OK for: @jridgewell/gen-mapping@0.3.13 want: ^0.3.24
2522 silly fetch manifest @jridgewell/resolve-uri@^3.1.0
2523 silly packumentCache full:https://registry.npmjs.org/@jridgewell%2fresolve-uri cache-miss
2524 http fetch GET 200 https://registry.npmjs.org/@jridgewell%2fresolve-uri 420ms (cache miss)
2525 silly packumentCache full:https://registry.npmjs.org/@jridgewell%2fresolve-uri set size:undefined disposed:false
2526 silly placeDep ROOT @jridgewell/resolve-uri@3.1.2 OK for: @jridgewell/trace-mapping@0.3.31 want: ^3.1.0
2527 silly placeDep ROOT any-promise@1.3.0 OK for: mz@2.7.0 want: ^1.0.0
2528 silly placeDep ROOT thenify-all@1.6.0 OK for: mz@2.7.0 want: ^1.0.0
2529 silly fetch manifest thenify@>= 3.1.0 < 4
2530 silly packumentCache full:https://registry.npmjs.org/thenify cache-miss
2531 http fetch GET 200 https://registry.npmjs.org/thenify 85ms (cache miss)
2532 silly packumentCache full:https://registry.npmjs.org/thenify set size:undefined disposed:false
2533 silly placeDep ROOT thenify@3.3.1 OK for: thenify-all@1.6.0 want: >= 3.1.0 < 4
2534 silly placeDep node_modules/tinyglobby fdir@6.5.0 OK for: tinyglobby@0.2.17 want: ^6.5.0
2535 silly placeDep node_modules/tinyglobby picomatch@4.0.7 OK for: fdir@6.5.0 want: ^3 || ^4
2536 silly placeDep ROOT is-number@7.0.0 OK for: to-regex-range@5.0.1 want: ^7.0.0
2537 silly placeDep ROOT @types/json5@0.0.29 OK for: tsconfig-paths@3.15.0 want: ^0.0.29
2538 silly placeDep ROOT json5@1.0.2 OK for: tsconfig-paths@3.15.0 want: ^1.0.2
2539 silly placeDep ROOT minimist@1.2.8 OK for: tsconfig-paths@3.15.0 want: ^1.2.6
2540 silly placeDep ROOT strip-bom@3.0.0 OK for: tsconfig-paths@3.15.0 want: ^3.0.0
2541 silly fetch manifest minimist@^1.2.0
2542 silly packumentCache full:https://registry.npmjs.org/minimist cache-hit
2543 silly placeDep ROOT for-each@0.3.5 OK for: typed-array-byte-length@1.0.3 want: ^0.3.3
2544 silly placeDep ROOT reflect.getprototypeof@1.0.10 OK for: typed-array-byte-offset@1.0.5 want: ^1.0.10
2545 silly fetch manifest which-builtin-type@^1.2.1
2546 silly packumentCache full:https://registry.npmjs.org/which-builtin-type cache-miss
2547 http fetch GET 200 https://registry.npmjs.org/which-builtin-type 304ms (cache miss)
2548 silly packumentCache full:https://registry.npmjs.org/which-builtin-type set size:undefined disposed:false
2549 silly placeDep ROOT which-builtin-type@1.2.1 OK for: reflect.getprototypeof@1.0.10 want: ^1.2.1
2550 silly fetch manifest is-async-function@^2.0.0
2551 silly packumentCache full:https://registry.npmjs.org/is-async-function cache-miss
2552 silly fetch manifest is-finalizationregistry@^1.1.0
2553 silly packumentCache full:https://registry.npmjs.org/is-finalizationregistry cache-miss
2554 silly fetch manifest is-generator-function@^1.0.10
2555 silly packumentCache full:https://registry.npmjs.org/is-generator-function cache-miss
2556 silly fetch manifest which-boxed-primitive@^1.1.0
2557 silly packumentCache full:https://registry.npmjs.org/which-boxed-primitive cache-hit
2558 silly fetch manifest which-collection@^1.0.2
2559 silly packumentCache full:https://registry.npmjs.org/which-collection cache-miss
2560 http fetch GET 200 https://registry.npmjs.org/which-collection 103ms (cache miss)
2561 silly packumentCache full:https://registry.npmjs.org/which-collection set size:undefined disposed:false
2562 http fetch GET 200 https://registry.npmjs.org/is-finalizationregistry 106ms (cache miss)
2563 silly packumentCache full:https://registry.npmjs.org/is-finalizationregistry set size:undefined disposed:false
2564 http fetch GET 200 https://registry.npmjs.org/is-generator-function 213ms (cache miss)
2565 silly packumentCache full:https://registry.npmjs.org/is-generator-function set size:undefined disposed:false
2566 http fetch GET 200 https://registry.npmjs.org/is-async-function 2016ms (cache miss)
2567 silly packumentCache full:https://registry.npmjs.org/is-async-function set size:undefined disposed:false
2568 silly placeDep ROOT has-bigints@1.1.0 OK for: unbox-primitive@1.1.0 want: ^1.0.2
2569 silly placeDep ROOT which-boxed-primitive@1.1.1 OK for: unbox-primitive@1.1.0 want: ^1.1.1
2570 silly fetch manifest is-bigint@^1.1.0
2571 silly packumentCache full:https://registry.npmjs.org/is-bigint cache-miss
2572 silly fetch manifest is-boolean-object@^1.2.1
2573 silly packumentCache full:https://registry.npmjs.org/is-boolean-object cache-miss
2574 silly fetch manifest is-number-object@^1.1.1
2575 silly packumentCache full:https://registry.npmjs.org/is-number-object cache-miss
2576 http cache https://registry.npmjs.org/is-number-object 9ms (cache hit)
2577 silly packumentCache full:https://registry.npmjs.org/is-number-object set size:31189 disposed:false
2578 http cache https://registry.npmjs.org/is-boolean-object 12ms (cache hit)
2579 silly packumentCache full:https://registry.npmjs.org/is-boolean-object set size:31341 disposed:false
2580 http cache https://registry.npmjs.org/is-bigint 13ms (cache hit)
2581 silly packumentCache full:https://registry.npmjs.org/is-bigint set size:20283 disposed:false
2582 silly placeDep ROOT @unrs/resolver-binding-android-arm-eabi@1.12.2 OK for: unrs-resolver@1.12.2 want: 1.12.2
2583 silly placeDep ROOT @unrs/resolver-binding-android-arm64@1.12.2 OK for: unrs-resolver@1.12.2 want: 1.12.2
2584 silly placeDep ROOT @unrs/resolver-binding-darwin-arm64@1.12.2 OK for: unrs-resolver@1.12.2 want: 1.12.2
2585 silly placeDep ROOT @unrs/resolver-binding-darwin-x64@1.12.2 OK for: unrs-resolver@1.12.2 want: 1.12.2
2586 silly placeDep ROOT @unrs/resolver-binding-freebsd-x64@1.12.2 OK for: unrs-resolver@1.12.2 want: 1.12.2
2587 silly placeDep ROOT @unrs/resolver-binding-linux-arm-gnueabihf@1.12.2 OK for: unrs-resolver@1.12.2 want: 1.12.2
2588 silly placeDep ROOT @unrs/resolver-binding-linux-arm-musleabihf@1.12.2 OK for: unrs-resolver@1.12.2 want: 1.12.2
2589 silly placeDep ROOT @unrs/resolver-binding-linux-arm64-gnu@1.12.2 OK for: unrs-resolver@1.12.2 want: 1.12.2
2590 silly placeDep ROOT @unrs/resolver-binding-linux-arm64-musl@1.12.2 OK for: unrs-resolver@1.12.2 want: 1.12.2
2591 silly placeDep ROOT @unrs/resolver-binding-linux-loong64-gnu@1.12.2 OK for: unrs-resolver@1.12.2 want: 1.12.2
2592 silly placeDep ROOT @unrs/resolver-binding-linux-loong64-musl@1.12.2 OK for: unrs-resolver@1.12.2 want: 1.12.2
2593 silly placeDep ROOT @unrs/resolver-binding-linux-ppc64-gnu@1.12.2 OK for: unrs-resolver@1.12.2 want: 1.12.2
2594 silly placeDep ROOT @unrs/resolver-binding-linux-riscv64-gnu@1.12.2 OK for: unrs-resolver@1.12.2 want: 1.12.2
2595 silly placeDep ROOT @unrs/resolver-binding-linux-riscv64-musl@1.12.2 OK for: unrs-resolver@1.12.2 want: 1.12.2
2596 silly placeDep ROOT @unrs/resolver-binding-linux-s390x-gnu@1.12.2 OK for: unrs-resolver@1.12.2 want: 1.12.2
2597 silly placeDep ROOT @unrs/resolver-binding-linux-x64-gnu@1.12.2 OK for: unrs-resolver@1.12.2 want: 1.12.2
2598 silly placeDep ROOT @unrs/resolver-binding-linux-x64-musl@1.12.2 OK for: unrs-resolver@1.12.2 want: 1.12.2
2599 silly placeDep ROOT @unrs/resolver-binding-openharmony-arm64@1.12.2 OK for: unrs-resolver@1.12.2 want: 1.12.2
2600 silly placeDep ROOT @unrs/resolver-binding-wasm32-wasi@1.12.2 OK for: unrs-resolver@1.12.2 want: 1.12.2
2601 silly placeDep ROOT @unrs/resolver-binding-win32-arm64-msvc@1.12.2 OK for: unrs-resolver@1.12.2 want: 1.12.2
2602 silly placeDep ROOT @unrs/resolver-binding-win32-ia32-msvc@1.12.2 OK for: unrs-resolver@1.12.2 want: 1.12.2
2603 silly placeDep ROOT @unrs/resolver-binding-win32-x64-msvc@1.12.2 OK for: unrs-resolver@1.12.2 want: 1.12.2
2604 silly placeDep ROOT napi-postinstall@0.3.4 OK for: unrs-resolver@1.12.2 want: ^0.3.4
2605 silly fetch manifest @napi-rs/wasm-runtime@^1.1.4
2606 silly packumentCache full:https://registry.npmjs.org/@napi-rs%2fwasm-runtime cache-miss
2607 silly fetch manifest @emnapi/core@1.10.0
2608 silly packumentCache full:https://registry.npmjs.org/@emnapi%2fcore cache-miss
2609 silly fetch manifest @emnapi/runtime@1.10.0
2610 silly packumentCache full:https://registry.npmjs.org/@emnapi%2fruntime cache-miss
2611 http cache https://registry.npmjs.org/@emnapi%2fruntime 7ms (cache hit)
2612 silly packumentCache full:https://registry.npmjs.org/@emnapi%2fruntime set size:127256 disposed:false
2613 http fetch GET 200 https://registry.npmjs.org/@napi-rs%2fwasm-runtime 108ms (cache miss)
2614 silly packumentCache full:https://registry.npmjs.org/@napi-rs%2fwasm-runtime set size:undefined disposed:false
2615 http fetch GET 200 https://registry.npmjs.org/@emnapi%2fcore 230ms (cache miss)
2616 silly packumentCache full:https://registry.npmjs.org/@emnapi%2fcore set size:undefined disposed:false
2617 silly placeDep ROOT @emnapi/core@1.10.0 OK for: @unrs/resolver-binding-wasm32-wasi@1.12.2 want: 1.10.0
2618 silly placeDep node_modules/@unrs/resolver-binding-wasm32-wasi @emnapi/runtime@1.10.0 OK for: @unrs/resolver-binding-wasm32-wasi@1.12.2 want: 1.10.0
2619 silly placeDep ROOT @napi-rs/wasm-runtime@1.2.4 OK for: @unrs/resolver-binding-wasm32-wasi@1.12.2 want: ^1.1.4
2620 silly fetch manifest @emnapi/wasi-threads@1.2.1
2621 silly packumentCache full:https://registry.npmjs.org/@emnapi%2fwasi-threads cache-miss
2622 silly fetch manifest @tybys/wasm-util@^0.10.3
2623 silly packumentCache full:https://registry.npmjs.org/@tybys%2fwasm-util cache-miss
2624 http cache https://registry.npmjs.org/@emnapi%2fwasi-threads 7ms (cache hit)
2625 silly packumentCache full:https://registry.npmjs.org/@emnapi%2fwasi-threads set size:35327 disposed:false
2626 http fetch GET 200 https://registry.npmjs.org/@tybys%2fwasm-util 82ms (cache miss)
2627 silly packumentCache full:https://registry.npmjs.org/@tybys%2fwasm-util set size:undefined disposed:false
2628 silly placeDep ROOT @emnapi/wasi-threads@1.2.1 OK for: @emnapi/core@1.10.0 want: 1.2.1
2629 silly placeDep ROOT @tybys/wasm-util@0.10.4 OK for: @napi-rs/wasm-runtime@1.2.4 want: ^0.10.3
2630 silly placeDep ROOT escalade@3.2.0 OK for: update-browserslist-db@1.3.3 want: ^3.2.0
2631 silly placeDep ROOT punycode@2.3.1 OK for: uri-js@4.4.1 want: ^2.1.0
2632 silly placeDep ROOT @types/d3-array@3.2.2 OK for: victory-vendor@36.9.2 want: ^3.0.3
2633 silly placeDep ROOT @types/d3-ease@3.0.2 OK for: victory-vendor@36.9.2 want: ^3.0.0
2634 silly placeDep ROOT @types/d3-interpolate@3.0.4 OK for: victory-vendor@36.9.2 want: ^3.0.1
2635 silly placeDep ROOT @types/d3-scale@4.0.9 OK for: victory-vendor@36.9.2 want: ^4.0.2
2636 silly placeDep ROOT @types/d3-shape@3.2.0 OK for: victory-vendor@36.9.2 want: ^3.1.0
2637 silly placeDep ROOT @types/d3-time@3.0.4 OK for: victory-vendor@36.9.2 want: ^3.0.0
2638 silly placeDep ROOT @types/d3-timer@3.0.2 OK for: victory-vendor@36.9.2 want: ^3.0.0
2639 silly placeDep ROOT d3-array@3.2.4 OK for: victory-vendor@36.9.2 want: ^3.1.6
2640 silly placeDep ROOT d3-ease@3.0.1 OK for: victory-vendor@36.9.2 want: ^3.0.1
2641 silly placeDep ROOT d3-interpolate@3.0.1 OK for: victory-vendor@36.9.2 want: ^3.0.1
2642 silly placeDep ROOT d3-scale@4.0.2 OK for: victory-vendor@36.9.2 want: ^4.0.2
2643 silly placeDep ROOT d3-shape@3.2.0 OK for: victory-vendor@36.9.2 want: ^3.1.0
2644 silly placeDep ROOT d3-time@3.1.0 OK for: victory-vendor@36.9.2 want: ^3.0.0
2645 silly placeDep ROOT d3-timer@3.0.1 OK for: victory-vendor@36.9.2 want: ^3.0.1
2646 silly fetch manifest @types/d3-color@*
2647 silly packumentCache full:https://registry.npmjs.org/@types%2fd3-color cache-miss
2648 silly fetch manifest @types/d3-time@*
2649 silly packumentCache full:https://registry.npmjs.org/@types%2fd3-time cache-miss
2650 silly fetch manifest @types/d3-path@*
2651 silly packumentCache full:https://registry.npmjs.org/@types%2fd3-path cache-miss
2652 silly fetch manifest internmap@1 - 2
2653 silly packumentCache full:https://registry.npmjs.org/internmap cache-miss
2654 silly fetch manifest d3-color@1 - 3
2655 silly packumentCache full:https://registry.npmjs.org/d3-color cache-miss
2656 silly fetch manifest d3-format@1 - 3
2657 silly packumentCache full:https://registry.npmjs.org/d3-format cache-miss
2658 silly fetch manifest d3-time@2.1.1 - 3
2659 silly packumentCache full:https://registry.npmjs.org/d3-time cache-miss
2660 silly fetch manifest d3-time-format@2 - 4
2661 silly packumentCache full:https://registry.npmjs.org/d3-time-format cache-miss
2662 silly fetch manifest d3-path@^3.1.0
2663 silly packumentCache full:https://registry.npmjs.org/d3-path cache-miss
2664 http cache https://registry.npmjs.org/@types%2fd3-time 14ms (cache hit)
2665 silly packumentCache full:https://registry.npmjs.org/@types%2fd3-time set size:52652 disposed:false
2666 http cache https://registry.npmjs.org/d3-time 13ms (cache hit)
2667 silly packumentCache full:https://registry.npmjs.org/d3-time set size:150406 disposed:false
2668 http fetch GET 200 https://registry.npmjs.org/d3-color 75ms (cache miss)
2669 silly packumentCache full:https://registry.npmjs.org/d3-color set size:undefined disposed:false
2670 http fetch GET 200 https://registry.npmjs.org/d3-format 112ms (cache miss)
2671 silly packumentCache full:https://registry.npmjs.org/d3-format set size:undefined disposed:false
2672 http fetch GET 200 https://registry.npmjs.org/@types%2fd3-path 133ms (cache miss)
2673 silly packumentCache full:https://registry.npmjs.org/@types%2fd3-path set size:undefined disposed:false
2674 http fetch GET 200 https://registry.npmjs.org/internmap 403ms (cache miss)
2675 silly packumentCache full:https://registry.npmjs.org/internmap set size:undefined disposed:false
2676 http fetch GET 200 https://registry.npmjs.org/d3-time-format 530ms (cache miss)
2677 silly packumentCache full:https://registry.npmjs.org/d3-time-format set size:undefined disposed:false
2678 http fetch GET 200 https://registry.npmjs.org/@types%2fd3-color 573ms (cache miss)
2679 silly packumentCache full:https://registry.npmjs.org/@types%2fd3-color set size:undefined disposed:false
2680 http fetch GET 200 https://registry.npmjs.org/d3-path 1229ms (cache miss)
2681 silly packumentCache full:https://registry.npmjs.org/d3-path set size:undefined disposed:false
2682 silly placeDep ROOT @types/d3-color@3.1.3 OK for: @types/d3-interpolate@3.0.4 want: *
2683 silly placeDep ROOT @types/d3-path@3.1.1 OK for: @types/d3-shape@3.2.0 want: *
2684 silly placeDep ROOT internmap@2.0.3 OK for: d3-array@3.2.4 want: 1 - 2
2685 silly placeDep ROOT d3-color@3.1.0 OK for: d3-interpolate@3.0.1 want: 1 - 3
2686 silly placeDep ROOT d3-format@3.1.2 OK for: d3-scale@4.0.2 want: 1 - 3
2687 silly placeDep ROOT d3-time-format@4.1.0 OK for: d3-scale@4.0.2 want: 2 - 4
2688 silly placeDep ROOT d3-path@3.1.0 OK for: d3-shape@3.2.0 want: ^3.1.0
2689 silly placeDep ROOT isexe@2.0.0 OK for: which@2.0.2 want: ^2.0.0
2690 silly placeDep ROOT is-bigint@1.1.0 OK for: which-boxed-primitive@1.1.1 want: ^1.1.0
2691 silly placeDep ROOT is-boolean-object@1.2.2 OK for: which-boxed-primitive@1.1.1 want: ^1.2.1
2692 silly placeDep ROOT is-number-object@1.1.1 OK for: which-boxed-primitive@1.1.1 want: ^1.1.1
2693 silly placeDep ROOT is-async-function@2.1.1 OK for: which-builtin-type@1.2.1 want: ^2.0.0
2694 silly placeDep ROOT is-finalizationregistry@1.1.1 OK for: which-builtin-type@1.2.1 want: ^1.1.0
2695 silly placeDep ROOT is-generator-function@1.1.2 OK for: which-builtin-type@1.2.1 want: ^1.0.10
2696 silly placeDep ROOT which-collection@1.0.2 OK for: which-builtin-type@1.2.1 want: ^1.0.2
2697 silly fetch manifest async-function@^1.0.0
2698 silly packumentCache full:https://registry.npmjs.org/async-function cache-miss
2699 silly fetch manifest generator-function@^2.0.0
2700 silly packumentCache full:https://registry.npmjs.org/generator-function cache-miss
2701 silly fetch manifest is-map@^2.0.3
2702 silly packumentCache full:https://registry.npmjs.org/is-map cache-miss
2703 silly fetch manifest is-weakmap@^2.0.2
2704 silly packumentCache full:https://registry.npmjs.org/is-weakmap cache-miss
2705 silly fetch manifest is-weakset@^2.0.3
2706 silly packumentCache full:https://registry.npmjs.org/is-weakset cache-miss
2707 http fetch GET 200 https://registry.npmjs.org/is-map 84ms (cache miss)
2708 silly packumentCache full:https://registry.npmjs.org/is-map set size:undefined disposed:false
2709 http fetch GET 200 https://registry.npmjs.org/async-function 92ms (cache miss)
2710 silly packumentCache full:https://registry.npmjs.org/async-function set size:undefined disposed:false
2711 http fetch GET 200 https://registry.npmjs.org/is-weakset 93ms (cache miss)
2712 silly packumentCache full:https://registry.npmjs.org/is-weakset set size:undefined disposed:false
2713 http fetch GET 200 https://registry.npmjs.org/generator-function 96ms (cache miss)
2714 silly packumentCache full:https://registry.npmjs.org/generator-function set size:undefined disposed:false
2715 http fetch GET 200 https://registry.npmjs.org/is-weakmap 391ms (cache miss)
2716 silly packumentCache full:https://registry.npmjs.org/is-weakmap set size:undefined disposed:false
2717 silly placeDep ROOT async-function@1.0.0 OK for: is-async-function@2.1.1 want: ^1.0.0
2718 silly placeDep ROOT generator-function@2.0.1 OK for: is-generator-function@1.1.2 want: ^2.0.0
2719 silly placeDep ROOT is-map@2.0.3 OK for: which-collection@1.0.2 want: ^2.0.3
2720 silly placeDep ROOT is-weakmap@2.0.2 OK for: which-collection@1.0.2 want: ^2.0.2
2721 silly placeDep ROOT is-weakset@2.0.4 OK for: which-collection@1.0.2 want: ^2.0.3
2722 silly placeDep ROOT cliui@6.0.0 OK for: yargs@15.4.1 want: ^6.0.0
2723 silly placeDep ROOT decamelize@1.2.0 OK for: yargs@15.4.1 want: ^1.2.0
2724 silly placeDep node_modules/yargs find-up@4.1.0 OK for: yargs@15.4.1 want: ^4.1.0
2725 silly placeDep ROOT get-caller-file@2.0.5 OK for: yargs@15.4.1 want: ^2.0.1
2726 silly placeDep ROOT require-directory@2.1.1 OK for: yargs@15.4.1 want: ^2.1.1
2727 silly placeDep ROOT require-main-filename@2.0.0 OK for: yargs@15.4.1 want: ^2.0.0
2728 silly placeDep ROOT set-blocking@2.0.0 OK for: yargs@15.4.1 want: ^2.0.0
2729 silly placeDep ROOT string-width@4.2.3 OK for: yargs@15.4.1 want: ^4.2.0
2730 silly placeDep ROOT which-module@2.0.1 OK for: yargs@15.4.1 want: ^2.0.0
2731 silly placeDep ROOT y18n@4.0.3 OK for: yargs@15.4.1 want: ^4.0.0
2732 silly placeDep ROOT yargs-parser@18.1.3 OK for: yargs@15.4.1 want: ^18.1.2
2733 silly fetch manifest wrap-ansi@^6.2.0
2734 silly packumentCache full:https://registry.npmjs.org/wrap-ansi cache-miss
2735 silly fetch manifest locate-path@^5.0.0
2736 silly packumentCache full:https://registry.npmjs.org/locate-path cache-miss
2737 silly fetch manifest emoji-regex@^8.0.0
2738 silly packumentCache full:https://registry.npmjs.org/emoji-regex cache-hit
2739 silly fetch manifest is-fullwidth-code-point@^3.0.0
2740 silly packumentCache full:https://registry.npmjs.org/is-fullwidth-code-point cache-miss
2741 silly fetch manifest camelcase@^5.0.0
2742 silly packumentCache full:https://registry.npmjs.org/camelcase cache-miss
2743 http cache https://registry.npmjs.org/locate-path 9ms (cache hit)
2744 silly packumentCache full:https://registry.npmjs.org/locate-path set size:31329 disposed:false
2745 http fetch GET 200 https://registry.npmjs.org/camelcase 352ms (cache miss)
2746 silly packumentCache full:https://registry.npmjs.org/camelcase set size:undefined disposed:false
2747 http fetch GET 200 https://registry.npmjs.org/wrap-ansi 431ms (cache miss)
2748 silly packumentCache full:https://registry.npmjs.org/wrap-ansi set size:undefined disposed:false
2749 http fetch GET 200 https://registry.npmjs.org/is-fullwidth-code-point 454ms (cache miss)
2750 silly packumentCache full:https://registry.npmjs.org/is-fullwidth-code-point set size:undefined disposed:false
2751 silly placeDep ROOT wrap-ansi@6.2.0 OK for: cliui@6.0.0 want: ^6.2.0
2752 silly placeDep node_modules/string-width emoji-regex@8.0.0 OK for: string-width@4.2.3 want: ^8.0.0
2753 silly placeDep ROOT is-fullwidth-code-point@3.0.0 OK for: string-width@4.2.3 want: ^3.0.0
2754 silly placeDep ROOT camelcase@5.3.1 OK for: yargs-parser@18.1.3 want: ^5.0.0
2755 silly placeDep node_modules/@typescript-eslint/typescript-estree brace-expansion@5.0.12 OK for: minimatch@10.2.6 want: ^5.0.8
2756 silly fetch manifest balanced-match@^4.0.2
2757 silly packumentCache full:https://registry.npmjs.org/balanced-match cache-miss
2758 http cache https://registry.npmjs.org/balanced-match 13ms (cache hit)
2759 silly packumentCache full:https://registry.npmjs.org/balanced-match set size:39082 disposed:false
2760 silly placeDep node_modules/@typescript-eslint/typescript-estree balanced-match@4.0.4 OK for: brace-expansion@5.0.12 want: ^4.0.2
2761 silly placeDep node_modules/next nanoid@3.3.19 OK for: postcss@8.4.31 want: ^3.3.6
2762 silly placeDep node_modules/tailwindcss/node_modules/fast-glob glob-parent@5.1.2 OK for: fast-glob@3.3.3 want: ^5.1.2
2763 silly placeDep node_modules/yargs locate-path@5.0.0 OK for: find-up@4.1.0 want: ^5.0.0
2764 silly fetch manifest p-locate@^4.1.0
2765 silly packumentCache full:https://registry.npmjs.org/p-locate cache-miss
2766 http cache https://registry.npmjs.org/p-locate 18ms (cache hit)
2767 silly packumentCache full:https://registry.npmjs.org/p-locate set size:22488 disposed:false
2768 silly placeDep node_modules/yargs p-locate@4.1.0 OK for: locate-path@5.0.0 want: ^4.1.0
2769 silly fetch manifest p-limit@^2.2.0
2770 silly packumentCache full:https://registry.npmjs.org/p-limit cache-miss
2771 http cache https://registry.npmjs.org/p-limit 9ms (cache hit)
2772 silly packumentCache full:https://registry.npmjs.org/p-limit set size:68604 disposed:false
2773 silly placeDep node_modules/yargs p-limit@2.3.0 OK for: p-locate@4.1.0 want: ^2.2.0
2774 silly fetch manifest p-try@^2.0.0
2775 silly packumentCache full:https://registry.npmjs.org/p-try cache-miss
2776 http fetch GET 200 https://registry.npmjs.org/p-try 2155ms (cache miss)
2777 silly packumentCache full:https://registry.npmjs.org/p-try set size:undefined disposed:false
2778 silly placeDep ROOT p-try@2.2.0 OK for: p-limit@2.3.0 want: ^2.0.0
2779 silly reify moves {}
2780 silly audit bulk request {
2780 silly audit   '@supabase/ssr': [ '0.5.2' ],
2780 silly audit   '@supabase/supabase-js': [ '2.117.2' ],
2780 silly audit   '@types/node': [ '20.19.43' ],
2780 silly audit   '@types/qrcode': [ '1.5.6' ],
2780 silly audit   '@types/react': [ '19.3.0' ],
2780 silly audit   '@types/react-dom': [ '19.3.0' ],
2780 silly audit   autoprefixer: [ '10.6.1' ],
2780 silly audit   postcss: [ '8.5.28', '8.4.31' ],
2780 silly audit   eslint: [ '8.57.1' ],
2780 silly audit   'eslint-config-next': [ '15.5.26' ],
2780 silly audit   nanoid: [ '5.1.16', '3.3.19' ],
2780 silly audit   next: [ '15.5.26' ],
2780 silly audit   react: [ '19.3.0' ],
2780 silly audit   'react-dom': [ '19.3.0' ],
2780 silly audit   qrcode: [ '1.5.4' ],
2780 silly audit   recharts: [ '2.15.4' ],
2780 silly audit   tailwindcss: [ '3.4.19' ],
2780 silly audit   typescript: [ '5.9.3' ],
2780 silly audit   'ua-parser-js': [ '1.0.41' ],
2780 silly audit   zod: [ '3.25.76' ],
2780 silly audit   '@types/cookie': [ '0.6.0' ],
2780 silly audit   cookie: [ '0.7.2' ],
2780 silly audit   '@supabase/auth-js': [ '2.117.2' ],
2780 silly audit   '@supabase/functions-js': [ '2.117.2' ],
2780 silly audit   '@supabase/postgrest-js': [ '2.117.2' ],
2780 silly audit   '@supabase/realtime-js': [ '2.117.2' ],
2780 silly audit   '@supabase/storage-js': [ '2.117.2' ],
2780 silly audit   tslib: [ '2.8.1' ],
2780 silly audit   '@supabase/phoenix': [ '0.4.5' ],
2780 silly audit   'iceberg-js': [ '0.8.1' ],
2780 silly audit   'undici-types': [ '6.21.0' ],
2780 silly audit   csstype: [ '3.2.3' ],
2780 silly audit   browserslist: [ '4.29.3' ],
2780 silly audit   'caniuse-lite': [ '1.0.30001814' ],
2780 silly audit   'fraction.js': [ '5.3.4' ],
2780 silly audit   picocolors: [ '1.1.1' ],
2780 silly audit   'postcss-value-parser': [ '4.2.0' ],
2780 silly audit   'baseline-browser-mapping': [ '2.11.26' ],
2780 silly audit   'electron-to-chromium': [ '1.5.442' ],
2780 silly audit   'node-releases': [ '2.0.57' ],
2780 silly audit   'update-browserslist-db': [ '1.3.3' ],
2780 silly audit   '@eslint-community/eslint-utils': [ '4.10.1' ],
2780 silly audit   '@eslint-community/regexpp': [ '4.12.2' ],
2780 silly audit   '@eslint/eslintrc': [ '2.1.4' ],
2780 silly audit   '@eslint/js': [ '8.57.1' ],
2780 silly audit   '@humanwhocodes/config-array': [ '0.13.0' ],
2780 silly audit   '@humanwhocodes/module-importer': [ '1.0.1' ],
2780 silly audit   '@nodelib/fs.walk': [ '1.2.8' ],
2780 silly audit   '@ungap/structured-clone': [ '1.4.0' ],
2780 silly audit   ajv: [ '6.15.0' ],
2780 silly audit   chalk: [ '4.1.2' ],
2780 silly audit   'cross-spawn': [ '7.0.6' ],
2780 silly audit   debug: [ '4.4.3', '3.2.7' ],
2780 silly audit   doctrine: [ '3.0.0', '2.1.0' ],
2780 silly audit   'escape-string-regexp': [ '4.0.0' ],
2780 silly audit   'eslint-scope': [ '7.2.2' ],
2780 silly audit   'eslint-visitor-keys': [ '3.4.3', '5.0.1' ],
2780 silly audit   espree: [ '9.6.1' ],
2780 silly audit   esquery: [ '1.7.0' ],
2780 silly audit   esutils: [ '2.0.3' ],
2780 silly audit   'fast-deep-equal': [ '3.1.3' ],
2780 silly audit   'file-entry-cache': [ '6.0.1' ],
2780 silly audit   'find-up': [ '5.0.0', '4.1.0' ],
2780 silly audit   'glob-parent': [ '6.0.2', '5.1.2' ],
2780 silly audit   globals: [ '13.24.0' ],
2780 silly audit   graphemer: [ '1.4.0' ],
2780 silly audit   ignore: [ '5.3.2', '7.0.10' ],
2780 silly audit   imurmurhash: [ '0.1.4' ],
2780 silly audit   'is-glob': [ '4.0.3' ],
2780 silly audit   'is-path-inside': [ '3.0.3' ],
2780 silly audit   'js-yaml': [ '4.3.2' ],
2780 silly audit   'json-stable-stringify-without-jsonify': [ '1.0.1' ],
2780 silly audit   levn: [ '0.4.1' ],
2780 silly audit   'lodash.merge': [ '4.6.2' ],
2780 silly audit   minimatch: [ '3.1.5', '10.2.6' ],
2780 silly audit   'natural-compare': [ '1.4.0' ],
2780 silly audit   optionator: [ '0.9.4' ],
2780 silly audit   'strip-ansi': [ '6.0.1' ],
2780 silly audit   'text-table': [ '0.2.0' ],
2780 silly audit   'import-fresh': [ '3.3.1' ],
2780 silly audit   'strip-json-comments': [ '3.1.1' ],
2780 silly audit   '@humanwhocodes/object-schema': [ '2.0.3' ],
2780 silly audit   '@nodelib/fs.scandir': [ '2.1.5' ],
2780 silly audit   fastq: [ '1.20.3' ],
2780 silly audit   '@nodelib/fs.stat': [ '2.0.5' ],
2780 silly audit   'run-parallel': [ '1.2.0' ],
2780 silly audit   'fast-json-stable-stringify': [ '2.1.0' ],
2780 silly audit   'json-schema-traverse': [ '0.4.1' ],
2780 silly audit   'uri-js': [ '4.4.1' ],
2780 silly audit   'ansi-styles': [ '4.3.0' ],
2780 silly audit   'supports-color': [ '7.2.0' ],
2780 silly audit   'color-convert': [ '2.0.1' ],
2780 silly audit   'color-name': [ '1.1.4' ],
2780 silly audit   'path-key': [ '3.1.1' ],
2780 silly audit   'shebang-command': [ '2.0.0' ],
2780 silly audit   which: [ '2.0.2' ],
2780 silly audit   ms: [ '2.1.3' ],
2780 silly audit   '@next/eslint-plugin-next': [ '15.5.26' ],
2780 silly audit   '@rushstack/eslint-patch': [ '1.16.1' ],
2780 silly audit   '@typescript-eslint/eslint-plugin': [ '8.71.0' ],
2780 silly audit   '@typescript-eslint/parser': [ '8.71.0' ],
2780 silly audit   'eslint-import-resolver-node': [ '0.3.10' ],
2780 silly audit   'eslint-import-resolver-typescript': [ '3.10.1' ],
2780 silly audit   'eslint-plugin-import': [ '2.32.0' ],
2780 silly audit   'eslint-plugin-jsx-a11y': [ '6.10.2' ],
2780 silly audit   'eslint-plugin-react': [ '7.37.5' ],
2780 silly audit   'eslint-plugin-react-hooks': [ '5.2.0' ],
2780 silly audit   'fast-glob': [ '3.3.1', '3.3.3' ],
2780 silly audit   '@typescript-eslint/scope-manager': [ '8.71.0' ],
2780 silly audit   '@typescript-eslint/type-utils': [ '8.71.0' ],
2780 silly audit   '@typescript-eslint/utils': [ '8.71.0' ],
2780 silly audit   '@typescript-eslint/visitor-keys': [ '8.71.0' ],
2780 silly audit   'ts-api-utils': [ '2.5.0' ],
2780 silly audit   '@typescript-eslint/types': [ '8.71.0' ],
2780 silly audit   '@typescript-eslint/typescript-estree': [ '8.71.0' ],
2780 silly audit   '@typescript-eslint/project-service': [ '8.71.0' ],
2780 silly audit   '@typescript-eslint/tsconfig-utils': [ '8.71.0' ],
2780 silly audit   semver: [ '7.8.5', '6.3.1' ],
2780 silly audit   tinyglobby: [ '0.2.17' ],
2780 silly audit   'is-core-module': [ '2.17.0' ],
2780 silly audit   resolve: [ '2.0.0-next.7', '1.22.12' ],
2780 silly audit   '@nolyfill/is-core-module': [ '1.0.39' ],
2780 silly audit   'get-tsconfig': [ '4.14.3' ],
2780 silly audit   'is-bun-module': [ '2.0.0' ],
2780 silly audit   'stable-hash': [ '0.0.5' ],
2780 silly audit   'unrs-resolver': [ '1.12.2' ],
2780 silly audit   '@rtsao/scc': [ '1.1.0' ],
2780 silly audit   'array-includes': [ '3.2.0' ],
2780 silly audit   'array.prototype.findlastindex': [ '1.2.6' ],
2780 silly audit   'array.prototype.flat': [ '1.3.3' ],
2780 silly audit   'array.prototype.flatmap': [ '1.3.3' ],
2780 silly audit   'eslint-module-utils': [ '2.14.0' ],
2780 silly audit   hasown: [ '2.0.4' ],
2780 silly audit   'object.fromentries': [ '2.0.8' ],
2780 silly audit   'object.groupby': [ '1.0.3' ],
2780 silly audit   'object.values': [ '1.2.1' ],
2780 silly audit   'string.prototype.trimend': [ '1.0.10' ],
2780 silly audit   'tsconfig-paths': [ '3.15.0' ],
2780 silly audit   'call-bind': [ '1.0.9' ],
2780 silly audit   'call-bound': [ '1.0.4' ],
2780 silly audit   'define-properties': [ '1.2.1' ],
2780 silly audit   'es-abstract': [ '1.24.2' ],
2780 silly audit   'es-object-atoms': [ '1.1.2' ],
2780 silly audit   'es-shim-unscopables': [ '1.1.0' ],
2780 silly audit   'is-string': [ '1.1.1' ],
2780 silly audit   'math-intrinsics': [ '1.1.0' ],
2780 silly audit   'es-errors': [ '1.3.0' ],
2780 silly audit   'call-bind-apply-helpers': [ '1.0.2' ],
2780 silly audit   'es-define-property': [ '1.0.1' ],
2780 silly audit   'get-intrinsic': [ '1.3.0' ],
2780 silly audit   'set-function-length': [ '1.2.2' ],
2780 silly audit   'function-bind': [ '1.1.2' ],
2780 silly audit   'define-data-property': [ '1.1.4' ],
2780 silly audit   'has-property-descriptors': [ '1.0.2' ],
2780 silly audit   'object-keys': [ '1.1.1' ],
2780 silly audit   gopd: [ '1.2.0' ],
2780 silly audit   'array-buffer-byte-length': [ '1.0.2' ],
2780 silly audit   'arraybuffer.prototype.slice': [ '1.0.4' ],
2780 silly audit   'available-typed-arrays': [ '1.0.7' ],
2780 silly audit   'data-view-buffer': [ '1.0.2' ],
2780 silly audit   'data-view-byte-length': [ '1.0.2' ],
2780 silly audit   'data-view-byte-offset': [ '1.0.1' ],
2780 silly audit   'es-set-tostringtag': [ '2.1.0' ],
2780 silly audit   'es-to-primitive': [ '1.3.4' ],
2780 silly audit   'function.prototype.name': [ '1.2.0' ],
2780 silly audit   'get-proto': [ '1.0.1' ],
2780 silly audit   'get-symbol-description': [ '1.1.0' ],
2780 silly audit   globalthis: [ '1.0.4' ],
2780 silly audit   'has-proto': [ '1.2.0' ],
2780 silly audit   'has-symbols': [ '1.1.0' ],
2780 silly audit   'internal-slot': [ '1.1.0' ],
2780 silly audit   'is-array-buffer': [ '3.0.5' ],
2780 silly audit   'is-callable': [ '1.2.7' ],
2780 silly audit   'is-data-view': [ '1.0.2' ],
2780 silly audit   'is-negative-zero': [ '2.0.3' ],
2780 silly audit   'is-regex': [ '1.2.1' ],
2780 silly audit   'is-set': [ '2.0.3' ],
2780 silly audit   'is-shared-array-buffer': [ '1.0.4' ],
2780 silly audit   'is-typed-array': [ '1.1.15' ],
2780 silly audit   'is-weakref': [ '1.1.1' ],
2780 silly audit   'object-inspect': [ '1.13.4' ],
2780 silly audit   'object.assign': [ '4.1.7' ],
2780 silly audit   'own-keys': [ '1.0.2' ],
2780 silly audit   'regexp.prototype.flags': [ '1.5.4' ],
2780 silly audit   'safe-array-concat': [ '1.1.4' ],
2780 silly audit   'safe-push-apply': [ '1.0.0' ],
2780 silly audit   'safe-regex-test': [ '1.1.0' ],
2780 silly audit   'set-proto': [ '1.0.0' ],
2780 silly audit   'stop-iteration-iterator': [ '1.1.0' ],
2780 silly audit   'string.prototype.trim': [ '1.2.11' ],
2780 silly audit   'string.prototype.trimstart': [ '1.0.8' ],
2780 silly audit   'typed-array-buffer': [ '1.0.3' ],
2780 silly audit   'typed-array-byte-length': [ '1.0.3' ],
2780 silly audit   'typed-array-byte-offset': [ '1.0.5' ],
2780 silly audit   'typed-array-length': [ '1.0.8' ],
2780 silly audit   'unbox-primitive': [ '1.1.0' ],
2780 silly audit   'which-typed-array': [ '1.1.24' ],
2780 silly audit   'possible-typed-array-names': [ '1.1.0' ],
2780 silly audit   'has-tostringtag': [ '1.0.2' ],
2780 silly audit   'es-abstract-get': [ '1.0.0' ],
2780 silly audit   'is-date-object': [ '1.1.0' ],
2780 silly audit   'is-symbol': [ '1.1.1' ],
2780 silly audit   'aria-query': [ '5.3.2' ],
2780 silly audit   'ast-types-flow': [ '0.0.8' ],
2780 silly audit   'axe-core': [ '4.13.0' ],
2780 silly audit   'axobject-query': [ '4.1.0' ],
2780 silly audit   'damerau-levenshtein': [ '1.0.8' ],
2780 silly audit   'emoji-regex': [ '9.2.2', '8.0.0' ],
2780 silly audit   'jsx-ast-utils': [ '3.3.5' ],
2780 silly audit   'language-tags': [ '1.0.9' ],
2780 silly audit   'string.prototype.includes': [ '2.0.1' ],
2780 silly audit   'array.prototype.findlast': [ '1.2.5' ],
2780 silly audit   'array.prototype.tosorted': [ '1.1.4' ],
2780 silly audit   'es-iterator-helpers': [ '1.4.0' ],
2780 silly audit   estraverse: [ '5.3.0' ],
2780 silly audit   'object.entries': [ '1.1.9' ],
2780 silly audit   'prop-types': [ '15.8.1' ],
2780 silly audit   'string.prototype.matchall': [ '4.1.0' ],
2780 silly audit   'string.prototype.repeat': [ '1.0.0' ],
2780 silly audit   'iterator.prototype': [ '1.1.5' ],
2780 silly audit   esrecurse: [ '4.3.0' ],
2780 silly audit   acorn: [ '8.18.0' ],
2780 silly audit   'acorn-jsx': [ '5.3.2' ],
2780 silly audit   merge2: [ '1.4.1' ],
2780 silly audit   micromatch: [ '4.0.8' ],
2780 silly audit   reusify: [ '1.1.0' ],
2780 silly audit   'flat-cache': [ '3.2.0' ],
2780 silly audit   'locate-path': [ '6.0.0', '5.0.0' ],
2780 silly audit   'path-exists': [ '4.0.0' ],
2780 silly audit   flatted: [ '3.4.4' ],
2780 silly audit   keyv: [ '4.5.4' ],
2780 silly audit   rimraf: [ '3.0.2' ],
2780 silly audit   'functions-have-names': [ '1.2.3' ],
2780 silly audit   'is-document.all': [ '1.0.0' ],
2780 silly audit   'dunder-proto': [ '1.0.1' ],
2780 silly audit   'resolve-pkg-maps': [ '1.0.0' ],
2780 silly audit   'type-fest': [ '0.20.2' ],
2780 silly audit   'parent-module': [ '1.0.1' ],
2780 silly audit   'resolve-from': [ '4.0.0' ],
2780 silly audit   'side-channel': [ '1.1.1' ],
2780 silly audit   'is-extglob': [ '2.1.1' ],
2780 silly audit   'set-function-name': [ '2.0.2' ],
2780 silly audit   argparse: [ '2.0.1' ],
2780 silly audit   'json-buffer': [ '3.0.1' ],
2780 silly audit   'language-subtag-registry': [ '0.3.23' ],
2780 silly audit   'prelude-ls': [ '1.2.1' ],
2780 silly audit   'type-check': [ '0.4.0' ],
2780 silly audit   'p-locate': [ '5.0.0', '4.1.0' ],
2780 silly audit   braces: [ '3.0.3' ],
2780 silly audit   picomatch: [ '2.3.2', '4.0.7' ],
2780 silly audit   'fill-range': [ '7.1.1' ],
2780 silly audit   'to-regex-range': [ '5.0.1' ],
2780 silly audit   'brace-expansion': [ '1.1.21', '5.0.12' ],
2780 silly audit   'balanced-match': [ '1.0.2', '4.0.4' ],
2780 silly audit   'concat-map': [ '0.0.1' ],
2780 silly audit   '@next/env': [ '15.5.26' ],
2780 silly audit   '@next/swc-darwin-arm64': [ '15.5.26' ],
2780 silly audit   '@next/swc-darwin-x64': [ '15.5.26' ],
2780 silly audit   '@next/swc-linux-arm64-gnu': [ '15.5.26' ],
2780 silly audit   '@next/swc-linux-arm64-musl': [ '15.5.26' ],
2780 silly audit   '@next/swc-linux-x64-gnu': [ '15.5.26' ],
2780 silly audit   '@next/swc-linux-x64-musl': [ '15.5.26' ],
2780 silly audit   '@next/swc-win32-arm64-msvc': [ '15.5.26' ],
2780 silly audit   '@next/swc-win32-x64-msvc': [ '15.5.26' ],
2780 silly audit   '@swc/helpers': [ '0.5.15' ],
2780 silly audit   sharp: [ '0.35.5' ],
2780 silly audit   'styled-jsx': [ '5.1.6' ],
2780 silly audit   'deep-is': [ '0.1.4' ],
2780 silly audit   'fast-levenshtein': [ '2.0.6' ],
2780 silly audit   'word-wrap': [ '1.2.5' ],
2780 silly audit   'p-limit': [ '3.1.0', '2.3.0' ],
2780 silly audit   'yocto-queue': [ '0.1.0' ],
2780 silly audit   callsites: [ '3.1.0' ],
2780 silly audit   'source-map-js': [ '1.2.1' ],
2780 silly audit   'loose-envify': [ '1.4.0' ],
2780 silly audit   'object-assign': [ '4.1.1' ],
2780 silly audit   'react-is': [ '16.13.1', '18.3.1' ],
2780 silly audit   'js-tokens': [ '4.0.0' ],
2780 silly audit   dijkstrajs: [ '1.0.3' ],
2780 silly audit   pngjs: [ '5.0.0' ],
2780 silly audit   yargs: [ '15.4.1' ],
2780 silly audit   scheduler: [ '0.28.0' ],
2780 silly audit   clsx: [ '2.1.1' ],
2780 silly audit   eventemitter3: [ '4.0.7' ],
2780 silly audit   lodash: [ '4.18.1' ],
2780 silly audit   'react-smooth': [ '4.0.4' ],
2780 silly audit   'recharts-scale': [ '0.4.5' ],
2780 silly audit   'tiny-invariant': [ '1.3.3' ],
2780 silly audit   'victory-vendor': [ '36.9.2' ],
2780 silly audit   'fast-equals': [ '5.4.3' ],
2780 silly audit   'react-transition-group': [ '4.4.5' ],
2780 silly audit   '@babel/runtime': [ '7.29.7' ],
2780 silly audit   'dom-helpers': [ '5.2.1' ],
2780 silly audit   'decimal.js-light': [ '2.5.1' ],
2780 silly audit   'node-exports-info': [ '1.6.2' ],
2780 silly audit   'path-parse': [ '1.0.7' ],
2780 silly audit   'supports-preserve-symlinks-flag': [ '1.0.0' ],
2780 silly audit   glob: [ '7.2.3' ],
2780 silly audit   'fs.realpath': [ '1.0.0' ],
2780 silly audit   inflight: [ '1.0.6' ],
2780 silly audit   inherits: [ '2.0.4' ],
2780 silly audit   once: [ '1.4.0' ],
2780 silly audit   'path-is-absolute': [ '1.0.1' ],
2780 silly audit   wrappy: [ '1.0.2' ],
2780 silly audit   'queue-microtask': [ '1.2.3' ],
2780 silly audit   isarray: [ '2.0.5' ],
2780 silly audit   '@img/colour': [ '1.1.0' ],
2780 silly audit   '@img/sharp-darwin-arm64': [ '0.35.5' ],
2780 silly audit   '@img/sharp-darwin-x64': [ '0.35.5' ],
2780 silly audit   '@img/sharp-freebsd-wasm32': [ '0.35.5' ],
2780 silly audit   '@img/sharp-libvips-darwin-arm64': [ '1.3.4' ],
2780 silly audit   '@img/sharp-libvips-darwin-x64': [ '1.3.4' ],
2780 silly audit   '@img/sharp-libvips-linux-arm': [ '1.3.4' ],
2780 silly audit   '@img/sharp-libvips-linux-arm64': [ '1.3.4' ],
2780 silly audit   '@img/sharp-libvips-linux-ppc64': [ '1.3.4' ],
2780 silly audit   '@img/sharp-libvips-linux-riscv64': [ '1.3.4' ],
2780 silly audit   '@img/sharp-libvips-linux-s390x': [ '1.3.4' ],
2780 silly audit   '@img/sharp-libvips-linux-x64': [ '1.3.4' ],
2780 silly audit   '@img/sharp-libvips-linuxmusl-arm64': [ '1.3.4' ],
2780 silly audit   '@img/sharp-libvips-linuxmusl-x64': [ '1.3.4' ],
2780 silly audit   '@img/sharp-linux-arm': [ '0.35.5' ],
2780 silly audit   '@img/sharp-linux-arm64': [ '0.35.5' ],
2780 silly audit   '@img/sharp-linux-ppc64': [ '0.35.5' ],
2780 silly audit   '@img/sharp-linux-riscv64': [ '0.35.5' ],
2780 silly audit   '@img/sharp-linux-s390x': [ '0.35.5' ],
2780 silly audit   '@img/sharp-linux-x64': [ '0.35.5' ],
2780 silly audit   '@img/sharp-linuxmusl-arm64': [ '0.35.5' ],
2780 silly audit   '@img/sharp-linuxmusl-x64': [ '0.35.5' ],
2780 silly audit   '@img/sharp-webcontainers-wasm32': [ '0.35.5' ],
2780 silly audit   '@img/sharp-win32-arm64': [ '0.35.5' ],
2780 silly audit   '@img/sharp-win32-ia32': [ '0.35.5' ],
2780 silly audit   '@img/sharp-win32-x64': [ '0.35.5' ],
2780 silly audit   'detect-libc': [ '2.1.2' ],
2780 silly audit   '@img/sharp-wasm32': [ '0.35.5' ],
2780 silly audit   '@emnapi/runtime': [ '1.11.3', '1.10.0' ],
2780 silly audit   'shebang-regex': [ '3.0.0' ],
2780 silly audit   'side-channel-list': [ '1.0.1' ],
2780 silly audit   'side-channel-map': [ '1.0.1' ],
2780 silly audit   'side-channel-weakmap': [ '1.0.2' ],
2780 silly audit   'ansi-regex': [ '5.0.1' ],
2780 silly audit   'client-only': [ '0.0.1' ],
2780 silly audit   'has-flag': [ '4.0.0' ],
2780 silly audit   '@alloc/quick-lru': [ '5.3.0' ],
2780 silly audit   arg: [ '5.0.2' ],
2780 silly audit   chokidar: [ '3.6.0' ],
2780 silly audit   didyoumean: [ '1.2.2' ],
2780 silly audit   dlv: [ '1.1.3' ],
2780 silly audit   jiti: [ '1.21.7' ],
2780 silly audit   lilconfig: [ '3.1.3' ],
2780 silly audit   'normalize-path': [ '3.0.0' ],
2780 silly audit   'object-hash': [ '3.0.0' ],
2780 silly audit   'postcss-import': [ '15.1.0' ],
2780 silly audit   'postcss-js': [ '4.1.0' ],
2780 silly audit   'postcss-load-config': [ '6.0.1' ],
2780 silly audit   'postcss-nested': [ '6.2.0' ],
2780 silly audit   'postcss-selector-parser': [ '6.1.4' ],
2780 silly audit   sucrase: [ '3.35.1' ],
2780 silly audit   anymatch: [ '3.1.3' ],
2780 silly audit   fsevents: [ '2.3.3' ],
2780 silly audit   'is-binary-path': [ '2.1.0' ],
2780 silly audit   readdirp: [ '3.6.0' ],
2780 silly audit   'binary-extensions': [ '2.3.0' ],
2780 silly audit   'read-cache': [ '1.0.2' ],
2780 silly audit   'camelcase-css': [ '2.0.1' ],
2780 silly audit   cssesc: [ '3.0.0' ],
2780 silly audit   'util-deprecate': [ '1.0.2' ],
2780 silly audit   '@jridgewell/gen-mapping': [ '0.3.13' ],
2780 silly audit   commander: [ '4.1.1' ],
2780 silly audit   'lines-and-columns': [ '1.2.4' ],
2780 silly audit   mz: [ '2.7.0' ],
2780 silly audit   pirates: [ '4.0.7' ],
2780 silly audit   'ts-interface-checker': [ '0.1.13' ],
2780 silly audit   '@jridgewell/sourcemap-codec': [ '1.6.0' ],
2780 silly audit   '@jridgewell/trace-mapping': [ '0.3.31' ],
2780 silly audit   '@jridgewell/resolve-uri': [ '3.1.2' ],
2780 silly audit   'any-promise': [ '1.3.0' ],
2780 silly audit   'thenify-all': [ '1.6.0' ],
2780 silly audit   thenify: [ '3.3.1' ],
2780 silly audit   fdir: [ '6.5.0' ],
2780 silly audit   'is-number': [ '7.0.0' ],
2780 silly audit   '@types/json5': [ '0.0.29' ],
2780 silly audit   json5: [ '1.0.2' ],
2780 silly audit   minimist: [ '1.2.8' ],
2780 silly audit   'strip-bom': [ '3.0.0' ],
2780 silly audit   'for-each': [ '0.3.5' ],
2780 silly audit   'reflect.getprototypeof': [ '1.0.10' ],
2780 silly audit   'which-builtin-type': [ '1.2.1' ],
2780 silly audit   'has-bigints': [ '1.1.0' ],
2780 silly audit   'which-boxed-primitive': [ '1.1.1' ],
2780 silly audit   '@unrs/resolver-binding-android-arm-eabi': [ '1.12.2' ],
2780 silly audit   '@unrs/resolver-binding-android-arm64': [ '1.12.2' ],
2780 silly audit   '@unrs/resolver-binding-darwin-arm64': [ '1.12.2' ],
2780 silly audit   '@unrs/resolver-binding-darwin-x64': [ '1.12.2' ],
2780 silly audit   '@unrs/resolver-binding-freebsd-x64': [ '1.12.2' ],
2780 silly audit   '@unrs/resolver-binding-linux-arm-gnueabihf': [ '1.12.2' ],
2780 silly audit   '@unrs/resolver-binding-linux-arm-musleabihf': [ '1.12.2' ],
2780 silly audit   '@unrs/resolver-binding-linux-arm64-gnu': [ '1.12.2' ],
2780 silly audit   '@unrs/resolver-binding-linux-arm64-musl': [ '1.12.2' ],
2780 silly audit   '@unrs/resolver-binding-linux-loong64-gnu': [ '1.12.2' ],
2780 silly audit   '@unrs/resolver-binding-linux-loong64-musl': [ '1.12.2' ],
2780 silly audit   '@unrs/resolver-binding-linux-ppc64-gnu': [ '1.12.2' ],
2780 silly audit   '@unrs/resolver-binding-linux-riscv64-gnu': [ '1.12.2' ],
2780 silly audit   '@unrs/resolver-binding-linux-riscv64-musl': [ '1.12.2' ],
2780 silly audit   '@unrs/resolver-binding-linux-s390x-gnu': [ '1.12.2' ],
2780 silly audit   '@unrs/resolver-binding-linux-x64-gnu': [ '1.12.2' ],
2780 silly audit   '@unrs/resolver-binding-linux-x64-musl': [ '1.12.2' ],
2780 silly audit   '@unrs/resolver-binding-openharmony-arm64': [ '1.12.2' ],
2780 silly audit   '@unrs/resolver-binding-wasm32-wasi': [ '1.12.2' ],
2780 silly audit   '@unrs/resolver-binding-win32-arm64-msvc': [ '1.12.2' ],
2780 silly audit   '@unrs/resolver-binding-win32-ia32-msvc': [ '1.12.2' ],
2780 silly audit   '@unrs/resolver-binding-win32-x64-msvc': [ '1.12.2' ],
2780 silly audit   'napi-postinstall': [ '0.3.4' ],
2780 silly audit   '@emnapi/core': [ '1.10.0' ],
2780 silly audit   '@napi-rs/wasm-runtime': [ '1.2.4' ],
2780 silly audit   '@emnapi/wasi-threads': [ '1.2.1' ],
2780 silly audit   '@tybys/wasm-util': [ '0.10.4' ],
2780 silly audit   escalade: [ '3.2.0' ],
2780 silly audit   punycode: [ '2.3.1' ],
2780 silly audit   '@types/d3-array': [ '3.2.2' ],
2780 silly audit   '@types/d3-ease': [ '3.0.2' ],
2780 silly audit   '@types/d3-interpolate': [ '3.0.4' ],
2780 silly audit   '@types/d3-scale': [ '4.0.9' ],
2780 silly audit   '@types/d3-shape': [ '3.2.0' ],
2780 silly audit   '@types/d3-time': [ '3.0.4' ],
2780 silly audit   '@types/d3-timer': [ '3.0.2' ],
2780 silly audit   'd3-array': [ '3.2.4' ],
2780 silly audit   'd3-ease': [ '3.0.1' ],
2780 silly audit   'd3-interpolate': [ '3.0.1' ],
2780 silly audit   'd3-scale': [ '4.0.2' ],
2780 silly audit   'd3-shape': [ '3.2.0' ],
2780 silly audit   'd3-time': [ '3.1.0' ],
2780 silly audit   'd3-timer': [ '3.0.1' ],
2780 silly audit   '@types/d3-color': [ '3.1.3' ],
2780 silly audit   '@types/d3-path': [ '3.1.1' ],
2780 silly audit   internmap: [ '2.0.3' ],
2780 silly audit   'd3-color': [ '3.1.0' ],
2780 silly audit   'd3-format': [ '3.1.2' ],
2780 silly audit   'd3-time-format': [ '4.1.0' ],
2780 silly audit   'd3-path': [ '3.1.0' ],
2780 silly audit   isexe: [ '2.0.0' ],
2780 silly audit   'is-bigint': [ '1.1.0' ],
2780 silly audit   'is-boolean-object': [ '1.2.2' ],
2780 silly audit   'is-number-object': [ '1.1.1' ],
2780 silly audit   'is-async-function': [ '2.1.1' ],
2780 silly audit   'is-finalizationregistry': [ '1.1.1' ],
2780 silly audit   'is-generator-function': [ '1.1.2' ],
2780 silly audit   'which-collection': [ '1.0.2' ],
2780 silly audit   'async-function': [ '1.0.0' ],
2780 silly audit   'generator-function': [ '2.0.1' ],
2780 silly audit   'is-map': [ '2.0.3' ],
2780 silly audit   'is-weakmap': [ '2.0.2' ],
2780 silly audit   'is-weakset': [ '2.0.4' ],
2780 silly audit   cliui: [ '6.0.0' ],
2780 silly audit   decamelize: [ '1.2.0' ],
2780 silly audit   'get-caller-file': [ '2.0.5' ],
2780 silly audit   'require-directory': [ '2.1.1' ],
2780 silly audit   'require-main-filename': [ '2.0.0' ],
2780 silly audit   'set-blocking': [ '2.0.0' ],
2780 silly audit   'string-width': [ '4.2.3' ],
2780 silly audit   'which-module': [ '2.0.1' ],
2780 silly audit   y18n: [ '4.0.3' ],
2780 silly audit   'yargs-parser': [ '18.1.3' ],
2780 silly audit   'wrap-ansi': [ '6.2.0' ],
2780 silly audit   'is-fullwidth-code-point': [ '3.0.0' ],
2780 silly audit   camelcase: [ '5.3.1' ],
2780 silly audit   'p-try': [ '2.2.0' ]
2780 silly audit }
2781 http cache set-blocking@https://registry.npmjs.org/set-blocking/-/set-blocking-2.0.0.tgz 0ms (cache hit)
2782 http cache which-module@https://registry.npmjs.org/which-module/-/which-module-2.0.1.tgz 0ms (cache hit)
2783 http cache require-main-filename@https://registry.npmjs.org/require-main-filename/-/require-main-filename-2.0.0.tgz 0ms (cache hit)
2784 http cache require-directory@https://registry.npmjs.org/require-directory/-/require-directory-2.1.1.tgz 0ms (cache hit)
2785 http cache decamelize@https://registry.npmjs.org/decamelize/-/decamelize-1.2.0.tgz 1ms (cache hit)
2786 http cache get-caller-file@https://registry.npmjs.org/get-caller-file/-/get-caller-file-2.0.5.tgz 0ms (cache hit)
2787 http cache cliui@https://registry.npmjs.org/cliui/-/cliui-6.0.0.tgz 0ms (cache hit)
2788 http cache is-weakmap@https://registry.npmjs.org/is-weakmap/-/is-weakmap-2.0.2.tgz 0ms (cache hit)
2789 http cache is-boolean-object@https://registry.npmjs.org/is-boolean-object/-/is-boolean-object-1.2.2.tgz 0ms (cache hit)
2790 http cache is-bigint@https://registry.npmjs.org/is-bigint/-/is-bigint-1.1.0.tgz 0ms (cache hit)
2791 http cache d3-time-format@https://registry.npmjs.org/d3-time-format/-/d3-time-format-4.1.0.tgz 0ms (cache hit)
2792 http cache d3-format@https://registry.npmjs.org/d3-format/-/d3-format-3.1.2.tgz 0ms (cache hit)
2793 http cache d3-path@https://registry.npmjs.org/d3-path/-/d3-path-3.1.0.tgz 0ms (cache hit)
2794 http cache d3-color@https://registry.npmjs.org/d3-color/-/d3-color-3.1.0.tgz 0ms (cache hit)
2795 http cache @types/d3-path@https://registry.npmjs.org/@types/d3-path/-/d3-path-3.1.1.tgz 0ms (cache hit)
2796 http cache internmap@https://registry.npmjs.org/internmap/-/internmap-2.0.3.tgz 0ms (cache hit)
2797 http cache d3-timer@https://registry.npmjs.org/d3-timer/-/d3-timer-3.0.1.tgz 0ms (cache hit)
2798 http cache @types/d3-color@https://registry.npmjs.org/@types/d3-color/-/d3-color-3.1.3.tgz 0ms (cache hit)
2799 http cache d3-scale@https://registry.npmjs.org/d3-scale/-/d3-scale-4.0.2.tgz 0ms (cache hit)
2800 http cache d3-shape@https://registry.npmjs.org/d3-shape/-/d3-shape-3.2.0.tgz 0ms (cache hit)
2801 http cache d3-interpolate@https://registry.npmjs.org/d3-interpolate/-/d3-interpolate-3.0.1.tgz 0ms (cache hit)
2802 http cache d3-time@https://registry.npmjs.org/d3-time/-/d3-time-3.1.0.tgz 0ms (cache hit)
2803 http cache d3-ease@https://registry.npmjs.org/d3-ease/-/d3-ease-3.0.1.tgz 0ms (cache hit)
2804 http cache @types/d3-time@https://registry.npmjs.org/@types/d3-time/-/d3-time-3.0.4.tgz 0ms (cache hit)
2805 http cache @types/d3-shape@https://registry.npmjs.org/@types/d3-shape/-/d3-shape-3.2.0.tgz 0ms (cache hit)
2806 http cache @types/d3-scale@https://registry.npmjs.org/@types/d3-scale/-/d3-scale-4.0.9.tgz 0ms (cache hit)
2807 http cache d3-array@https://registry.npmjs.org/d3-array/-/d3-array-3.2.4.tgz 0ms (cache hit)
2808 http cache @types/d3-ease@https://registry.npmjs.org/@types/d3-ease/-/d3-ease-3.0.2.tgz 0ms (cache hit)
2809 http cache @types/d3-array@https://registry.npmjs.org/@types/d3-array/-/d3-array-3.2.2.tgz 0ms (cache hit)
2810 http cache @types/d3-interpolate@https://registry.npmjs.org/@types/d3-interpolate/-/d3-interpolate-3.0.4.tgz 0ms (cache hit)
2811 http cache escalade@https://registry.npmjs.org/escalade/-/escalade-3.2.0.tgz 0ms (cache hit)
2812 http cache @unrs/resolver-binding-win32-x64-msvc@https://registry.npmjs.org/@unrs/resolver-binding-win32-x64-msvc/-/resolver-binding-win32-x64-msvc-1.12.2.tgz 0ms (cache hit)
2813 http cache punycode@https://registry.npmjs.org/punycode/-/punycode-2.3.1.tgz 0ms (cache hit)
2814 http cache napi-postinstall@https://registry.npmjs.org/napi-postinstall/-/napi-postinstall-0.3.4.tgz 0ms (cache hit)
2815 http cache which-boxed-primitive@https://registry.npmjs.org/which-boxed-primitive/-/which-boxed-primitive-1.1.1.tgz 0ms (cache hit)
2816 http cache which-builtin-type@https://registry.npmjs.org/which-builtin-type/-/which-builtin-type-1.2.1.tgz 0ms (cache hit)
2817 http cache reflect.getprototypeof@https://registry.npmjs.org/reflect.getprototypeof/-/reflect.getprototypeof-1.0.10.tgz 0ms (cache hit)
2818 http cache strip-bom@https://registry.npmjs.org/strip-bom/-/strip-bom-3.0.0.tgz 0ms (cache hit)
2819 http cache @types/d3-timer@https://registry.npmjs.org/@types/d3-timer/-/d3-timer-3.0.2.tgz 0ms (cache hit)
2820 http cache for-each@https://registry.npmjs.org/for-each/-/for-each-0.3.5.tgz 0ms (cache hit)
2821 http cache minimist@https://registry.npmjs.org/minimist/-/minimist-1.2.8.tgz 0ms (cache hit)
2822 http cache has-bigints@https://registry.npmjs.org/has-bigints/-/has-bigints-1.1.0.tgz 0ms (cache hit)
2823 http cache json5@https://registry.npmjs.org/json5/-/json5-1.0.2.tgz 0ms (cache hit)
2824 http cache thenify@https://registry.npmjs.org/thenify/-/thenify-3.3.1.tgz 0ms (cache hit)
2825 http cache @jridgewell/resolve-uri@https://registry.npmjs.org/@jridgewell/resolve-uri/-/resolve-uri-3.1.2.tgz 0ms (cache hit)
2826 http cache thenify-all@https://registry.npmjs.org/thenify-all/-/thenify-all-1.6.0.tgz 0ms (cache hit)
2827 http cache @types/json5@https://registry.npmjs.org/@types/json5/-/json5-0.0.29.tgz 0ms (cache hit)
2828 http cache @jridgewell/sourcemap-codec@https://registry.npmjs.org/@jridgewell/sourcemap-codec/-/sourcemap-codec-1.6.0.tgz 0ms (cache hit)
2829 http cache is-number@https://registry.npmjs.org/is-number/-/is-number-7.0.0.tgz 0ms (cache hit)
2830 http cache @jridgewell/trace-mapping@https://registry.npmjs.org/@jridgewell/trace-mapping/-/trace-mapping-0.3.31.tgz 0ms (cache hit)
2831 http cache any-promise@https://registry.npmjs.org/any-promise/-/any-promise-1.3.0.tgz 0ms (cache hit)
2832 http cache pirates@https://registry.npmjs.org/pirates/-/pirates-4.0.7.tgz 0ms (cache hit)
2833 http cache lines-and-columns@https://registry.npmjs.org/lines-and-columns/-/lines-and-columns-1.2.4.tgz 0ms (cache hit)
2834 http cache commander@https://registry.npmjs.org/commander/-/commander-4.1.1.tgz 0ms (cache hit)
2835 http cache ts-interface-checker@https://registry.npmjs.org/ts-interface-checker/-/ts-interface-checker-0.1.13.tgz 0ms (cache hit)
2836 http cache mz@https://registry.npmjs.org/mz/-/mz-2.7.0.tgz 0ms (cache hit)
2837 http cache @jridgewell/gen-mapping@https://registry.npmjs.org/@jridgewell/gen-mapping/-/gen-mapping-0.3.13.tgz 0ms (cache hit)
2838 http cache util-deprecate@https://registry.npmjs.org/util-deprecate/-/util-deprecate-1.0.2.tgz 0ms (cache hit)
2839 http cache cssesc@https://registry.npmjs.org/cssesc/-/cssesc-3.0.0.tgz 0ms (cache hit)
2840 http cache camelcase-css@https://registry.npmjs.org/camelcase-css/-/camelcase-css-2.0.1.tgz 0ms (cache hit)
2841 http cache read-cache@https://registry.npmjs.org/read-cache/-/read-cache-1.0.2.tgz 0ms (cache hit)
2842 http cache readdirp@https://registry.npmjs.org/readdirp/-/readdirp-3.6.0.tgz 0ms (cache hit)
2843 http cache is-binary-path@https://registry.npmjs.org/is-binary-path/-/is-binary-path-2.1.0.tgz 0ms (cache hit)
2844 http cache binary-extensions@https://registry.npmjs.org/binary-extensions/-/binary-extensions-2.3.0.tgz 0ms (cache hit)
2845 http cache anymatch@https://registry.npmjs.org/anymatch/-/anymatch-3.1.3.tgz 0ms (cache hit)
2846 http cache sucrase@https://registry.npmjs.org/sucrase/-/sucrase-3.35.1.tgz 0ms (cache hit)
2847 http cache postcss-nested@https://registry.npmjs.org/postcss-nested/-/postcss-nested-6.2.0.tgz 0ms (cache hit)
2848 http cache postcss-load-config@https://registry.npmjs.org/postcss-load-config/-/postcss-load-config-6.0.1.tgz 0ms (cache hit)
2849 http cache postcss-selector-parser@https://registry.npmjs.org/postcss-selector-parser/-/postcss-selector-parser-6.1.4.tgz 0ms (cache hit)
2850 http cache postcss-js@https://registry.npmjs.org/postcss-js/-/postcss-js-4.1.0.tgz 0ms (cache hit)
2851 http cache object-hash@https://registry.npmjs.org/object-hash/-/object-hash-3.0.0.tgz 0ms (cache hit)
2852 http cache normalize-path@https://registry.npmjs.org/normalize-path/-/normalize-path-3.0.0.tgz 0ms (cache hit)
2853 http cache postcss-import@https://registry.npmjs.org/postcss-import/-/postcss-import-15.1.0.tgz 0ms (cache hit)
2854 http cache lilconfig@https://registry.npmjs.org/lilconfig/-/lilconfig-3.1.3.tgz 0ms (cache hit)
2855 http cache jiti@https://registry.npmjs.org/jiti/-/jiti-1.21.7.tgz 0ms (cache hit)
2856 http cache didyoumean@https://registry.npmjs.org/didyoumean/-/didyoumean-1.2.2.tgz 0ms (cache hit)
2857 http cache dlv@https://registry.npmjs.org/dlv/-/dlv-1.1.3.tgz 0ms (cache hit)
2858 http cache @alloc/quick-lru@https://registry.npmjs.org/@alloc/quick-lru/-/quick-lru-5.3.0.tgz 0ms (cache hit)
2859 http cache chokidar@https://registry.npmjs.org/chokidar/-/chokidar-3.6.0.tgz 0ms (cache hit)
2860 http cache arg@https://registry.npmjs.org/arg/-/arg-5.0.2.tgz 0ms (cache hit)
2861 http cache client-only@https://registry.npmjs.org/client-only/-/client-only-0.0.1.tgz 0ms (cache hit)
2862 http cache has-flag@https://registry.npmjs.org/has-flag/-/has-flag-4.0.0.tgz 0ms (cache hit)
2863 http cache ansi-regex@https://registry.npmjs.org/ansi-regex/-/ansi-regex-5.0.1.tgz 0ms (cache hit)
2864 http cache side-channel-map@https://registry.npmjs.org/side-channel-map/-/side-channel-map-1.0.1.tgz 0ms (cache hit)
2865 http cache side-channel-weakmap@https://registry.npmjs.org/side-channel-weakmap/-/side-channel-weakmap-1.0.2.tgz 0ms (cache hit)
2866 http cache side-channel-list@https://registry.npmjs.org/side-channel-list/-/side-channel-list-1.0.1.tgz 0ms (cache hit)
2867 http cache @img/sharp-win32-x64@https://registry.npmjs.org/@img/sharp-win32-x64/-/sharp-win32-x64-0.35.5.tgz 0ms (cache hit)
2868 http cache @img/colour@https://registry.npmjs.org/@img/colour/-/colour-1.1.0.tgz 0ms (cache hit)
2869 http cache shebang-regex@https://registry.npmjs.org/shebang-regex/-/shebang-regex-3.0.0.tgz 0ms (cache hit)
2870 http cache isarray@https://registry.npmjs.org/isarray/-/isarray-2.0.5.tgz 0ms (cache hit)
2871 http cache queue-microtask@https://registry.npmjs.org/queue-microtask/-/queue-microtask-1.2.3.tgz 0ms (cache hit)
2872 http cache wrappy@https://registry.npmjs.org/wrappy/-/wrappy-1.0.2.tgz 0ms (cache hit)
2873 http cache once@https://registry.npmjs.org/once/-/once-1.4.0.tgz 0ms (cache hit)
2874 http cache path-is-absolute@https://registry.npmjs.org/path-is-absolute/-/path-is-absolute-1.0.1.tgz 0ms (cache hit)
2875 http cache inherits@https://registry.npmjs.org/inherits/-/inherits-2.0.4.tgz 0ms (cache hit)
2876 http cache inflight@https://registry.npmjs.org/inflight/-/inflight-1.0.6.tgz 0ms (cache hit)
2877 http cache fs.realpath@https://registry.npmjs.org/fs.realpath/-/fs.realpath-1.0.0.tgz 0ms (cache hit)
2878 http cache detect-libc@https://registry.npmjs.org/detect-libc/-/detect-libc-2.1.2.tgz 0ms (cache hit)
2879 http cache glob@https://registry.npmjs.org/glob/-/glob-7.2.3.tgz 0ms (cache hit)
2880 http cache supports-preserve-symlinks-flag@https://registry.npmjs.org/supports-preserve-symlinks-flag/-/supports-preserve-symlinks-flag-1.0.0.tgz 0ms (cache hit)
2881 http cache node-exports-info@https://registry.npmjs.org/node-exports-info/-/node-exports-info-1.6.2.tgz 0ms (cache hit)
2882 http cache @babel/runtime@https://registry.npmjs.org/@babel/runtime/-/runtime-7.29.7.tgz 0ms (cache hit)
2883 http cache path-parse@https://registry.npmjs.org/path-parse/-/path-parse-1.0.7.tgz 0ms (cache hit)
2884 http cache dom-helpers@https://registry.npmjs.org/dom-helpers/-/dom-helpers-5.2.1.tgz 0ms (cache hit)
2885 http cache react-transition-group@https://registry.npmjs.org/react-transition-group/-/react-transition-group-4.4.5.tgz 0ms (cache hit)
2886 http cache fast-equals@https://registry.npmjs.org/fast-equals/-/fast-equals-5.4.3.tgz 0ms (cache hit)
2887 http cache victory-vendor@https://registry.npmjs.org/victory-vendor/-/victory-vendor-36.9.2.tgz 0ms (cache hit)
2888 http cache tiny-invariant@https://registry.npmjs.org/tiny-invariant/-/tiny-invariant-1.3.3.tgz 0ms (cache hit)
2889 http cache recharts-scale@https://registry.npmjs.org/recharts-scale/-/recharts-scale-0.4.5.tgz 0ms (cache hit)
2890 http cache decimal.js-light@https://registry.npmjs.org/decimal.js-light/-/decimal.js-light-2.5.1.tgz 0ms (cache hit)
2891 http cache react-smooth@https://registry.npmjs.org/react-smooth/-/react-smooth-4.0.4.tgz 0ms (cache hit)
2892 http cache lodash@https://registry.npmjs.org/lodash/-/lodash-4.18.1.tgz 0ms (cache hit)
2893 http cache eventemitter3@https://registry.npmjs.org/eventemitter3/-/eventemitter3-4.0.7.tgz 0ms (cache hit)
2894 http cache scheduler@https://registry.npmjs.org/scheduler/-/scheduler-0.28.0.tgz 0ms (cache hit)
2895 http cache pngjs@https://registry.npmjs.org/pngjs/-/pngjs-5.0.0.tgz 0ms (cache hit)
2896 http cache dijkstrajs@https://registry.npmjs.org/dijkstrajs/-/dijkstrajs-1.0.3.tgz 0ms (cache hit)
2897 http cache js-tokens@https://registry.npmjs.org/js-tokens/-/js-tokens-4.0.0.tgz 0ms (cache hit)
2898 http cache yargs@https://registry.npmjs.org/yargs/-/yargs-15.4.1.tgz 0ms (cache hit)
2899 http cache clsx@https://registry.npmjs.org/clsx/-/clsx-2.1.1.tgz 0ms (cache hit)
2900 http cache react-is@https://registry.npmjs.org/react-is/-/react-is-16.13.1.tgz 0ms (cache hit)
2901 http cache object-assign@https://registry.npmjs.org/object-assign/-/object-assign-4.1.1.tgz 0ms (cache hit)
2902 http cache loose-envify@https://registry.npmjs.org/loose-envify/-/loose-envify-1.4.0.tgz 0ms (cache hit)
2903 http cache callsites@https://registry.npmjs.org/callsites/-/callsites-3.1.0.tgz 0ms (cache hit)
2904 http cache source-map-js@https://registry.npmjs.org/source-map-js/-/source-map-js-1.2.1.tgz 0ms (cache hit)
2905 http cache yocto-queue@https://registry.npmjs.org/yocto-queue/-/yocto-queue-0.1.0.tgz 0ms (cache hit)
2906 http cache p-limit@https://registry.npmjs.org/p-limit/-/p-limit-3.1.0.tgz 0ms (cache hit)
2907 http cache word-wrap@https://registry.npmjs.org/word-wrap/-/word-wrap-1.2.5.tgz 0ms (cache hit)
2908 http cache deep-is@https://registry.npmjs.org/deep-is/-/deep-is-0.1.4.tgz 0ms (cache hit)
2909 http cache fast-levenshtein@https://registry.npmjs.org/fast-levenshtein/-/fast-levenshtein-2.0.6.tgz 0ms (cache hit)
2910 http cache sharp@https://registry.npmjs.org/sharp/-/sharp-0.35.5.tgz 0ms (cache hit)
2911 http cache styled-jsx@https://registry.npmjs.org/styled-jsx/-/styled-jsx-5.1.6.tgz 0ms (cache hit)
2912 http cache @swc/helpers@https://registry.npmjs.org/@swc/helpers/-/helpers-0.5.15.tgz 0ms (cache hit)
2913 http cache @next/env@https://registry.npmjs.org/@next/env/-/env-15.5.26.tgz 0ms (cache hit)
2914 http cache concat-map@https://registry.npmjs.org/concat-map/-/concat-map-0.0.1.tgz 0ms (cache hit)
2915 http cache balanced-match@https://registry.npmjs.org/balanced-match/-/balanced-match-1.0.2.tgz 0ms (cache hit)
2916 http cache @next/swc-win32-x64-msvc@https://registry.npmjs.org/@next/swc-win32-x64-msvc/-/swc-win32-x64-msvc-15.5.26.tgz 0ms (cache hit)
2917 http cache brace-expansion@https://registry.npmjs.org/brace-expansion/-/brace-expansion-1.1.21.tgz 0ms (cache hit)
2918 http cache fill-range@https://registry.npmjs.org/fill-range/-/fill-range-7.1.1.tgz 0ms (cache hit)
2919 http cache to-regex-range@https://registry.npmjs.org/to-regex-range/-/to-regex-range-5.0.1.tgz 0ms (cache hit)
2920 http cache picomatch@https://registry.npmjs.org/picomatch/-/picomatch-2.3.2.tgz 0ms (cache hit)
2921 http cache braces@https://registry.npmjs.org/braces/-/braces-3.0.3.tgz 0ms (cache hit)
2922 http cache type-check@https://registry.npmjs.org/type-check/-/type-check-0.4.0.tgz 0ms (cache hit)
2923 http cache p-locate@https://registry.npmjs.org/p-locate/-/p-locate-5.0.0.tgz 0ms (cache hit)
2924 http cache prelude-ls@https://registry.npmjs.org/prelude-ls/-/prelude-ls-1.2.1.tgz 0ms (cache hit)
2925 http cache language-subtag-registry@https://registry.npmjs.org/language-subtag-registry/-/language-subtag-registry-0.3.23.tgz 1ms (cache hit)
2926 http cache json-buffer@https://registry.npmjs.org/json-buffer/-/json-buffer-3.0.1.tgz 0ms (cache hit)
2927 http cache argparse@https://registry.npmjs.org/argparse/-/argparse-2.0.1.tgz 0ms (cache hit)
2928 http cache is-extglob@https://registry.npmjs.org/is-extglob/-/is-extglob-2.1.1.tgz 0ms (cache hit)
2929 http cache set-function-name@https://registry.npmjs.org/set-function-name/-/set-function-name-2.0.2.tgz 0ms (cache hit)
2930 http cache side-channel@https://registry.npmjs.org/side-channel/-/side-channel-1.1.1.tgz 0ms (cache hit)
2931 http cache parent-module@https://registry.npmjs.org/parent-module/-/parent-module-1.0.1.tgz 0ms (cache hit)
2932 http cache resolve-pkg-maps@https://registry.npmjs.org/resolve-pkg-maps/-/resolve-pkg-maps-1.0.0.tgz 0ms (cache hit)
2933 http cache type-fest@https://registry.npmjs.org/type-fest/-/type-fest-0.20.2.tgz 0ms (cache hit)
2934 http cache is-document.all@https://registry.npmjs.org/is-document.all/-/is-document.all-1.0.0.tgz 0ms (cache hit)
2935 http cache dunder-proto@https://registry.npmjs.org/dunder-proto/-/dunder-proto-1.0.1.tgz 0ms (cache hit)
2936 http cache functions-have-names@https://registry.npmjs.org/functions-have-names/-/functions-have-names-1.2.3.tgz 0ms (cache hit)
2937 http cache resolve-from@https://registry.npmjs.org/resolve-from/-/resolve-from-4.0.0.tgz 0ms (cache hit)
2938 http cache rimraf@https://registry.npmjs.org/rimraf/-/rimraf-3.0.2.tgz 0ms (cache hit)
2939 http cache keyv@https://registry.npmjs.org/keyv/-/keyv-4.5.4.tgz 0ms (cache hit)
2940 http cache flatted@https://registry.npmjs.org/flatted/-/flatted-3.4.4.tgz 0ms (cache hit)
2941 http cache path-exists@https://registry.npmjs.org/path-exists/-/path-exists-4.0.0.tgz 0ms (cache hit)
2942 http cache locate-path@https://registry.npmjs.org/locate-path/-/locate-path-6.0.0.tgz 0ms (cache hit)
2943 http cache flat-cache@https://registry.npmjs.org/flat-cache/-/flat-cache-3.2.0.tgz 0ms (cache hit)
2944 http cache reusify@https://registry.npmjs.org/reusify/-/reusify-1.1.0.tgz 0ms (cache hit)
2945 http cache merge2@https://registry.npmjs.org/merge2/-/merge2-1.4.1.tgz 0ms (cache hit)
2946 http cache acorn@https://registry.npmjs.org/acorn/-/acorn-8.18.0.tgz 0ms (cache hit)
2947 http cache acorn-jsx@https://registry.npmjs.org/acorn-jsx/-/acorn-jsx-5.3.2.tgz 0ms (cache hit)
2948 http cache esrecurse@https://registry.npmjs.org/esrecurse/-/esrecurse-4.3.0.tgz 0ms (cache hit)
2949 http cache iterator.prototype@https://registry.npmjs.org/iterator.prototype/-/iterator.prototype-1.1.5.tgz 0ms (cache hit)
2950 http cache string.prototype.repeat@https://registry.npmjs.org/string.prototype.repeat/-/string.prototype.repeat-1.0.0.tgz 0ms (cache hit)
2951 http cache string.prototype.matchall@https://registry.npmjs.org/string.prototype.matchall/-/string.prototype.matchall-4.1.0.tgz 0ms (cache hit)
2952 http cache prop-types@https://registry.npmjs.org/prop-types/-/prop-types-15.8.1.tgz 0ms (cache hit)
2953 http cache object.entries@https://registry.npmjs.org/object.entries/-/object.entries-1.1.9.tgz 0ms (cache hit)
2954 http cache estraverse@https://registry.npmjs.org/estraverse/-/estraverse-5.3.0.tgz 0ms (cache hit)
2955 http cache es-iterator-helpers@https://registry.npmjs.org/es-iterator-helpers/-/es-iterator-helpers-1.4.0.tgz 0ms (cache hit)
2956 http cache array.prototype.tosorted@https://registry.npmjs.org/array.prototype.tosorted/-/array.prototype.tosorted-1.1.4.tgz 0ms (cache hit)
2957 http cache array.prototype.findlast@https://registry.npmjs.org/array.prototype.findlast/-/array.prototype.findlast-1.2.5.tgz 0ms (cache hit)
2958 http cache string.prototype.includes@https://registry.npmjs.org/string.prototype.includes/-/string.prototype.includes-2.0.1.tgz 0ms (cache hit)
2959 http cache language-tags@https://registry.npmjs.org/language-tags/-/language-tags-1.0.9.tgz 0ms (cache hit)
2960 http cache jsx-ast-utils@https://registry.npmjs.org/jsx-ast-utils/-/jsx-ast-utils-3.3.5.tgz 0ms (cache hit)
2961 http cache emoji-regex@https://registry.npmjs.org/emoji-regex/-/emoji-regex-9.2.2.tgz 0ms (cache hit)
2962 http cache damerau-levenshtein@https://registry.npmjs.org/damerau-levenshtein/-/damerau-levenshtein-1.0.8.tgz 0ms (cache hit)
2963 http cache axobject-query@https://registry.npmjs.org/axobject-query/-/axobject-query-4.1.0.tgz 0ms (cache hit)
2964 http cache axe-core@https://registry.npmjs.org/axe-core/-/axe-core-4.13.0.tgz 0ms (cache hit)
2965 http cache ast-types-flow@https://registry.npmjs.org/ast-types-flow/-/ast-types-flow-0.0.8.tgz 0ms (cache hit)
2966 http cache aria-query@https://registry.npmjs.org/aria-query/-/aria-query-5.3.2.tgz 0ms (cache hit)
2967 http cache is-symbol@https://registry.npmjs.org/is-symbol/-/is-symbol-1.1.1.tgz 0ms (cache hit)
2968 http cache micromatch@https://registry.npmjs.org/micromatch/-/micromatch-4.0.8.tgz 0ms (cache hit)
2969 http cache is-date-object@https://registry.npmjs.org/is-date-object/-/is-date-object-1.1.0.tgz 0ms (cache hit)
2970 http cache es-abstract-get@https://registry.npmjs.org/es-abstract-get/-/es-abstract-get-1.0.0.tgz 0ms (cache hit)
2971 http cache has-tostringtag@https://registry.npmjs.org/has-tostringtag/-/has-tostringtag-1.0.2.tgz 0ms (cache hit)
2972 http cache which-typed-array@https://registry.npmjs.org/which-typed-array/-/which-typed-array-1.1.24.tgz 0ms (cache hit)
2973 http cache unbox-primitive@https://registry.npmjs.org/unbox-primitive/-/unbox-primitive-1.1.0.tgz 0ms (cache hit)
2974 http cache typed-array-byte-offset@https://registry.npmjs.org/typed-array-byte-offset/-/typed-array-byte-offset-1.0.5.tgz 0ms (cache hit)
2975 http cache typed-array-length@https://registry.npmjs.org/typed-array-length/-/typed-array-length-1.0.8.tgz 0ms (cache hit)
2976 http cache typed-array-buffer@https://registry.npmjs.org/typed-array-buffer/-/typed-array-buffer-1.0.3.tgz 0ms (cache hit)
2977 http cache typed-array-byte-length@https://registry.npmjs.org/typed-array-byte-length/-/typed-array-byte-length-1.0.3.tgz 0ms (cache hit)
2978 http cache string.prototype.trimstart@https://registry.npmjs.org/string.prototype.trimstart/-/string.prototype.trimstart-1.0.8.tgz 0ms (cache hit)
2979 http cache string.prototype.trim@https://registry.npmjs.org/string.prototype.trim/-/string.prototype.trim-1.2.11.tgz 0ms (cache hit)
2980 http cache set-proto@https://registry.npmjs.org/set-proto/-/set-proto-1.0.0.tgz 0ms (cache hit)
2981 http cache safe-regex-test@https://registry.npmjs.org/safe-regex-test/-/safe-regex-test-1.1.0.tgz 0ms (cache hit)
2982 http cache safe-push-apply@https://registry.npmjs.org/safe-push-apply/-/safe-push-apply-1.0.0.tgz 0ms (cache hit)
2983 http cache possible-typed-array-names@https://registry.npmjs.org/possible-typed-array-names/-/possible-typed-array-names-1.1.0.tgz 0ms (cache hit)
2984 http cache stop-iteration-iterator@https://registry.npmjs.org/stop-iteration-iterator/-/stop-iteration-iterator-1.1.0.tgz 0ms (cache hit)
2985 http cache safe-array-concat@https://registry.npmjs.org/safe-array-concat/-/safe-array-concat-1.1.4.tgz 0ms (cache hit)
2986 http cache regexp.prototype.flags@https://registry.npmjs.org/regexp.prototype.flags/-/regexp.prototype.flags-1.5.4.tgz 0ms (cache hit)
2987 http cache own-keys@https://registry.npmjs.org/own-keys/-/own-keys-1.0.2.tgz 0ms (cache hit)
2988 http cache is-weakref@https://registry.npmjs.org/is-weakref/-/is-weakref-1.1.1.tgz 0ms (cache hit)
2989 http cache object-inspect@https://registry.npmjs.org/object-inspect/-/object-inspect-1.13.4.tgz 0ms (cache hit)
2990 http cache is-typed-array@https://registry.npmjs.org/is-typed-array/-/is-typed-array-1.1.15.tgz 0ms (cache hit)
2991 http cache is-shared-array-buffer@https://registry.npmjs.org/is-shared-array-buffer/-/is-shared-array-buffer-1.0.4.tgz 0ms (cache hit)
2992 http cache object.assign@https://registry.npmjs.org/object.assign/-/object.assign-4.1.7.tgz 1ms (cache hit)
2993 http cache is-set@https://registry.npmjs.org/is-set/-/is-set-2.0.3.tgz 0ms (cache hit)
2994 http cache is-regex@https://registry.npmjs.org/is-regex/-/is-regex-1.2.1.tgz 0ms (cache hit)
2995 http cache is-negative-zero@https://registry.npmjs.org/is-negative-zero/-/is-negative-zero-2.0.3.tgz 0ms (cache hit)
2996 http cache is-data-view@https://registry.npmjs.org/is-data-view/-/is-data-view-1.0.2.tgz 0ms (cache hit)
2997 http cache is-callable@https://registry.npmjs.org/is-callable/-/is-callable-1.2.7.tgz 0ms (cache hit)
2998 http cache is-array-buffer@https://registry.npmjs.org/is-array-buffer/-/is-array-buffer-3.0.5.tgz 0ms (cache hit)
2999 http cache has-symbols@https://registry.npmjs.org/has-symbols/-/has-symbols-1.1.0.tgz 0ms (cache hit)
3000 http cache internal-slot@https://registry.npmjs.org/internal-slot/-/internal-slot-1.1.0.tgz 0ms (cache hit)
3001 http cache globalthis@https://registry.npmjs.org/globalthis/-/globalthis-1.0.4.tgz 0ms (cache hit)
3002 http cache has-proto@https://registry.npmjs.org/has-proto/-/has-proto-1.2.0.tgz 0ms (cache hit)
3003 http cache get-symbol-description@https://registry.npmjs.org/get-symbol-description/-/get-symbol-description-1.1.0.tgz 0ms (cache hit)
3004 http cache get-proto@https://registry.npmjs.org/get-proto/-/get-proto-1.0.1.tgz 0ms (cache hit)
3005 http cache es-to-primitive@https://registry.npmjs.org/es-to-primitive/-/es-to-primitive-1.3.4.tgz 0ms (cache hit)
3006 http cache es-set-tostringtag@https://registry.npmjs.org/es-set-tostringtag/-/es-set-tostringtag-2.1.0.tgz 0ms (cache hit)
3007 http cache data-view-byte-offset@https://registry.npmjs.org/data-view-byte-offset/-/data-view-byte-offset-1.0.1.tgz 0ms (cache hit)
3008 http cache function.prototype.name@https://registry.npmjs.org/function.prototype.name/-/function.prototype.name-1.2.0.tgz 0ms (cache hit)
3009 http cache data-view-buffer@https://registry.npmjs.org/data-view-buffer/-/data-view-buffer-1.0.2.tgz 0ms (cache hit)
3010 http cache data-view-byte-length@https://registry.npmjs.org/data-view-byte-length/-/data-view-byte-length-1.0.2.tgz 0ms (cache hit)
3011 http cache available-typed-arrays@https://registry.npmjs.org/available-typed-arrays/-/available-typed-arrays-1.0.7.tgz 0ms (cache hit)
3012 http cache arraybuffer.prototype.slice@https://registry.npmjs.org/arraybuffer.prototype.slice/-/arraybuffer.prototype.slice-1.0.4.tgz 0ms (cache hit)
3013 http cache array-buffer-byte-length@https://registry.npmjs.org/array-buffer-byte-length/-/array-buffer-byte-length-1.0.2.tgz 0ms (cache hit)
3014 http cache gopd@https://registry.npmjs.org/gopd/-/gopd-1.2.0.tgz 0ms (cache hit)
3015 http cache object-keys@https://registry.npmjs.org/object-keys/-/object-keys-1.1.1.tgz 0ms (cache hit)
3016 http cache has-property-descriptors@https://registry.npmjs.org/has-property-descriptors/-/has-property-descriptors-1.0.2.tgz 0ms (cache hit)
3017 http cache define-data-property@https://registry.npmjs.org/define-data-property/-/define-data-property-1.1.4.tgz 0ms (cache hit)
3018 http cache set-function-length@https://registry.npmjs.org/set-function-length/-/set-function-length-1.2.2.tgz 0ms (cache hit)
3019 http cache function-bind@https://registry.npmjs.org/function-bind/-/function-bind-1.1.2.tgz 0ms (cache hit)
3020 http cache get-intrinsic@https://registry.npmjs.org/get-intrinsic/-/get-intrinsic-1.3.0.tgz 0ms (cache hit)
3021 http cache call-bind-apply-helpers@https://registry.npmjs.org/call-bind-apply-helpers/-/call-bind-apply-helpers-1.0.2.tgz 0ms (cache hit)
3022 http cache es-define-property@https://registry.npmjs.org/es-define-property/-/es-define-property-1.0.1.tgz 0ms (cache hit)
3023 http cache es-errors@https://registry.npmjs.org/es-errors/-/es-errors-1.3.0.tgz 0ms (cache hit)
3024 http cache math-intrinsics@https://registry.npmjs.org/math-intrinsics/-/math-intrinsics-1.1.0.tgz 1ms (cache hit)
3025 http cache is-string@https://registry.npmjs.org/is-string/-/is-string-1.1.1.tgz 0ms (cache hit)
3026 http cache es-object-atoms@https://registry.npmjs.org/es-object-atoms/-/es-object-atoms-1.1.2.tgz 0ms (cache hit)
3027 http cache es-shim-unscopables@https://registry.npmjs.org/es-shim-unscopables/-/es-shim-unscopables-1.1.0.tgz 0ms (cache hit)
3028 http cache es-abstract@https://registry.npmjs.org/es-abstract/-/es-abstract-1.24.2.tgz 0ms (cache hit)
3029 http cache define-properties@https://registry.npmjs.org/define-properties/-/define-properties-1.2.1.tgz 0ms (cache hit)
3030 http cache call-bind@https://registry.npmjs.org/call-bind/-/call-bind-1.0.9.tgz 0ms (cache hit)
3031 http cache call-bound@https://registry.npmjs.org/call-bound/-/call-bound-1.0.4.tgz 0ms (cache hit)
3032 http cache tsconfig-paths@https://registry.npmjs.org/tsconfig-paths/-/tsconfig-paths-3.15.0.tgz 0ms (cache hit)
3033 http cache string.prototype.trimend@https://registry.npmjs.org/string.prototype.trimend/-/string.prototype.trimend-1.0.10.tgz 0ms (cache hit)
3034 http cache object.values@https://registry.npmjs.org/object.values/-/object.values-1.2.1.tgz 0ms (cache hit)
3035 http cache object.fromentries@https://registry.npmjs.org/object.fromentries/-/object.fromentries-2.0.8.tgz 0ms (cache hit)
3036 http cache hasown@https://registry.npmjs.org/hasown/-/hasown-2.0.4.tgz 0ms (cache hit)
3037 http cache object.groupby@https://registry.npmjs.org/object.groupby/-/object.groupby-1.0.3.tgz 0ms (cache hit)
3038 http cache eslint-module-utils@https://registry.npmjs.org/eslint-module-utils/-/eslint-module-utils-2.14.0.tgz 0ms (cache hit)
3039 http cache array.prototype.flatmap@https://registry.npmjs.org/array.prototype.flatmap/-/array.prototype.flatmap-1.3.3.tgz 0ms (cache hit)
3040 http cache array.prototype.flat@https://registry.npmjs.org/array.prototype.flat/-/array.prototype.flat-1.3.3.tgz 0ms (cache hit)
3041 http cache @rtsao/scc@https://registry.npmjs.org/@rtsao/scc/-/scc-1.1.0.tgz 0ms (cache hit)
3042 http cache array-includes@https://registry.npmjs.org/array-includes/-/array-includes-3.2.0.tgz 0ms (cache hit)
3043 http cache array.prototype.findlastindex@https://registry.npmjs.org/array.prototype.findlastindex/-/array.prototype.findlastindex-1.2.6.tgz 0ms (cache hit)
3044 http cache stable-hash@https://registry.npmjs.org/stable-hash/-/stable-hash-0.0.5.tgz 0ms (cache hit)
3045 http cache @nolyfill/is-core-module@https://registry.npmjs.org/@nolyfill/is-core-module/-/is-core-module-1.0.39.tgz 0ms (cache hit)
3046 http cache unrs-resolver@https://registry.npmjs.org/unrs-resolver/-/unrs-resolver-1.12.2.tgz 0ms (cache hit)
3047 http cache get-tsconfig@https://registry.npmjs.org/get-tsconfig/-/get-tsconfig-4.14.3.tgz 0ms (cache hit)
3048 http cache is-bun-module@https://registry.npmjs.org/is-bun-module/-/is-bun-module-2.0.0.tgz 0ms (cache hit)
3049 http cache resolve@https://registry.npmjs.org/resolve/-/resolve-2.0.0-next.7.tgz 0ms (cache hit)
3050 http cache is-core-module@https://registry.npmjs.org/is-core-module/-/is-core-module-2.17.0.tgz 0ms (cache hit)
3051 http cache tinyglobby@https://registry.npmjs.org/tinyglobby/-/tinyglobby-0.2.17.tgz 0ms (cache hit)
3052 http cache @typescript-eslint/tsconfig-utils@https://registry.npmjs.org/@typescript-eslint/tsconfig-utils/-/tsconfig-utils-8.71.0.tgz 0ms (cache hit)
3053 http cache semver@https://registry.npmjs.org/semver/-/semver-7.8.5.tgz 0ms (cache hit)
3054 http cache @typescript-eslint/project-service@https://registry.npmjs.org/@typescript-eslint/project-service/-/project-service-8.71.0.tgz 0ms (cache hit)
3055 http cache @typescript-eslint/typescript-estree@https://registry.npmjs.org/@typescript-eslint/typescript-estree/-/typescript-estree-8.71.0.tgz 0ms (cache hit)
3056 http cache @typescript-eslint/types@https://registry.npmjs.org/@typescript-eslint/types/-/types-8.71.0.tgz 0ms (cache hit)
3057 http cache ts-api-utils@https://registry.npmjs.org/ts-api-utils/-/ts-api-utils-2.5.0.tgz 0ms (cache hit)
3058 http cache @typescript-eslint/visitor-keys@https://registry.npmjs.org/@typescript-eslint/visitor-keys/-/visitor-keys-8.71.0.tgz 0ms (cache hit)
3059 http cache @typescript-eslint/type-utils@https://registry.npmjs.org/@typescript-eslint/type-utils/-/type-utils-8.71.0.tgz 0ms (cache hit)
3060 http cache @typescript-eslint/utils@https://registry.npmjs.org/@typescript-eslint/utils/-/utils-8.71.0.tgz 0ms (cache hit)
3061 http cache @typescript-eslint/scope-manager@https://registry.npmjs.org/@typescript-eslint/scope-manager/-/scope-manager-8.71.0.tgz 0ms (cache hit)
3062 http cache fast-glob@https://registry.npmjs.org/fast-glob/-/fast-glob-3.3.1.tgz 0ms (cache hit)
3063 http cache eslint-plugin-react@https://registry.npmjs.org/eslint-plugin-react/-/eslint-plugin-react-7.37.5.tgz 0ms (cache hit)
3064 http cache eslint-plugin-react-hooks@https://registry.npmjs.org/eslint-plugin-react-hooks/-/eslint-plugin-react-hooks-5.2.0.tgz 0ms (cache hit)
3065 http cache eslint-plugin-jsx-a11y@https://registry.npmjs.org/eslint-plugin-jsx-a11y/-/eslint-plugin-jsx-a11y-6.10.2.tgz 0ms (cache hit)
3066 http cache @typescript-eslint/parser@https://registry.npmjs.org/@typescript-eslint/parser/-/parser-8.71.0.tgz 0ms (cache hit)
3067 http cache @rushstack/eslint-patch@https://registry.npmjs.org/@rushstack/eslint-patch/-/eslint-patch-1.16.1.tgz 0ms (cache hit)
3068 http cache eslint-plugin-import@https://registry.npmjs.org/eslint-plugin-import/-/eslint-plugin-import-2.32.0.tgz 0ms (cache hit)
3069 http cache eslint-import-resolver-typescript@https://registry.npmjs.org/eslint-import-resolver-typescript/-/eslint-import-resolver-typescript-3.10.1.tgz 0ms (cache hit)
3070 http cache eslint-import-resolver-node@https://registry.npmjs.org/eslint-import-resolver-node/-/eslint-import-resolver-node-0.3.10.tgz 0ms (cache hit)
3071 http cache @next/eslint-plugin-next@https://registry.npmjs.org/@next/eslint-plugin-next/-/eslint-plugin-next-15.5.26.tgz 0ms (cache hit)
3072 http cache ms@https://registry.npmjs.org/ms/-/ms-2.1.3.tgz 0ms (cache hit)
3073 http cache @typescript-eslint/eslint-plugin@https://registry.npmjs.org/@typescript-eslint/eslint-plugin/-/eslint-plugin-8.71.0.tgz 0ms (cache hit)
3074 http cache which@https://registry.npmjs.org/which/-/which-2.0.2.tgz 0ms (cache hit)
3075 http cache shebang-command@https://registry.npmjs.org/shebang-command/-/shebang-command-2.0.0.tgz 0ms (cache hit)
3076 http cache path-key@https://registry.npmjs.org/path-key/-/path-key-3.1.1.tgz 0ms (cache hit)
3077 http cache color-name@https://registry.npmjs.org/color-name/-/color-name-1.1.4.tgz 0ms (cache hit)
3078 http cache color-convert@https://registry.npmjs.org/color-convert/-/color-convert-2.0.1.tgz 0ms (cache hit)
3079 http cache supports-color@https://registry.npmjs.org/supports-color/-/supports-color-7.2.0.tgz 0ms (cache hit)
3080 http cache ansi-styles@https://registry.npmjs.org/ansi-styles/-/ansi-styles-4.3.0.tgz 0ms (cache hit)
3081 http cache @nodelib/fs.stat@https://registry.npmjs.org/@nodelib/fs.stat/-/fs.stat-2.0.5.tgz 0ms (cache hit)
3082 http cache uri-js@https://registry.npmjs.org/uri-js/-/uri-js-4.4.1.tgz 1ms (cache hit)
3083 http cache json-schema-traverse@https://registry.npmjs.org/json-schema-traverse/-/json-schema-traverse-0.4.1.tgz 0ms (cache hit)
3084 http cache @humanwhocodes/object-schema@https://registry.npmjs.org/@humanwhocodes/object-schema/-/object-schema-2.0.3.tgz 0ms (cache hit)
3085 http cache fast-json-stable-stringify@https://registry.npmjs.org/fast-json-stable-stringify/-/fast-json-stable-stringify-2.1.0.tgz 0ms (cache hit)
3086 http cache run-parallel@https://registry.npmjs.org/run-parallel/-/run-parallel-1.2.0.tgz 0ms (cache hit)
3087 http cache @nodelib/fs.scandir@https://registry.npmjs.org/@nodelib/fs.scandir/-/fs.scandir-2.1.5.tgz 0ms (cache hit)
3088 http cache fastq@https://registry.npmjs.org/fastq/-/fastq-1.20.3.tgz 0ms (cache hit)
3089 http cache strip-json-comments@https://registry.npmjs.org/strip-json-comments/-/strip-json-comments-3.1.1.tgz 0ms (cache hit)
3090 http cache import-fresh@https://registry.npmjs.org/import-fresh/-/import-fresh-3.3.1.tgz 1ms (cache hit)
3091 http cache text-table@https://registry.npmjs.org/text-table/-/text-table-0.2.0.tgz 0ms (cache hit)
3092 http cache strip-ansi@https://registry.npmjs.org/strip-ansi/-/strip-ansi-6.0.1.tgz 0ms (cache hit)
3093 http cache optionator@https://registry.npmjs.org/optionator/-/optionator-0.9.4.tgz 0ms (cache hit)
3094 http cache natural-compare@https://registry.npmjs.org/natural-compare/-/natural-compare-1.4.0.tgz 0ms (cache hit)
3095 http cache minimatch@https://registry.npmjs.org/minimatch/-/minimatch-3.1.5.tgz 0ms (cache hit)
3096 http cache lodash.merge@https://registry.npmjs.org/lodash.merge/-/lodash.merge-4.6.2.tgz 0ms (cache hit)
3097 http cache levn@https://registry.npmjs.org/levn/-/levn-0.4.1.tgz 0ms (cache hit)
3098 http cache json-stable-stringify-without-jsonify@https://registry.npmjs.org/json-stable-stringify-without-jsonify/-/json-stable-stringify-without-jsonify-1.0.1.tgz 0ms (cache hit)
3099 http cache js-yaml@https://registry.npmjs.org/js-yaml/-/js-yaml-4.3.2.tgz 0ms (cache hit)
3100 http cache is-path-inside@https://registry.npmjs.org/is-path-inside/-/is-path-inside-3.0.3.tgz 0ms (cache hit)
3101 http cache is-glob@https://registry.npmjs.org/is-glob/-/is-glob-4.0.3.tgz 0ms (cache hit)
3102 http cache imurmurhash@https://registry.npmjs.org/imurmurhash/-/imurmurhash-0.1.4.tgz 0ms (cache hit)
3103 http cache ignore@https://registry.npmjs.org/ignore/-/ignore-5.3.2.tgz 0ms (cache hit)
3104 http cache graphemer@https://registry.npmjs.org/graphemer/-/graphemer-1.4.0.tgz 0ms (cache hit)
3105 http cache globals@https://registry.npmjs.org/globals/-/globals-13.24.0.tgz 0ms (cache hit)
3106 http cache glob-parent@https://registry.npmjs.org/glob-parent/-/glob-parent-6.0.2.tgz 0ms (cache hit)
3107 http cache find-up@https://registry.npmjs.org/find-up/-/find-up-5.0.0.tgz 0ms (cache hit)
3108 http cache file-entry-cache@https://registry.npmjs.org/file-entry-cache/-/file-entry-cache-6.0.1.tgz 0ms (cache hit)
3109 http cache esutils@https://registry.npmjs.org/esutils/-/esutils-2.0.3.tgz 0ms (cache hit)
3110 http cache esquery@https://registry.npmjs.org/esquery/-/esquery-1.7.0.tgz 0ms (cache hit)
3111 http cache fast-deep-equal@https://registry.npmjs.org/fast-deep-equal/-/fast-deep-equal-3.1.3.tgz 0ms (cache hit)
3112 http cache espree@https://registry.npmjs.org/espree/-/espree-9.6.1.tgz 0ms (cache hit)
3113 http cache eslint-scope@https://registry.npmjs.org/eslint-scope/-/eslint-scope-7.2.2.tgz 0ms (cache hit)
3114 http cache eslint-visitor-keys@https://registry.npmjs.org/eslint-visitor-keys/-/eslint-visitor-keys-3.4.3.tgz 0ms (cache hit)
3115 http cache doctrine@https://registry.npmjs.org/doctrine/-/doctrine-3.0.0.tgz 0ms (cache hit)
3116 http cache escape-string-regexp@https://registry.npmjs.org/escape-string-regexp/-/escape-string-regexp-4.0.0.tgz 0ms (cache hit)
3117 http cache debug@https://registry.npmjs.org/debug/-/debug-4.4.3.tgz 0ms (cache hit)
3118 http cache cross-spawn@https://registry.npmjs.org/cross-spawn/-/cross-spawn-7.0.6.tgz 0ms (cache hit)
3119 http cache chalk@https://registry.npmjs.org/chalk/-/chalk-4.1.2.tgz 0ms (cache hit)
3120 http cache @ungap/structured-clone@https://registry.npmjs.org/@ungap/structured-clone/-/structured-clone-1.4.0.tgz 0ms (cache hit)
3121 http cache ajv@https://registry.npmjs.org/ajv/-/ajv-6.15.0.tgz 0ms (cache hit)
3122 http cache @nodelib/fs.walk@https://registry.npmjs.org/@nodelib/fs.walk/-/fs.walk-1.2.8.tgz 0ms (cache hit)
3123 http cache @eslint/js@https://registry.npmjs.org/@eslint/js/-/js-8.57.1.tgz 0ms (cache hit)
3124 http cache @humanwhocodes/config-array@https://registry.npmjs.org/@humanwhocodes/config-array/-/config-array-0.13.0.tgz 0ms (cache hit)
3125 http cache @humanwhocodes/module-importer@https://registry.npmjs.org/@humanwhocodes/module-importer/-/module-importer-1.0.1.tgz 0ms (cache hit)
3126 http cache @eslint/eslintrc@https://registry.npmjs.org/@eslint/eslintrc/-/eslintrc-2.1.4.tgz 0ms (cache hit)
3127 http cache update-browserslist-db@https://registry.npmjs.org/update-browserslist-db/-/update-browserslist-db-1.3.3.tgz 0ms (cache hit)
3128 http cache @eslint-community/regexpp@https://registry.npmjs.org/@eslint-community/regexpp/-/regexpp-4.12.2.tgz 0ms (cache hit)
3129 http cache node-releases@https://registry.npmjs.org/node-releases/-/node-releases-2.0.57.tgz 0ms (cache hit)
3130 http cache @eslint-community/eslint-utils@https://registry.npmjs.org/@eslint-community/eslint-utils/-/eslint-utils-4.10.1.tgz 0ms (cache hit)
3131 http cache electron-to-chromium@https://registry.npmjs.org/electron-to-chromium/-/electron-to-chromium-1.5.442.tgz 0ms (cache hit)
3132 http cache baseline-browser-mapping@https://registry.npmjs.org/baseline-browser-mapping/-/baseline-browser-mapping-2.11.26.tgz 0ms (cache hit)
3133 http cache postcss-value-parser@https://registry.npmjs.org/postcss-value-parser/-/postcss-value-parser-4.2.0.tgz 0ms (cache hit)
3134 http cache fraction.js@https://registry.npmjs.org/fraction.js/-/fraction.js-5.3.4.tgz 0ms (cache hit)
3135 http cache picocolors@https://registry.npmjs.org/picocolors/-/picocolors-1.1.1.tgz 0ms (cache hit)
3136 http cache browserslist@https://registry.npmjs.org/browserslist/-/browserslist-4.29.3.tgz 0ms (cache hit)
3137 http cache caniuse-lite@https://registry.npmjs.org/caniuse-lite/-/caniuse-lite-1.0.30001814.tgz 0ms (cache hit)
3138 http cache csstype@https://registry.npmjs.org/csstype/-/csstype-3.2.3.tgz 1ms (cache hit)
3139 http cache @supabase/phoenix@https://registry.npmjs.org/@supabase/phoenix/-/phoenix-0.4.5.tgz 0ms (cache hit)
3140 http cache @supabase/storage-js@https://registry.npmjs.org/@supabase/storage-js/-/storage-js-2.117.2.tgz 0ms (cache hit)
3141 http cache @supabase/realtime-js@https://registry.npmjs.org/@supabase/realtime-js/-/realtime-js-2.117.2.tgz 0ms (cache hit)
3142 http cache undici-types@https://registry.npmjs.org/undici-types/-/undici-types-6.21.0.tgz 1ms (cache hit)
3143 http cache iceberg-js@https://registry.npmjs.org/iceberg-js/-/iceberg-js-0.8.1.tgz 0ms (cache hit)
3144 http cache tslib@https://registry.npmjs.org/tslib/-/tslib-2.8.1.tgz 1ms (cache hit)
3145 http cache cookie@https://registry.npmjs.org/cookie/-/cookie-0.7.2.tgz 0ms (cache hit)
3146 http cache @types/cookie@https://registry.npmjs.org/@types/cookie/-/cookie-0.6.0.tgz 0ms (cache hit)
3147 http cache @supabase/postgrest-js@https://registry.npmjs.org/@supabase/postgrest-js/-/postgrest-js-2.117.2.tgz 0ms (cache hit)
3148 http cache @supabase/auth-js@https://registry.npmjs.org/@supabase/auth-js/-/auth-js-2.117.2.tgz 0ms (cache hit)
3149 http cache @supabase/functions-js@https://registry.npmjs.org/@supabase/functions-js/-/functions-js-2.117.2.tgz 0ms (cache hit)
3150 http cache zod@https://registry.npmjs.org/zod/-/zod-3.25.76.tgz 0ms (cache hit)
3151 http cache typescript@https://registry.npmjs.org/typescript/-/typescript-5.9.3.tgz 0ms (cache hit)
3152 http cache ua-parser-js@https://registry.npmjs.org/ua-parser-js/-/ua-parser-js-1.0.41.tgz 0ms (cache hit)
3153 http cache tailwindcss@https://registry.npmjs.org/tailwindcss/-/tailwindcss-3.4.19.tgz 0ms (cache hit)
3154 http cache recharts@https://registry.npmjs.org/recharts/-/recharts-2.15.4.tgz 0ms (cache hit)
3155 http cache qrcode@https://registry.npmjs.org/qrcode/-/qrcode-1.5.4.tgz 0ms (cache hit)
3156 http cache react-dom@https://registry.npmjs.org/react-dom/-/react-dom-19.3.0.tgz 0ms (cache hit)
3157 http cache react@https://registry.npmjs.org/react/-/react-19.3.0.tgz 0ms (cache hit)
3158 http cache eslint-config-next@https://registry.npmjs.org/eslint-config-next/-/eslint-config-next-15.5.26.tgz 0ms (cache hit)
3159 http cache next@https://registry.npmjs.org/next/-/next-15.5.26.tgz 0ms (cache hit)
3160 http cache nanoid@https://registry.npmjs.org/nanoid/-/nanoid-5.1.16.tgz 0ms (cache hit)
3161 http cache @types/react-dom@https://registry.npmjs.org/@types/react-dom/-/react-dom-19.3.0.tgz 0ms (cache hit)
3162 http cache eslint@https://registry.npmjs.org/eslint/-/eslint-8.57.1.tgz 0ms (cache hit)
3163 http cache postcss@https://registry.npmjs.org/postcss/-/postcss-8.5.28.tgz 0ms (cache hit)
3164 http cache autoprefixer@https://registry.npmjs.org/autoprefixer/-/autoprefixer-10.6.1.tgz 0ms (cache hit)
3165 http cache @types/react@https://registry.npmjs.org/@types/react/-/react-19.3.0.tgz 0ms (cache hit)
3166 http cache @types/qrcode@https://registry.npmjs.org/@types/qrcode/-/qrcode-1.5.6.tgz 0ms (cache hit)
3167 http cache @supabase/supabase-js@https://registry.npmjs.org/@supabase/supabase-js/-/supabase-js-2.117.2.tgz 0ms (cache hit)
3168 http cache @types/node@https://registry.npmjs.org/@types/node/-/node-20.19.43.tgz 0ms (cache hit)
3169 http cache @supabase/ssr@https://registry.npmjs.org/@supabase/ssr/-/ssr-0.5.2.tgz 0ms (cache hit)
3170 http cache resolve@https://registry.npmjs.org/resolve/-/resolve-1.22.12.tgz 0ms (cache hit)
3171 http cache glob-parent@https://registry.npmjs.org/glob-parent/-/glob-parent-5.1.2.tgz 0ms (cache hit)
3172 http cache emoji-regex@https://registry.npmjs.org/emoji-regex/-/emoji-regex-8.0.0.tgz 0ms (cache hit)
3173 http cache semver@https://registry.npmjs.org/semver/-/semver-6.3.1.tgz 0ms (cache hit)
3174 http cache p-locate@https://registry.npmjs.org/p-locate/-/p-locate-4.1.0.tgz 0ms (cache hit)
3175 http cache p-limit@https://registry.npmjs.org/p-limit/-/p-limit-2.3.0.tgz 0ms (cache hit)
3176 http cache debug@https://registry.npmjs.org/debug/-/debug-3.2.7.tgz 0ms (cache hit)
3177 http cache locate-path@https://registry.npmjs.org/locate-path/-/locate-path-5.0.0.tgz 0ms (cache hit)
3178 http cache find-up@https://registry.npmjs.org/find-up/-/find-up-4.1.0.tgz 0ms (cache hit)
3179 http cache picomatch@https://registry.npmjs.org/picomatch/-/picomatch-4.0.7.tgz 0ms (cache hit)
3180 http cache fdir@https://registry.npmjs.org/fdir/-/fdir-6.5.0.tgz 0ms (cache hit)
3181 http cache glob-parent@https://registry.npmjs.org/glob-parent/-/glob-parent-5.1.2.tgz 0ms (cache hit)
3182 http cache eslint-visitor-keys@https://registry.npmjs.org/eslint-visitor-keys/-/eslint-visitor-keys-5.0.1.tgz 0ms (cache hit)
3183 http cache balanced-match@https://registry.npmjs.org/balanced-match/-/balanced-match-4.0.4.tgz 0ms (cache hit)
3184 http cache doctrine@https://registry.npmjs.org/doctrine/-/doctrine-2.1.0.tgz 1ms (cache hit)
3185 http cache brace-expansion@https://registry.npmjs.org/brace-expansion/-/brace-expansion-5.0.12.tgz 0ms (cache hit)
3186 http cache semver@https://registry.npmjs.org/semver/-/semver-6.3.1.tgz 0ms (cache hit)
3187 http cache minimatch@https://registry.npmjs.org/minimatch/-/minimatch-10.2.6.tgz 0ms (cache hit)
3188 http cache semver@https://registry.npmjs.org/semver/-/semver-6.3.1.tgz 0ms (cache hit)
3189 http cache debug@https://registry.npmjs.org/debug/-/debug-3.2.7.tgz 1ms (cache hit)
3190 http cache doctrine@https://registry.npmjs.org/doctrine/-/doctrine-2.1.0.tgz 0ms (cache hit)
3191 http cache debug@https://registry.npmjs.org/debug/-/debug-3.2.7.tgz 0ms (cache hit)
3192 http cache ignore@https://registry.npmjs.org/ignore/-/ignore-7.0.10.tgz 0ms (cache hit)
3193 http cache resolve@https://registry.npmjs.org/resolve/-/resolve-1.22.12.tgz 0ms (cache hit)
3194 http cache fast-glob@https://registry.npmjs.org/fast-glob/-/fast-glob-3.3.3.tgz 0ms (cache hit)
3195 http cache glob-parent@https://registry.npmjs.org/glob-parent/-/glob-parent-5.1.2.tgz 0ms (cache hit)
3196 http cache react-is@https://registry.npmjs.org/react-is/-/react-is-18.3.1.tgz 0ms (cache hit)
3197 http cache nanoid@https://registry.npmjs.org/nanoid/-/nanoid-3.3.19.tgz 0ms (cache hit)
3198 silly tarball no local data for set-blocking@https://registry.npmjs.org/set-blocking/-/set-blocking-2.0.0.tgz. Extracting by manifest.
3199 silly tarball no local data for which-module@https://registry.npmjs.org/which-module/-/which-module-2.0.1.tgz. Extracting by manifest.
3200 http cache nanoid@https://registry.npmjs.org/nanoid/-/nanoid-3.3.19.tgz 0ms (cache hit)
3201 http cache postcss@https://registry.npmjs.org/postcss/-/postcss-8.4.31.tgz 0ms (cache hit)
3202 silly tarball no local data for require-main-filename@https://registry.npmjs.org/require-main-filename/-/require-main-filename-2.0.0.tgz. Extracting by manifest.
3203 silly tarball no local data for require-directory@https://registry.npmjs.org/require-directory/-/require-directory-2.1.1.tgz. Extracting by manifest.
3204 silly tarball no local data for decamelize@https://registry.npmjs.org/decamelize/-/decamelize-1.2.0.tgz. Extracting by manifest.
3205 silly tarball no local data for get-caller-file@https://registry.npmjs.org/get-caller-file/-/get-caller-file-2.0.5.tgz. Extracting by manifest.
3206 silly tarball no local data for cliui@https://registry.npmjs.org/cliui/-/cliui-6.0.0.tgz. Extracting by manifest.
3207 silly tarball no local data for is-weakmap@https://registry.npmjs.org/is-weakmap/-/is-weakmap-2.0.2.tgz. Extracting by manifest.
3208 silly tarball no local data for @types/d3-path@https://registry.npmjs.org/@types/d3-path/-/d3-path-3.1.1.tgz. Extracting by manifest.
3209 silly tarball no local data for d3-scale@https://registry.npmjs.org/d3-scale/-/d3-scale-4.0.2.tgz. Extracting by manifest.
3210 silly tarball no local data for d3-shape@https://registry.npmjs.org/d3-shape/-/d3-shape-3.2.0.tgz. Extracting by manifest.
3211 silly tarball no local data for d3-interpolate@https://registry.npmjs.org/d3-interpolate/-/d3-interpolate-3.0.1.tgz. Extracting by manifest.
3212 silly tarball no local data for d3-time@https://registry.npmjs.org/d3-time/-/d3-time-3.1.0.tgz. Extracting by manifest.
3213 silly tarball no local data for d3-ease@https://registry.npmjs.org/d3-ease/-/d3-ease-3.0.1.tgz. Extracting by manifest.
3214 silly tarball no local data for @types/d3-time@https://registry.npmjs.org/@types/d3-time/-/d3-time-3.0.4.tgz. Extracting by manifest.
3215 silly tarball no local data for @types/d3-shape@https://registry.npmjs.org/@types/d3-shape/-/d3-shape-3.2.0.tgz. Extracting by manifest.
3216 silly tarball no local data for @types/d3-scale@https://registry.npmjs.org/@types/d3-scale/-/d3-scale-4.0.9.tgz. Extracting by manifest.
3217 silly tarball no local data for d3-array@https://registry.npmjs.org/d3-array/-/d3-array-3.2.4.tgz. Extracting by manifest.
3218 silly tarball no local data for @types/d3-ease@https://registry.npmjs.org/@types/d3-ease/-/d3-ease-3.0.2.tgz. Extracting by manifest.
3219 silly tarball no local data for @types/d3-array@https://registry.npmjs.org/@types/d3-array/-/d3-array-3.2.2.tgz. Extracting by manifest.
3220 silly tarball no local data for @types/d3-interpolate@https://registry.npmjs.org/@types/d3-interpolate/-/d3-interpolate-3.0.4.tgz. Extracting by manifest.
3221 silly tarball no local data for escalade@https://registry.npmjs.org/escalade/-/escalade-3.2.0.tgz. Extracting by manifest.
3222 silly tarball no local data for @unrs/resolver-binding-win32-x64-msvc@https://registry.npmjs.org/@unrs/resolver-binding-win32-x64-msvc/-/resolver-binding-win32-x64-msvc-1.12.2.tgz. Extracting by manifest.
3223 silly tarball no local data for punycode@https://registry.npmjs.org/punycode/-/punycode-2.3.1.tgz. Extracting by manifest.
3224 silly tarball no local data for napi-postinstall@https://registry.npmjs.org/napi-postinstall/-/napi-postinstall-0.3.4.tgz. Extracting by manifest.
3225 silly tarball no local data for which-boxed-primitive@https://registry.npmjs.org/which-boxed-primitive/-/which-boxed-primitive-1.1.1.tgz. Extracting by manifest.
3226 silly tarball no local data for which-builtin-type@https://registry.npmjs.org/which-builtin-type/-/which-builtin-type-1.2.1.tgz. Extracting by manifest.
3227 silly tarball no local data for reflect.getprototypeof@https://registry.npmjs.org/reflect.getprototypeof/-/reflect.getprototypeof-1.0.10.tgz. Extracting by manifest.
3228 silly tarball no local data for strip-bom@https://registry.npmjs.org/strip-bom/-/strip-bom-3.0.0.tgz. Extracting by manifest.
3229 silly tarball no local data for @types/d3-timer@https://registry.npmjs.org/@types/d3-timer/-/d3-timer-3.0.2.tgz. Extracting by manifest.
3230 silly tarball no local data for for-each@https://registry.npmjs.org/for-each/-/for-each-0.3.5.tgz. Extracting by manifest.
3231 silly tarball no local data for minimist@https://registry.npmjs.org/minimist/-/minimist-1.2.8.tgz. Extracting by manifest.
3232 silly tarball no local data for has-bigints@https://registry.npmjs.org/has-bigints/-/has-bigints-1.1.0.tgz. Extracting by manifest.
3233 silly tarball no local data for json5@https://registry.npmjs.org/json5/-/json5-1.0.2.tgz. Extracting by manifest.
3234 silly tarball no local data for thenify@https://registry.npmjs.org/thenify/-/thenify-3.3.1.tgz. Extracting by manifest.
3235 silly tarball no local data for @jridgewell/resolve-uri@https://registry.npmjs.org/@jridgewell/resolve-uri/-/resolve-uri-3.1.2.tgz. Extracting by manifest.
3236 silly tarball no local data for thenify-all@https://registry.npmjs.org/thenify-all/-/thenify-all-1.6.0.tgz. Extracting by manifest.
3237 silly tarball no local data for @types/json5@https://registry.npmjs.org/@types/json5/-/json5-0.0.29.tgz. Extracting by manifest.
3238 silly tarball no local data for @jridgewell/sourcemap-codec@https://registry.npmjs.org/@jridgewell/sourcemap-codec/-/sourcemap-codec-1.6.0.tgz. Extracting by manifest.
3239 silly tarball no local data for is-number@https://registry.npmjs.org/is-number/-/is-number-7.0.0.tgz. Extracting by manifest.
3240 silly tarball no local data for @jridgewell/trace-mapping@https://registry.npmjs.org/@jridgewell/trace-mapping/-/trace-mapping-0.3.31.tgz. Extracting by manifest.
3241 silly tarball no local data for any-promise@https://registry.npmjs.org/any-promise/-/any-promise-1.3.0.tgz. Extracting by manifest.
3242 silly tarball no local data for pirates@https://registry.npmjs.org/pirates/-/pirates-4.0.7.tgz. Extracting by manifest.
3243 silly tarball no local data for lines-and-columns@https://registry.npmjs.org/lines-and-columns/-/lines-and-columns-1.2.4.tgz. Extracting by manifest.
3244 silly tarball no local data for commander@https://registry.npmjs.org/commander/-/commander-4.1.1.tgz. Extracting by manifest.
3245 silly tarball no local data for ts-interface-checker@https://registry.npmjs.org/ts-interface-checker/-/ts-interface-checker-0.1.13.tgz. Extracting by manifest.
3246 silly tarball no local data for mz@https://registry.npmjs.org/mz/-/mz-2.7.0.tgz. Extracting by manifest.
3247 silly tarball no local data for @jridgewell/gen-mapping@https://registry.npmjs.org/@jridgewell/gen-mapping/-/gen-mapping-0.3.13.tgz. Extracting by manifest.
3248 silly tarball no local data for util-deprecate@https://registry.npmjs.org/util-deprecate/-/util-deprecate-1.0.2.tgz. Extracting by manifest.
3249 silly tarball no local data for cssesc@https://registry.npmjs.org/cssesc/-/cssesc-3.0.0.tgz. Extracting by manifest.
3250 silly tarball no local data for camelcase-css@https://registry.npmjs.org/camelcase-css/-/camelcase-css-2.0.1.tgz. Extracting by manifest.
3251 silly tarball no local data for read-cache@https://registry.npmjs.org/read-cache/-/read-cache-1.0.2.tgz. Extracting by manifest.
3252 silly tarball no local data for readdirp@https://registry.npmjs.org/readdirp/-/readdirp-3.6.0.tgz. Extracting by manifest.
3253 silly tarball no local data for is-binary-path@https://registry.npmjs.org/is-binary-path/-/is-binary-path-2.1.0.tgz. Extracting by manifest.
3254 silly tarball no local data for binary-extensions@https://registry.npmjs.org/binary-extensions/-/binary-extensions-2.3.0.tgz. Extracting by manifest.
3255 silly tarball no local data for anymatch@https://registry.npmjs.org/anymatch/-/anymatch-3.1.3.tgz. Extracting by manifest.
3256 silly tarball no local data for sucrase@https://registry.npmjs.org/sucrase/-/sucrase-3.35.1.tgz. Extracting by manifest.
3257 silly tarball no local data for postcss-nested@https://registry.npmjs.org/postcss-nested/-/postcss-nested-6.2.0.tgz. Extracting by manifest.
3258 silly tarball no local data for postcss-load-config@https://registry.npmjs.org/postcss-load-config/-/postcss-load-config-6.0.1.tgz. Extracting by manifest.
3259 silly tarball no local data for postcss-selector-parser@https://registry.npmjs.org/postcss-selector-parser/-/postcss-selector-parser-6.1.4.tgz. Extracting by manifest.
3260 silly tarball no local data for postcss-js@https://registry.npmjs.org/postcss-js/-/postcss-js-4.1.0.tgz. Extracting by manifest.
3261 silly tarball no local data for object-hash@https://registry.npmjs.org/object-hash/-/object-hash-3.0.0.tgz. Extracting by manifest.
3262 silly tarball no local data for normalize-path@https://registry.npmjs.org/normalize-path/-/normalize-path-3.0.0.tgz. Extracting by manifest.
3263 silly tarball no local data for postcss-import@https://registry.npmjs.org/postcss-import/-/postcss-import-15.1.0.tgz. Extracting by manifest.
3264 silly tarball no local data for lilconfig@https://registry.npmjs.org/lilconfig/-/lilconfig-3.1.3.tgz. Extracting by manifest.
3265 silly tarball no local data for jiti@https://registry.npmjs.org/jiti/-/jiti-1.21.7.tgz. Extracting by manifest.
3266 silly tarball no local data for didyoumean@https://registry.npmjs.org/didyoumean/-/didyoumean-1.2.2.tgz. Extracting by manifest.
3267 silly tarball no local data for dlv@https://registry.npmjs.org/dlv/-/dlv-1.1.3.tgz. Extracting by manifest.
3268 silly tarball no local data for @alloc/quick-lru@https://registry.npmjs.org/@alloc/quick-lru/-/quick-lru-5.3.0.tgz. Extracting by manifest.
3269 silly tarball no local data for chokidar@https://registry.npmjs.org/chokidar/-/chokidar-3.6.0.tgz. Extracting by manifest.
3270 silly tarball no local data for arg@https://registry.npmjs.org/arg/-/arg-5.0.2.tgz. Extracting by manifest.
3271 silly tarball no local data for client-only@https://registry.npmjs.org/client-only/-/client-only-0.0.1.tgz. Extracting by manifest.
3272 silly tarball no local data for has-flag@https://registry.npmjs.org/has-flag/-/has-flag-4.0.0.tgz. Extracting by manifest.
3273 silly tarball no local data for ansi-regex@https://registry.npmjs.org/ansi-regex/-/ansi-regex-5.0.1.tgz. Extracting by manifest.
3274 silly tarball no local data for side-channel-map@https://registry.npmjs.org/side-channel-map/-/side-channel-map-1.0.1.tgz. Extracting by manifest.
3275 silly tarball no local data for side-channel-weakmap@https://registry.npmjs.org/side-channel-weakmap/-/side-channel-weakmap-1.0.2.tgz. Extracting by manifest.
3276 silly tarball no local data for side-channel-list@https://registry.npmjs.org/side-channel-list/-/side-channel-list-1.0.1.tgz. Extracting by manifest.
3277 silly tarball no local data for @img/sharp-win32-x64@https://registry.npmjs.org/@img/sharp-win32-x64/-/sharp-win32-x64-0.35.5.tgz. Extracting by manifest.
3278 silly tarball no local data for @img/colour@https://registry.npmjs.org/@img/colour/-/colour-1.1.0.tgz. Extracting by manifest.
3279 silly tarball no local data for shebang-regex@https://registry.npmjs.org/shebang-regex/-/shebang-regex-3.0.0.tgz. Extracting by manifest.
3280 silly tarball no local data for isarray@https://registry.npmjs.org/isarray/-/isarray-2.0.5.tgz. Extracting by manifest.
3281 silly tarball no local data for queue-microtask@https://registry.npmjs.org/queue-microtask/-/queue-microtask-1.2.3.tgz. Extracting by manifest.
3282 silly tarball no local data for wrappy@https://registry.npmjs.org/wrappy/-/wrappy-1.0.2.tgz. Extracting by manifest.
3283 silly tarball no local data for once@https://registry.npmjs.org/once/-/once-1.4.0.tgz. Extracting by manifest.
3284 silly tarball no local data for path-is-absolute@https://registry.npmjs.org/path-is-absolute/-/path-is-absolute-1.0.1.tgz. Extracting by manifest.
3285 silly tarball no local data for inherits@https://registry.npmjs.org/inherits/-/inherits-2.0.4.tgz. Extracting by manifest.
3286 silly tarball no local data for inflight@https://registry.npmjs.org/inflight/-/inflight-1.0.6.tgz. Extracting by manifest.
3287 silly tarball no local data for fs.realpath@https://registry.npmjs.org/fs.realpath/-/fs.realpath-1.0.0.tgz. Extracting by manifest.
3288 silly tarball no local data for detect-libc@https://registry.npmjs.org/detect-libc/-/detect-libc-2.1.2.tgz. Extracting by manifest.
3289 silly tarball no local data for glob@https://registry.npmjs.org/glob/-/glob-7.2.3.tgz. Extracting by manifest.
3290 silly tarball no local data for supports-preserve-symlinks-flag@https://registry.npmjs.org/supports-preserve-symlinks-flag/-/supports-preserve-symlinks-flag-1.0.0.tgz. Extracting by manifest.
3291 silly tarball no local data for node-exports-info@https://registry.npmjs.org/node-exports-info/-/node-exports-info-1.6.2.tgz. Extracting by manifest.
3292 silly tarball no local data for @babel/runtime@https://registry.npmjs.org/@babel/runtime/-/runtime-7.29.7.tgz. Extracting by manifest.
3293 silly tarball no local data for path-parse@https://registry.npmjs.org/path-parse/-/path-parse-1.0.7.tgz. Extracting by manifest.
3294 silly tarball no local data for dom-helpers@https://registry.npmjs.org/dom-helpers/-/dom-helpers-5.2.1.tgz. Extracting by manifest.
3295 silly tarball no local data for react-transition-group@https://registry.npmjs.org/react-transition-group/-/react-transition-group-4.4.5.tgz. Extracting by manifest.
3296 silly tarball no local data for fast-equals@https://registry.npmjs.org/fast-equals/-/fast-equals-5.4.3.tgz. Extracting by manifest.
3297 silly tarball no local data for victory-vendor@https://registry.npmjs.org/victory-vendor/-/victory-vendor-36.9.2.tgz. Extracting by manifest.
3298 silly tarball no local data for tiny-invariant@https://registry.npmjs.org/tiny-invariant/-/tiny-invariant-1.3.3.tgz. Extracting by manifest.
3299 silly tarball no local data for recharts-scale@https://registry.npmjs.org/recharts-scale/-/recharts-scale-0.4.5.tgz. Extracting by manifest.
3300 silly tarball no local data for decimal.js-light@https://registry.npmjs.org/decimal.js-light/-/decimal.js-light-2.5.1.tgz. Extracting by manifest.
3301 silly tarball no local data for react-smooth@https://registry.npmjs.org/react-smooth/-/react-smooth-4.0.4.tgz. Extracting by manifest.
3302 silly tarball no local data for lodash@https://registry.npmjs.org/lodash/-/lodash-4.18.1.tgz. Extracting by manifest.
3303 silly tarball no local data for eventemitter3@https://registry.npmjs.org/eventemitter3/-/eventemitter3-4.0.7.tgz. Extracting by manifest.
3304 silly tarball no local data for scheduler@https://registry.npmjs.org/scheduler/-/scheduler-0.28.0.tgz. Extracting by manifest.
3305 silly tarball no local data for pngjs@https://registry.npmjs.org/pngjs/-/pngjs-5.0.0.tgz. Extracting by manifest.
3306 silly tarball no local data for dijkstrajs@https://registry.npmjs.org/dijkstrajs/-/dijkstrajs-1.0.3.tgz. Extracting by manifest.
3307 silly tarball no local data for js-tokens@https://registry.npmjs.org/js-tokens/-/js-tokens-4.0.0.tgz. Extracting by manifest.
3308 silly tarball no local data for yargs@https://registry.npmjs.org/yargs/-/yargs-15.4.1.tgz. Extracting by manifest.
3309 silly tarball no local data for clsx@https://registry.npmjs.org/clsx/-/clsx-2.1.1.tgz. Extracting by manifest.
3310 silly tarball no local data for react-is@https://registry.npmjs.org/react-is/-/react-is-16.13.1.tgz. Extracting by manifest.
3311 silly tarball no local data for object-assign@https://registry.npmjs.org/object-assign/-/object-assign-4.1.1.tgz. Extracting by manifest.
3312 silly tarball no local data for loose-envify@https://registry.npmjs.org/loose-envify/-/loose-envify-1.4.0.tgz. Extracting by manifest.
3313 silly tarball no local data for callsites@https://registry.npmjs.org/callsites/-/callsites-3.1.0.tgz. Extracting by manifest.
3314 silly tarball no local data for source-map-js@https://registry.npmjs.org/source-map-js/-/source-map-js-1.2.1.tgz. Extracting by manifest.
3315 silly tarball no local data for yocto-queue@https://registry.npmjs.org/yocto-queue/-/yocto-queue-0.1.0.tgz. Extracting by manifest.
3316 silly tarball no local data for p-limit@https://registry.npmjs.org/p-limit/-/p-limit-3.1.0.tgz. Extracting by manifest.
3317 silly tarball no local data for word-wrap@https://registry.npmjs.org/word-wrap/-/word-wrap-1.2.5.tgz. Extracting by manifest.
3318 silly tarball no local data for deep-is@https://registry.npmjs.org/deep-is/-/deep-is-0.1.4.tgz. Extracting by manifest.
3319 silly tarball no local data for fast-levenshtein@https://registry.npmjs.org/fast-levenshtein/-/fast-levenshtein-2.0.6.tgz. Extracting by manifest.
3320 silly tarball no local data for sharp@https://registry.npmjs.org/sharp/-/sharp-0.35.5.tgz. Extracting by manifest.
3321 silly tarball no local data for styled-jsx@https://registry.npmjs.org/styled-jsx/-/styled-jsx-5.1.6.tgz. Extracting by manifest.
3322 silly tarball no local data for @swc/helpers@https://registry.npmjs.org/@swc/helpers/-/helpers-0.5.15.tgz. Extracting by manifest.
3323 silly tarball no local data for @next/env@https://registry.npmjs.org/@next/env/-/env-15.5.26.tgz. Extracting by manifest.
3324 silly tarball no local data for concat-map@https://registry.npmjs.org/concat-map/-/concat-map-0.0.1.tgz. Extracting by manifest.
3325 silly tarball no local data for balanced-match@https://registry.npmjs.org/balanced-match/-/balanced-match-1.0.2.tgz. Extracting by manifest.
3326 silly tarball no local data for @next/swc-win32-x64-msvc@https://registry.npmjs.org/@next/swc-win32-x64-msvc/-/swc-win32-x64-msvc-15.5.26.tgz. Extracting by manifest.
3327 silly tarball no local data for brace-expansion@https://registry.npmjs.org/brace-expansion/-/brace-expansion-1.1.21.tgz. Extracting by manifest.
3328 silly tarball no local data for fill-range@https://registry.npmjs.org/fill-range/-/fill-range-7.1.1.tgz. Extracting by manifest.
3329 silly tarball no local data for to-regex-range@https://registry.npmjs.org/to-regex-range/-/to-regex-range-5.0.1.tgz. Extracting by manifest.
3330 silly tarball no local data for picomatch@https://registry.npmjs.org/picomatch/-/picomatch-2.3.2.tgz. Extracting by manifest.
3331 silly tarball no local data for braces@https://registry.npmjs.org/braces/-/braces-3.0.3.tgz. Extracting by manifest.
3332 silly tarball no local data for type-check@https://registry.npmjs.org/type-check/-/type-check-0.4.0.tgz. Extracting by manifest.
3333 silly tarball no local data for p-locate@https://registry.npmjs.org/p-locate/-/p-locate-5.0.0.tgz. Extracting by manifest.
3334 silly tarball no local data for prelude-ls@https://registry.npmjs.org/prelude-ls/-/prelude-ls-1.2.1.tgz. Extracting by manifest.
3335 silly tarball no local data for language-subtag-registry@https://registry.npmjs.org/language-subtag-registry/-/language-subtag-registry-0.3.23.tgz. Extracting by manifest.
3336 silly tarball no local data for json-buffer@https://registry.npmjs.org/json-buffer/-/json-buffer-3.0.1.tgz. Extracting by manifest.
3337 silly tarball no local data for argparse@https://registry.npmjs.org/argparse/-/argparse-2.0.1.tgz. Extracting by manifest.
3338 silly tarball no local data for is-extglob@https://registry.npmjs.org/is-extglob/-/is-extglob-2.1.1.tgz. Extracting by manifest.
3339 silly tarball no local data for set-function-name@https://registry.npmjs.org/set-function-name/-/set-function-name-2.0.2.tgz. Extracting by manifest.
3340 silly tarball no local data for side-channel@https://registry.npmjs.org/side-channel/-/side-channel-1.1.1.tgz. Extracting by manifest.
3341 silly tarball no local data for parent-module@https://registry.npmjs.org/parent-module/-/parent-module-1.0.1.tgz. Extracting by manifest.
3342 silly tarball no local data for resolve-pkg-maps@https://registry.npmjs.org/resolve-pkg-maps/-/resolve-pkg-maps-1.0.0.tgz. Extracting by manifest.
3343 silly tarball no local data for type-fest@https://registry.npmjs.org/type-fest/-/type-fest-0.20.2.tgz. Extracting by manifest.
3344 silly tarball no local data for is-document.all@https://registry.npmjs.org/is-document.all/-/is-document.all-1.0.0.tgz. Extracting by manifest.
3345 silly tarball no local data for dunder-proto@https://registry.npmjs.org/dunder-proto/-/dunder-proto-1.0.1.tgz. Extracting by manifest.
3346 silly tarball no local data for functions-have-names@https://registry.npmjs.org/functions-have-names/-/functions-have-names-1.2.3.tgz. Extracting by manifest.
3347 silly tarball no local data for resolve-from@https://registry.npmjs.org/resolve-from/-/resolve-from-4.0.0.tgz. Extracting by manifest.
3348 silly tarball no local data for rimraf@https://registry.npmjs.org/rimraf/-/rimraf-3.0.2.tgz. Extracting by manifest.
3349 silly tarball no local data for keyv@https://registry.npmjs.org/keyv/-/keyv-4.5.4.tgz. Extracting by manifest.
3350 silly tarball no local data for flatted@https://registry.npmjs.org/flatted/-/flatted-3.4.4.tgz. Extracting by manifest.
3351 silly tarball no local data for path-exists@https://registry.npmjs.org/path-exists/-/path-exists-4.0.0.tgz. Extracting by manifest.
3352 silly tarball no local data for locate-path@https://registry.npmjs.org/locate-path/-/locate-path-6.0.0.tgz. Extracting by manifest.
3353 silly tarball no local data for flat-cache@https://registry.npmjs.org/flat-cache/-/flat-cache-3.2.0.tgz. Extracting by manifest.
3354 silly tarball no local data for reusify@https://registry.npmjs.org/reusify/-/reusify-1.1.0.tgz. Extracting by manifest.
3355 silly tarball no local data for merge2@https://registry.npmjs.org/merge2/-/merge2-1.4.1.tgz. Extracting by manifest.
3356 silly tarball no local data for acorn@https://registry.npmjs.org/acorn/-/acorn-8.18.0.tgz. Extracting by manifest.
3357 silly tarball no local data for acorn-jsx@https://registry.npmjs.org/acorn-jsx/-/acorn-jsx-5.3.2.tgz. Extracting by manifest.
3358 silly tarball no local data for esrecurse@https://registry.npmjs.org/esrecurse/-/esrecurse-4.3.0.tgz. Extracting by manifest.
3359 silly tarball no local data for iterator.prototype@https://registry.npmjs.org/iterator.prototype/-/iterator.prototype-1.1.5.tgz. Extracting by manifest.
3360 silly tarball no local data for string.prototype.repeat@https://registry.npmjs.org/string.prototype.repeat/-/string.prototype.repeat-1.0.0.tgz. Extracting by manifest.
3361 silly tarball no local data for string.prototype.matchall@https://registry.npmjs.org/string.prototype.matchall/-/string.prototype.matchall-4.1.0.tgz. Extracting by manifest.
3362 silly tarball no local data for prop-types@https://registry.npmjs.org/prop-types/-/prop-types-15.8.1.tgz. Extracting by manifest.
3363 silly tarball no local data for object.entries@https://registry.npmjs.org/object.entries/-/object.entries-1.1.9.tgz. Extracting by manifest.
3364 silly tarball no local data for estraverse@https://registry.npmjs.org/estraverse/-/estraverse-5.3.0.tgz. Extracting by manifest.
3365 silly tarball no local data for es-iterator-helpers@https://registry.npmjs.org/es-iterator-helpers/-/es-iterator-helpers-1.4.0.tgz. Extracting by manifest.
3366 silly tarball no local data for array.prototype.tosorted@https://registry.npmjs.org/array.prototype.tosorted/-/array.prototype.tosorted-1.1.4.tgz. Extracting by manifest.
3367 silly tarball no local data for array.prototype.findlast@https://registry.npmjs.org/array.prototype.findlast/-/array.prototype.findlast-1.2.5.tgz. Extracting by manifest.
3368 silly tarball no local data for string.prototype.includes@https://registry.npmjs.org/string.prototype.includes/-/string.prototype.includes-2.0.1.tgz. Extracting by manifest.
3369 silly tarball no local data for language-tags@https://registry.npmjs.org/language-tags/-/language-tags-1.0.9.tgz. Extracting by manifest.
3370 silly tarball no local data for jsx-ast-utils@https://registry.npmjs.org/jsx-ast-utils/-/jsx-ast-utils-3.3.5.tgz. Extracting by manifest.
3371 silly tarball no local data for emoji-regex@https://registry.npmjs.org/emoji-regex/-/emoji-regex-9.2.2.tgz. Extracting by manifest.
3372 silly tarball no local data for damerau-levenshtein@https://registry.npmjs.org/damerau-levenshtein/-/damerau-levenshtein-1.0.8.tgz. Extracting by manifest.
3373 silly tarball no local data for axobject-query@https://registry.npmjs.org/axobject-query/-/axobject-query-4.1.0.tgz. Extracting by manifest.
3374 silly tarball no local data for axe-core@https://registry.npmjs.org/axe-core/-/axe-core-4.13.0.tgz. Extracting by manifest.
3375 silly tarball no local data for ast-types-flow@https://registry.npmjs.org/ast-types-flow/-/ast-types-flow-0.0.8.tgz. Extracting by manifest.
3376 silly tarball no local data for aria-query@https://registry.npmjs.org/aria-query/-/aria-query-5.3.2.tgz. Extracting by manifest.
3377 silly tarball no local data for is-symbol@https://registry.npmjs.org/is-symbol/-/is-symbol-1.1.1.tgz. Extracting by manifest.
3378 silly tarball no local data for micromatch@https://registry.npmjs.org/micromatch/-/micromatch-4.0.8.tgz. Extracting by manifest.
3379 silly tarball no local data for is-date-object@https://registry.npmjs.org/is-date-object/-/is-date-object-1.1.0.tgz. Extracting by manifest.
3380 silly tarball no local data for es-abstract-get@https://registry.npmjs.org/es-abstract-get/-/es-abstract-get-1.0.0.tgz. Extracting by manifest.
3381 silly tarball no local data for has-tostringtag@https://registry.npmjs.org/has-tostringtag/-/has-tostringtag-1.0.2.tgz. Extracting by manifest.
3382 silly tarball no local data for which-typed-array@https://registry.npmjs.org/which-typed-array/-/which-typed-array-1.1.24.tgz. Extracting by manifest.
3383 silly tarball no local data for unbox-primitive@https://registry.npmjs.org/unbox-primitive/-/unbox-primitive-1.1.0.tgz. Extracting by manifest.
3384 silly tarball no local data for typed-array-byte-offset@https://registry.npmjs.org/typed-array-byte-offset/-/typed-array-byte-offset-1.0.5.tgz. Extracting by manifest.
3385 silly tarball no local data for typed-array-length@https://registry.npmjs.org/typed-array-length/-/typed-array-length-1.0.8.tgz. Extracting by manifest.
3386 silly tarball no local data for typed-array-buffer@https://registry.npmjs.org/typed-array-buffer/-/typed-array-buffer-1.0.3.tgz. Extracting by manifest.
3387 silly tarball no local data for typed-array-byte-length@https://registry.npmjs.org/typed-array-byte-length/-/typed-array-byte-length-1.0.3.tgz. Extracting by manifest.
3388 silly tarball no local data for string.prototype.trimstart@https://registry.npmjs.org/string.prototype.trimstart/-/string.prototype.trimstart-1.0.8.tgz. Extracting by manifest.
3389 silly tarball no local data for string.prototype.trim@https://registry.npmjs.org/string.prototype.trim/-/string.prototype.trim-1.2.11.tgz. Extracting by manifest.
3390 silly tarball no local data for set-proto@https://registry.npmjs.org/set-proto/-/set-proto-1.0.0.tgz. Extracting by manifest.
3391 silly tarball no local data for safe-regex-test@https://registry.npmjs.org/safe-regex-test/-/safe-regex-test-1.1.0.tgz. Extracting by manifest.
3392 silly tarball no local data for safe-push-apply@https://registry.npmjs.org/safe-push-apply/-/safe-push-apply-1.0.0.tgz. Extracting by manifest.
3393 silly tarball no local data for possible-typed-array-names@https://registry.npmjs.org/possible-typed-array-names/-/possible-typed-array-names-1.1.0.tgz. Extracting by manifest.
3394 silly tarball no local data for stop-iteration-iterator@https://registry.npmjs.org/stop-iteration-iterator/-/stop-iteration-iterator-1.1.0.tgz. Extracting by manifest.
3395 silly tarball no local data for safe-array-concat@https://registry.npmjs.org/safe-array-concat/-/safe-array-concat-1.1.4.tgz. Extracting by manifest.
3396 silly tarball no local data for regexp.prototype.flags@https://registry.npmjs.org/regexp.prototype.flags/-/regexp.prototype.flags-1.5.4.tgz. Extracting by manifest.
3397 silly tarball no local data for own-keys@https://registry.npmjs.org/own-keys/-/own-keys-1.0.2.tgz. Extracting by manifest.
3398 silly tarball no local data for is-weakref@https://registry.npmjs.org/is-weakref/-/is-weakref-1.1.1.tgz. Extracting by manifest.
3399 silly tarball no local data for object-inspect@https://registry.npmjs.org/object-inspect/-/object-inspect-1.13.4.tgz. Extracting by manifest.
3400 silly tarball no local data for is-typed-array@https://registry.npmjs.org/is-typed-array/-/is-typed-array-1.1.15.tgz. Extracting by manifest.
3401 silly tarball no local data for is-shared-array-buffer@https://registry.npmjs.org/is-shared-array-buffer/-/is-shared-array-buffer-1.0.4.tgz. Extracting by manifest.
3402 silly tarball no local data for object.assign@https://registry.npmjs.org/object.assign/-/object.assign-4.1.7.tgz. Extracting by manifest.
3403 silly tarball no local data for is-set@https://registry.npmjs.org/is-set/-/is-set-2.0.3.tgz. Extracting by manifest.
3404 silly tarball no local data for is-regex@https://registry.npmjs.org/is-regex/-/is-regex-1.2.1.tgz. Extracting by manifest.
3405 silly tarball no local data for is-negative-zero@https://registry.npmjs.org/is-negative-zero/-/is-negative-zero-2.0.3.tgz. Extracting by manifest.
3406 silly tarball no local data for is-data-view@https://registry.npmjs.org/is-data-view/-/is-data-view-1.0.2.tgz. Extracting by manifest.
3407 silly tarball no local data for is-callable@https://registry.npmjs.org/is-callable/-/is-callable-1.2.7.tgz. Extracting by manifest.
3408 silly tarball no local data for is-array-buffer@https://registry.npmjs.org/is-array-buffer/-/is-array-buffer-3.0.5.tgz. Extracting by manifest.
3409 silly tarball no local data for has-symbols@https://registry.npmjs.org/has-symbols/-/has-symbols-1.1.0.tgz. Extracting by manifest.
3410 silly tarball no local data for internal-slot@https://registry.npmjs.org/internal-slot/-/internal-slot-1.1.0.tgz. Extracting by manifest.
3411 silly tarball no local data for globalthis@https://registry.npmjs.org/globalthis/-/globalthis-1.0.4.tgz. Extracting by manifest.
3412 silly tarball no local data for has-proto@https://registry.npmjs.org/has-proto/-/has-proto-1.2.0.tgz. Extracting by manifest.
3413 silly tarball no local data for get-symbol-description@https://registry.npmjs.org/get-symbol-description/-/get-symbol-description-1.1.0.tgz. Extracting by manifest.
3414 silly tarball no local data for get-proto@https://registry.npmjs.org/get-proto/-/get-proto-1.0.1.tgz. Extracting by manifest.
3415 silly tarball no local data for es-to-primitive@https://registry.npmjs.org/es-to-primitive/-/es-to-primitive-1.3.4.tgz. Extracting by manifest.
3416 silly tarball no local data for es-set-tostringtag@https://registry.npmjs.org/es-set-tostringtag/-/es-set-tostringtag-2.1.0.tgz. Extracting by manifest.
3417 silly tarball no local data for data-view-byte-offset@https://registry.npmjs.org/data-view-byte-offset/-/data-view-byte-offset-1.0.1.tgz. Extracting by manifest.
3418 silly tarball no local data for function.prototype.name@https://registry.npmjs.org/function.prototype.name/-/function.prototype.name-1.2.0.tgz. Extracting by manifest.
3419 silly tarball no local data for data-view-buffer@https://registry.npmjs.org/data-view-buffer/-/data-view-buffer-1.0.2.tgz. Extracting by manifest.
3420 silly tarball no local data for data-view-byte-length@https://registry.npmjs.org/data-view-byte-length/-/data-view-byte-length-1.0.2.tgz. Extracting by manifest.
3421 silly tarball no local data for available-typed-arrays@https://registry.npmjs.org/available-typed-arrays/-/available-typed-arrays-1.0.7.tgz. Extracting by manifest.
3422 silly tarball no local data for arraybuffer.prototype.slice@https://registry.npmjs.org/arraybuffer.prototype.slice/-/arraybuffer.prototype.slice-1.0.4.tgz. Extracting by manifest.
3423 silly tarball no local data for array-buffer-byte-length@https://registry.npmjs.org/array-buffer-byte-length/-/array-buffer-byte-length-1.0.2.tgz. Extracting by manifest.
3424 silly tarball no local data for gopd@https://registry.npmjs.org/gopd/-/gopd-1.2.0.tgz. Extracting by manifest.
3425 silly tarball no local data for object-keys@https://registry.npmjs.org/object-keys/-/object-keys-1.1.1.tgz. Extracting by manifest.
3426 silly tarball no local data for has-property-descriptors@https://registry.npmjs.org/has-property-descriptors/-/has-property-descriptors-1.0.2.tgz. Extracting by manifest.
3427 silly tarball no local data for define-data-property@https://registry.npmjs.org/define-data-property/-/define-data-property-1.1.4.tgz. Extracting by manifest.
3428 silly tarball no local data for set-function-length@https://registry.npmjs.org/set-function-length/-/set-function-length-1.2.2.tgz. Extracting by manifest.
3429 silly tarball no local data for function-bind@https://registry.npmjs.org/function-bind/-/function-bind-1.1.2.tgz. Extracting by manifest.
3430 silly tarball no local data for get-intrinsic@https://registry.npmjs.org/get-intrinsic/-/get-intrinsic-1.3.0.tgz. Extracting by manifest.
3431 silly tarball no local data for call-bind-apply-helpers@https://registry.npmjs.org/call-bind-apply-helpers/-/call-bind-apply-helpers-1.0.2.tgz. Extracting by manifest.
3432 silly tarball no local data for es-define-property@https://registry.npmjs.org/es-define-property/-/es-define-property-1.0.1.tgz. Extracting by manifest.
3433 silly tarball no local data for es-errors@https://registry.npmjs.org/es-errors/-/es-errors-1.3.0.tgz. Extracting by manifest.
3434 silly tarball no local data for math-intrinsics@https://registry.npmjs.org/math-intrinsics/-/math-intrinsics-1.1.0.tgz. Extracting by manifest.
3435 silly tarball no local data for is-string@https://registry.npmjs.org/is-string/-/is-string-1.1.1.tgz. Extracting by manifest.
3436 silly tarball no local data for es-object-atoms@https://registry.npmjs.org/es-object-atoms/-/es-object-atoms-1.1.2.tgz. Extracting by manifest.
3437 silly tarball no local data for es-shim-unscopables@https://registry.npmjs.org/es-shim-unscopables/-/es-shim-unscopables-1.1.0.tgz. Extracting by manifest.
3438 silly tarball no local data for es-abstract@https://registry.npmjs.org/es-abstract/-/es-abstract-1.24.2.tgz. Extracting by manifest.
3439 silly tarball no local data for define-properties@https://registry.npmjs.org/define-properties/-/define-properties-1.2.1.tgz. Extracting by manifest.
3440 silly tarball no local data for call-bind@https://registry.npmjs.org/call-bind/-/call-bind-1.0.9.tgz. Extracting by manifest.
3441 silly tarball no local data for call-bound@https://registry.npmjs.org/call-bound/-/call-bound-1.0.4.tgz. Extracting by manifest.
3442 silly tarball no local data for tsconfig-paths@https://registry.npmjs.org/tsconfig-paths/-/tsconfig-paths-3.15.0.tgz. Extracting by manifest.
3443 silly tarball no local data for string.prototype.trimend@https://registry.npmjs.org/string.prototype.trimend/-/string.prototype.trimend-1.0.10.tgz. Extracting by manifest.
3444 silly tarball no local data for object.values@https://registry.npmjs.org/object.values/-/object.values-1.2.1.tgz. Extracting by manifest.
3445 silly tarball no local data for object.fromentries@https://registry.npmjs.org/object.fromentries/-/object.fromentries-2.0.8.tgz. Extracting by manifest.
3446 silly tarball no local data for hasown@https://registry.npmjs.org/hasown/-/hasown-2.0.4.tgz. Extracting by manifest.
3447 silly tarball no local data for object.groupby@https://registry.npmjs.org/object.groupby/-/object.groupby-1.0.3.tgz. Extracting by manifest.
3448 silly tarball no local data for eslint-module-utils@https://registry.npmjs.org/eslint-module-utils/-/eslint-module-utils-2.14.0.tgz. Extracting by manifest.
3449 silly tarball no local data for array.prototype.flatmap@https://registry.npmjs.org/array.prototype.flatmap/-/array.prototype.flatmap-1.3.3.tgz. Extracting by manifest.
3450 silly tarball no local data for array.prototype.flat@https://registry.npmjs.org/array.prototype.flat/-/array.prototype.flat-1.3.3.tgz. Extracting by manifest.
3451 silly tarball no local data for @rtsao/scc@https://registry.npmjs.org/@rtsao/scc/-/scc-1.1.0.tgz. Extracting by manifest.
3452 silly tarball no local data for array-includes@https://registry.npmjs.org/array-includes/-/array-includes-3.2.0.tgz. Extracting by manifest.
3453 silly tarball no local data for array.prototype.findlastindex@https://registry.npmjs.org/array.prototype.findlastindex/-/array.prototype.findlastindex-1.2.6.tgz. Extracting by manifest.
3454 silly tarball no local data for stable-hash@https://registry.npmjs.org/stable-hash/-/stable-hash-0.0.5.tgz. Extracting by manifest.
3455 silly tarball no local data for @nolyfill/is-core-module@https://registry.npmjs.org/@nolyfill/is-core-module/-/is-core-module-1.0.39.tgz. Extracting by manifest.
3456 silly tarball no local data for unrs-resolver@https://registry.npmjs.org/unrs-resolver/-/unrs-resolver-1.12.2.tgz. Extracting by manifest.
3457 silly tarball no local data for get-tsconfig@https://registry.npmjs.org/get-tsconfig/-/get-tsconfig-4.14.3.tgz. Extracting by manifest.
3458 silly tarball no local data for is-bun-module@https://registry.npmjs.org/is-bun-module/-/is-bun-module-2.0.0.tgz. Extracting by manifest.
3459 silly tarball no local data for resolve@https://registry.npmjs.org/resolve/-/resolve-2.0.0-next.7.tgz. Extracting by manifest.
3460 silly tarball no local data for is-core-module@https://registry.npmjs.org/is-core-module/-/is-core-module-2.17.0.tgz. Extracting by manifest.
3461 silly tarball no local data for tinyglobby@https://registry.npmjs.org/tinyglobby/-/tinyglobby-0.2.17.tgz. Extracting by manifest.
3462 silly tarball no local data for @typescript-eslint/tsconfig-utils@https://registry.npmjs.org/@typescript-eslint/tsconfig-utils/-/tsconfig-utils-8.71.0.tgz. Extracting by manifest.
3463 silly tarball no local data for semver@https://registry.npmjs.org/semver/-/semver-7.8.5.tgz. Extracting by manifest.
3464 silly tarball no local data for @typescript-eslint/project-service@https://registry.npmjs.org/@typescript-eslint/project-service/-/project-service-8.71.0.tgz. Extracting by manifest.
3465 silly tarball no local data for @typescript-eslint/typescript-estree@https://registry.npmjs.org/@typescript-eslint/typescript-estree/-/typescript-estree-8.71.0.tgz. Extracting by manifest.
3466 silly tarball no local data for @typescript-eslint/types@https://registry.npmjs.org/@typescript-eslint/types/-/types-8.71.0.tgz. Extracting by manifest.
3467 silly tarball no local data for ts-api-utils@https://registry.npmjs.org/ts-api-utils/-/ts-api-utils-2.5.0.tgz. Extracting by manifest.
3468 silly tarball no local data for @typescript-eslint/visitor-keys@https://registry.npmjs.org/@typescript-eslint/visitor-keys/-/visitor-keys-8.71.0.tgz. Extracting by manifest.
3469 silly tarball no local data for @typescript-eslint/type-utils@https://registry.npmjs.org/@typescript-eslint/type-utils/-/type-utils-8.71.0.tgz. Extracting by manifest.
3470 silly tarball no local data for @typescript-eslint/utils@https://registry.npmjs.org/@typescript-eslint/utils/-/utils-8.71.0.tgz. Extracting by manifest.
3471 silly tarball no local data for @typescript-eslint/scope-manager@https://registry.npmjs.org/@typescript-eslint/scope-manager/-/scope-manager-8.71.0.tgz. Extracting by manifest.
3472 silly tarball no local data for fast-glob@https://registry.npmjs.org/fast-glob/-/fast-glob-3.3.1.tgz. Extracting by manifest.
3473 silly tarball no local data for eslint-plugin-react@https://registry.npmjs.org/eslint-plugin-react/-/eslint-plugin-react-7.37.5.tgz. Extracting by manifest.
3474 silly tarball no local data for eslint-plugin-react-hooks@https://registry.npmjs.org/eslint-plugin-react-hooks/-/eslint-plugin-react-hooks-5.2.0.tgz. Extracting by manifest.
3475 silly tarball no local data for eslint-plugin-jsx-a11y@https://registry.npmjs.org/eslint-plugin-jsx-a11y/-/eslint-plugin-jsx-a11y-6.10.2.tgz. Extracting by manifest.
3476 silly tarball no local data for @typescript-eslint/parser@https://registry.npmjs.org/@typescript-eslint/parser/-/parser-8.71.0.tgz. Extracting by manifest.
3477 silly tarball no local data for @rushstack/eslint-patch@https://registry.npmjs.org/@rushstack/eslint-patch/-/eslint-patch-1.16.1.tgz. Extracting by manifest.
3478 silly tarball no local data for eslint-plugin-import@https://registry.npmjs.org/eslint-plugin-import/-/eslint-plugin-import-2.32.0.tgz. Extracting by manifest.
3479 silly tarball no local data for eslint-import-resolver-typescript@https://registry.npmjs.org/eslint-import-resolver-typescript/-/eslint-import-resolver-typescript-3.10.1.tgz. Extracting by manifest.
3480 silly tarball no local data for eslint-import-resolver-node@https://registry.npmjs.org/eslint-import-resolver-node/-/eslint-import-resolver-node-0.3.10.tgz. Extracting by manifest.
3481 silly tarball no local data for @next/eslint-plugin-next@https://registry.npmjs.org/@next/eslint-plugin-next/-/eslint-plugin-next-15.5.26.tgz. Extracting by manifest.
3482 silly tarball no local data for ms@https://registry.npmjs.org/ms/-/ms-2.1.3.tgz. Extracting by manifest.
3483 silly tarball no local data for @typescript-eslint/eslint-plugin@https://registry.npmjs.org/@typescript-eslint/eslint-plugin/-/eslint-plugin-8.71.0.tgz. Extracting by manifest.
3484 silly tarball no local data for which@https://registry.npmjs.org/which/-/which-2.0.2.tgz. Extracting by manifest.
3485 silly tarball no local data for shebang-command@https://registry.npmjs.org/shebang-command/-/shebang-command-2.0.0.tgz. Extracting by manifest.
3486 silly tarball no local data for path-key@https://registry.npmjs.org/path-key/-/path-key-3.1.1.tgz. Extracting by manifest.
3487 silly tarball no local data for color-name@https://registry.npmjs.org/color-name/-/color-name-1.1.4.tgz. Extracting by manifest.
3488 silly tarball no local data for color-convert@https://registry.npmjs.org/color-convert/-/color-convert-2.0.1.tgz. Extracting by manifest.
3489 silly tarball no local data for supports-color@https://registry.npmjs.org/supports-color/-/supports-color-7.2.0.tgz. Extracting by manifest.
3490 silly tarball no local data for ansi-styles@https://registry.npmjs.org/ansi-styles/-/ansi-styles-4.3.0.tgz. Extracting by manifest.
3491 silly tarball no local data for @nodelib/fs.stat@https://registry.npmjs.org/@nodelib/fs.stat/-/fs.stat-2.0.5.tgz. Extracting by manifest.
3492 silly tarball no local data for uri-js@https://registry.npmjs.org/uri-js/-/uri-js-4.4.1.tgz. Extracting by manifest.
3493 silly tarball no local data for json-schema-traverse@https://registry.npmjs.org/json-schema-traverse/-/json-schema-traverse-0.4.1.tgz. Extracting by manifest.
3494 silly tarball no local data for @humanwhocodes/object-schema@https://registry.npmjs.org/@humanwhocodes/object-schema/-/object-schema-2.0.3.tgz. Extracting by manifest.
3495 silly tarball no local data for fast-json-stable-stringify@https://registry.npmjs.org/fast-json-stable-stringify/-/fast-json-stable-stringify-2.1.0.tgz. Extracting by manifest.
3496 silly tarball no local data for run-parallel@https://registry.npmjs.org/run-parallel/-/run-parallel-1.2.0.tgz. Extracting by manifest.
3497 silly tarball no local data for @nodelib/fs.scandir@https://registry.npmjs.org/@nodelib/fs.scandir/-/fs.scandir-2.1.5.tgz. Extracting by manifest.
3498 silly tarball no local data for fastq@https://registry.npmjs.org/fastq/-/fastq-1.20.3.tgz. Extracting by manifest.
3499 silly tarball no local data for strip-json-comments@https://registry.npmjs.org/strip-json-comments/-/strip-json-comments-3.1.1.tgz. Extracting by manifest.
3500 silly tarball no local data for import-fresh@https://registry.npmjs.org/import-fresh/-/import-fresh-3.3.1.tgz. Extracting by manifest.
3501 silly tarball no local data for text-table@https://registry.npmjs.org/text-table/-/text-table-0.2.0.tgz. Extracting by manifest.
3502 silly tarball no local data for strip-ansi@https://registry.npmjs.org/strip-ansi/-/strip-ansi-6.0.1.tgz. Extracting by manifest.
3503 silly tarball no local data for optionator@https://registry.npmjs.org/optionator/-/optionator-0.9.4.tgz. Extracting by manifest.
3504 silly tarball no local data for natural-compare@https://registry.npmjs.org/natural-compare/-/natural-compare-1.4.0.tgz. Extracting by manifest.
3505 silly tarball no local data for minimatch@https://registry.npmjs.org/minimatch/-/minimatch-3.1.5.tgz. Extracting by manifest.
3506 silly tarball no local data for lodash.merge@https://registry.npmjs.org/lodash.merge/-/lodash.merge-4.6.2.tgz. Extracting by manifest.
3507 silly tarball no local data for levn@https://registry.npmjs.org/levn/-/levn-0.4.1.tgz. Extracting by manifest.
3508 silly tarball no local data for json-stable-stringify-without-jsonify@https://registry.npmjs.org/json-stable-stringify-without-jsonify/-/json-stable-stringify-without-jsonify-1.0.1.tgz. Extracting by manifest.
3509 silly tarball no local data for js-yaml@https://registry.npmjs.org/js-yaml/-/js-yaml-4.3.2.tgz. Extracting by manifest.
3510 silly tarball no local data for is-path-inside@https://registry.npmjs.org/is-path-inside/-/is-path-inside-3.0.3.tgz. Extracting by manifest.
3511 silly tarball no local data for is-glob@https://registry.npmjs.org/is-glob/-/is-glob-4.0.3.tgz. Extracting by manifest.
3512 silly tarball no local data for imurmurhash@https://registry.npmjs.org/imurmurhash/-/imurmurhash-0.1.4.tgz. Extracting by manifest.
3513 silly tarball no local data for ignore@https://registry.npmjs.org/ignore/-/ignore-5.3.2.tgz. Extracting by manifest.
3514 silly tarball no local data for graphemer@https://registry.npmjs.org/graphemer/-/graphemer-1.4.0.tgz. Extracting by manifest.
3515 silly tarball no local data for globals@https://registry.npmjs.org/globals/-/globals-13.24.0.tgz. Extracting by manifest.
3516 silly tarball no local data for glob-parent@https://registry.npmjs.org/glob-parent/-/glob-parent-6.0.2.tgz. Extracting by manifest.
3517 silly tarball no local data for find-up@https://registry.npmjs.org/find-up/-/find-up-5.0.0.tgz. Extracting by manifest.
3518 silly tarball no local data for file-entry-cache@https://registry.npmjs.org/file-entry-cache/-/file-entry-cache-6.0.1.tgz. Extracting by manifest.
3519 silly tarball no local data for esutils@https://registry.npmjs.org/esutils/-/esutils-2.0.3.tgz. Extracting by manifest.
3520 silly tarball no local data for esquery@https://registry.npmjs.org/esquery/-/esquery-1.7.0.tgz. Extracting by manifest.
3521 silly tarball no local data for fast-deep-equal@https://registry.npmjs.org/fast-deep-equal/-/fast-deep-equal-3.1.3.tgz. Extracting by manifest.
3522 silly tarball no local data for espree@https://registry.npmjs.org/espree/-/espree-9.6.1.tgz. Extracting by manifest.
3523 silly tarball no local data for eslint-scope@https://registry.npmjs.org/eslint-scope/-/eslint-scope-7.2.2.tgz. Extracting by manifest.
3524 silly tarball no local data for eslint-visitor-keys@https://registry.npmjs.org/eslint-visitor-keys/-/eslint-visitor-keys-3.4.3.tgz. Extracting by manifest.
3525 silly tarball no local data for doctrine@https://registry.npmjs.org/doctrine/-/doctrine-3.0.0.tgz. Extracting by manifest.
3526 silly tarball no local data for escape-string-regexp@https://registry.npmjs.org/escape-string-regexp/-/escape-string-regexp-4.0.0.tgz. Extracting by manifest.
3527 silly tarball no local data for debug@https://registry.npmjs.org/debug/-/debug-4.4.3.tgz. Extracting by manifest.
3528 silly tarball no local data for cross-spawn@https://registry.npmjs.org/cross-spawn/-/cross-spawn-7.0.6.tgz. Extracting by manifest.
3529 silly tarball no local data for chalk@https://registry.npmjs.org/chalk/-/chalk-4.1.2.tgz. Extracting by manifest.
3530 silly tarball no local data for @ungap/structured-clone@https://registry.npmjs.org/@ungap/structured-clone/-/structured-clone-1.4.0.tgz. Extracting by manifest.
3531 silly tarball no local data for ajv@https://registry.npmjs.org/ajv/-/ajv-6.15.0.tgz. Extracting by manifest.
3532 silly tarball no local data for @nodelib/fs.walk@https://registry.npmjs.org/@nodelib/fs.walk/-/fs.walk-1.2.8.tgz. Extracting by manifest.
3533 silly tarball no local data for @eslint/js@https://registry.npmjs.org/@eslint/js/-/js-8.57.1.tgz. Extracting by manifest.
3534 silly tarball no local data for @humanwhocodes/config-array@https://registry.npmjs.org/@humanwhocodes/config-array/-/config-array-0.13.0.tgz. Extracting by manifest.
3535 silly tarball no local data for @humanwhocodes/module-importer@https://registry.npmjs.org/@humanwhocodes/module-importer/-/module-importer-1.0.1.tgz. Extracting by manifest.
3536 silly tarball no local data for @eslint/eslintrc@https://registry.npmjs.org/@eslint/eslintrc/-/eslintrc-2.1.4.tgz. Extracting by manifest.
3537 silly tarball no local data for update-browserslist-db@https://registry.npmjs.org/update-browserslist-db/-/update-browserslist-db-1.3.3.tgz. Extracting by manifest.
3538 silly tarball no local data for @eslint-community/regexpp@https://registry.npmjs.org/@eslint-community/regexpp/-/regexpp-4.12.2.tgz. Extracting by manifest.
3539 silly tarball no local data for node-releases@https://registry.npmjs.org/node-releases/-/node-releases-2.0.57.tgz. Extracting by manifest.
3540 silly tarball no local data for @eslint-community/eslint-utils@https://registry.npmjs.org/@eslint-community/eslint-utils/-/eslint-utils-4.10.1.tgz. Extracting by manifest.
3541 silly tarball no local data for electron-to-chromium@https://registry.npmjs.org/electron-to-chromium/-/electron-to-chromium-1.5.442.tgz. Extracting by manifest.
3542 silly tarball no local data for baseline-browser-mapping@https://registry.npmjs.org/baseline-browser-mapping/-/baseline-browser-mapping-2.11.26.tgz. Extracting by manifest.
3543 silly tarball no local data for postcss-value-parser@https://registry.npmjs.org/postcss-value-parser/-/postcss-value-parser-4.2.0.tgz. Extracting by manifest.
3544 silly tarball no local data for fraction.js@https://registry.npmjs.org/fraction.js/-/fraction.js-5.3.4.tgz. Extracting by manifest.
3545 silly tarball no local data for picocolors@https://registry.npmjs.org/picocolors/-/picocolors-1.1.1.tgz. Extracting by manifest.
3546 silly tarball no local data for browserslist@https://registry.npmjs.org/browserslist/-/browserslist-4.29.3.tgz. Extracting by manifest.
3547 silly tarball no local data for caniuse-lite@https://registry.npmjs.org/caniuse-lite/-/caniuse-lite-1.0.30001814.tgz. Extracting by manifest.
3548 silly tarball no local data for csstype@https://registry.npmjs.org/csstype/-/csstype-3.2.3.tgz. Extracting by manifest.
3549 silly tarball no local data for @supabase/phoenix@https://registry.npmjs.org/@supabase/phoenix/-/phoenix-0.4.5.tgz. Extracting by manifest.
3550 silly tarball no local data for @supabase/storage-js@https://registry.npmjs.org/@supabase/storage-js/-/storage-js-2.117.2.tgz. Extracting by manifest.
3551 silly tarball no local data for @supabase/realtime-js@https://registry.npmjs.org/@supabase/realtime-js/-/realtime-js-2.117.2.tgz. Extracting by manifest.
3552 silly tarball no local data for undici-types@https://registry.npmjs.org/undici-types/-/undici-types-6.21.0.tgz. Extracting by manifest.
3553 silly tarball no local data for iceberg-js@https://registry.npmjs.org/iceberg-js/-/iceberg-js-0.8.1.tgz. Extracting by manifest.
3554 silly tarball no local data for tslib@https://registry.npmjs.org/tslib/-/tslib-2.8.1.tgz. Extracting by manifest.
3555 silly tarball no local data for cookie@https://registry.npmjs.org/cookie/-/cookie-0.7.2.tgz. Extracting by manifest.
3556 silly tarball no local data for @types/cookie@https://registry.npmjs.org/@types/cookie/-/cookie-0.6.0.tgz. Extracting by manifest.
3557 silly tarball no local data for @supabase/postgrest-js@https://registry.npmjs.org/@supabase/postgrest-js/-/postgrest-js-2.117.2.tgz. Extracting by manifest.
3558 silly tarball no local data for @supabase/auth-js@https://registry.npmjs.org/@supabase/auth-js/-/auth-js-2.117.2.tgz. Extracting by manifest.
3559 silly tarball no local data for @supabase/functions-js@https://registry.npmjs.org/@supabase/functions-js/-/functions-js-2.117.2.tgz. Extracting by manifest.
3560 silly tarball no local data for zod@https://registry.npmjs.org/zod/-/zod-3.25.76.tgz. Extracting by manifest.
3561 silly tarball no local data for typescript@https://registry.npmjs.org/typescript/-/typescript-5.9.3.tgz. Extracting by manifest.
3562 silly tarball no local data for ua-parser-js@https://registry.npmjs.org/ua-parser-js/-/ua-parser-js-1.0.41.tgz. Extracting by manifest.
3563 silly tarball no local data for tailwindcss@https://registry.npmjs.org/tailwindcss/-/tailwindcss-3.4.19.tgz. Extracting by manifest.
3564 silly tarball no local data for recharts@https://registry.npmjs.org/recharts/-/recharts-2.15.4.tgz. Extracting by manifest.
3565 silly tarball no local data for qrcode@https://registry.npmjs.org/qrcode/-/qrcode-1.5.4.tgz. Extracting by manifest.
3566 silly tarball no local data for react-dom@https://registry.npmjs.org/react-dom/-/react-dom-19.3.0.tgz. Extracting by manifest.
3567 silly tarball no local data for react@https://registry.npmjs.org/react/-/react-19.3.0.tgz. Extracting by manifest.
3568 silly tarball no local data for eslint-config-next@https://registry.npmjs.org/eslint-config-next/-/eslint-config-next-15.5.26.tgz. Extracting by manifest.
3569 silly tarball no local data for next@https://registry.npmjs.org/next/-/next-15.5.26.tgz. Extracting by manifest.
3570 silly tarball no local data for nanoid@https://registry.npmjs.org/nanoid/-/nanoid-5.1.16.tgz. Extracting by manifest.
3571 silly tarball no local data for @types/react-dom@https://registry.npmjs.org/@types/react-dom/-/react-dom-19.3.0.tgz. Extracting by manifest.
3572 silly tarball no local data for eslint@https://registry.npmjs.org/eslint/-/eslint-8.57.1.tgz. Extracting by manifest.
3573 silly tarball no local data for postcss@https://registry.npmjs.org/postcss/-/postcss-8.5.28.tgz. Extracting by manifest.
3574 silly tarball no local data for autoprefixer@https://registry.npmjs.org/autoprefixer/-/autoprefixer-10.6.1.tgz. Extracting by manifest.
3575 silly tarball no local data for @types/react@https://registry.npmjs.org/@types/react/-/react-19.3.0.tgz. Extracting by manifest.
3576 silly tarball no local data for @types/qrcode@https://registry.npmjs.org/@types/qrcode/-/qrcode-1.5.6.tgz. Extracting by manifest.
3577 silly tarball no local data for @supabase/supabase-js@https://registry.npmjs.org/@supabase/supabase-js/-/supabase-js-2.117.2.tgz. Extracting by manifest.
3578 silly tarball no local data for @types/node@https://registry.npmjs.org/@types/node/-/node-20.19.43.tgz. Extracting by manifest.
3579 silly tarball no local data for @supabase/ssr@https://registry.npmjs.org/@supabase/ssr/-/ssr-0.5.2.tgz. Extracting by manifest.
3580 silly tarball no local data for resolve@https://registry.npmjs.org/resolve/-/resolve-1.22.12.tgz. Extracting by manifest.
3581 silly tarball no local data for glob-parent@https://registry.npmjs.org/glob-parent/-/glob-parent-5.1.2.tgz. Extracting by manifest.
3582 silly tarball no local data for emoji-regex@https://registry.npmjs.org/emoji-regex/-/emoji-regex-8.0.0.tgz. Extracting by manifest.
3583 silly tarball no local data for semver@https://registry.npmjs.org/semver/-/semver-6.3.1.tgz. Extracting by manifest.
3584 silly tarball no local data for p-locate@https://registry.npmjs.org/p-locate/-/p-locate-4.1.0.tgz. Extracting by manifest.
3585 silly tarball no local data for p-limit@https://registry.npmjs.org/p-limit/-/p-limit-2.3.0.tgz. Extracting by manifest.
3586 silly tarball no local data for debug@https://registry.npmjs.org/debug/-/debug-3.2.7.tgz. Extracting by manifest.
3587 silly tarball no local data for locate-path@https://registry.npmjs.org/locate-path/-/locate-path-5.0.0.tgz. Extracting by manifest.
3588 silly tarball no local data for find-up@https://registry.npmjs.org/find-up/-/find-up-4.1.0.tgz. Extracting by manifest.
3589 silly tarball no local data for picomatch@https://registry.npmjs.org/picomatch/-/picomatch-4.0.7.tgz. Extracting by manifest.
3590 silly tarball no local data for fdir@https://registry.npmjs.org/fdir/-/fdir-6.5.0.tgz. Extracting by manifest.
3591 silly tarball no local data for glob-parent@https://registry.npmjs.org/glob-parent/-/glob-parent-5.1.2.tgz. Extracting by manifest.
3592 silly tarball no local data for eslint-visitor-keys@https://registry.npmjs.org/eslint-visitor-keys/-/eslint-visitor-keys-5.0.1.tgz. Extracting by manifest.
3593 silly tarball no local data for balanced-match@https://registry.npmjs.org/balanced-match/-/balanced-match-4.0.4.tgz. Extracting by manifest.
3594 silly tarball no local data for doctrine@https://registry.npmjs.org/doctrine/-/doctrine-2.1.0.tgz. Extracting by manifest.
3595 silly tarball no local data for brace-expansion@https://registry.npmjs.org/brace-expansion/-/brace-expansion-5.0.12.tgz. Extracting by manifest.
3596 silly tarball no local data for semver@https://registry.npmjs.org/semver/-/semver-6.3.1.tgz. Extracting by manifest.
3597 silly tarball no local data for minimatch@https://registry.npmjs.org/minimatch/-/minimatch-10.2.6.tgz. Extracting by manifest.
3598 silly tarball no local data for semver@https://registry.npmjs.org/semver/-/semver-6.3.1.tgz. Extracting by manifest.
3599 silly tarball no local data for debug@https://registry.npmjs.org/debug/-/debug-3.2.7.tgz. Extracting by manifest.
3600 silly tarball no local data for doctrine@https://registry.npmjs.org/doctrine/-/doctrine-2.1.0.tgz. Extracting by manifest.
3601 silly tarball no local data for debug@https://registry.npmjs.org/debug/-/debug-3.2.7.tgz. Extracting by manifest.
3602 silly tarball no local data for ignore@https://registry.npmjs.org/ignore/-/ignore-7.0.10.tgz. Extracting by manifest.
3603 silly tarball no local data for resolve@https://registry.npmjs.org/resolve/-/resolve-1.22.12.tgz. Extracting by manifest.
3604 silly tarball no local data for fast-glob@https://registry.npmjs.org/fast-glob/-/fast-glob-3.3.3.tgz. Extracting by manifest.
3605 silly tarball no local data for glob-parent@https://registry.npmjs.org/glob-parent/-/glob-parent-5.1.2.tgz. Extracting by manifest.
3606 silly tarball no local data for react-is@https://registry.npmjs.org/react-is/-/react-is-18.3.1.tgz. Extracting by manifest.
3607 silly tarball no local data for nanoid@https://registry.npmjs.org/nanoid/-/nanoid-3.3.19.tgz. Extracting by manifest.
3608 silly tarball no local data for nanoid@https://registry.npmjs.org/nanoid/-/nanoid-3.3.19.tgz. Extracting by manifest.
3609 silly tarball no local data for postcss@https://registry.npmjs.org/postcss/-/postcss-8.4.31.tgz. Extracting by manifest.
3610 http fetch POST 200 https://registry.npmjs.org/-/npm/v1/security/advisories/bulk 1411ms
3611 silly audit report {
3611 silly audit report   postcss: [
3611 silly audit report     {
3611 silly audit report       id: 1130709,
3611 silly audit report       url: 'https://github.com/advisories/GHSA-fxqj-rqcc-2cmp',
3611 silly audit report       title: 'PostCSS: incomplete fix of GHSA-6g55-p6wh-862q — attacker-controlled sourceMappingURL reads arbitrary .map files when `from` is unset',
3611 silly audit report       severity: 'moderate',
3611 silly audit report       vulnerable_versions: '<=8.5.22',
3611 silly audit report       cwe: [Array],
3611 silly audit report       cvss: [Object]
3611 silly audit report     },
3611 silly audit report     {
3611 silly audit report       id: 1117015,
3611 silly audit report       url: 'https://github.com/advisories/GHSA-qx2v-qp2m-jg93',
3611 silly audit report       title: 'PostCSS has XSS via Unescaped </style> in its CSS Stringify Output',
3611 silly audit report       severity: 'moderate',
3611 silly audit report       vulnerable_versions: '<8.5.10',
3611 silly audit report       cwe: [Array],
3611 silly audit report       cvss: [Object]
3611 silly audit report     },
3611 silly audit report     {
3611 silly audit report       id: 1124252,
3611 silly audit report       url: 'https://github.com/advisories/GHSA-6g55-p6wh-862q',
3611 silly audit report       title: 'PostCSS: Arbitrary file read and information disclosure via attacker-controlled sourceMappingURL in CSS comments',
3611 silly audit report       severity: 'high',
3611 silly audit report       vulnerable_versions: '<=8.5.11',
3611 silly audit report       cwe: [Array],
3611 silly audit report       cvss: [Object]
3611 silly audit report     },
3611 silly audit report     {
3611 silly audit report       id: 1139510,
3611 silly audit report       url: 'https://github.com/advisories/GHSA-r28c-9q8g-f849',
3611 silly audit report       title: 'PostCSS: Path Traversal in Previous Source Map Auto-Loading (sourceMappingURL) leads to Arbitrary .map File Disclosure',
3611 silly audit report       severity: 'high',
3611 silly audit report       vulnerable_versions: '<=8.5.17',
3611 silly audit report       cwe: [Array],
3611 silly audit report       cvss: [Object]
3611 silly audit report     }
3611 silly audit report   ]
3611 silly audit report }
3612 silly packumentCache corgi:https://registry.npmjs.org/postcss cache-miss
3613 http cache wrap-ansi@https://registry.npmjs.org/wrap-ansi/-/wrap-ansi-6.2.0.tgz 0ms (cache hit)
3614 http cache is-fullwidth-code-point@https://registry.npmjs.org/is-fullwidth-code-point/-/is-fullwidth-code-point-3.0.0.tgz 0ms (cache hit)
3615 http cache camelcase@https://registry.npmjs.org/camelcase/-/camelcase-5.3.1.tgz 0ms (cache hit)
3616 http cache p-try@https://registry.npmjs.org/p-try/-/p-try-2.2.0.tgz 0ms (cache hit)
3617 http cache string-width@https://registry.npmjs.org/string-width/-/string-width-4.2.3.tgz 0ms (cache hit)
3618 http cache y18n@https://registry.npmjs.org/y18n/-/y18n-4.0.3.tgz 0ms (cache hit)
3619 http cache is-number-object@https://registry.npmjs.org/is-number-object/-/is-number-object-1.1.1.tgz 0ms (cache hit)
3620 http cache isexe@https://registry.npmjs.org/isexe/-/isexe-2.0.0.tgz 0ms (cache hit)
3621 http cache yargs-parser@https://registry.npmjs.org/yargs-parser/-/yargs-parser-18.1.3.tgz 0ms (cache hit)
3622 http cache generator-function@https://registry.npmjs.org/generator-function/-/generator-function-2.0.1.tgz 0ms (cache hit)
3623 http cache is-weakset@https://registry.npmjs.org/is-weakset/-/is-weakset-2.0.4.tgz 0ms (cache hit)
3624 http cache is-map@https://registry.npmjs.org/is-map/-/is-map-2.0.3.tgz 0ms (cache hit)
3625 http cache which-collection@https://registry.npmjs.org/which-collection/-/which-collection-1.0.2.tgz 0ms (cache hit)
3626 http cache async-function@https://registry.npmjs.org/async-function/-/async-function-1.0.0.tgz 0ms (cache hit)
3627 http cache is-generator-function@https://registry.npmjs.org/is-generator-function/-/is-generator-function-1.1.2.tgz 0ms (cache hit)
3628 http cache is-finalizationregistry@https://registry.npmjs.org/is-finalizationregistry/-/is-finalizationregistry-1.1.1.tgz 0ms (cache hit)
3629 http fetch GET 200 https://registry.npmjs.org/require-directory/-/require-directory-2.1.1.tgz 1009ms (cache miss)
3630 http fetch GET 200 https://registry.npmjs.org/decamelize/-/decamelize-1.2.0.tgz 1009ms (cache miss)
3631 http fetch GET 200 https://registry.npmjs.org/set-blocking/-/set-blocking-2.0.0.tgz 1017ms (cache miss)
3632 http fetch GET 200 https://registry.npmjs.org/require-main-filename/-/require-main-filename-2.0.0.tgz 1014ms (cache miss)
3633 http fetch GET 200 https://registry.npmjs.org/get-caller-file/-/get-caller-file-2.0.5.tgz 1009ms (cache miss)
3634 http fetch GET 200 https://registry.npmjs.org/which-module/-/which-module-2.0.1.tgz 1019ms (cache miss)
3635 http cache https://registry.npmjs.org/is-weakmap/-/is-weakmap-2.0.2.tgz 1019ms (cache hit)
3636 http cache https://registry.npmjs.org/d3-scale/-/d3-scale-4.0.2.tgz 1018ms (cache hit)
3637 http cache https://registry.npmjs.org/d3-interpolate/-/d3-interpolate-3.0.1.tgz 1019ms (cache hit)
3638 http cache https://registry.npmjs.org/d3-ease/-/d3-ease-3.0.1.tgz 1021ms (cache hit)
3639 http cache https://registry.npmjs.org/d3-time/-/d3-time-3.1.0.tgz 1025ms (cache hit)
3640 http cache https://registry.npmjs.org/punycode/-/punycode-2.3.1.tgz 1016ms (cache hit)
3641 http fetch GET 200 https://registry.npmjs.org/cliui/-/cliui-6.0.0.tgz 1051ms (cache miss)
3642 http fetch GET 200 https://registry.npmjs.org/for-each/-/for-each-0.3.5.tgz 1068ms (cache miss)
3643 http fetch GET 200 https://registry.npmjs.org/strip-bom/-/strip-bom-3.0.0.tgz 1071ms (cache miss)
3644 http fetch GET 200 https://registry.npmjs.org/reflect.getprototypeof/-/reflect.getprototypeof-1.0.10.tgz 1087ms (cache miss)
3645 http fetch GET 200 https://registry.npmjs.org/thenify/-/thenify-3.3.1.tgz 1089ms (cache miss)
3646 http fetch GET 200 https://registry.npmjs.org/has-bigints/-/has-bigints-1.1.0.tgz 1093ms (cache miss)
3647 http fetch GET 200 https://registry.npmjs.org/thenify-all/-/thenify-all-1.6.0.tgz 1142ms (cache miss)
3648 http fetch GET 200 https://registry.npmjs.org/@types/json5/-/json5-0.0.29.tgz 1162ms (cache miss)
3649 http fetch GET 200 https://registry.npmjs.org/is-number/-/is-number-7.0.0.tgz 1171ms (cache miss)
3650 http fetch GET 200 https://registry.npmjs.org/lines-and-columns/-/lines-and-columns-1.2.4.tgz 1235ms (cache miss)
3651 http fetch GET 200 https://registry.npmjs.org/@types/d3-path/-/d3-path-3.1.1.tgz 1287ms (cache miss)
3652 http fetch GET 200 https://registry.npmjs.org/which-builtin-type/-/which-builtin-type-1.2.1.tgz 1303ms (cache miss)
3653 http fetch GET 200 https://registry.npmjs.org/@jridgewell/resolve-uri/-/resolve-uri-3.1.2.tgz 1361ms (cache miss)
3654 http fetch GET 200 https://registry.npmjs.org/ts-interface-checker/-/ts-interface-checker-0.1.13.tgz 1371ms (cache miss)
3655 http fetch GET 200 https://registry.npmjs.org/read-cache/-/read-cache-1.0.2.tgz 1417ms (cache miss)
3656 http fetch GET 200 https://registry.npmjs.org/any-promise/-/any-promise-1.3.0.tgz 1441ms (cache miss)
3657 http fetch GET 200 https://registry.npmjs.org/json5/-/json5-1.0.2.tgz 1461ms (cache miss)
3658 http fetch GET 200 https://registry.npmjs.org/binary-extensions/-/binary-extensions-2.3.0.tgz 1456ms (cache miss)
3659 http fetch GET 200 https://registry.npmjs.org/is-binary-path/-/is-binary-path-2.1.0.tgz 1458ms (cache miss)
3660 http fetch GET 200 https://registry.npmjs.org/mz/-/mz-2.7.0.tgz 1467ms (cache miss)
3661 http fetch GET 200 https://registry.npmjs.org/cssesc/-/cssesc-3.0.0.tgz 1475ms (cache miss)
3662 http fetch GET 200 https://registry.npmjs.org/anymatch/-/anymatch-3.1.3.tgz 1561ms (cache miss)
3663 http fetch GET 200 https://registry.npmjs.org/postcss-nested/-/postcss-nested-6.2.0.tgz 1570ms (cache miss)
3664 http fetch GET 200 https://registry.npmjs.org/postcss-load-config/-/postcss-load-config-6.0.1.tgz 1580ms (cache miss)
3665 http fetch GET 200 https://registry.npmjs.org/pirates/-/pirates-4.0.7.tgz 1623ms (cache miss)
3666 http fetch GET 200 https://registry.npmjs.org/commander/-/commander-4.1.1.tgz 1634ms (cache miss)
3667 http fetch GET 200 https://registry.npmjs.org/camelcase-css/-/camelcase-css-2.0.1.tgz 1643ms (cache miss)
3668 http fetch GET 200 https://registry.npmjs.org/util-deprecate/-/util-deprecate-1.0.2.tgz 1646ms (cache miss)
3669 http fetch GET 200 https://registry.npmjs.org/normalize-path/-/normalize-path-3.0.0.tgz 1657ms (cache miss)
3670 http fetch GET 200 https://registry.npmjs.org/lilconfig/-/lilconfig-3.1.3.tgz 1655ms (cache miss)
3671 http fetch GET 200 https://registry.npmjs.org/postcss-import/-/postcss-import-15.1.0.tgz 1706ms (cache miss)
3672 http fetch GET 200 https://registry.npmjs.org/postcss-js/-/postcss-js-4.1.0.tgz 1714ms (cache miss)
3673 http fetch GET 200 https://registry.npmjs.org/readdirp/-/readdirp-3.6.0.tgz 1724ms (cache miss)
3674 http fetch GET 200 https://registry.npmjs.org/object-hash/-/object-hash-3.0.0.tgz 1733ms (cache miss)
3675 http fetch GET 200 https://registry.npmjs.org/dlv/-/dlv-1.1.3.tgz 1729ms (cache miss)
3676 http fetch GET 200 https://registry.npmjs.org/which-boxed-primitive/-/which-boxed-primitive-1.1.1.tgz 1810ms (cache miss)
3677 http fetch GET 200 https://registry.npmjs.org/@alloc/quick-lru/-/quick-lru-5.3.0.tgz 1779ms (cache miss)
3678 http fetch GET 200 https://registry.npmjs.org/has-flag/-/has-flag-4.0.0.tgz 1790ms (cache miss)
3679 http fetch GET 200 https://registry.npmjs.org/arg/-/arg-5.0.2.tgz 1803ms (cache miss)
3680 http fetch GET 200 https://registry.npmjs.org/ansi-regex/-/ansi-regex-5.0.1.tgz 1811ms (cache miss)
3681 http fetch GET 200 https://registry.npmjs.org/minimist/-/minimist-1.2.8.tgz 1862ms (cache miss)
3682 http fetch GET 200 https://registry.npmjs.org/chokidar/-/chokidar-3.6.0.tgz 1864ms (cache miss)
3683 http fetch GET 200 https://registry.npmjs.org/@jridgewell/sourcemap-codec/-/sourcemap-codec-1.6.0.tgz 1911ms (cache miss)
3684 http fetch GET 200 https://registry.npmjs.org/isarray/-/isarray-2.0.5.tgz 1896ms (cache miss)
3685 http fetch GET 200 https://registry.npmjs.org/side-channel-weakmap/-/side-channel-weakmap-1.0.2.tgz 1907ms (cache miss)
3686 http fetch GET 200 https://registry.npmjs.org/side-channel-map/-/side-channel-map-1.0.1.tgz 1914ms (cache miss)
3687 http fetch GET 200 https://registry.npmjs.org/@jridgewell/gen-mapping/-/gen-mapping-0.3.13.tgz 1978ms (cache miss)
3688 http fetch GET 200 https://registry.npmjs.org/shebang-regex/-/shebang-regex-3.0.0.tgz 1968ms (cache miss)
3689 http fetch GET 200 https://registry.npmjs.org/didyoumean/-/didyoumean-1.2.2.tgz 1984ms (cache miss)
3690 http fetch GET 200 https://registry.npmjs.org/@img/colour/-/colour-1.1.0.tgz 1992ms (cache miss)
3691 http fetch GET 200 https://registry.npmjs.org/wrappy/-/wrappy-1.0.2.tgz 2031ms (cache miss)
3692 http fetch GET 200 https://registry.npmjs.org/once/-/once-1.4.0.tgz 2045ms (cache miss)
3693 http fetch GET 200 https://registry.npmjs.org/side-channel-list/-/side-channel-list-1.0.1.tgz 2059ms (cache miss)
3694 http fetch GET 200 https://registry.npmjs.org/inherits/-/inherits-2.0.4.tgz 2072ms (cache miss)
3695 http fetch GET 200 https://registry.npmjs.org/inflight/-/inflight-1.0.6.tgz 2096ms (cache miss)
3696 http fetch GET 200 https://registry.npmjs.org/@jridgewell/trace-mapping/-/trace-mapping-0.3.31.tgz 2146ms (cache miss)
3697 warn deprecated inflight@1.0.6: This module is not supported, and leaks memory. Do not use it. Check out lru-cache if you want a good and tested way to coalesce async requests by a key value, which is much more comprehensive and powerful.
3698 http fetch GET 200 https://registry.npmjs.org/detect-libc/-/detect-libc-2.1.2.tgz 2173ms (cache miss)
3699 http fetch GET 200 https://registry.npmjs.org/d3-array/-/d3-array-3.2.4.tgz 2253ms (cache miss)
3700 http fetch GET 200 https://registry.npmjs.org/d3-shape/-/d3-shape-3.2.0.tgz 2275ms (cache miss)
3701 http fetch GET 200 https://registry.npmjs.org/supports-preserve-symlinks-flag/-/supports-preserve-symlinks-flag-1.0.0.tgz 2231ms (cache miss)
3702 http fetch GET 200 https://registry.npmjs.org/glob/-/glob-7.2.3.tgz 2369ms (cache miss)
3703 warn deprecated glob@7.2.3: Old versions of glob are not supported, and contain widely publicized security vulnerabilities, which have been fixed in the current version. Please update. Support for old versions may be purchased (at exorbitant rates) by contacting i@izs.me
3704 http fetch GET 200 https://registry.npmjs.org/path-parse/-/path-parse-1.0.7.tgz 2398ms (cache miss)
3705 http fetch GET 200 https://registry.npmjs.org/path-is-absolute/-/path-is-absolute-1.0.1.tgz 2453ms (cache miss)
3706 http fetch GET 200 https://registry.npmjs.org/client-only/-/client-only-0.0.1.tgz 2482ms (cache miss)
3707 http fetch GET 200 https://registry.npmjs.org/react-transition-group/-/react-transition-group-4.4.5.tgz 2651ms (cache miss)
3708 http fetch GET 200 https://registry.npmjs.org/fast-equals/-/fast-equals-5.4.3.tgz 2685ms (cache miss)
3709 http fetch GET 200 https://registry.npmjs.org/queue-microtask/-/queue-microtask-1.2.3.tgz 2745ms (cache miss)
3710 http fetch GET 200 https://registry.npmjs.org/tiny-invariant/-/tiny-invariant-1.3.3.tgz 2754ms (cache miss)
3711 http fetch GET 200 https://registry.npmjs.org/fs.realpath/-/fs.realpath-1.0.0.tgz 2880ms (cache miss)
3712 http fetch GET 200 https://registry.npmjs.org/decimal.js-light/-/decimal.js-light-2.5.1.tgz 2988ms (cache miss)
3713 http fetch GET 200 https://registry.npmjs.org/recharts-scale/-/recharts-scale-0.4.5.tgz 3024ms (cache miss)
3714 http fetch GET 200 https://registry.npmjs.org/postcss-selector-parser/-/postcss-selector-parser-6.1.4.tgz 3105ms (cache miss)
3715 http fetch GET 200 https://registry.npmjs.org/scheduler/-/scheduler-0.28.0.tgz 3055ms (cache miss)
3716 http fetch GET 200 https://registry.npmjs.org/node-exports-info/-/node-exports-info-1.6.2.tgz 3092ms (cache miss)
3717 http fetch GET 200 https://registry.npmjs.org/js-tokens/-/js-tokens-4.0.0.tgz 3118ms (cache miss)
3718 http fetch GET 200 https://registry.npmjs.org/eventemitter3/-/eventemitter3-4.0.7.tgz 3135ms (cache miss)
3719 http fetch GET 200 https://registry.npmjs.org/react-smooth/-/react-smooth-4.0.4.tgz 3194ms (cache miss)
3720 http fetch GET 200 https://registry.npmjs.org/clsx/-/clsx-2.1.1.tgz 3195ms (cache miss)
3721 http fetch GET 200 https://registry.npmjs.org/loose-envify/-/loose-envify-1.4.0.tgz 3247ms (cache miss)
3722 http fetch GET 200 https://registry.npmjs.org/react-is/-/react-is-16.13.1.tgz 3250ms (cache miss)
3723 http fetch GET 200 https://registry.npmjs.org/object-assign/-/object-assign-4.1.1.tgz 3249ms (cache miss)
3724 http fetch GET 200 https://registry.npmjs.org/dijkstrajs/-/dijkstrajs-1.0.3.tgz 3309ms (cache miss)
3725 http fetch GET 200 https://registry.npmjs.org/callsites/-/callsites-3.1.0.tgz 3356ms (cache miss)
3726 http fetch GET 200 https://registry.npmjs.org/yocto-queue/-/yocto-queue-0.1.0.tgz 3353ms (cache miss)
3727 http fetch GET 200 https://registry.npmjs.org/p-limit/-/p-limit-3.1.0.tgz 3358ms (cache miss)
3728 http fetch GET 200 https://registry.npmjs.org/word-wrap/-/word-wrap-1.2.5.tgz 3364ms (cache miss)
3729 http fetch GET 200 https://registry.npmjs.org/deep-is/-/deep-is-0.1.4.tgz 3393ms (cache miss)
3730 http fetch GET 200 https://registry.npmjs.org/sucrase/-/sucrase-3.35.1.tgz 3582ms (cache miss)
3731 http fetch GET 200 https://registry.npmjs.org/fast-levenshtein/-/fast-levenshtein-2.0.6.tgz 3548ms (cache miss)
3732 http fetch GET 200 https://registry.npmjs.org/@next/env/-/env-15.5.26.tgz 3548ms (cache miss)
3733 http fetch GET 200 https://registry.npmjs.org/concat-map/-/concat-map-0.0.1.tgz 3573ms (cache miss)
3734 http fetch GET 200 https://registry.npmjs.org/balanced-match/-/balanced-match-1.0.2.tgz 3576ms (cache miss)
3735 http fetch GET 200 https://registry.npmjs.org/yargs/-/yargs-15.4.1.tgz 3729ms (cache miss)
3736 http fetch GET 200 https://registry.npmjs.org/fill-range/-/fill-range-7.1.1.tgz 3751ms (cache miss)
3737 http fetch GET 200 https://registry.npmjs.org/picomatch/-/picomatch-2.3.2.tgz 3801ms (cache miss)
3738 http fetch GET 200 https://registry.npmjs.org/to-regex-range/-/to-regex-range-5.0.1.tgz 3838ms (cache miss)
3739 http fetch GET 200 https://registry.npmjs.org/styled-jsx/-/styled-jsx-5.1.6.tgz 3914ms (cache miss)
3740 http fetch GET 200 https://registry.npmjs.org/brace-expansion/-/brace-expansion-1.1.21.tgz 3964ms (cache miss)
3741 http fetch GET 200 https://registry.npmjs.org/source-map-js/-/source-map-js-1.2.1.tgz 3992ms (cache miss)
3742 http fetch GET 200 https://registry.npmjs.org/braces/-/braces-3.0.3.tgz 3996ms (cache miss)
3743 http fetch GET 200 https://registry.npmjs.org/type-check/-/type-check-0.4.0.tgz 4004ms (cache miss)
3744 http fetch GET 200 https://registry.npmjs.org/p-locate/-/p-locate-5.0.0.tgz 4148ms (cache miss)
3745 http fetch GET 200 https://registry.npmjs.org/prelude-ls/-/prelude-ls-1.2.1.tgz 4239ms (cache miss)
3746 http fetch GET 200 https://registry.npmjs.org/is-extglob/-/is-extglob-2.1.1.tgz 4303ms (cache miss)
3747 http fetch GET 200 https://registry.npmjs.org/sharp/-/sharp-0.35.5.tgz 4327ms (cache miss)
3748 http fetch GET 200 https://registry.npmjs.org/argparse/-/argparse-2.0.1.tgz 4379ms (cache miss)
3749 http fetch GET 200 https://registry.npmjs.org/pngjs/-/pngjs-5.0.0.tgz 4415ms (cache miss)
3750 http fetch GET 200 https://registry.npmjs.org/set-function-name/-/set-function-name-2.0.2.tgz 4423ms (cache miss)
3751 http fetch GET 200 https://registry.npmjs.org/json-buffer/-/json-buffer-3.0.1.tgz 4444ms (cache miss)
3752 http fetch GET 200 https://registry.npmjs.org/@babel/runtime/-/runtime-7.29.7.tgz 4506ms (cache miss)
3753 http fetch GET 200 https://registry.npmjs.org/resolve-pkg-maps/-/resolve-pkg-maps-1.0.0.tgz 4536ms (cache miss)
3754 http fetch GET 200 https://registry.npmjs.org/parent-module/-/parent-module-1.0.1.tgz 4579ms (cache miss)
3755 http fetch GET 200 https://registry.npmjs.org/side-channel/-/side-channel-1.1.1.tgz 4626ms (cache miss)
3756 http fetch GET 200 https://registry.npmjs.org/dom-helpers/-/dom-helpers-5.2.1.tgz 4732ms (cache miss)
3757 http fetch GET 200 https://registry.npmjs.org/is-document.all/-/is-document.all-1.0.0.tgz 4749ms (cache miss)
3758 http fetch GET 200 https://registry.npmjs.org/dunder-proto/-/dunder-proto-1.0.1.tgz 4772ms (cache miss)
3759 http fetch GET 200 https://registry.npmjs.org/type-fest/-/type-fest-0.20.2.tgz 4839ms (cache miss)
3760 http fetch GET 200 https://registry.npmjs.org/resolve-from/-/resolve-from-4.0.0.tgz 4901ms (cache miss)
3761 http fetch GET 200 https://registry.npmjs.org/functions-have-names/-/functions-have-names-1.2.3.tgz 4946ms (cache miss)
3762 http fetch GET 200 https://registry.npmjs.org/rimraf/-/rimraf-3.0.2.tgz 4950ms (cache miss)
3763 warn deprecated rimraf@3.0.2: Rimraf versions prior to v4 are no longer supported
3764 http fetch GET 200 https://registry.npmjs.org/keyv/-/keyv-4.5.4.tgz 4990ms (cache miss)
3765 http fetch GET 200 https://registry.npmjs.org/@swc/helpers/-/helpers-0.5.15.tgz 5044ms (cache miss)
3766 http fetch GET 200 https://registry.npmjs.org/victory-vendor/-/victory-vendor-36.9.2.tgz 5109ms (cache miss)
3767 http fetch GET 200 https://registry.npmjs.org/flatted/-/flatted-3.4.4.tgz 5063ms (cache miss)
3768 http fetch GET 200 https://registry.npmjs.org/locate-path/-/locate-path-6.0.0.tgz 5134ms (cache miss)
3769 http fetch GET 200 https://registry.npmjs.org/path-exists/-/path-exists-4.0.0.tgz 5136ms (cache miss)
3770 http fetch GET 200 https://registry.npmjs.org/flat-cache/-/flat-cache-3.2.0.tgz 5216ms (cache miss)
3771 http fetch GET 200 https://registry.npmjs.org/reusify/-/reusify-1.1.0.tgz 5325ms (cache miss)
3772 http fetch GET 200 https://registry.npmjs.org/acorn-jsx/-/acorn-jsx-5.3.2.tgz 5329ms (cache miss)
3773 http fetch GET 200 https://registry.npmjs.org/merge2/-/merge2-1.4.1.tgz 5363ms (cache miss)
3774 http fetch GET 200 https://registry.npmjs.org/esrecurse/-/esrecurse-4.3.0.tgz 5383ms (cache miss)
3775 http fetch GET 200 https://registry.npmjs.org/iterator.prototype/-/iterator.prototype-1.1.5.tgz 5397ms (cache miss)
3776 http fetch GET 200 https://registry.npmjs.org/string.prototype.repeat/-/string.prototype.repeat-1.0.0.tgz 5513ms (cache miss)
3777 http fetch GET 200 https://registry.npmjs.org/prop-types/-/prop-types-15.8.1.tgz 5626ms (cache miss)
3778 http fetch GET 200 https://registry.npmjs.org/estraverse/-/estraverse-5.3.0.tgz 5651ms (cache miss)
3779 http fetch GET 200 https://registry.npmjs.org/object.entries/-/object.entries-1.1.9.tgz 5799ms (cache miss)
3780 http fetch GET 200 https://registry.npmjs.org/acorn/-/acorn-8.18.0.tgz 5851ms (cache miss)
3781 http fetch GET 200 https://registry.npmjs.org/array.prototype.tosorted/-/array.prototype.tosorted-1.1.4.tgz 5929ms (cache miss)
3782 http fetch GET 200 https://registry.npmjs.org/array.prototype.findlast/-/array.prototype.findlast-1.2.5.tgz 5956ms (cache miss)
3783 http fetch GET 200 https://registry.npmjs.org/string.prototype.includes/-/string.prototype.includes-2.0.1.tgz 5957ms (cache miss)
3784 http fetch GET 200 https://registry.npmjs.org/language-tags/-/language-tags-1.0.9.tgz 6014ms (cache miss)
3785 http fetch GET 200 https://registry.npmjs.org/emoji-regex/-/emoji-regex-9.2.2.tgz 6095ms (cache miss)
3786 http fetch GET 200 https://registry.npmjs.org/string.prototype.matchall/-/string.prototype.matchall-4.1.0.tgz 6154ms (cache miss)
3787 http fetch GET 200 https://registry.npmjs.org/es-iterator-helpers/-/es-iterator-helpers-1.4.0.tgz 6156ms (cache miss)
3788 http fetch GET 200 https://registry.npmjs.org/damerau-levenshtein/-/damerau-levenshtein-1.0.8.tgz 6259ms (cache miss)
3789 http fetch GET 200 https://registry.npmjs.org/is-symbol/-/is-symbol-1.1.1.tgz 6385ms (cache miss)
3790 http fetch GET 200 https://registry.npmjs.org/ast-types-flow/-/ast-types-flow-0.0.8.tgz 6412ms (cache miss)
3791 http fetch GET 200 https://registry.npmjs.org/is-date-object/-/is-date-object-1.1.0.tgz 6703ms (cache miss)
3792 http fetch GET 200 https://registry.npmjs.org/has-tostringtag/-/has-tostringtag-1.0.2.tgz 6836ms (cache miss)
3793 http fetch GET 200 https://registry.npmjs.org/unbox-primitive/-/unbox-primitive-1.1.0.tgz 6846ms (cache miss)
3794 http fetch GET 200 https://registry.npmjs.org/es-abstract-get/-/es-abstract-get-1.0.0.tgz 6852ms (cache miss)
3795 http fetch GET 200 https://registry.npmjs.org/jsx-ast-utils/-/jsx-ast-utils-3.3.5.tgz 6878ms (cache miss)
3796 http fetch GET 200 https://registry.npmjs.org/which-typed-array/-/which-typed-array-1.1.24.tgz 6900ms (cache miss)
3797 http fetch GET 200 https://registry.npmjs.org/typed-array-byte-offset/-/typed-array-byte-offset-1.0.5.tgz 6950ms (cache miss)
3798 http fetch GET 200 https://registry.npmjs.org/typed-array-buffer/-/typed-array-buffer-1.0.3.tgz 7058ms (cache miss)
3799 http fetch GET 200 https://registry.npmjs.org/axobject-query/-/axobject-query-4.1.0.tgz 7351ms (cache miss)
3800 http fetch GET 200 https://registry.npmjs.org/aria-query/-/aria-query-5.3.2.tgz 7657ms (cache miss)
3801 http fetch GET 200 https://registry.npmjs.org/typed-array-byte-length/-/typed-array-byte-length-1.0.3.tgz 7719ms (cache miss)
3802 http fetch GET 200 https://registry.npmjs.org/string.prototype.trimstart/-/string.prototype.trimstart-1.0.8.tgz 7747ms (cache miss)
3803 http fetch GET 200 https://registry.npmjs.org/safe-regex-test/-/safe-regex-test-1.1.0.tgz 7926ms (cache miss)
3804 http fetch GET 200 https://registry.npmjs.org/set-proto/-/set-proto-1.0.0.tgz 8017ms (cache miss)
3805 http fetch GET 200 https://registry.npmjs.org/string.prototype.trim/-/string.prototype.trim-1.2.11.tgz 8043ms (cache miss)
3806 http fetch GET 200 https://registry.npmjs.org/safe-push-apply/-/safe-push-apply-1.0.0.tgz 8042ms (cache miss)
3807 http fetch GET 200 https://registry.npmjs.org/possible-typed-array-names/-/possible-typed-array-names-1.1.0.tgz 8054ms (cache miss)
3808 http fetch GET 200 https://registry.npmjs.org/stop-iteration-iterator/-/stop-iteration-iterator-1.1.0.tgz 8205ms (cache miss)
3809 http fetch GET 200 https://registry.npmjs.org/regexp.prototype.flags/-/regexp.prototype.flags-1.5.4.tgz 8327ms (cache miss)
3810 http fetch GET 200 https://registry.npmjs.org/safe-array-concat/-/safe-array-concat-1.1.4.tgz 8331ms (cache miss)
3811 http fetch GET 200 https://registry.npmjs.org/own-keys/-/own-keys-1.0.2.tgz 8369ms (cache miss)
3812 http fetch GET 200 https://registry.npmjs.org/lodash/-/lodash-4.18.1.tgz 8643ms (cache miss)
3813 http fetch GET 200 https://registry.npmjs.org/micromatch/-/micromatch-4.0.8.tgz 8625ms (cache miss)
3814 http fetch GET 200 https://registry.npmjs.org/object-inspect/-/object-inspect-1.13.4.tgz 8682ms (cache miss)
3815 http fetch GET 200 https://registry.npmjs.org/axe-core/-/axe-core-4.13.0.tgz 8707ms (cache miss)
3816 http fetch GET 200 https://registry.npmjs.org/is-typed-array/-/is-typed-array-1.1.15.tgz 8753ms (cache miss)
3817 http fetch GET 200 https://registry.npmjs.org/is-shared-array-buffer/-/is-shared-array-buffer-1.0.4.tgz 8806ms (cache miss)
3818 http fetch GET 200 https://registry.npmjs.org/object.assign/-/object.assign-4.1.7.tgz 8840ms (cache miss)
3819 http fetch GET 200 https://registry.npmjs.org/language-subtag-registry/-/language-subtag-registry-0.3.23.tgz 9069ms (cache miss)
3820 http fetch GET 200 https://registry.npmjs.org/is-weakref/-/is-weakref-1.1.1.tgz 9045ms (cache miss)
3821 http fetch GET 200 https://registry.npmjs.org/is-regex/-/is-regex-1.2.1.tgz 9063ms (cache miss)
3822 http fetch GET 200 https://registry.npmjs.org/is-negative-zero/-/is-negative-zero-2.0.3.tgz 9081ms (cache miss)
3823 http fetch GET 200 https://registry.npmjs.org/is-set/-/is-set-2.0.3.tgz 9087ms (cache miss)
3824 http fetch GET 200 https://registry.npmjs.org/typed-array-length/-/typed-array-length-1.0.8.tgz 9141ms (cache miss)
3825 http fetch GET 200 https://registry.npmjs.org/is-array-buffer/-/is-array-buffer-3.0.5.tgz 9231ms (cache miss)
3826 http fetch GET 200 https://registry.npmjs.org/is-data-view/-/is-data-view-1.0.2.tgz 9272ms (cache miss)
3827 http fetch GET 200 https://registry.npmjs.org/jiti/-/jiti-1.21.7.tgz 9464ms (cache miss)
3828 http fetch GET 200 https://registry.npmjs.org/internal-slot/-/internal-slot-1.1.0.tgz 9349ms (cache miss)
3829 http fetch GET 200 https://registry.npmjs.org/has-proto/-/has-proto-1.2.0.tgz 9442ms (cache miss)
3830 http fetch GET 200 https://registry.npmjs.org/globalthis/-/globalthis-1.0.4.tgz 9451ms (cache miss)
3831 http fetch GET 200 https://registry.npmjs.org/get-proto/-/get-proto-1.0.1.tgz 9448ms (cache miss)
3832 http fetch GET 200 https://registry.npmjs.org/has-symbols/-/has-symbols-1.1.0.tgz 9471ms (cache miss)
3833 http fetch GET 200 https://registry.npmjs.org/es-set-tostringtag/-/es-set-tostringtag-2.1.0.tgz 9584ms (cache miss)
3834 http fetch GET 200 https://registry.npmjs.org/get-symbol-description/-/get-symbol-description-1.1.0.tgz 9619ms (cache miss)
3835 http fetch GET 200 https://registry.npmjs.org/data-view-byte-offset/-/data-view-byte-offset-1.0.1.tgz 9628ms (cache miss)
3836 http fetch GET 200 https://registry.npmjs.org/es-to-primitive/-/es-to-primitive-1.3.4.tgz 9645ms (cache miss)
3837 http fetch GET 200 https://registry.npmjs.org/data-view-byte-length/-/data-view-byte-length-1.0.2.tgz 9842ms (cache miss)
3838 http fetch GET 200 https://registry.npmjs.org/has-property-descriptors/-/has-property-descriptors-1.0.2.tgz 9959ms (cache miss)
3839 http fetch GET 200 https://registry.npmjs.org/function.prototype.name/-/function.prototype.name-1.2.0.tgz 9975ms (cache miss)
3840 http fetch GET 200 https://registry.npmjs.org/array-buffer-byte-length/-/array-buffer-byte-length-1.0.2.tgz 10005ms (cache miss)
3841 http fetch GET 200 https://registry.npmjs.org/object-keys/-/object-keys-1.1.1.tgz 10061ms (cache miss)
3842 http fetch GET 200 https://registry.npmjs.org/data-view-buffer/-/data-view-buffer-1.0.2.tgz 10197ms (cache miss)
3843 http fetch GET 200 https://registry.npmjs.org/available-typed-arrays/-/available-typed-arrays-1.0.7.tgz 10225ms (cache miss)
3844 http fetch GET 200 https://registry.npmjs.org/arraybuffer.prototype.slice/-/arraybuffer.prototype.slice-1.0.4.tgz 10294ms (cache miss)
3845 http fetch GET 200 https://registry.npmjs.org/define-data-property/-/define-data-property-1.1.4.tgz 10295ms (cache miss)
3846 http fetch GET 200 https://registry.npmjs.org/function-bind/-/function-bind-1.1.2.tgz 10328ms (cache miss)
3847 http fetch GET 200 https://registry.npmjs.org/set-function-length/-/set-function-length-1.2.2.tgz 10407ms (cache miss)
3848 http fetch GET 200 https://registry.npmjs.org/get-intrinsic/-/get-intrinsic-1.3.0.tgz 10453ms (cache miss)
3849 http fetch GET 200 https://registry.npmjs.org/call-bind-apply-helpers/-/call-bind-apply-helpers-1.0.2.tgz 10506ms (cache miss)
3850 http fetch GET 200 https://registry.npmjs.org/es-define-property/-/es-define-property-1.0.1.tgz 10547ms (cache miss)
3851 http fetch GET 200 https://registry.npmjs.org/es-errors/-/es-errors-1.3.0.tgz 10553ms (cache miss)
3852 http fetch GET 200 https://registry.npmjs.org/gopd/-/gopd-1.2.0.tgz 10633ms (cache miss)
3853 http fetch GET 200 https://registry.npmjs.org/is-string/-/is-string-1.1.1.tgz 10641ms (cache miss)
3854 http fetch GET 200 https://registry.npmjs.org/es-object-atoms/-/es-object-atoms-1.1.2.tgz 10669ms (cache miss)
3855 http fetch GET 200 https://registry.npmjs.org/math-intrinsics/-/math-intrinsics-1.1.0.tgz 10675ms (cache miss)
3856 http fetch GET 200 https://registry.npmjs.org/es-shim-unscopables/-/es-shim-unscopables-1.1.0.tgz 10851ms (cache miss)
3857 http fetch GET 200 https://registry.npmjs.org/call-bound/-/call-bound-1.0.4.tgz 10889ms (cache miss)
3858 http fetch GET 200 https://registry.npmjs.org/call-bind/-/call-bind-1.0.9.tgz 10940ms (cache miss)
3859 http fetch GET 200 https://registry.npmjs.org/define-properties/-/define-properties-1.2.1.tgz 10949ms (cache miss)
3860 http fetch GET 200 https://registry.npmjs.org/object.values/-/object.values-1.2.1.tgz 11535ms (cache miss)
3861 http fetch GET 200 https://registry.npmjs.org/object.fromentries/-/object.fromentries-2.0.8.tgz 11604ms (cache miss)
3862 http fetch GET 200 https://registry.npmjs.org/string.prototype.trimend/-/string.prototype.trimend-1.0.10.tgz 11648ms (cache miss)
3863 http fetch GET https://registry.npmjs.org/napi-postinstall/-/napi-postinstall-0.3.4.tgz attempt 1 failed with ECONNRESET
3864 http fetch GET https://registry.npmjs.org/@unrs/resolver-binding-win32-x64-msvc/-/resolver-binding-win32-x64-msvc-1.12.2.tgz attempt 1 failed with ECONNRESET
3865 http fetch GET 200 https://registry.npmjs.org/eslint-module-utils/-/eslint-module-utils-2.14.0.tgz 11818ms (cache miss)
3866 http fetch GET 200 https://registry.npmjs.org/is-callable/-/is-callable-1.2.7.tgz 11856ms (cache miss)
3867 http fetch GET https://registry.npmjs.org/escalade/-/escalade-3.2.0.tgz attempt 1 failed with ECONNRESET
3868 http fetch GET 200 https://registry.npmjs.org/object.groupby/-/object.groupby-1.0.3.tgz 11848ms (cache miss)
3869 http fetch GET 200 https://registry.npmjs.org/array.prototype.flat/-/array.prototype.flat-1.3.3.tgz 11850ms (cache miss)
3870 http fetch GET 200 https://registry.npmjs.org/hasown/-/hasown-2.0.4.tgz 11871ms (cache miss)
3871 http fetch GET 200 https://registry.npmjs.org/unrs-resolver/-/unrs-resolver-1.12.2.tgz 12097ms (cache miss)
3872 http fetch GET 200 https://registry.npmjs.org/array-includes/-/array-includes-3.2.0.tgz 12112ms (cache miss)
3873 http fetch GET 200 https://registry.npmjs.org/tinyglobby/-/tinyglobby-0.2.17.tgz 12153ms (cache miss)
3874 http fetch GET 200 https://registry.npmjs.org/@typescript-eslint/tsconfig-utils/-/tsconfig-utils-8.71.0.tgz 12234ms (cache miss)
3875 http fetch GET 200 https://registry.npmjs.org/is-core-module/-/is-core-module-2.17.0.tgz 12371ms (cache miss)
3876 http fetch GET 200 https://registry.npmjs.org/@typescript-eslint/project-service/-/project-service-8.71.0.tgz 12377ms (cache miss)
3877 http fetch GET 200 https://registry.npmjs.org/get-tsconfig/-/get-tsconfig-4.14.3.tgz 12436ms (cache miss)
3878 http fetch GET 200 https://registry.npmjs.org/stable-hash/-/stable-hash-0.0.5.tgz 12520ms (cache miss)
3879 http fetch GET 200 https://registry.npmjs.org/@typescript-eslint/visitor-keys/-/visitor-keys-8.71.0.tgz 12561ms (cache miss)
3880 http fetch GET 200 https://registry.npmjs.org/semver/-/semver-7.8.5.tgz 12826ms (cache miss)
3881 http fetch GET 200 https://registry.npmjs.org/tsconfig-paths/-/tsconfig-paths-3.15.0.tgz 12932ms (cache miss)
3882 http fetch GET 200 https://registry.npmjs.org/@typescript-eslint/types/-/types-8.71.0.tgz 13058ms (cache miss)
3883 http fetch GET 200 https://registry.npmjs.org/resolve/-/resolve-2.0.0-next.7.tgz 13131ms (cache miss)
3884 http fetch GET 200 https://registry.npmjs.org/@rtsao/scc/-/scc-1.1.0.tgz 13308ms (cache miss)
3885 http fetch GET 200 https://registry.npmjs.org/@typescript-eslint/type-utils/-/type-utils-8.71.0.tgz 13323ms (cache miss)
3886 http fetch GET 200 https://registry.npmjs.org/eslint-plugin-react-hooks/-/eslint-plugin-react-hooks-5.2.0.tgz 13331ms (cache miss)
3887 http fetch GET 200 https://registry.npmjs.org/@typescript-eslint/parser/-/parser-8.71.0.tgz 13335ms (cache miss)
3888 http fetch GET 200 https://registry.npmjs.org/array.prototype.flatmap/-/array.prototype.flatmap-1.3.3.tgz 13497ms (cache miss)
3889 http fetch GET 200 https://registry.npmjs.org/eslint-import-resolver-typescript/-/eslint-import-resolver-typescript-3.10.1.tgz 13507ms (cache miss)
3890 http fetch GET 200 https://registry.npmjs.org/@nolyfill/is-core-module/-/is-core-module-1.0.39.tgz 13529ms (cache miss)
3891 http fetch GET 200 https://registry.npmjs.org/eslint-import-resolver-node/-/eslint-import-resolver-node-0.3.10.tgz 13592ms (cache miss)
3892 http fetch GET 200 https://registry.npmjs.org/ts-api-utils/-/ts-api-utils-2.5.0.tgz 13679ms (cache miss)
3893 http fetch GET 200 https://registry.npmjs.org/@typescript-eslint/utils/-/utils-8.71.0.tgz 13712ms (cache miss)
3894 http fetch GET 200 https://registry.npmjs.org/ms/-/ms-2.1.3.tgz 13808ms (cache miss)
3895 http fetch GET 200 https://registry.npmjs.org/color-name/-/color-name-1.1.4.tgz 13899ms (cache miss)
3896 http fetch GET 200 https://registry.npmjs.org/which/-/which-2.0.2.tgz 13913ms (cache miss)
3897 http fetch GET 200 https://registry.npmjs.org/path-key/-/path-key-3.1.1.tgz 13941ms (cache miss)
3898 http fetch GET 200 https://registry.npmjs.org/fast-glob/-/fast-glob-3.3.1.tgz 13958ms (cache miss)
3899 http fetch GET 200 https://registry.npmjs.org/color-convert/-/color-convert-2.0.1.tgz 14028ms (cache miss)
3900 http fetch GET 200 https://registry.npmjs.org/supports-color/-/supports-color-7.2.0.tgz 14079ms (cache miss)
3901 http fetch GET 200 https://registry.npmjs.org/@typescript-eslint/typescript-estree/-/typescript-estree-8.71.0.tgz 14125ms (cache miss)
3902 http fetch GET 200 https://registry.npmjs.org/ansi-styles/-/ansi-styles-4.3.0.tgz 14199ms (cache miss)
3903 http fetch GET 200 https://registry.npmjs.org/@nodelib/fs.stat/-/fs.stat-2.0.5.tgz 14348ms (cache miss)
3904 http fetch GET 200 https://registry.npmjs.org/shebang-command/-/shebang-command-2.0.0.tgz 14417ms (cache miss)
3905 http fetch GET 200 https://registry.npmjs.org/json-schema-traverse/-/json-schema-traverse-0.4.1.tgz 14424ms (cache miss)
3906 http fetch GET 200 https://registry.npmjs.org/fast-json-stable-stringify/-/fast-json-stable-stringify-2.1.0.tgz 14510ms (cache miss)
3907 http fetch GET 200 https://registry.npmjs.org/run-parallel/-/run-parallel-1.2.0.tgz 14524ms (cache miss)
3908 http fetch GET 200 https://registry.npmjs.org/text-table/-/text-table-0.2.0.tgz 14826ms (cache miss)
3909 http fetch GET 200 https://registry.npmjs.org/import-fresh/-/import-fresh-3.3.1.tgz 14829ms (cache miss)
3910 http fetch GET 200 https://registry.npmjs.org/fastq/-/fastq-1.20.3.tgz 15107ms (cache miss)
3911 http fetch GET 200 https://registry.npmjs.org/@nodelib/fs.scandir/-/fs.scandir-2.1.5.tgz 15202ms (cache miss)
3912 http fetch GET 200 https://registry.npmjs.org/natural-compare/-/natural-compare-1.4.0.tgz 15206ms (cache miss)
3913 http fetch GET 200 https://registry.npmjs.org/strip-ansi/-/strip-ansi-6.0.1.tgz 15234ms (cache miss)
3914 http fetch GET 200 https://registry.npmjs.org/optionator/-/optionator-0.9.4.tgz 15281ms (cache miss)
3915 http fetch GET 200 https://registry.npmjs.org/@next/eslint-plugin-next/-/eslint-plugin-next-15.5.26.tgz 15427ms (cache miss)
3916 http fetch GET 200 https://registry.npmjs.org/eslint-plugin-import/-/eslint-plugin-import-2.32.0.tgz 15546ms (cache miss)
3917 http fetch GET 200 https://registry.npmjs.org/json-stable-stringify-without-jsonify/-/json-stable-stringify-without-jsonify-1.0.1.tgz 15617ms (cache miss)
3918 http fetch GET 200 https://registry.npmjs.org/is-path-inside/-/is-path-inside-3.0.3.tgz 15617ms (cache miss)
3919 http fetch GET 200 https://registry.npmjs.org/eslint-plugin-jsx-a11y/-/eslint-plugin-jsx-a11y-6.10.2.tgz 15729ms (cache miss)
3920 http fetch GET 200 https://registry.npmjs.org/minimatch/-/minimatch-3.1.5.tgz 15962ms (cache miss)
3921 http fetch GET 200 https://registry.npmjs.org/uri-js/-/uri-js-4.4.1.tgz 16060ms (cache miss)
3922 http fetch GET 200 https://registry.npmjs.org/imurmurhash/-/imurmurhash-0.1.4.tgz 16118ms (cache miss)
3923 http fetch GET 200 https://registry.npmjs.org/@rushstack/eslint-patch/-/eslint-patch-1.16.1.tgz 16367ms (cache miss)
3924 http fetch GET 200 https://registry.npmjs.org/@typescript-eslint/scope-manager/-/scope-manager-8.71.0.tgz 16521ms (cache miss)
3925 http fetch GET 200 https://registry.npmjs.org/eslint-plugin-react/-/eslint-plugin-react-7.37.5.tgz 16829ms (cache miss)
3926 http fetch GET 200 https://registry.npmjs.org/strip-json-comments/-/strip-json-comments-3.1.1.tgz 16845ms (cache miss)
3927 http fetch GET 200 https://registry.npmjs.org/levn/-/levn-0.4.1.tgz 16866ms (cache miss)
3928 http fetch GET 200 https://registry.npmjs.org/glob-parent/-/glob-parent-6.0.2.tgz 17082ms (cache miss)
3929 http fetch GET 200 https://registry.npmjs.org/lodash.merge/-/lodash.merge-4.6.2.tgz 17181ms (cache miss)
3930 http fetch GET 200 https://registry.npmjs.org/graphemer/-/graphemer-1.4.0.tgz 17218ms (cache miss)
3931 http fetch GET 200 https://registry.npmjs.org/find-up/-/find-up-5.0.0.tgz 17247ms (cache miss)
3932 http fetch GET 200 https://registry.npmjs.org/globals/-/globals-13.24.0.tgz 17307ms (cache miss)
3933 http fetch GET 200 https://registry.npmjs.org/is-glob/-/is-glob-4.0.3.tgz 17342ms (cache miss)
3934 http fetch GET 200 https://registry.npmjs.org/esutils/-/esutils-2.0.3.tgz 17434ms (cache miss)
3935 http fetch GET 200 https://registry.npmjs.org/fast-deep-equal/-/fast-deep-equal-3.1.3.tgz 17555ms (cache miss)
3936 http fetch GET 200 https://registry.npmjs.org/ignore/-/ignore-5.3.2.tgz 17740ms (cache miss)
3937 http fetch GET 200 https://registry.npmjs.org/doctrine/-/doctrine-3.0.0.tgz 17759ms (cache miss)
3938 http fetch GET 200 https://registry.npmjs.org/@humanwhocodes/object-schema/-/object-schema-2.0.3.tgz 18563ms (cache miss)
3939 http fetch GET 200 https://registry.npmjs.org/file-entry-cache/-/file-entry-cache-6.0.1.tgz 18532ms (cache miss)
3940 warn deprecated @humanwhocodes/object-schema@2.0.3: Use @eslint/object-schema instead
3941 http fetch GET 200 https://registry.npmjs.org/eslint-visitor-keys/-/eslint-visitor-keys-3.4.3.tgz 18575ms (cache miss)
3942 http fetch GET 200 https://registry.npmjs.org/debug/-/debug-4.4.3.tgz 18570ms (cache miss)
3943 http fetch GET 200 https://registry.npmjs.org/eslint-scope/-/eslint-scope-7.2.2.tgz 18611ms (cache miss)
3944 http fetch GET 200 https://registry.npmjs.org/espree/-/espree-9.6.1.tgz 18666ms (cache miss)
3945 http fetch GET 200 https://registry.npmjs.org/cross-spawn/-/cross-spawn-7.0.6.tgz 18806ms (cache miss)
3946 http fetch GET 200 https://registry.npmjs.org/chalk/-/chalk-4.1.2.tgz 18846ms (cache miss)
3947 http fetch GET 200 https://registry.npmjs.org/escape-string-regexp/-/escape-string-regexp-4.0.0.tgz 18887ms (cache miss)
3948 http fetch GET 200 https://registry.npmjs.org/@typescript-eslint/eslint-plugin/-/eslint-plugin-8.71.0.tgz 18995ms (cache miss)
3949 http fetch GET 200 https://registry.npmjs.org/@nodelib/fs.walk/-/fs.walk-1.2.8.tgz 19033ms (cache miss)
3950 http fetch GET 200 https://registry.npmjs.org/@humanwhocodes/config-array/-/config-array-0.13.0.tgz 19135ms (cache miss)
3951 warn deprecated @humanwhocodes/config-array@0.13.0: Use @eslint/config-array instead
3952 http fetch GET 200 https://registry.npmjs.org/update-browserslist-db/-/update-browserslist-db-1.3.3.tgz 19335ms (cache miss)
3953 http fetch GET 200 https://registry.npmjs.org/@humanwhocodes/module-importer/-/module-importer-1.0.1.tgz 19616ms (cache miss)
3954 http fetch GET 200 https://registry.npmjs.org/@ungap/structured-clone/-/structured-clone-1.4.0.tgz 19937ms (cache miss)
3955 http fetch GET 200 https://registry.npmjs.org/electron-to-chromium/-/electron-to-chromium-1.5.442.tgz 20013ms (cache miss)
3956 http fetch GET 200 https://registry.npmjs.org/esquery/-/esquery-1.7.0.tgz 20314ms (cache miss)
3957 http fetch GET 200 https://registry.npmjs.org/node-releases/-/node-releases-2.0.57.tgz 20271ms (cache miss)
3958 http fetch GET 200 https://registry.npmjs.org/@eslint-community/eslint-utils/-/eslint-utils-4.10.1.tgz 20331ms (cache miss)
3959 http fetch GET 200 https://registry.npmjs.org/@eslint/eslintrc/-/eslintrc-2.1.4.tgz 20421ms (cache miss)
3960 http fetch GET 200 https://registry.npmjs.org/picocolors/-/picocolors-1.1.1.tgz 20577ms (cache miss)
3961 http fetch GET 200 https://registry.npmjs.org/browserslist/-/browserslist-4.29.3.tgz 20717ms (cache miss)
3962 http fetch GET 200 https://registry.npmjs.org/baseline-browser-mapping/-/baseline-browser-mapping-2.11.26.tgz 20789ms (cache miss)
3963 http fetch GET 200 https://registry.npmjs.org/js-yaml/-/js-yaml-4.3.2.tgz 20874ms (cache miss)
3964 http fetch GET 200 https://registry.npmjs.org/fraction.js/-/fraction.js-5.3.4.tgz 20947ms (cache miss)
3965 http fetch GET 200 https://registry.npmjs.org/@eslint/js/-/js-8.57.1.tgz 21237ms (cache miss)
3966 http fetch GET 200 https://registry.npmjs.org/postcss-value-parser/-/postcss-value-parser-4.2.0.tgz 21476ms (cache miss)
3967 http fetch GET 200 https://registry.npmjs.org/undici-types/-/undici-types-6.21.0.tgz 21515ms (cache miss)
3968 http fetch GET 200 https://registry.npmjs.org/csstype/-/csstype-3.2.3.tgz 21739ms (cache miss)
3969 http fetch GET 200 https://registry.npmjs.org/cookie/-/cookie-0.7.2.tgz 21804ms (cache miss)
3970 http fetch GET 200 https://registry.npmjs.org/iceberg-js/-/iceberg-js-0.8.1.tgz 22019ms (cache miss)
3971 http fetch GET 200 https://registry.npmjs.org/@types/cookie/-/cookie-0.6.0.tgz 22169ms (cache miss)
3972 http fetch GET 200 https://registry.npmjs.org/tslib/-/tslib-2.8.1.tgz 22267ms (cache miss)
3973 http fetch GET 200 https://registry.npmjs.org/@eslint-community/regexpp/-/regexpp-4.12.2.tgz 22778ms (cache miss)
3974 http fetch GET 200 https://registry.npmjs.org/ua-parser-js/-/ua-parser-js-1.0.41.tgz 22890ms (cache miss)
3975 http fetch GET https://registry.npmjs.org/array.prototype.findlastindex/-/array.prototype.findlastindex-1.2.6.tgz attempt 1 failed with ECONNRESET
3976 http fetch GET 200 https://registry.npmjs.org/@supabase/storage-js/-/storage-js-2.117.2.tgz 22990ms (cache miss)
3977 http fetch GET https://registry.npmjs.org/is-bun-module/-/is-bun-module-2.0.0.tgz attempt 1 failed with ECONNRESET
3978 http fetch GET 200 https://registry.npmjs.org/@supabase/postgrest-js/-/postgrest-js-2.117.2.tgz 23733ms (cache miss)
3979 http fetch GET 200 https://registry.npmjs.org/es-abstract/-/es-abstract-1.24.2.tgz 23929ms (cache miss)
3980 http fetch GET 200 https://registry.npmjs.org/@supabase/functions-js/-/functions-js-2.117.2.tgz 23919ms (cache miss)
3981 http fetch GET 200 https://registry.npmjs.org/@supabase/phoenix/-/phoenix-0.4.5.tgz 24239ms (cache miss)
3982 http fetch GET 200 https://registry.npmjs.org/qrcode/-/qrcode-1.5.4.tgz 24216ms (cache miss)
3983 http fetch GET 200 https://registry.npmjs.org/caniuse-lite/-/caniuse-lite-1.0.30001814.tgz 24872ms (cache miss)
3984 http fetch GET 200 https://registry.npmjs.org/nanoid/-/nanoid-5.1.16.tgz 24912ms (cache miss)
3985 http fetch GET 200 https://registry.npmjs.org/eslint-config-next/-/eslint-config-next-15.5.26.tgz 24975ms (cache miss)
3986 http fetch GET 200 https://registry.npmjs.org/@supabase/realtime-js/-/realtime-js-2.117.2.tgz 25045ms (cache miss)
3987 http fetch GET 200 https://registry.npmjs.org/postcss/-/postcss-8.5.28.tgz 25692ms (cache miss)
3988 http fetch GET 200 https://registry.npmjs.org/@types/react-dom/-/react-dom-19.3.0.tgz 25799ms (cache miss)
3989 http fetch GET 200 https://registry.npmjs.org/ajv/-/ajv-6.15.0.tgz 26206ms (cache miss)
3990 http fetch GET 200 https://registry.npmjs.org/@types/react/-/react-19.3.0.tgz 26281ms (cache miss)
3991 http fetch GET 200 https://registry.npmjs.org/@types/qrcode/-/qrcode-1.5.6.tgz 26384ms (cache miss)
3992 http fetch GET 200 https://registry.npmjs.org/autoprefixer/-/autoprefixer-10.6.1.tgz 26753ms (cache miss)
3993 http fetch GET 200 https://registry.npmjs.org/@supabase/ssr/-/ssr-0.5.2.tgz 27774ms (cache miss)
3994 http fetch GET 200 https://registry.npmjs.org/glob-parent/-/glob-parent-5.1.2.tgz 28059ms (cache miss)
3995 http fetch GET 200 https://registry.npmjs.org/emoji-regex/-/emoji-regex-8.0.0.tgz 28464ms (cache miss)
3996 http fetch GET 200 https://registry.npmjs.org/resolve/-/resolve-1.22.12.tgz 28539ms (cache miss)
3997 http fetch GET 200 https://registry.npmjs.org/p-locate/-/p-locate-4.1.0.tgz 28860ms (cache miss)
3998 http fetch GET 200 https://registry.npmjs.org/semver/-/semver-6.3.1.tgz 29073ms (cache miss)
3999 http fetch GET 200 https://registry.npmjs.org/locate-path/-/locate-path-5.0.0.tgz 29377ms (cache miss)
4000 http fetch GET 200 https://registry.npmjs.org/p-limit/-/p-limit-2.3.0.tgz 29383ms (cache miss)
4001 http fetch GET 200 https://registry.npmjs.org/eslint/-/eslint-8.57.1.tgz 29471ms (cache miss)
4002 warn deprecated eslint@8.57.1: This version is no longer supported. Please see https://eslint.org/version-support for other options.
4003 http fetch GET 200 https://registry.npmjs.org/@types/node/-/node-20.19.43.tgz 29563ms (cache miss)
4004 http fetch GET 200 https://registry.npmjs.org/find-up/-/find-up-4.1.0.tgz 29674ms (cache miss)
4005 http fetch GET 200 https://registry.npmjs.org/fdir/-/fdir-6.5.0.tgz 29751ms (cache miss)
4006 http fetch GET 200 https://registry.npmjs.org/glob-parent/-/glob-parent-5.1.2.tgz 29827ms (cache miss)
4007 http fetch GET 200 https://registry.npmjs.org/@supabase/supabase-js/-/supabase-js-2.117.2.tgz 29894ms (cache miss)
4008 http fetch GET 200 https://registry.npmjs.org/eslint-visitor-keys/-/eslint-visitor-keys-5.0.1.tgz 30011ms (cache miss)
4009 http fetch GET 200 https://registry.npmjs.org/balanced-match/-/balanced-match-4.0.4.tgz 30049ms (cache miss)
4010 http fetch GET 200 https://registry.npmjs.org/debug/-/debug-3.2.7.tgz 30062ms (cache miss)
4011 http fetch GET 200 https://registry.npmjs.org/picomatch/-/picomatch-4.0.7.tgz 30073ms (cache miss)
4012 http fetch GET 200 https://registry.npmjs.org/brace-expansion/-/brace-expansion-5.0.12.tgz 30290ms (cache miss)
4013 http fetch GET 200 https://registry.npmjs.org/doctrine/-/doctrine-2.1.0.tgz 30554ms (cache miss)
4014 http fetch GET 200 https://registry.npmjs.org/debug/-/debug-3.2.7.tgz 30688ms (cache miss)
4015 http fetch GET 200 https://registry.npmjs.org/debug/-/debug-3.2.7.tgz 30951ms (cache miss)
4016 http fetch GET 200 https://registry.npmjs.org/semver/-/semver-6.3.1.tgz 31168ms (cache miss)
4017 http fetch GET 200 https://registry.npmjs.org/semver/-/semver-6.3.1.tgz 31183ms (cache miss)
4018 http fetch GET 200 https://registry.npmjs.org/doctrine/-/doctrine-2.1.0.tgz 31261ms (cache miss)
4019 http fetch GET 200 https://registry.npmjs.org/ignore/-/ignore-7.0.10.tgz 31479ms (cache miss)
4020 http fetch GET 200 https://registry.npmjs.org/glob-parent/-/glob-parent-5.1.2.tgz 31514ms (cache miss)
4021 http fetch GET 200 https://registry.npmjs.org/@supabase/auth-js/-/auth-js-2.117.2.tgz 31794ms (cache miss)
4022 http fetch GET 200 https://registry.npmjs.org/react-is/-/react-is-18.3.1.tgz 31817ms (cache miss)
4023 http fetch GET 200 https://registry.npmjs.org/nanoid/-/nanoid-3.3.19.tgz 32028ms (cache miss)
4024 http fetch GET 200 https://registry.npmjs.org/minimatch/-/minimatch-10.2.6.tgz 32247ms (cache miss)
4025 http fetch GET 200 https://registry.npmjs.org/nanoid/-/nanoid-3.3.19.tgz 32240ms (cache miss)
4026 http fetch GET 200 https://registry.npmjs.org/@types/d3-scale/-/d3-scale-4.0.9.tgz 32900ms (cache revalidated)
4027 http fetch GET 200 https://registry.npmjs.org/@types/d3-shape/-/d3-shape-3.2.0.tgz 33102ms (cache revalidated)
4028 http fetch GET 200 https://registry.npmjs.org/fast-glob/-/fast-glob-3.3.3.tgz 32853ms (cache miss)
4029 http fetch GET 200 https://registry.npmjs.org/@types/d3-interpolate/-/d3-interpolate-3.0.4.tgz 33364ms (cache revalidated)
4030 http fetch GET 200 https://registry.npmjs.org/@types/d3-array/-/d3-array-3.2.2.tgz 33496ms (cache revalidated)
4031 http fetch GET 200 https://registry.npmjs.org/@types/d3-ease/-/d3-ease-3.0.2.tgz 33516ms (cache revalidated)
4032 http fetch GET 200 https://registry.npmjs.org/@types/d3-time/-/d3-time-3.0.4.tgz 33522ms (cache revalidated)
4033 http fetch GET 200 https://registry.npmjs.org/@types/d3-timer/-/d3-timer-3.0.2.tgz 33581ms (cache revalidated)
4034 http fetch GET 200 https://registry.npmjs.org/resolve/-/resolve-1.22.12.tgz 33135ms (cache miss)
4035 http fetch GET 200 https://registry.npmjs.org/array.prototype.findlastindex/-/array.prototype.findlastindex-1.2.6.tgz 33723ms attempt #2 (cache miss)
4036 http fetch GET 200 https://registry.npmjs.org/is-bun-module/-/is-bun-module-2.0.0.tgz 33769ms attempt #2 (cache miss)
4037 http fetch GET 200 https://registry.npmjs.org/escalade/-/escalade-3.2.0.tgz 34066ms attempt #2 (cache miss)
4038 http fetch GET 200 https://registry.npmjs.org/postcss/-/postcss-8.4.31.tgz 33633ms (cache miss)
4039 http fetch GET 200 https://registry.npmjs.org/@img/sharp-win32-x64/-/sharp-win32-x64-0.35.5.tgz 34110ms (cache miss)
4040 http fetch GET 200 https://registry.npmjs.org/napi-postinstall/-/napi-postinstall-0.3.4.tgz 34480ms attempt #2 (cache miss)
4041 http fetch GET https://registry.npmjs.org/react-dom/-/react-dom-19.3.0.tgz attempt 1 failed with ECONNRESET
4042 http fetch GET https://registry.npmjs.org/react/-/react-19.3.0.tgz attempt 1 failed with ECONNRESET
4043 http fetch GET 200 https://registry.npmjs.org/react/-/react-19.3.0.tgz 35645ms attempt #2 (cache miss)
4044 http fetch GET 200 https://registry.npmjs.org/tailwindcss/-/tailwindcss-3.4.19.tgz 37435ms (cache miss)
4045 http fetch GET 200 https://registry.npmjs.org/@unrs/resolver-binding-win32-x64-msvc/-/resolver-binding-win32-x64-msvc-1.12.2.tgz 40044ms attempt #2 (cache miss)
4046 http fetch GET 200 https://registry.npmjs.org/postcss 39226ms (cache miss)
4047 silly packumentCache corgi:https://registry.npmjs.org/postcss set size:undefined disposed:false
4048 silly packumentCache corgi:https://registry.npmjs.org/next cache-miss
4049 http fetch GET 200 https://registry.npmjs.org/zod/-/zod-3.25.76.tgz 57673ms (cache miss)
4050 http fetch GET 200 https://registry.npmjs.org/react-dom/-/react-dom-19.3.0.tgz 57794ms attempt #2 (cache miss)
4051 http fetch GET 200 https://registry.npmjs.org/next 18635ms (cache miss)
4052 silly packumentCache corgi:https://registry.npmjs.org/next set size:undefined disposed:false
4053 http fetch GET 200 https://registry.npmjs.org/recharts/-/recharts-2.15.4.tgz 69046ms (cache miss)
4054 warn deprecated recharts@2.15.4: 1.x and 2.x branches are no longer active. Bump to Recharts v3 to receive latest features and bugfixes. See https://github.com/recharts/recharts/wiki/3.0-migration-guide
4055 http fetch GET 200 https://registry.npmjs.org/typescript/-/typescript-5.9.3.tgz 89702ms (cache miss)
4056 http fetch GET 200 https://registry.npmjs.org/@next/swc-win32-x64-msvc/-/swc-win32-x64-msvc-15.5.26.tgz 90220ms (cache miss)
4057 http fetch GET 200 https://registry.npmjs.org/next/-/next-15.5.26.tgz 243388ms (cache miss)
4058 verbose stack Error: ENOTEMPTY: directory not empty, rmdir 'C:\Users\ricar\Documents\Codex\2026-09-30\build-a-link-shortener-with-click\node_modules\is-async-function\test'
4059 error code ENOTEMPTY
4060 error syscall rmdir
4061 error path C:\Users\ricar\Documents\Codex\2026-09-30\build-a-link-shortener-with-click\node_modules\is-async-function\test
4062 error errno -4051
4063 error ENOTEMPTY: directory not empty, rmdir 'C:\Users\ricar\Documents\Codex\2026-09-30\build-a-link-shortener-with-click\node_modules\is-async-function\test'
4064 silly unfinished npm timer reify 1790766421584
4065 silly unfinished npm timer reify:unpack 1790766643336
4066 silly unfinished npm timer reifyNode:node_modules/is-async-function 1790766643337
4067 verbose cwd C:\Users\ricar\Documents\Codex\2026-09-30\build-a-link-shortener-with-click
4068 verbose os Windows_NT 10.0.26200
4069 verbose node v24.19.0
4070 verbose npm  v11.17.0
4071 verbose exit -4051
4072 verbose code -4051
4073 error A complete log of this run can be found in: C:\Users\ricar\Documents\Codex\2026-09-30\build-a-link-shortener-with-click\work\npm-cache\_logs\2026-09-30T11_07_00_304Z-debug-0.log
