0 verbose cli C:\Program Files\nodejs\node.exe C:\Program Files\nodejs\node_modules\npm\bin\npm-cli.js
1 info using npm@11.17.0
2 info using node@v24.19.0
3 silly config load:file:C:\Program Files\nodejs\node_modules\npm\npmrc
4 silly config load:file:C:\Users\ricar\Documents\Codex\2026-09-30\build-a-link-shortener-with-click\.npmrc
5 silly config load:file:C:\Users\ricar\.npmrc
6 silly config load:file:C:\Users\ricar\AppData\Roaming\npm\etc\npmrc
7 verbose title npm install
8 verbose argv "install"
9 verbose logfile logs-max:10 dir:C:\Users\ricar\Documents\Codex\2026-09-30\build-a-link-shortener-with-click\work\npm-cache\_logs\2026-09-30T11_04_44_577Z-
10 verbose logfile C:\Users\ricar\Documents\Codex\2026-09-30\build-a-link-shortener-with-click\work\npm-cache\_logs\2026-09-30T11_04_44_577Z-debug-0.log
11 silly logfile done cleaning log files
12 silly packumentCache heap:4496293888 maxSize:1124073472 maxEntrySize:562036736
13 silly idealTree buildDeps
14 silly fetch manifest @supabase/ssr@^0.5.2
15 silly packumentCache full:https://registry.npmjs.org/@supabase%2fssr cache-miss
16 http fetch GET 200 https://registry.npmjs.org/npm 392ms
17 http fetch GET https://registry.npmjs.org/@supabase%2fssr attempt 1 failed with ECONNRESET
18 http fetch GET 200 https://registry.npmjs.org/@supabase%2fssr 29369ms attempt #2 (cache miss)
19 silly packumentCache full:https://registry.npmjs.org/@supabase%2fssr set size:undefined disposed:false
20 silly fetch manifest @supabase/supabase-js@^2.45.4
21 silly packumentCache full:https://registry.npmjs.org/@supabase%2fsupabase-js cache-miss
22 http fetch GET 200 https://registry.npmjs.org/@supabase%2fsupabase-js 518ms (cache miss)
23 silly packumentCache full:https://registry.npmjs.org/@supabase%2fsupabase-js set size:undefined disposed:false
24 silly fetch manifest @opentelemetry/api@>=1.0.0
25 silly packumentCache full:https://registry.npmjs.org/@opentelemetry%2fapi cache-miss
26 http fetch GET 200 https://registry.npmjs.org/@opentelemetry%2fapi 1253ms (cache miss)
27 silly packumentCache full:https://registry.npmjs.org/@opentelemetry%2fapi set size:undefined disposed:false
28 silly fetch manifest next@^15.1.0
29 silly packumentCache full:https://registry.npmjs.org/next cache-miss
30 http fetch GET 200 https://registry.npmjs.org/next 1973ms (cache miss)
31 silly packumentCache full:https://registry.npmjs.org/next set size:undefined disposed:false
32 silly fetch manifest @opentelemetry/api@^1.1.0
33 silly packumentCache full:https://registry.npmjs.org/@opentelemetry%2fapi cache-miss
34 http cache https://registry.npmjs.org/@opentelemetry%2fapi 16ms (cache hit)
35 silly packumentCache full:https://registry.npmjs.org/@opentelemetry%2fapi set size:272967 disposed:false
36 silly fetch manifest @playwright/test@^1.51.1
37 silly packumentCache full:https://registry.npmjs.org/@playwright%2ftest cache-miss
38 http fetch GET 200 https://registry.npmjs.org/@playwright%2ftest 1671ms (cache miss)
39 silly packumentCache full:https://registry.npmjs.org/@playwright%2ftest set size:undefined disposed:false
40 silly fetch manifest babel-plugin-react-compiler@*
41 silly packumentCache full:https://registry.npmjs.org/babel-plugin-react-compiler cache-miss
42 http fetch GET 200 https://registry.npmjs.org/babel-plugin-react-compiler 185ms (cache miss)
43 silly packumentCache full:https://registry.npmjs.org/babel-plugin-react-compiler set size:undefined disposed:false
44 silly fetch manifest react@^19.0.0
45 silly packumentCache full:https://registry.npmjs.org/react cache-miss
46 http fetch GET 200 https://registry.npmjs.org/react 742ms (cache miss)
47 silly packumentCache full:https://registry.npmjs.org/react set size:undefined disposed:false
48 silly fetch manifest react-dom@^19.0.0
49 silly packumentCache full:https://registry.npmjs.org/react-dom cache-miss
50 http fetch GET 200 https://registry.npmjs.org/react-dom 558ms (cache miss)
51 silly packumentCache full:https://registry.npmjs.org/react-dom set size:undefined disposed:false
52 silly fetch manifest sass@^1.3.0
53 silly packumentCache full:https://registry.npmjs.org/sass cache-miss
54 http fetch GET 200 https://registry.npmjs.org/sass 146ms (cache miss)
55 silly packumentCache full:https://registry.npmjs.org/sass set size:undefined disposed:false
56 silly fetch manifest nanoid@^5.0.7
57 silly packumentCache full:https://registry.npmjs.org/nanoid cache-miss
58 http fetch GET 200 https://registry.npmjs.org/nanoid 112ms (cache miss)
59 silly packumentCache full:https://registry.npmjs.org/nanoid set size:undefined disposed:false
60 silly fetch manifest qrcode@^1.5.4
61 silly packumentCache full:https://registry.npmjs.org/qrcode cache-miss
62 http fetch GET 200 https://registry.npmjs.org/qrcode 96ms (cache miss)
63 silly packumentCache full:https://registry.npmjs.org/qrcode set size:undefined disposed:false
64 silly fetch manifest recharts@^2.12.7
65 silly packumentCache full:https://registry.npmjs.org/recharts cache-miss
66 http fetch GET 200 https://registry.npmjs.org/recharts 171ms (cache miss)
67 silly packumentCache full:https://registry.npmjs.org/recharts set size:undefined disposed:false
68 silly fetch manifest ua-parser-js@^1.0.39
69 silly packumentCache full:https://registry.npmjs.org/ua-parser-js cache-miss
70 http fetch GET 200 https://registry.npmjs.org/ua-parser-js 127ms (cache miss)
71 silly packumentCache full:https://registry.npmjs.org/ua-parser-js set size:undefined disposed:false
72 silly fetch manifest zod@^3.23.8
73 silly packumentCache full:https://registry.npmjs.org/zod cache-miss
74 http fetch GET 200 https://registry.npmjs.org/zod 1991ms (cache miss)
75 silly packumentCache full:https://registry.npmjs.org/zod set size:undefined disposed:false
76 silly fetch manifest @types/node@^20.14.15
77 silly packumentCache full:https://registry.npmjs.org/@types%2fnode cache-miss
78 http fetch GET 200 https://registry.npmjs.org/@types%2fnode 14025ms (cache miss)
79 silly packumentCache full:https://registry.npmjs.org/@types%2fnode set size:undefined disposed:false
80 silly fetch manifest @types/qrcode@^1.5.5
81 silly packumentCache full:https://registry.npmjs.org/@types%2fqrcode cache-miss
82 http fetch GET 200 https://registry.npmjs.org/@types%2fqrcode 102ms (cache miss)
83 silly packumentCache full:https://registry.npmjs.org/@types%2fqrcode set size:undefined disposed:false
84 silly fetch manifest @types/react@^19.0.0
85 silly packumentCache full:https://registry.npmjs.org/@types%2freact cache-miss
86 http fetch GET 200 https://registry.npmjs.org/@types%2freact 241ms (cache miss)
87 silly packumentCache full:https://registry.npmjs.org/@types%2freact set size:undefined disposed:false
88 silly fetch manifest @types/react-dom@^19.0.0
89 silly packumentCache full:https://registry.npmjs.org/@types%2freact-dom cache-miss
90 http fetch GET 200 https://registry.npmjs.org/@types%2freact-dom 125ms (cache miss)
91 silly packumentCache full:https://registry.npmjs.org/@types%2freact-dom set size:undefined disposed:false
92 silly fetch manifest autoprefixer@^10.4.20
93 silly packumentCache full:https://registry.npmjs.org/autoprefixer cache-miss
94 http fetch GET 200 https://registry.npmjs.org/autoprefixer 121ms (cache miss)
95 silly packumentCache full:https://registry.npmjs.org/autoprefixer set size:undefined disposed:false
96 silly fetch manifest postcss@^8.4.40
97 silly packumentCache full:https://registry.npmjs.org/postcss cache-miss
98 http fetch GET 200 https://registry.npmjs.org/postcss 119ms (cache miss)
99 silly packumentCache full:https://registry.npmjs.org/postcss set size:undefined disposed:false
100 silly fetch manifest eslint@^8.57.0
101 silly packumentCache full:https://registry.npmjs.org/eslint cache-miss
102 http fetch GET 200 https://registry.npmjs.org/eslint 181ms (cache miss)
103 silly packumentCache full:https://registry.npmjs.org/eslint set size:undefined disposed:false
104 silly fetch manifest eslint-config-next@^15.1.0
105 silly packumentCache full:https://registry.npmjs.org/eslint-config-next cache-miss
106 http fetch GET 200 https://registry.npmjs.org/eslint-config-next 985ms (cache miss)
107 silly packumentCache full:https://registry.npmjs.org/eslint-config-next set size:undefined disposed:false
108 silly fetch manifest typescript@^5.5.4
109 silly packumentCache full:https://registry.npmjs.org/typescript cache-miss
110 http fetch GET 200 https://registry.npmjs.org/typescript 498ms (cache miss)
111 silly packumentCache full:https://registry.npmjs.org/typescript set size:undefined disposed:false
112 silly fetch manifest tailwindcss@^3.4.7
113 silly packumentCache full:https://registry.npmjs.org/tailwindcss cache-miss
114 http fetch GET 200 https://registry.npmjs.org/tailwindcss 960ms (cache miss)
115 silly packumentCache full:https://registry.npmjs.org/tailwindcss set size:undefined disposed:false
116 silly placeDep ROOT @supabase/ssr@0.5.2 OK for: shortly-analytics@1.0.0 want: ^0.5.2
117 silly placeDep ROOT @supabase/supabase-js@2.117.2 OK for: @supabase/ssr@0.5.2 want: ^2.43.4
118 silly placeDep ROOT @types/node@20.19.43 OK for: shortly-analytics@1.0.0 want: ^20.14.15
119 silly placeDep ROOT @types/qrcode@1.5.6 OK for: shortly-analytics@1.0.0 want: ^1.5.5
120 silly placeDep ROOT @types/react@19.3.0 OK for: shortly-analytics@1.0.0 want: ^19.0.0
121 silly placeDep ROOT @types/react-dom@19.3.0 OK for: shortly-analytics@1.0.0 want: ^19.0.0
122 silly placeDep ROOT autoprefixer@10.6.1 OK for: shortly-analytics@1.0.0 want: ^10.4.20
123 silly placeDep ROOT postcss@8.5.28 OK for: autoprefixer@10.6.1 want: ^8.1.0
124 silly placeDep ROOT eslint@8.57.1 OK for: shortly-analytics@1.0.0 want: ^8.57.0
125 silly placeDep ROOT eslint-config-next@15.5.26 OK for: shortly-analytics@1.0.0 want: ^15.1.0
126 silly placeDep ROOT nanoid@5.1.16 OK for: shortly-analytics@1.0.0 want: ^5.0.7
127 silly placeDep ROOT next@15.5.26 OK for: shortly-analytics@1.0.0 want: ^15.1.0
128 silly placeDep ROOT react@19.3.0 OK for: next@15.5.26 want: ^18.2.0 || 19.0.0-rc-de68d2f4-20241204 || ^19.0.0
129 silly placeDep ROOT react-dom@19.3.0 OK for: next@15.5.26 want: ^18.2.0 || 19.0.0-rc-de68d2f4-20241204 || ^19.0.0
130 silly placeDep ROOT qrcode@1.5.4 OK for: shortly-analytics@1.0.0 want: ^1.5.4
131 silly placeDep ROOT recharts@2.15.4 OK for: shortly-analytics@1.0.0 want: ^2.12.7
132 silly placeDep ROOT tailwindcss@3.4.19 OK for: shortly-analytics@1.0.0 want: ^3.4.7
133 silly placeDep ROOT typescript@5.9.3 OK for: shortly-analytics@1.0.0 want: ^5.5.4
134 silly placeDep ROOT ua-parser-js@1.0.41 OK for: shortly-analytics@1.0.0 want: ^1.0.39
135 silly placeDep ROOT zod@3.25.76 OK for: shortly-analytics@1.0.0 want: ^3.23.8
136 silly fetch manifest cookie@^0.7.0
137 silly packumentCache full:https://registry.npmjs.org/cookie cache-miss
138 silly fetch manifest @types/cookie@^0.6.0
139 silly packumentCache full:https://registry.npmjs.org/@types%2fcookie cache-miss
140 silly fetch manifest @supabase/auth-js@2.117.2
141 silly packumentCache full:https://registry.npmjs.org/@supabase%2fauth-js cache-miss
142 silly fetch manifest @supabase/storage-js@2.117.2
143 silly packumentCache full:https://registry.npmjs.org/@supabase%2fstorage-js cache-miss
144 silly fetch manifest @supabase/realtime-js@2.117.2
145 silly packumentCache full:https://registry.npmjs.org/@supabase%2frealtime-js cache-miss
146 silly fetch manifest @supabase/functions-js@2.117.2
147 silly packumentCache full:https://registry.npmjs.org/@supabase%2ffunctions-js cache-miss
148 silly fetch manifest @supabase/postgrest-js@2.117.2
149 silly packumentCache full:https://registry.npmjs.org/@supabase%2fpostgrest-js cache-miss
150 silly fetch manifest undici-types@~6.21.0
151 silly packumentCache full:https://registry.npmjs.org/undici-types cache-miss
152 silly fetch manifest csstype@^3.2.2
153 silly packumentCache full:https://registry.npmjs.org/csstype cache-miss
154 silly fetch manifest picocolors@^1.1.1
155 silly packumentCache full:https://registry.npmjs.org/picocolors cache-miss
156 silly fetch manifest fraction.js@^5.3.4
157 silly packumentCache full:https://registry.npmjs.org/fraction.js cache-miss
158 http fetch GET 200 https://registry.npmjs.org/cookie 87ms (cache miss)
159 silly packumentCache full:https://registry.npmjs.org/cookie set size:undefined disposed:false
160 silly fetch manifest browserslist@^4.28.9
161 silly packumentCache full:https://registry.npmjs.org/browserslist cache-miss
162 http fetch GET 200 https://registry.npmjs.org/browserslist 114ms (cache miss)
163 silly packumentCache full:https://registry.npmjs.org/browserslist set size:undefined disposed:false
164 silly fetch manifest caniuse-lite@^1.0.30001810
165 silly packumentCache full:https://registry.npmjs.org/caniuse-lite cache-miss
166 http fetch GET 200 https://registry.npmjs.org/caniuse-lite 235ms (cache miss)
167 silly packumentCache full:https://registry.npmjs.org/caniuse-lite set size:undefined disposed:false
168 silly fetch manifest postcss-value-parser@^4.2.0
169 silly packumentCache full:https://registry.npmjs.org/postcss-value-parser cache-miss
170 http fetch GET 200 https://registry.npmjs.org/postcss-value-parser 87ms (cache miss)
171 silly packumentCache full:https://registry.npmjs.org/postcss-value-parser set size:undefined disposed:false
172 silly fetch manifest nanoid@^3.3.18
173 silly packumentCache full:https://registry.npmjs.org/nanoid cache-miss
174 http fetch GET 200 https://registry.npmjs.org/@types%2fcookie 550ms (cache miss)
175 silly packumentCache full:https://registry.npmjs.org/@types%2fcookie set size:undefined disposed:false
176 silly fetch manifest picocolors@^1.1.1
177 silly packumentCache full:https://registry.npmjs.org/picocolors cache-miss
178 http cache https://registry.npmjs.org/nanoid 11ms (cache hit)
179 silly packumentCache full:https://registry.npmjs.org/nanoid set size:345858 disposed:false
180 silly fetch manifest source-map-js@^1.2.1
181 silly packumentCache full:https://registry.npmjs.org/source-map-js cache-miss
182 http fetch GET 200 https://registry.npmjs.org/picocolors 69ms (cache miss)
183 silly packumentCache full:https://registry.npmjs.org/picocolors set size:undefined disposed:false
184 silly fetch manifest ajv@^6.12.4
185 silly packumentCache full:https://registry.npmjs.org/ajv cache-miss
186 http fetch GET 200 https://registry.npmjs.org/source-map-js 71ms (cache miss)
187 silly packumentCache full:https://registry.npmjs.org/source-map-js set size:undefined disposed:false
188 silly fetch manifest levn@^0.4.1
189 silly packumentCache full:https://registry.npmjs.org/levn cache-miss
190 http fetch GET 200 https://registry.npmjs.org/levn 82ms (cache miss)
191 silly packumentCache full:https://registry.npmjs.org/levn set size:undefined disposed:false
192 silly fetch manifest chalk@^4.0.0
193 silly packumentCache full:https://registry.npmjs.org/chalk cache-miss
194 http fetch GET 200 https://registry.npmjs.org/chalk 79ms (cache miss)
195 silly packumentCache full:https://registry.npmjs.org/chalk set size:undefined disposed:false
196 silly fetch manifest debug@^4.3.2
197 silly packumentCache full:https://registry.npmjs.org/debug cache-miss
198 http fetch GET 200 https://registry.npmjs.org/ajv 232ms (cache miss)
199 silly packumentCache full:https://registry.npmjs.org/ajv set size:undefined disposed:false
200 silly fetch manifest espree@^9.6.1
201 silly packumentCache full:https://registry.npmjs.org/espree cache-miss
202 http fetch GET 200 https://registry.npmjs.org/debug 80ms (cache miss)
203 silly packumentCache full:https://registry.npmjs.org/debug set size:undefined disposed:false
204 silly fetch manifest ignore@^5.2.0
205 silly packumentCache full:https://registry.npmjs.org/ignore cache-miss
206 http fetch GET 200 https://registry.npmjs.org/espree 91ms (cache miss)
207 silly packumentCache full:https://registry.npmjs.org/espree set size:undefined disposed:false
208 silly fetch manifest esquery@^1.4.2
209 silly packumentCache full:https://registry.npmjs.org/esquery cache-miss
210 http fetch GET 200 https://registry.npmjs.org/ignore 92ms (cache miss)
211 silly packumentCache full:https://registry.npmjs.org/ignore set size:undefined disposed:false
212 silly fetch manifest esutils@^2.0.2
213 silly packumentCache full:https://registry.npmjs.org/esutils cache-miss
214 http fetch GET 200 https://registry.npmjs.org/esquery 74ms (cache miss)
215 silly packumentCache full:https://registry.npmjs.org/esquery set size:undefined disposed:false
216 silly fetch manifest find-up@^5.0.0
217 silly packumentCache full:https://registry.npmjs.org/find-up cache-miss
218 http fetch GET 200 https://registry.npmjs.org/esutils 69ms (cache miss)
219 silly packumentCache full:https://registry.npmjs.org/esutils set size:undefined disposed:false
220 silly fetch manifest globals@^13.19.0
221 silly packumentCache full:https://registry.npmjs.org/globals cache-miss
222 http fetch GET 200 https://registry.npmjs.org/find-up 65ms (cache miss)
223 silly packumentCache full:https://registry.npmjs.org/find-up set size:undefined disposed:false
224 silly fetch manifest is-glob@^4.0.0
225 silly packumentCache full:https://registry.npmjs.org/is-glob cache-miss
226 http fetch GET 200 https://registry.npmjs.org/globals 91ms (cache miss)
227 silly packumentCache full:https://registry.npmjs.org/globals set size:undefined disposed:false
228 silly fetch manifest js-yaml@^4.1.0
229 silly packumentCache full:https://registry.npmjs.org/js-yaml cache-miss
230 http fetch GET 200 https://registry.npmjs.org/is-glob 68ms (cache miss)
231 silly packumentCache full:https://registry.npmjs.org/is-glob set size:undefined disposed:false
232 silly fetch manifest doctrine@^3.0.0
233 silly packumentCache full:https://registry.npmjs.org/doctrine cache-miss
234 http fetch GET 200 https://registry.npmjs.org/js-yaml 83ms (cache miss)
235 silly packumentCache full:https://registry.npmjs.org/js-yaml set size:undefined disposed:false
236 silly fetch manifest graphemer@^1.4.0
237 silly packumentCache full:https://registry.npmjs.org/graphemer cache-miss
238 http fetch GET 200 https://registry.npmjs.org/doctrine 77ms (cache miss)
239 silly packumentCache full:https://registry.npmjs.org/doctrine set size:undefined disposed:false
240 silly fetch manifest minimatch@^3.1.2
241 silly packumentCache full:https://registry.npmjs.org/minimatch cache-miss
242 http fetch GET 200 https://registry.npmjs.org/graphemer 71ms (cache miss)
243 silly packumentCache full:https://registry.npmjs.org/graphemer set size:undefined disposed:false
244 silly fetch manifest @eslint/js@8.57.1
245 silly packumentCache full:https://registry.npmjs.org/@eslint%2fjs cache-miss
246 http fetch GET 200 https://registry.npmjs.org/minimatch 96ms (cache miss)
247 silly packumentCache full:https://registry.npmjs.org/minimatch set size:undefined disposed:false
248 silly fetch manifest optionator@^0.9.3
249 silly packumentCache full:https://registry.npmjs.org/optionator cache-miss
250 http fetch GET 200 https://registry.npmjs.org/@eslint%2fjs 95ms (cache miss)
251 silly packumentCache full:https://registry.npmjs.org/@eslint%2fjs set size:undefined disposed:false
252 silly fetch manifest strip-ansi@^6.0.1
253 silly packumentCache full:https://registry.npmjs.org/strip-ansi cache-miss
254 http fetch GET 200 https://registry.npmjs.org/optionator 75ms (cache miss)
255 silly packumentCache full:https://registry.npmjs.org/optionator set size:undefined disposed:false
256 silly fetch manifest text-table@^0.2.0
257 silly packumentCache full:https://registry.npmjs.org/text-table cache-miss
258 http fetch GET 200 https://registry.npmjs.org/text-table 69ms (cache miss)
259 silly packumentCache full:https://registry.npmjs.org/text-table set size:undefined disposed:false
260 silly fetch manifest cross-spawn@^7.0.2
261 silly packumentCache full:https://registry.npmjs.org/cross-spawn cache-miss
262 http fetch GET 200 https://registry.npmjs.org/strip-ansi 184ms (cache miss)
263 silly packumentCache full:https://registry.npmjs.org/strip-ansi set size:undefined disposed:false
264 silly fetch manifest glob-parent@^6.0.2
265 silly packumentCache full:https://registry.npmjs.org/glob-parent cache-miss
266 http fetch GET 200 https://registry.npmjs.org/glob-parent 78ms (cache miss)
267 silly packumentCache full:https://registry.npmjs.org/glob-parent set size:undefined disposed:false
268 silly fetch manifest imurmurhash@^0.1.4
269 silly packumentCache full:https://registry.npmjs.org/imurmurhash cache-miss
270 http fetch GET 200 https://registry.npmjs.org/imurmurhash 74ms (cache miss)
271 silly packumentCache full:https://registry.npmjs.org/imurmurhash set size:undefined disposed:false
272 silly fetch manifest eslint-scope@^7.2.2
273 silly packumentCache full:https://registry.npmjs.org/eslint-scope cache-miss
274 http fetch GET 200 https://registry.npmjs.org/eslint-scope 84ms (cache miss)
275 silly packumentCache full:https://registry.npmjs.org/eslint-scope set size:undefined disposed:false
276 silly fetch manifest lodash.merge@^4.6.2
277 silly packumentCache full:https://registry.npmjs.org/lodash.merge cache-miss
278 http fetch GET 200 https://registry.npmjs.org/cross-spawn 379ms (cache miss)
279 silly packumentCache full:https://registry.npmjs.org/cross-spawn set size:undefined disposed:false
280 silly fetch manifest is-path-inside@^3.0.3
281 silly packumentCache full:https://registry.npmjs.org/is-path-inside cache-miss
282 http fetch GET 200 https://registry.npmjs.org/lodash.merge 74ms (cache miss)
283 silly packumentCache full:https://registry.npmjs.org/lodash.merge set size:undefined disposed:false
284 silly fetch manifest fast-deep-equal@^3.1.3
285 silly packumentCache full:https://registry.npmjs.org/fast-deep-equal cache-miss
286 http fetch GET 200 https://registry.npmjs.org/fast-deep-equal 79ms (cache miss)
287 silly packumentCache full:https://registry.npmjs.org/fast-deep-equal set size:undefined disposed:false
288 silly fetch manifest natural-compare@^1.4.0
289 silly packumentCache full:https://registry.npmjs.org/natural-compare cache-miss
290 http fetch GET 200 https://registry.npmjs.org/natural-compare 215ms (cache miss)
291 silly packumentCache full:https://registry.npmjs.org/natural-compare set size:undefined disposed:false
292 silly fetch manifest @eslint/eslintrc@^2.1.4
293 silly packumentCache full:https://registry.npmjs.org/@eslint%2feslintrc cache-miss
294 http fetch GET 200 https://registry.npmjs.org/is-path-inside 728ms (cache miss)
295 silly packumentCache full:https://registry.npmjs.org/is-path-inside set size:undefined disposed:false
296 silly fetch manifest @nodelib/fs.walk@^1.2.8
297 silly packumentCache full:https://registry.npmjs.org/@nodelib%2ffs.walk cache-miss
298 http fetch GET 200 https://registry.npmjs.org/@eslint%2feslintrc 465ms (cache miss)
299 silly packumentCache full:https://registry.npmjs.org/@eslint%2feslintrc set size:undefined disposed:false
300 silly fetch manifest file-entry-cache@^6.0.1
301 silly packumentCache full:https://registry.npmjs.org/file-entry-cache cache-miss
302 http fetch GET 200 https://registry.npmjs.org/file-entry-cache 223ms (cache miss)
303 silly packumentCache full:https://registry.npmjs.org/file-entry-cache set size:undefined disposed:false
304 silly fetch manifest eslint-visitor-keys@^3.4.3
305 silly packumentCache full:https://registry.npmjs.org/eslint-visitor-keys cache-miss
306 http fetch GET 200 https://registry.npmjs.org/eslint-visitor-keys 173ms (cache miss)
307 silly packumentCache full:https://registry.npmjs.org/eslint-visitor-keys set size:undefined disposed:false
308 silly fetch manifest escape-string-regexp@^4.0.0
309 silly packumentCache full:https://registry.npmjs.org/escape-string-regexp cache-miss
310 http fetch GET 200 https://registry.npmjs.org/@nodelib%2ffs.walk 869ms (cache miss)
311 silly packumentCache full:https://registry.npmjs.org/@nodelib%2ffs.walk set size:undefined disposed:false
312 silly fetch manifest @ungap/structured-clone@^1.2.0
313 silly packumentCache full:https://registry.npmjs.org/@ungap%2fstructured-clone cache-miss
314 http fetch GET 200 https://registry.npmjs.org/escape-string-regexp 439ms (cache miss)
315 silly packumentCache full:https://registry.npmjs.org/escape-string-regexp set size:undefined disposed:false
316 silly fetch manifest @eslint-community/regexpp@^4.6.1
317 silly packumentCache full:https://registry.npmjs.org/@eslint-community%2fregexpp cache-miss
318 http fetch GET 200 https://registry.npmjs.org/@eslint-community%2fregexpp 186ms (cache miss)
319 silly packumentCache full:https://registry.npmjs.org/@eslint-community%2fregexpp set size:undefined disposed:false
320 silly fetch manifest @humanwhocodes/config-array@^0.13.0
321 silly packumentCache full:https://registry.npmjs.org/@humanwhocodes%2fconfig-array cache-miss
322 http fetch GET 200 https://registry.npmjs.org/@humanwhocodes%2fconfig-array 297ms (cache miss)
323 silly packumentCache full:https://registry.npmjs.org/@humanwhocodes%2fconfig-array set size:undefined disposed:false
324 silly fetch manifest @eslint-community/eslint-utils@^4.2.0
325 silly packumentCache full:https://registry.npmjs.org/@eslint-community%2feslint-utils cache-miss
326 http fetch GET 200 https://registry.npmjs.org/@eslint-community%2feslint-utils 225ms (cache miss)
327 silly packumentCache full:https://registry.npmjs.org/@eslint-community%2feslint-utils set size:undefined disposed:false
328 silly fetch manifest @humanwhocodes/module-importer@^1.0.1
329 silly packumentCache full:https://registry.npmjs.org/@humanwhocodes%2fmodule-importer cache-miss
330 http fetch GET 200 https://registry.npmjs.org/@humanwhocodes%2fmodule-importer 165ms (cache miss)
331 silly packumentCache full:https://registry.npmjs.org/@humanwhocodes%2fmodule-importer set size:undefined disposed:false
332 silly fetch manifest json-stable-stringify-without-jsonify@^1.0.1
333 silly packumentCache full:https://registry.npmjs.org/json-stable-stringify-without-jsonify cache-miss
334 http fetch GET 200 https://registry.npmjs.org/json-stable-stringify-without-jsonify 71ms (cache miss)
335 silly packumentCache full:https://registry.npmjs.org/json-stable-stringify-without-jsonify set size:undefined disposed:false
336 silly fetch manifest eslint-plugin-react@^7.37.0
337 silly packumentCache full:https://registry.npmjs.org/eslint-plugin-react cache-miss
338 http fetch GET 200 https://registry.npmjs.org/@ungap%2fstructured-clone 1182ms (cache miss)
339 silly packumentCache full:https://registry.npmjs.org/@ungap%2fstructured-clone set size:undefined disposed:false
340 silly fetch manifest eslint-plugin-import@^2.31.0
341 silly packumentCache full:https://registry.npmjs.org/eslint-plugin-import cache-miss
342 http fetch GET 200 https://registry.npmjs.org/eslint-plugin-react 550ms (cache miss)
343 silly packumentCache full:https://registry.npmjs.org/eslint-plugin-react set size:undefined disposed:false
344 silly fetch manifest eslint-plugin-jsx-a11y@^6.10.0
345 silly packumentCache full:https://registry.npmjs.org/eslint-plugin-jsx-a11y cache-miss
346 http fetch GET 200 https://registry.npmjs.org/eslint-plugin-jsx-a11y 230ms (cache miss)
347 silly packumentCache full:https://registry.npmjs.org/eslint-plugin-jsx-a11y set size:undefined disposed:false
348 silly fetch manifest @rushstack/eslint-patch@^1.10.3
349 silly packumentCache full:https://registry.npmjs.org/@rushstack%2feslint-patch cache-miss
350 http fetch GET 200 https://registry.npmjs.org/@rushstack%2feslint-patch 497ms (cache miss)
351 silly packumentCache full:https://registry.npmjs.org/@rushstack%2feslint-patch set size:undefined disposed:false
352 silly fetch manifest @next/eslint-plugin-next@15.5.26
353 silly packumentCache full:https://registry.npmjs.org/@next%2feslint-plugin-next cache-miss
354 http fetch GET 200 https://registry.npmjs.org/eslint-plugin-import 2407ms (cache miss)
355 silly packumentCache full:https://registry.npmjs.org/eslint-plugin-import set size:undefined disposed:false
356 silly fetch manifest @typescript-eslint/parser@^5.4.2 || ^6.0.0 || ^7.0.0 || ^8.0.0
357 silly packumentCache full:https://registry.npmjs.org/@typescript-eslint%2fparser cache-miss
358 http fetch GET 200 https://registry.npmjs.org/@next%2feslint-plugin-next 1937ms (cache miss)
359 silly packumentCache full:https://registry.npmjs.org/@next%2feslint-plugin-next set size:undefined disposed:false
360 silly fetch manifest eslint-plugin-react-hooks@^5.0.0
361 silly packumentCache full:https://registry.npmjs.org/eslint-plugin-react-hooks cache-miss
362 http fetch GET 200 https://registry.npmjs.org/eslint-plugin-react-hooks 1691ms (cache miss)
363 silly packumentCache full:https://registry.npmjs.org/eslint-plugin-react-hooks set size:undefined disposed:false
364 silly fetch manifest eslint-import-resolver-node@^0.3.6
365 silly packumentCache full:https://registry.npmjs.org/eslint-import-resolver-node cache-miss
366 http fetch GET 200 https://registry.npmjs.org/eslint-import-resolver-node 77ms (cache miss)
367 silly packumentCache full:https://registry.npmjs.org/eslint-import-resolver-node set size:undefined disposed:false
368 silly fetch manifest @typescript-eslint/eslint-plugin@^5.4.2 || ^6.0.0 || ^7.0.0 || ^8.0.0
369 silly packumentCache full:https://registry.npmjs.org/@typescript-eslint%2feslint-plugin cache-miss
370 http fetch GET https://registry.npmjs.org/@supabase%2fauth-js attempt 1 failed with ECONNRESET
371 http fetch GET https://registry.npmjs.org/fraction.js attempt 1 failed with ECONNRESET
372 http fetch GET https://registry.npmjs.org/@supabase%2fstorage-js attempt 1 failed with ECONNRESET
373 http fetch GET https://registry.npmjs.org/undici-types attempt 1 failed with ECONNRESET
374 http fetch GET https://registry.npmjs.org/@supabase%2ffunctions-js attempt 1 failed with ECONNRESET
375 http fetch GET https://registry.npmjs.org/@supabase%2frealtime-js attempt 1 failed with ECONNRESET
376 http fetch GET 200 https://registry.npmjs.org/@typescript-eslint%2feslint-plugin 3477ms (cache miss)
377 silly packumentCache full:https://registry.npmjs.org/@typescript-eslint%2feslint-plugin set size:undefined disposed:false
378 silly fetch manifest eslint-import-resolver-typescript@^3.5.2
379 silly packumentCache full:https://registry.npmjs.org/eslint-import-resolver-typescript cache-miss
380 http fetch GET 200 https://registry.npmjs.org/eslint-import-resolver-typescript 653ms (cache miss)
381 silly packumentCache full:https://registry.npmjs.org/eslint-import-resolver-typescript set size:undefined disposed:false
382 silly fetch manifest postcss@8.4.31
383 silly packumentCache full:https://registry.npmjs.org/postcss cache-miss
384 http cache https://registry.npmjs.org/postcss 9ms (cache hit)
385 silly packumentCache full:https://registry.npmjs.org/postcss set size:766699 disposed:false
386 silly fetch manifest @next/env@15.5.26
387 silly packumentCache full:https://registry.npmjs.org/@next%2fenv cache-miss
388 http fetch GET 200 https://registry.npmjs.org/@next%2fenv 906ms (cache miss)
389 silly packumentCache full:https://registry.npmjs.org/@next%2fenv set size:undefined disposed:false
390 silly fetch manifest styled-jsx@5.1.6
391 silly packumentCache full:https://registry.npmjs.org/styled-jsx cache-miss
392 http fetch GET 200 https://registry.npmjs.org/styled-jsx 116ms (cache miss)
393 silly packumentCache full:https://registry.npmjs.org/styled-jsx set size:undefined disposed:false
394 silly fetch manifest @swc/helpers@0.5.15
395 silly packumentCache full:https://registry.npmjs.org/@swc%2fhelpers cache-miss
396 http fetch GET 200 https://registry.npmjs.org/@swc%2fhelpers 129ms (cache miss)
397 silly packumentCache full:https://registry.npmjs.org/@swc%2fhelpers set size:undefined disposed:false
398 silly fetch manifest caniuse-lite@^1.0.30001579
399 silly packumentCache full:https://registry.npmjs.org/caniuse-lite cache-miss
400 http cache https://registry.npmjs.org/caniuse-lite 9ms (cache hit)
401 silly packumentCache full:https://registry.npmjs.org/caniuse-lite set size:2319807 disposed:false
402 silly fetch manifest sharp@^0.34.3 || ^0.35.4
403 silly packumentCache full:https://registry.npmjs.org/sharp cache-miss
404 http fetch GET 200 https://registry.npmjs.org/sharp 135ms (cache miss)
405 silly packumentCache full:https://registry.npmjs.org/sharp set size:undefined disposed:false
406 silly fetch manifest @next/swc-darwin-x64@15.5.26
407 silly packumentCache full:https://registry.npmjs.org/@next%2fswc-darwin-x64 cache-miss
408 http fetch GET 200 https://registry.npmjs.org/@typescript-eslint%2fparser 8107ms (cache miss)
409 silly packumentCache full:https://registry.npmjs.org/@typescript-eslint%2fparser set size:undefined disposed:false
410 silly fetch manifest @next/swc-darwin-arm64@15.5.26
411 silly packumentCache full:https://registry.npmjs.org/@next%2fswc-darwin-arm64 cache-miss
412 http fetch GET 200 https://registry.npmjs.org/@next%2fswc-darwin-x64 744ms (cache miss)
413 silly packumentCache full:https://registry.npmjs.org/@next%2fswc-darwin-x64 set size:undefined disposed:false
414 silly fetch manifest @next/swc-linux-x64-gnu@15.5.26
415 silly packumentCache full:https://registry.npmjs.org/@next%2fswc-linux-x64-gnu cache-miss
416 http fetch GET 200 https://registry.npmjs.org/@next%2fswc-linux-x64-gnu 789ms (cache miss)
417 silly packumentCache full:https://registry.npmjs.org/@next%2fswc-linux-x64-gnu set size:undefined disposed:false
418 silly fetch manifest @next/swc-linux-x64-musl@15.5.26
419 silly packumentCache full:https://registry.npmjs.org/@next%2fswc-linux-x64-musl cache-miss
420 http fetch GET 200 https://registry.npmjs.org/@next%2fswc-darwin-arm64 2027ms (cache miss)
421 silly packumentCache full:https://registry.npmjs.org/@next%2fswc-darwin-arm64 set size:undefined disposed:false
422 silly fetch manifest @next/swc-win32-x64-msvc@15.5.26
423 silly packumentCache full:https://registry.npmjs.org/@next%2fswc-win32-x64-msvc cache-miss
424 http fetch GET 200 https://registry.npmjs.org/@next%2fswc-linux-x64-musl 963ms (cache miss)
425 silly packumentCache full:https://registry.npmjs.org/@next%2fswc-linux-x64-musl set size:undefined disposed:false
426 silly fetch manifest @next/swc-linux-arm64-gnu@15.5.26
427 silly packumentCache full:https://registry.npmjs.org/@next%2fswc-linux-arm64-gnu cache-miss
428 http fetch GET 200 https://registry.npmjs.org/@next%2fswc-linux-arm64-gnu 1077ms (cache miss)
429 silly packumentCache full:https://registry.npmjs.org/@next%2fswc-linux-arm64-gnu set size:undefined disposed:false
430 silly fetch manifest @next/swc-linux-arm64-musl@15.5.26
431 silly packumentCache full:https://registry.npmjs.org/@next%2fswc-linux-arm64-musl cache-miss
432 http fetch GET https://registry.npmjs.org/@supabase%2fpostgrest-js attempt 1 failed with ECONNRESET
433 http fetch GET https://registry.npmjs.org/csstype attempt 1 failed with ECONNRESET
434 http fetch GET https://registry.npmjs.org/picocolors attempt 1 failed with ECONNRESET
435 http fetch GET 200 https://registry.npmjs.org/@next%2fswc-linux-arm64-musl 1159ms (cache miss)
436 silly packumentCache full:https://registry.npmjs.org/@next%2fswc-linux-arm64-musl set size:undefined disposed:false
437 silly fetch manifest @next/swc-win32-arm64-msvc@15.5.26
438 silly packumentCache full:https://registry.npmjs.org/@next%2fswc-win32-arm64-msvc cache-miss
439 http fetch GET 200 https://registry.npmjs.org/@next%2fswc-win32-arm64-msvc 1699ms (cache miss)
440 silly packumentCache full:https://registry.npmjs.org/@next%2fswc-win32-arm64-msvc set size:undefined disposed:false
441 silly fetch manifest scheduler@^0.28.0
442 silly packumentCache full:https://registry.npmjs.org/scheduler cache-miss
443 http fetch GET 200 https://registry.npmjs.org/@supabase%2fauth-js 21748ms attempt #2 (cache miss)
444 silly packumentCache full:https://registry.npmjs.org/@supabase%2fauth-js set size:undefined disposed:false
445 silly fetch manifest pngjs@^5.0.0
446 silly packumentCache full:https://registry.npmjs.org/pngjs cache-miss
447 http fetch GET 200 https://registry.npmjs.org/pngjs 358ms (cache miss)
448 silly packumentCache full:https://registry.npmjs.org/pngjs set size:undefined disposed:false
449 silly fetch manifest yargs@^15.3.1
450 silly packumentCache full:https://registry.npmjs.org/yargs cache-miss
451 http fetch GET 200 https://registry.npmjs.org/@supabase%2fstorage-js 23309ms attempt #2 (cache miss)
452 silly packumentCache full:https://registry.npmjs.org/@supabase%2fstorage-js set size:undefined disposed:false
453 silly fetch manifest dijkstrajs@^1.0.1
454 silly packumentCache full:https://registry.npmjs.org/dijkstrajs cache-miss
455 http fetch GET 200 https://registry.npmjs.org/yargs 1460ms (cache miss)
456 silly packumentCache full:https://registry.npmjs.org/yargs set size:undefined disposed:false
457 silly fetch manifest clsx@^2.0.0
458 silly packumentCache full:https://registry.npmjs.org/clsx cache-miss
459 http fetch GET 200 https://registry.npmjs.org/dijkstrajs 271ms (cache miss)
460 silly packumentCache full:https://registry.npmjs.org/dijkstrajs set size:undefined disposed:false
461 silly fetch manifest lodash@^4.17.21
462 silly packumentCache full:https://registry.npmjs.org/lodash cache-miss
463 http fetch GET 200 https://registry.npmjs.org/@next%2fswc-win32-x64-msvc 6260ms (cache miss)
464 silly packumentCache full:https://registry.npmjs.org/@next%2fswc-win32-x64-msvc set size:undefined disposed:false
465 silly fetch manifest react-is@^18.3.1
466 silly packumentCache full:https://registry.npmjs.org/react-is cache-miss
467 http fetch GET 200 https://registry.npmjs.org/clsx 148ms (cache miss)
468 silly packumentCache full:https://registry.npmjs.org/clsx set size:undefined disposed:false
469 silly fetch manifest react-smooth@^4.0.4
470 silly packumentCache full:https://registry.npmjs.org/react-smooth cache-miss
471 http fetch GET 200 https://registry.npmjs.org/lodash 167ms (cache miss)
472 silly packumentCache full:https://registry.npmjs.org/lodash set size:undefined disposed:false
473 silly fetch manifest eventemitter3@^4.0.1
474 silly packumentCache full:https://registry.npmjs.org/eventemitter3 cache-miss
475 http fetch GET 200 https://registry.npmjs.org/scheduler 2108ms (cache miss)
476 silly packumentCache full:https://registry.npmjs.org/scheduler set size:undefined disposed:false
477 silly fetch manifest recharts-scale@^0.4.4
478 silly packumentCache full:https://registry.npmjs.org/recharts-scale cache-miss
479 http fetch GET 200 https://registry.npmjs.org/react-smooth 217ms (cache miss)
480 silly packumentCache full:https://registry.npmjs.org/react-smooth set size:undefined disposed:false
481 silly fetch manifest tiny-invariant@^1.3.1
482 silly packumentCache full:https://registry.npmjs.org/tiny-invariant cache-miss
483 http fetch GET 200 https://registry.npmjs.org/recharts-scale 92ms (cache miss)
484 silly packumentCache full:https://registry.npmjs.org/recharts-scale set size:undefined disposed:false
485 silly fetch manifest victory-vendor@^36.6.8
486 silly packumentCache full:https://registry.npmjs.org/victory-vendor cache-miss
487 http fetch GET 200 https://registry.npmjs.org/victory-vendor 166ms (cache miss)
488 silly packumentCache full:https://registry.npmjs.org/victory-vendor set size:undefined disposed:false
489 silly fetch manifest arg@^5.0.2
490 silly packumentCache full:https://registry.npmjs.org/arg cache-miss
491 http fetch GET 200 https://registry.npmjs.org/tiny-invariant 177ms (cache miss)
492 silly packumentCache full:https://registry.npmjs.org/tiny-invariant set size:undefined disposed:false
493 silly fetch manifest dlv@^1.1.3
494 silly packumentCache full:https://registry.npmjs.org/dlv cache-miss
495 http fetch GET 200 https://registry.npmjs.org/eventemitter3 400ms (cache miss)
496 silly packumentCache full:https://registry.npmjs.org/eventemitter3 set size:undefined disposed:false
497 silly fetch manifest jiti@^1.21.7
498 silly packumentCache full:https://registry.npmjs.org/jiti cache-miss
499 http fetch GET 200 https://registry.npmjs.org/arg 109ms (cache miss)
500 silly packumentCache full:https://registry.npmjs.org/arg set size:undefined disposed:false
501 silly fetch manifest is-glob@^4.0.3
502 silly packumentCache full:https://registry.npmjs.org/is-glob cache-miss
503 http cache https://registry.npmjs.org/is-glob 10ms (cache hit)
504 silly packumentCache full:https://registry.npmjs.org/is-glob set size:40530 disposed:false
505 silly fetch manifest resolve@^1.22.8
506 silly packumentCache full:https://registry.npmjs.org/resolve cache-miss
507 http fetch GET 200 https://registry.npmjs.org/dlv 119ms (cache miss)
508 silly packumentCache full:https://registry.npmjs.org/dlv set size:undefined disposed:false
509 silly fetch manifest sucrase@^3.35.0
510 silly packumentCache full:https://registry.npmjs.org/sucrase cache-miss
511 http fetch GET 200 https://registry.npmjs.org/resolve 122ms (cache miss)
512 silly packumentCache full:https://registry.npmjs.org/resolve set size:undefined disposed:false
513 silly fetch manifest chokidar@^3.6.0
514 silly packumentCache full:https://registry.npmjs.org/chokidar cache-miss
515 http fetch GET 200 https://registry.npmjs.org/sucrase 161ms (cache miss)
516 silly packumentCache full:https://registry.npmjs.org/sucrase set size:undefined disposed:false
517 silly fetch manifest fast-glob@^3.3.2
518 silly packumentCache full:https://registry.npmjs.org/fast-glob cache-miss
519 http fetch GET 200 https://registry.npmjs.org/jiti 316ms (cache miss)
520 silly packumentCache full:https://registry.npmjs.org/jiti set size:undefined disposed:false
521 silly fetch manifest lilconfig@^3.1.3
522 silly packumentCache full:https://registry.npmjs.org/lilconfig cache-miss
523 http fetch GET 200 https://registry.npmjs.org/fast-glob 159ms (cache miss)
524 silly packumentCache full:https://registry.npmjs.org/fast-glob set size:undefined disposed:false
525 silly fetch manifest didyoumean@^1.2.2
526 silly packumentCache full:https://registry.npmjs.org/didyoumean cache-miss
527 http fetch GET 200 https://registry.npmjs.org/chokidar 206ms (cache miss)
528 silly packumentCache full:https://registry.npmjs.org/chokidar set size:undefined disposed:false
529 silly fetch manifest micromatch@^4.0.8
530 silly packumentCache full:https://registry.npmjs.org/micromatch cache-miss
531 http fetch GET 200 https://registry.npmjs.org/didyoumean 87ms (cache miss)
532 silly packumentCache full:https://registry.npmjs.org/didyoumean set size:undefined disposed:false
533 silly fetch manifest postcss-js@^4.0.1
534 silly packumentCache full:https://registry.npmjs.org/postcss-js cache-miss
535 http fetch GET 200 https://registry.npmjs.org/micromatch 90ms (cache miss)
536 silly packumentCache full:https://registry.npmjs.org/micromatch set size:undefined disposed:false
537 silly fetch manifest object-hash@^3.0.0
538 silly packumentCache full:https://registry.npmjs.org/object-hash cache-miss
539 http fetch GET 200 https://registry.npmjs.org/object-hash 83ms (cache miss)
540 silly packumentCache full:https://registry.npmjs.org/object-hash set size:undefined disposed:false
541 silly fetch manifest normalize-path@^3.0.0
542 silly packumentCache full:https://registry.npmjs.org/normalize-path cache-miss
543 http fetch GET 200 https://registry.npmjs.org/postcss-js 106ms (cache miss)
544 silly packumentCache full:https://registry.npmjs.org/postcss-js set size:undefined disposed:false
545 silly fetch manifest postcss-import@^15.1.0
546 silly packumentCache full:https://registry.npmjs.org/postcss-import cache-miss
547 http fetch GET 200 https://registry.npmjs.org/lilconfig 302ms (cache miss)
548 silly packumentCache full:https://registry.npmjs.org/lilconfig set size:undefined disposed:false
549 silly fetch manifest postcss-nested@^6.2.0
550 silly packumentCache full:https://registry.npmjs.org/postcss-nested cache-miss
551 http fetch GET 200 https://registry.npmjs.org/normalize-path 79ms (cache miss)
552 silly packumentCache full:https://registry.npmjs.org/normalize-path set size:undefined disposed:false
553 silly fetch manifest @alloc/quick-lru@^5.2.0
554 silly packumentCache full:https://registry.npmjs.org/@alloc%2fquick-lru cache-miss
555 http fetch GET 200 https://registry.npmjs.org/postcss-import 101ms (cache miss)
556 silly packumentCache full:https://registry.npmjs.org/postcss-import set size:undefined disposed:false
557 silly fetch manifest postcss-load-config@^4.0.2 || ^5.0 || ^6.0
558 silly packumentCache full:https://registry.npmjs.org/postcss-load-config cache-miss
559 http fetch GET 200 https://registry.npmjs.org/@alloc%2fquick-lru 125ms (cache miss)
560 silly packumentCache full:https://registry.npmjs.org/@alloc%2fquick-lru set size:undefined disposed:false
561 silly fetch manifest postcss-selector-parser@^6.1.2
562 silly packumentCache full:https://registry.npmjs.org/postcss-selector-parser cache-miss
563 http fetch GET 200 https://registry.npmjs.org/postcss-load-config 98ms (cache miss)
564 silly packumentCache full:https://registry.npmjs.org/postcss-load-config set size:undefined disposed:false
565 http fetch GET 200 https://registry.npmjs.org/postcss-selector-parser 107ms (cache miss)
566 silly packumentCache full:https://registry.npmjs.org/postcss-selector-parser set size:undefined disposed:false
567 http fetch GET 200 https://registry.npmjs.org/postcss-nested 376ms (cache miss)
568 silly packumentCache full:https://registry.npmjs.org/postcss-nested set size:undefined disposed:false
569 http fetch GET 200 https://registry.npmjs.org/react-is 1679ms (cache miss)
570 silly packumentCache full:https://registry.npmjs.org/react-is set size:undefined disposed:false
571 http fetch GET 200 https://registry.npmjs.org/csstype 29251ms attempt #2 (cache miss)
572 silly packumentCache full:https://registry.npmjs.org/csstype set size:undefined disposed:false
573 http fetch GET 200 https://registry.npmjs.org/picocolors 29338ms attempt #2 (cache miss)
574 silly packumentCache full:https://registry.npmjs.org/picocolors set size:undefined disposed:false
575 http fetch GET 200 https://registry.npmjs.org/@supabase%2fpostgrest-js 29367ms attempt #2 (cache miss)
576 silly packumentCache full:https://registry.npmjs.org/@supabase%2fpostgrest-js set size:undefined disposed:false
577 http fetch GET https://registry.npmjs.org/fraction.js attempt 2 failed with ECONNRESET
578 http fetch GET https://registry.npmjs.org/undici-types attempt 2 failed with ECONNRESET
579 http fetch GET https://registry.npmjs.org/@supabase%2frealtime-js attempt 2 failed with ECONNRESET
580 http fetch GET https://registry.npmjs.org/@supabase%2ffunctions-js attempt 2 failed with ECONNRESET
581 http fetch GET 200 https://registry.npmjs.org/undici-types 93490ms attempt #3 (cache miss)
582 silly packumentCache full:https://registry.npmjs.org/undici-types set size:undefined disposed:false
583 http fetch GET 200 https://registry.npmjs.org/fraction.js 93494ms attempt #3 (cache miss)
584 silly packumentCache full:https://registry.npmjs.org/fraction.js set size:undefined disposed:false
585 http fetch GET 200 https://registry.npmjs.org/@supabase%2ffunctions-js 95199ms attempt #3 (cache miss)
586 silly packumentCache full:https://registry.npmjs.org/@supabase%2ffunctions-js set size:undefined disposed:false
587 http fetch GET 200 https://registry.npmjs.org/@supabase%2frealtime-js 96407ms attempt #3 (cache miss)
588 silly packumentCache full:https://registry.npmjs.org/@supabase%2frealtime-js set size:undefined disposed:false
589 silly placeDep ROOT @types/cookie@0.6.0 OK for: @supabase/ssr@0.5.2 want: ^0.6.0
590 silly placeDep ROOT cookie@0.7.2 OK for: @supabase/ssr@0.5.2 want: ^0.7.0
591 silly placeDep ROOT @supabase/auth-js@2.117.2 OK for: @supabase/supabase-js@2.117.2 want: 2.117.2
592 silly placeDep ROOT @supabase/functions-js@2.117.2 OK for: @supabase/supabase-js@2.117.2 want: 2.117.2
593 silly placeDep ROOT @supabase/postgrest-js@2.117.2 OK for: @supabase/supabase-js@2.117.2 want: 2.117.2
594 silly placeDep ROOT @supabase/realtime-js@2.117.2 OK for: @supabase/supabase-js@2.117.2 want: 2.117.2
595 silly placeDep ROOT @supabase/storage-js@2.117.2 OK for: @supabase/supabase-js@2.117.2 want: 2.117.2
596 silly fetch manifest tslib@2.8.1
597 silly packumentCache full:https://registry.npmjs.org/tslib cache-miss
598 silly fetch manifest tslib@2.8.1
599 silly packumentCache full:https://registry.npmjs.org/tslib cache-miss
600 silly fetch manifest tslib@2.8.1
601 silly packumentCache full:https://registry.npmjs.org/tslib cache-miss
602 silly fetch manifest tslib@2.8.1
603 silly packumentCache full:https://registry.npmjs.org/tslib cache-miss
604 silly fetch manifest @supabase/phoenix@0.4.5
605 silly packumentCache full:https://registry.npmjs.org/@supabase%2fphoenix cache-miss
606 silly fetch manifest tslib@2.8.1
607 silly packumentCache full:https://registry.npmjs.org/tslib cache-miss
608 silly fetch manifest iceberg-js@^0.8.1
609 silly packumentCache full:https://registry.npmjs.org/iceberg-js cache-miss
610 http fetch GET 200 https://registry.npmjs.org/tslib 1141ms (cache miss)
611 silly packumentCache full:https://registry.npmjs.org/tslib set size:undefined disposed:false
612 http fetch GET 200 https://registry.npmjs.org/tslib 1149ms (cache miss)
613 silly packumentCache full:https://registry.npmjs.org/tslib set size:undefined disposed:false
614 http fetch GET 200 https://registry.npmjs.org/tslib 1370ms (cache miss)
615 silly packumentCache full:https://registry.npmjs.org/tslib set size:undefined disposed:false
616 http fetch GET 200 https://registry.npmjs.org/tslib 1508ms (cache miss)
617 silly packumentCache full:https://registry.npmjs.org/tslib set size:undefined disposed:false
618 http fetch GET 200 https://registry.npmjs.org/@supabase%2fphoenix 1561ms (cache miss)
619 silly packumentCache full:https://registry.npmjs.org/@supabase%2fphoenix set size:undefined disposed:false
620 http fetch GET 200 https://registry.npmjs.org/tslib 1986ms (cache miss)
621 silly packumentCache full:https://registry.npmjs.org/tslib set size:undefined disposed:false
622 http fetch GET https://registry.npmjs.org/iceberg-js attempt 1 failed with ECONNRESET
623 http fetch GET 200 https://registry.npmjs.org/iceberg-js 22352ms attempt #2 (cache miss)
624 silly packumentCache full:https://registry.npmjs.org/iceberg-js set size:undefined disposed:false
625 silly placeDep ROOT tslib@2.8.1 OK for: @supabase/auth-js@2.117.2 want: 2.8.1
626 silly placeDep ROOT @supabase/phoenix@0.4.5 OK for: @supabase/realtime-js@2.117.2 want: 0.4.5
627 silly placeDep ROOT iceberg-js@0.8.1 OK for: @supabase/storage-js@2.117.2 want: ^0.8.1
628 silly placeDep ROOT undici-types@6.21.0 OK for: @types/node@20.19.43 want: ~6.21.0
629 silly placeDep ROOT csstype@3.2.3 OK for: @types/react@19.3.0 want: ^3.2.2
630 silly placeDep ROOT browserslist@4.29.3 OK for: autoprefixer@10.6.1 want: ^4.28.9
631 silly placeDep ROOT caniuse-lite@1.0.30001814 OK for: autoprefixer@10.6.1 want: ^1.0.30001810
632 silly placeDep ROOT fraction.js@5.3.4 OK for: autoprefixer@10.6.1 want: ^5.3.4
633 silly placeDep ROOT picocolors@1.1.1 OK for: autoprefixer@10.6.1 want: ^1.1.1
634 silly placeDep ROOT postcss-value-parser@4.2.0 OK for: autoprefixer@10.6.1 want: ^4.2.0
635 silly fetch manifest caniuse-lite@^1.0.30001813
636 silly packumentCache full:https://registry.npmjs.org/caniuse-lite cache-miss
637 silly fetch manifest node-releases@^2.0.57
638 silly packumentCache full:https://registry.npmjs.org/node-releases cache-miss
639 silly fetch manifest electron-to-chromium@^1.5.439
640 silly packumentCache full:https://registry.npmjs.org/electron-to-chromium cache-miss
641 silly fetch manifest update-browserslist-db@^1.3.3
642 silly packumentCache full:https://registry.npmjs.org/update-browserslist-db cache-miss
643 silly fetch manifest baseline-browser-mapping@^2.11.26
644 silly packumentCache full:https://registry.npmjs.org/baseline-browser-mapping cache-miss
645 http cache https://registry.npmjs.org/update-browserslist-db 16ms (cache hit)
646 silly packumentCache full:https://registry.npmjs.org/update-browserslist-db set size:71185 disposed:false
647 http cache https://registry.npmjs.org/baseline-browser-mapping 17ms (cache hit)
648 silly packumentCache full:https://registry.npmjs.org/baseline-browser-mapping set size:645799 disposed:false
649 http cache https://registry.npmjs.org/caniuse-lite 33ms (cache hit)
650 silly packumentCache full:https://registry.npmjs.org/caniuse-lite set size:2319807 disposed:false
651 http fetch GET 200 https://registry.npmjs.org/node-releases 688ms (cache miss)
652 silly packumentCache full:https://registry.npmjs.org/node-releases set size:undefined disposed:false
653 http fetch GET 200 https://registry.npmjs.org/electron-to-chromium 23259ms (cache miss)
654 silly packumentCache full:https://registry.npmjs.org/electron-to-chromium set size:undefined disposed:false
655 silly fetch manifest browserslist@>= 4.21.0
656 silly packumentCache full:https://registry.npmjs.org/browserslist cache-miss
657 http cache https://registry.npmjs.org/browserslist 15ms (cache hit)
658 silly packumentCache full:https://registry.npmjs.org/browserslist set size:530436 disposed:false
659 silly placeDep ROOT baseline-browser-mapping@2.11.26 OK for: browserslist@4.29.3 want: ^2.11.26
660 silly placeDep ROOT electron-to-chromium@1.5.442 OK for: browserslist@4.29.3 want: ^1.5.439
661 silly placeDep ROOT node-releases@2.0.57 OK for: browserslist@4.29.3 want: ^2.0.57
662 silly placeDep ROOT update-browserslist-db@1.3.3 OK for: browserslist@4.29.3 want: ^1.3.3
663 silly fetch manifest escalade@^3.2.0
664 silly packumentCache full:https://registry.npmjs.org/escalade cache-miss
665 http cache https://registry.npmjs.org/escalade 7ms (cache hit)
666 silly packumentCache full:https://registry.npmjs.org/escalade set size:33724 disposed:false
667 silly fetch manifest eslint@^6.0.0 || ^7.0.0 || >=8.0.0
668 silly packumentCache full:https://registry.npmjs.org/eslint cache-miss
669 http cache https://registry.npmjs.org/eslint 10ms (cache hit)
670 silly packumentCache full:https://registry.npmjs.org/eslint set size:2085131 disposed:false
671 silly fetch manifest jiti@*
672 silly packumentCache full:https://registry.npmjs.org/jiti cache-miss
673 http cache https://registry.npmjs.org/jiti 16ms (cache hit)
674 silly packumentCache full:https://registry.npmjs.org/jiti set size:387989 disposed:false
675 silly placeDep ROOT @eslint-community/eslint-utils@4.10.1 OK for: eslint@8.57.1 want: ^4.2.0
676 silly placeDep ROOT @eslint-community/regexpp@4.12.2 OK for: eslint@8.57.1 want: ^4.6.1
677 silly placeDep ROOT @eslint/eslintrc@2.1.4 OK for: eslint@8.57.1 want: ^2.1.4
678 silly placeDep ROOT @eslint/js@8.57.1 OK for: eslint@8.57.1 want: 8.57.1
679 silly placeDep ROOT @humanwhocodes/config-array@0.13.0 OK for: eslint@8.57.1 want: ^0.13.0
680 silly placeDep ROOT @humanwhocodes/module-importer@1.0.1 OK for: eslint@8.57.1 want: ^1.0.1
681 silly placeDep ROOT @nodelib/fs.walk@1.2.8 OK for: eslint@8.57.1 want: ^1.2.8
682 silly placeDep ROOT @ungap/structured-clone@1.4.0 OK for: eslint@8.57.1 want: ^1.2.0
683 silly placeDep ROOT ajv@6.15.0 OK for: eslint@8.57.1 want: ^6.12.4
684 silly placeDep ROOT chalk@4.1.2 OK for: eslint@8.57.1 want: ^4.0.0
685 silly placeDep ROOT cross-spawn@7.0.6 OK for: eslint@8.57.1 want: ^7.0.2
686 silly placeDep ROOT debug@4.4.3 OK for: eslint@8.57.1 want: ^4.3.2
687 silly placeDep ROOT doctrine@3.0.0 OK for: eslint@8.57.1 want: ^3.0.0
688 silly placeDep ROOT escape-string-regexp@4.0.0 OK for: eslint@8.57.1 want: ^4.0.0
689 silly placeDep ROOT eslint-scope@7.2.2 OK for: eslint@8.57.1 want: ^7.2.2
690 silly placeDep ROOT eslint-visitor-keys@3.4.3 OK for: eslint@8.57.1 want: ^3.4.3
691 silly placeDep ROOT espree@9.6.1 OK for: eslint@8.57.1 want: ^9.6.1
692 silly placeDep ROOT esquery@1.7.0 OK for: eslint@8.57.1 want: ^1.4.2
693 silly placeDep ROOT esutils@2.0.3 OK for: eslint@8.57.1 want: ^2.0.2
694 silly placeDep ROOT fast-deep-equal@3.1.3 OK for: eslint@8.57.1 want: ^3.1.3
695 silly placeDep ROOT file-entry-cache@6.0.1 OK for: eslint@8.57.1 want: ^6.0.1
696 silly placeDep ROOT find-up@5.0.0 OK for: eslint@8.57.1 want: ^5.0.0
697 silly placeDep ROOT glob-parent@6.0.2 OK for: eslint@8.57.1 want: ^6.0.2
698 silly placeDep ROOT globals@13.24.0 OK for: eslint@8.57.1 want: ^13.19.0
699 silly placeDep ROOT graphemer@1.4.0 OK for: eslint@8.57.1 want: ^1.4.0
700 silly placeDep ROOT ignore@5.3.2 OK for: eslint@8.57.1 want: ^5.2.0
701 silly placeDep ROOT imurmurhash@0.1.4 OK for: eslint@8.57.1 want: ^0.1.4
702 silly placeDep ROOT is-glob@4.0.3 OK for: eslint@8.57.1 want: ^4.0.0
703 silly placeDep ROOT is-path-inside@3.0.3 OK for: eslint@8.57.1 want: ^3.0.3
704 silly placeDep ROOT js-yaml@4.3.2 OK for: eslint@8.57.1 want: ^4.1.0
705 silly placeDep ROOT json-stable-stringify-without-jsonify@1.0.1 OK for: eslint@8.57.1 want: ^1.0.1
706 silly placeDep ROOT levn@0.4.1 OK for: eslint@8.57.1 want: ^0.4.1
707 silly placeDep ROOT lodash.merge@4.6.2 OK for: eslint@8.57.1 want: ^4.6.2
708 silly placeDep ROOT minimatch@3.1.5 OK for: eslint@8.57.1 want: ^3.1.2
709 silly placeDep ROOT natural-compare@1.4.0 OK for: eslint@8.57.1 want: ^1.4.0
710 silly placeDep ROOT optionator@0.9.4 OK for: eslint@8.57.1 want: ^0.9.3
711 silly placeDep ROOT strip-ansi@6.0.1 OK for: eslint@8.57.1 want: ^6.0.1
712 silly placeDep ROOT text-table@0.2.0 OK for: eslint@8.57.1 want: ^0.2.0
713 silly fetch manifest espree@^9.6.0
714 silly packumentCache full:https://registry.npmjs.org/espree cache-miss
715 silly fetch manifest import-fresh@^3.2.1
716 silly packumentCache full:https://registry.npmjs.org/import-fresh cache-miss
717 silly fetch manifest strip-json-comments@^3.1.1
718 silly packumentCache full:https://registry.npmjs.org/strip-json-comments cache-miss
719 silly fetch manifest debug@^4.3.1
720 silly packumentCache full:https://registry.npmjs.org/debug cache-miss
721 silly fetch manifest minimatch@^3.0.5
722 silly packumentCache full:https://registry.npmjs.org/minimatch cache-miss
723 silly fetch manifest @humanwhocodes/object-schema@^2.0.3
724 silly packumentCache full:https://registry.npmjs.org/@humanwhocodes%2fobject-schema cache-miss
725 silly fetch manifest fastq@^1.6.0
726 silly packumentCache full:https://registry.npmjs.org/fastq cache-miss
727 silly fetch manifest @nodelib/fs.scandir@2.1.5
728 silly packumentCache full:https://registry.npmjs.org/@nodelib%2ffs.scandir cache-miss
729 silly fetch manifest uri-js@^4.2.2
730 silly packumentCache full:https://registry.npmjs.org/uri-js cache-miss
731 silly fetch manifest fast-deep-equal@^3.1.1
732 silly packumentCache full:https://registry.npmjs.org/fast-deep-equal cache-miss
733 silly fetch manifest json-schema-traverse@^0.4.1
734 silly packumentCache full:https://registry.npmjs.org/json-schema-traverse cache-miss
735 http cache https://registry.npmjs.org/strip-json-comments 29ms (cache hit)
736 silly packumentCache full:https://registry.npmjs.org/strip-json-comments set size:43569 disposed:false
737 silly fetch manifest fast-json-stable-stringify@^2.0.0
738 silly packumentCache full:https://registry.npmjs.org/fast-json-stable-stringify cache-miss
739 http cache https://registry.npmjs.org/import-fresh 32ms (cache hit)
740 silly packumentCache full:https://registry.npmjs.org/import-fresh set size:26738 disposed:false
741 silly fetch manifest ansi-styles@^4.1.0
742 silly packumentCache full:https://registry.npmjs.org/ansi-styles cache-miss
743 http cache https://registry.npmjs.org/espree 37ms (cache hit)
744 silly packumentCache full:https://registry.npmjs.org/espree set size:326080 disposed:false
745 silly fetch manifest supports-color@^7.1.0
746 silly packumentCache full:https://registry.npmjs.org/supports-color cache-miss
747 http cache https://registry.npmjs.org/@humanwhocodes%2fobject-schema 37ms (cache hit)
748 silly packumentCache full:https://registry.npmjs.org/@humanwhocodes%2fobject-schema set size:30629 disposed:false
749 silly fetch manifest which@^2.0.1
750 silly packumentCache full:https://registry.npmjs.org/which cache-miss
751 http cache https://registry.npmjs.org/minimatch 39ms (cache hit)
752 silly packumentCache full:https://registry.npmjs.org/minimatch set size:377924 disposed:false
753 silly fetch manifest path-key@^3.1.0
754 silly packumentCache full:https://registry.npmjs.org/path-key cache-miss
755 http cache https://registry.npmjs.org/@nodelib%2ffs.scandir 43ms (cache hit)
756 silly packumentCache full:https://registry.npmjs.org/@nodelib%2ffs.scandir set size:49256 disposed:false
757 silly fetch manifest shebang-command@^2.0.0
758 silly packumentCache full:https://registry.npmjs.org/shebang-command cache-miss
759 http cache https://registry.npmjs.org/debug 48ms (cache hit)
760 silly packumentCache full:https://registry.npmjs.org/debug set size:195840 disposed:false
761 silly fetch manifest ms@^2.1.3
762 silly packumentCache full:https://registry.npmjs.org/ms cache-miss
763 http cache https://registry.npmjs.org/fastq 52ms (cache hit)
764 silly packumentCache full:https://registry.npmjs.org/fastq set size:82997 disposed:false
765 silly fetch manifest esrecurse@^4.3.0
766 silly packumentCache full:https://registry.npmjs.org/esrecurse cache-miss
767 http cache https://registry.npmjs.org/uri-js 53ms (cache hit)
768 silly packumentCache full:https://registry.npmjs.org/uri-js set size:42559 disposed:false
769 silly fetch manifest estraverse@^5.2.0
770 silly packumentCache full:https://registry.npmjs.org/estraverse cache-miss
771 http cache https://registry.npmjs.org/fast-deep-equal 54ms (cache hit)
772 silly packumentCache full:https://registry.npmjs.org/fast-deep-equal set size:48634 disposed:false
773 silly fetch manifest acorn@^8.9.0
774 silly packumentCache full:https://registry.npmjs.org/acorn cache-miss
775 http cache https://registry.npmjs.org/ansi-styles 41ms (cache hit)
776 silly packumentCache full:https://registry.npmjs.org/ansi-styles set size:71772 disposed:false
777 silly fetch manifest acorn-jsx@^5.3.2
778 silly packumentCache full:https://registry.npmjs.org/acorn-jsx cache-miss
779 http cache https://registry.npmjs.org/supports-color 38ms (cache hit)
780 silly packumentCache full:https://registry.npmjs.org/supports-color set size:124169 disposed:false
781 silly fetch manifest estraverse@^5.1.0
782 silly packumentCache full:https://registry.npmjs.org/estraverse cache-miss
783 http cache https://registry.npmjs.org/shebang-command 33ms (cache hit)
784 silly packumentCache full:https://registry.npmjs.org/shebang-command set size:8525 disposed:false
785 silly fetch manifest flat-cache@^3.0.4
786 silly packumentCache full:https://registry.npmjs.org/flat-cache cache-miss
787 http cache https://registry.npmjs.org/path-key 37ms (cache hit)
788 silly packumentCache full:https://registry.npmjs.org/path-key set size:16975 disposed:false
789 silly fetch manifest locate-path@^6.0.0
790 silly packumentCache full:https://registry.npmjs.org/locate-path cache-miss
791 http cache https://registry.npmjs.org/which 43ms (cache hit)
792 silly packumentCache full:https://registry.npmjs.org/which set size:70147 disposed:false
793 silly fetch manifest path-exists@^4.0.0
794 silly packumentCache full:https://registry.npmjs.org/path-exists cache-miss
795 http cache https://registry.npmjs.org/ms 32ms (cache hit)
796 silly packumentCache full:https://registry.npmjs.org/ms set size:92208 disposed:false
797 silly fetch manifest type-fest@^0.20.2
798 silly packumentCache full:https://registry.npmjs.org/type-fest cache-miss
799 http cache https://registry.npmjs.org/esrecurse 32ms (cache hit)
800 silly packumentCache full:https://registry.npmjs.org/esrecurse set size:29005 disposed:false
801 silly fetch manifest is-extglob@^2.1.1
802 silly packumentCache full:https://registry.npmjs.org/is-extglob cache-miss
803 http cache https://registry.npmjs.org/estraverse 33ms (cache hit)
804 silly packumentCache full:https://registry.npmjs.org/estraverse set size:62412 disposed:false
805 silly fetch manifest argparse@^2.0.1
806 silly packumentCache full:https://registry.npmjs.org/argparse cache-miss
807 http cache https://registry.npmjs.org/acorn 33ms (cache hit)
808 silly packumentCache full:https://registry.npmjs.org/acorn set size:383439 disposed:false
809 silly fetch manifest prelude-ls@^1.2.1
810 silly packumentCache full:https://registry.npmjs.org/prelude-ls cache-miss
811 http cache https://registry.npmjs.org/acorn-jsx 40ms (cache hit)
812 silly packumentCache full:https://registry.npmjs.org/acorn-jsx set size:71068 disposed:false
813 silly fetch manifest type-check@~0.4.0
814 silly packumentCache full:https://registry.npmjs.org/type-check cache-miss
815 http cache https://registry.npmjs.org/estraverse 40ms (cache hit)
816 silly packumentCache full:https://registry.npmjs.org/estraverse set size:62412 disposed:false
817 silly packumentCache full:https://registry.npmjs.org/estraverse dispose
818 silly fetch manifest brace-expansion@^1.1.7
819 silly packumentCache full:https://registry.npmjs.org/brace-expansion cache-miss
820 http cache https://registry.npmjs.org/locate-path 37ms (cache hit)
821 silly packumentCache full:https://registry.npmjs.org/locate-path set size:31329 disposed:false
822 silly fetch manifest prelude-ls@^1.2.1
823 silly packumentCache full:https://registry.npmjs.org/prelude-ls cache-miss
824 http cache https://registry.npmjs.org/flat-cache 42ms (cache hit)
825 silly packumentCache full:https://registry.npmjs.org/flat-cache set size:160097 disposed:false
826 silly fetch manifest deep-is@^0.1.3
827 silly packumentCache full:https://registry.npmjs.org/deep-is cache-miss
828 http cache https://registry.npmjs.org/path-exists 41ms (cache hit)
829 silly packumentCache full:https://registry.npmjs.org/path-exists set size:13704 disposed:false
830 silly fetch manifest word-wrap@^1.2.5
831 silly packumentCache full:https://registry.npmjs.org/word-wrap cache-miss
832 http cache https://registry.npmjs.org/is-extglob 39ms (cache hit)
833 silly packumentCache full:https://registry.npmjs.org/is-extglob set size:11766 disposed:false
834 silly fetch manifest type-check@^0.4.0
835 silly packumentCache full:https://registry.npmjs.org/type-check cache-miss
836 http cache https://registry.npmjs.org/type-fest 43ms (cache hit)
837 silly packumentCache full:https://registry.npmjs.org/type-fest set size:571296 disposed:false
838 silly fetch manifest fast-levenshtein@^2.0.6
839 silly packumentCache full:https://registry.npmjs.org/fast-levenshtein cache-miss
840 http cache https://registry.npmjs.org/argparse 46ms (cache hit)
841 silly packumentCache full:https://registry.npmjs.org/argparse set size:55000 disposed:false
842 silly fetch manifest ansi-regex@^5.0.1
843 silly packumentCache full:https://registry.npmjs.org/ansi-regex cache-miss
844 http cache https://registry.npmjs.org/prelude-ls 46ms (cache hit)
845 silly packumentCache full:https://registry.npmjs.org/prelude-ls set size:25777 disposed:false
846 http cache https://registry.npmjs.org/type-check 35ms (cache hit)
847 silly packumentCache full:https://registry.npmjs.org/type-check set size:21221 disposed:false
848 http cache https://registry.npmjs.org/prelude-ls 31ms (cache hit)
849 silly packumentCache full:https://registry.npmjs.org/prelude-ls set size:25777 disposed:false
850 silly packumentCache full:https://registry.npmjs.org/prelude-ls dispose
851 http cache https://registry.npmjs.org/brace-expansion 36ms (cache hit)
852 silly packumentCache full:https://registry.npmjs.org/brace-expansion set size:128514 disposed:false
853 http cache https://registry.npmjs.org/deep-is 33ms (cache hit)
854 silly packumentCache full:https://registry.npmjs.org/deep-is set size:10205 disposed:false
855 http cache https://registry.npmjs.org/word-wrap 32ms (cache hit)
856 silly packumentCache full:https://registry.npmjs.org/word-wrap set size:37835 disposed:false
857 http cache https://registry.npmjs.org/type-check 31ms (cache hit)
858 silly packumentCache full:https://registry.npmjs.org/type-check set size:21221 disposed:false
859 silly packumentCache full:https://registry.npmjs.org/type-check dispose
860 http cache https://registry.npmjs.org/fast-levenshtein 26ms (cache hit)
861 silly packumentCache full:https://registry.npmjs.org/fast-levenshtein set size:39317 disposed:false
862 http cache https://registry.npmjs.org/ansi-regex 26ms (cache hit)
863 silly packumentCache full:https://registry.npmjs.org/ansi-regex set size:50305 disposed:false
864 http fetch GET 200 https://registry.npmjs.org/json-schema-traverse 540ms (cache miss)
865 silly packumentCache full:https://registry.npmjs.org/json-schema-traverse set size:undefined disposed:false
866 http fetch GET 200 https://registry.npmjs.org/fast-json-stable-stringify 527ms (cache miss)
867 silly packumentCache full:https://registry.npmjs.org/fast-json-stable-stringify set size:undefined disposed:false
868 silly placeDep ROOT import-fresh@3.3.1 OK for: @eslint/eslintrc@2.1.4 want: ^3.2.1
869 silly placeDep ROOT strip-json-comments@3.1.1 OK for: @eslint/eslintrc@2.1.4 want: ^3.1.1
870 silly fetch manifest resolve-from@^4.0.0
871 silly packumentCache full:https://registry.npmjs.org/resolve-from cache-miss
872 silly fetch manifest parent-module@^1.0.0
873 silly packumentCache full:https://registry.npmjs.org/parent-module cache-miss
874 http fetch GET 200 https://registry.npmjs.org/parent-module 84ms (cache miss)
875 silly packumentCache full:https://registry.npmjs.org/parent-module set size:undefined disposed:false
876 http fetch GET 200 https://registry.npmjs.org/resolve-from 1199ms (cache miss)
877 silly packumentCache full:https://registry.npmjs.org/resolve-from set size:undefined disposed:false
878 silly placeDep ROOT @humanwhocodes/object-schema@2.0.3 OK for: @humanwhocodes/config-array@0.13.0 want: ^2.0.3
879 silly placeDep ROOT @nodelib/fs.scandir@2.1.5 OK for: @nodelib/fs.walk@1.2.8 want: 2.1.5
880 silly placeDep ROOT fastq@1.20.3 OK for: @nodelib/fs.walk@1.2.8 want: ^1.6.0
881 silly fetch manifest run-parallel@^1.1.9
882 silly packumentCache full:https://registry.npmjs.org/run-parallel cache-miss
883 silly fetch manifest @nodelib/fs.stat@2.0.5
884 silly packumentCache full:https://registry.npmjs.org/@nodelib%2ffs.stat cache-miss
885 silly fetch manifest reusify@^1.0.4
886 silly packumentCache full:https://registry.npmjs.org/reusify cache-miss
887 http fetch GET 200 https://registry.npmjs.org/run-parallel 83ms (cache miss)
888 silly packumentCache full:https://registry.npmjs.org/run-parallel set size:undefined disposed:false
889 http fetch GET 200 https://registry.npmjs.org/@nodelib%2ffs.stat 145ms (cache miss)
890 silly packumentCache full:https://registry.npmjs.org/@nodelib%2ffs.stat set size:undefined disposed:false
891 http fetch GET 200 https://registry.npmjs.org/reusify 443ms (cache miss)
892 silly packumentCache full:https://registry.npmjs.org/reusify set size:undefined disposed:false
893 silly placeDep ROOT @nodelib/fs.stat@2.0.5 OK for: @nodelib/fs.scandir@2.1.5 want: 2.0.5
894 silly placeDep ROOT run-parallel@1.2.0 OK for: @nodelib/fs.scandir@2.1.5 want: ^1.1.9
895 silly fetch manifest queue-microtask@^1.2.2
896 silly packumentCache full:https://registry.npmjs.org/queue-microtask cache-miss
897 http fetch GET 200 https://registry.npmjs.org/queue-microtask 102ms (cache miss)
898 silly packumentCache full:https://registry.npmjs.org/queue-microtask set size:undefined disposed:false
899 silly placeDep ROOT fast-json-stable-stringify@2.1.0 OK for: ajv@6.15.0 want: ^2.0.0
900 silly placeDep ROOT json-schema-traverse@0.4.1 OK for: ajv@6.15.0 want: ^0.4.1
901 silly placeDep ROOT uri-js@4.4.1 OK for: ajv@6.15.0 want: ^4.2.2
902 silly fetch manifest punycode@^2.1.0
903 silly packumentCache full:https://registry.npmjs.org/punycode cache-miss
904 http fetch GET 200 https://registry.npmjs.org/punycode 636ms (cache miss)
905 silly packumentCache full:https://registry.npmjs.org/punycode set size:undefined disposed:false
906 silly placeDep ROOT ansi-styles@4.3.0 OK for: chalk@4.1.2 want: ^4.1.0
907 silly placeDep ROOT supports-color@7.2.0 OK for: chalk@4.1.2 want: ^7.1.0
908 silly fetch manifest color-convert@^2.0.1
909 silly packumentCache full:https://registry.npmjs.org/color-convert cache-miss
910 silly fetch manifest has-flag@^4.0.0
911 silly packumentCache full:https://registry.npmjs.org/has-flag cache-miss
912 http fetch GET 200 https://registry.npmjs.org/has-flag 1202ms (cache miss)
913 silly packumentCache full:https://registry.npmjs.org/has-flag set size:undefined disposed:false
914 http fetch GET 200 https://registry.npmjs.org/color-convert 16699ms (cache miss)
915 silly packumentCache full:https://registry.npmjs.org/color-convert set size:undefined disposed:false
916 silly placeDep ROOT color-convert@2.0.1 OK for: ansi-styles@4.3.0 want: ^2.0.1
917 silly fetch manifest color-name@~1.1.4
918 silly packumentCache full:https://registry.npmjs.org/color-name cache-miss
919 http cache https://registry.npmjs.org/color-name 10ms (cache hit)
920 silly packumentCache full:https://registry.npmjs.org/color-name set size:20968 disposed:false
921 silly placeDep ROOT color-name@1.1.4 OK for: color-convert@2.0.1 want: ~1.1.4
922 silly placeDep ROOT path-key@3.1.1 OK for: cross-spawn@7.0.6 want: ^3.1.0
923 silly placeDep ROOT shebang-command@2.0.0 OK for: cross-spawn@7.0.6 want: ^2.0.0
924 silly placeDep ROOT which@2.0.2 OK for: cross-spawn@7.0.6 want: ^2.0.1
925 silly fetch manifest shebang-regex@^3.0.0
926 silly packumentCache full:https://registry.npmjs.org/shebang-regex cache-miss
927 silly fetch manifest isexe@^2.0.0
928 silly packumentCache full:https://registry.npmjs.org/isexe cache-miss
929 http cache https://registry.npmjs.org/shebang-regex 67ms (cache hit)
930 silly packumentCache full:https://registry.npmjs.org/shebang-regex set size:9763 disposed:false
931 http fetch GET 200 https://registry.npmjs.org/isexe 1677ms (cache miss)
932 silly packumentCache full:https://registry.npmjs.org/isexe set size:undefined disposed:false
933 silly placeDep ROOT ms@2.1.3 OK for: debug@4.4.3 want: ^2.1.3
934 silly fetch manifest eslint@^7.23.0 || ^8.0.0 || ^9.0.0
935 silly packumentCache full:https://registry.npmjs.org/eslint cache-miss
936 http cache https://registry.npmjs.org/eslint 9ms (cache hit)
937 silly packumentCache full:https://registry.npmjs.org/eslint set size:2085131 disposed:false
938 silly fetch manifest typescript@>=3.3.1
939 silly packumentCache full:https://registry.npmjs.org/typescript cache-miss
940 http cache https://registry.npmjs.org/typescript 41ms (cache hit)
941 silly packumentCache full:https://registry.npmjs.org/typescript set size:15735824 disposed:false
942 silly fetch manifest typescript@>=4.8.4 <6.1.0
943 silly packumentCache full:https://registry.npmjs.org/typescript cache-miss
944 http cache https://registry.npmjs.org/typescript 43ms (cache hit)
945 silly packumentCache full:https://registry.npmjs.org/typescript set size:15735824 disposed:false
946 silly fetch manifest eslint-plugin-import-x@*
947 silly packumentCache full:https://registry.npmjs.org/eslint-plugin-import-x cache-miss
948 http fetch GET 200 https://registry.npmjs.org/eslint-plugin-import-x 363ms (cache miss)
949 silly packumentCache full:https://registry.npmjs.org/eslint-plugin-import-x set size:undefined disposed:false
950 silly fetch manifest @typescript-eslint/utils@^8.56.0
951 silly packumentCache full:https://registry.npmjs.org/@typescript-eslint%2futils cache-miss
952 http fetch GET 200 https://registry.npmjs.org/@typescript-eslint%2futils 15016ms (cache miss)
953 silly packumentCache full:https://registry.npmjs.org/@typescript-eslint%2futils set size:undefined disposed:false
954 silly placeDep ROOT @next/eslint-plugin-next@15.5.26 OK for: eslint-config-next@15.5.26 want: 15.5.26
955 silly placeDep ROOT @rushstack/eslint-patch@1.16.1 OK for: eslint-config-next@15.5.26 want: ^1.10.3
956 silly placeDep ROOT @typescript-eslint/eslint-plugin@8.71.0 OK for: eslint-config-next@15.5.26 want: ^5.4.2 || ^6.0.0 || ^7.0.0 || ^8.0.0
957 silly placeDep ROOT @typescript-eslint/parser@8.71.0 OK for: @typescript-eslint/eslint-plugin@8.71.0 want: ^8.71.0
958 silly placeDep ROOT eslint-import-resolver-node@0.3.10 OK for: eslint-config-next@15.5.26 want: ^0.3.6
959 silly placeDep ROOT eslint-import-resolver-typescript@3.10.1 OK for: eslint-config-next@15.5.26 want: ^3.5.2
960 silly placeDep ROOT eslint-plugin-import@2.32.0 OK for: eslint-config-next@15.5.26 want: ^2.31.0
961 silly placeDep ROOT eslint-plugin-jsx-a11y@6.10.2 OK for: eslint-config-next@15.5.26 want: ^6.10.0
962 silly placeDep ROOT eslint-plugin-react@7.37.5 OK for: eslint-config-next@15.5.26 want: ^7.37.0
963 silly placeDep ROOT eslint-plugin-react-hooks@5.2.0 OK for: eslint-config-next@15.5.26 want: ^5.0.0
964 silly fetch manifest fast-glob@3.3.1
965 silly packumentCache full:https://registry.npmjs.org/fast-glob cache-miss
966 silly fetch manifest ignore@^7.0.5
967 silly packumentCache full:https://registry.npmjs.org/ignore cache-miss
968 silly fetch manifest ts-api-utils@^2.5.0
969 silly packumentCache full:https://registry.npmjs.org/ts-api-utils cache-miss
970 silly fetch manifest @typescript-eslint/utils@8.71.0
971 silly packumentCache full:https://registry.npmjs.org/@typescript-eslint%2futils cache-miss
972 silly fetch manifest @typescript-eslint/type-utils@8.71.0
973 silly packumentCache full:https://registry.npmjs.org/@typescript-eslint%2ftype-utils cache-miss
974 silly fetch manifest @typescript-eslint/visitor-keys@8.71.0
975 silly packumentCache full:https://registry.npmjs.org/@typescript-eslint%2fvisitor-keys cache-miss
976 silly fetch manifest @typescript-eslint/scope-manager@8.71.0
977 silly packumentCache full:https://registry.npmjs.org/@typescript-eslint%2fscope-manager cache-miss
978 silly fetch manifest @typescript-eslint/types@8.71.0
979 silly packumentCache full:https://registry.npmjs.org/@typescript-eslint%2ftypes cache-miss
980 silly fetch manifest @typescript-eslint/visitor-keys@8.71.0
981 silly packumentCache full:https://registry.npmjs.org/@typescript-eslint%2fvisitor-keys cache-miss
982 silly fetch manifest @typescript-eslint/scope-manager@8.71.0
983 silly packumentCache full:https://registry.npmjs.org/@typescript-eslint%2fscope-manager cache-miss
984 silly fetch manifest @typescript-eslint/typescript-estree@8.71.0
985 silly packumentCache full:https://registry.npmjs.org/@typescript-eslint%2ftypescript-estree cache-miss
986 http cache https://registry.npmjs.org/ignore 39ms (cache hit)
987 silly packumentCache full:https://registry.npmjs.org/ignore set size:259019 disposed:false
988 silly fetch manifest debug@^3.2.7
989 silly packumentCache full:https://registry.npmjs.org/debug cache-hit
990 silly fetch manifest resolve@^2.0.0-next.6
991 silly packumentCache full:https://registry.npmjs.org/resolve cache-miss
992 http cache https://registry.npmjs.org/fast-glob 44ms (cache hit)
993 silly packumentCache full:https://registry.npmjs.org/fast-glob set size:220556 disposed:false
994 silly fetch manifest is-core-module@^2.16.1
995 silly packumentCache full:https://registry.npmjs.org/is-core-module cache-miss
996 http cache https://registry.npmjs.org/@typescript-eslint%2futils 65ms (cache hit)
997 silly packumentCache full:https://registry.npmjs.org/@typescript-eslint%2futils set size:11003338 disposed:false
998 silly fetch manifest tinyglobby@^0.2.13
999 silly packumentCache full:https://registry.npmjs.org/tinyglobby cache-miss
1000 http cache https://registry.npmjs.org/resolve 111ms (cache hit)
1001 silly packumentCache full:https://registry.npmjs.org/resolve set size:244568 disposed:false
1002 silly fetch manifest stable-hash@^0.0.5
1003 silly packumentCache full:https://registry.npmjs.org/stable-hash cache-miss
1004 http fetch GET 200 https://registry.npmjs.org/ts-api-utils 970ms (cache miss)
1005 silly packumentCache full:https://registry.npmjs.org/ts-api-utils set size:undefined disposed:false
1006 silly fetch manifest get-tsconfig@^4.10.0
1007 silly packumentCache full:https://registry.npmjs.org/get-tsconfig cache-miss
1008 http fetch GET 200 https://registry.npmjs.org/get-tsconfig 5997ms (cache miss)
1009 silly packumentCache full:https://registry.npmjs.org/get-tsconfig set size:undefined disposed:false
1010 silly fetch manifest is-bun-module@^2.0.0
1011 silly packumentCache full:https://registry.npmjs.org/is-bun-module cache-miss
1012 http fetch GET 200 https://registry.npmjs.org/is-bun-module 5624ms (cache miss)
1013 silly packumentCache full:https://registry.npmjs.org/is-bun-module set size:undefined disposed:false
1014 silly fetch manifest unrs-resolver@^1.6.2
1015 silly packumentCache full:https://registry.npmjs.org/unrs-resolver cache-miss
1016 http fetch GET 200 https://registry.npmjs.org/unrs-resolver 741ms (cache miss)
1017 silly packumentCache full:https://registry.npmjs.org/unrs-resolver set size:undefined disposed:false
1018 silly fetch manifest @nolyfill/is-core-module@1.0.39
1019 silly packumentCache full:https://registry.npmjs.org/@nolyfill%2fis-core-module cache-miss
1020 http fetch GET 200 https://registry.npmjs.org/tinyglobby 13650ms (cache miss)
1021 silly packumentCache full:https://registry.npmjs.org/tinyglobby set size:undefined disposed:false
1022 silly fetch manifest @rtsao/scc@^1.1.0
1023 silly packumentCache full:https://registry.npmjs.org/@rtsao%2fscc cache-miss
1024 http fetch GET 200 https://registry.npmjs.org/@nolyfill%2fis-core-module 512ms (cache miss)
1025 silly packumentCache full:https://registry.npmjs.org/@nolyfill%2fis-core-module set size:undefined disposed:false
1026 silly fetch manifest array-includes@^3.1.9
1027 silly packumentCache full:https://registry.npmjs.org/array-includes cache-miss
1028 http fetch GET 200 https://registry.npmjs.org/array-includes 617ms (cache miss)
1029 silly packumentCache full:https://registry.npmjs.org/array-includes set size:undefined disposed:false
1030 silly fetch manifest array.prototype.findlastindex@^1.2.6
1031 silly packumentCache full:https://registry.npmjs.org/array.prototype.findlastindex cache-miss
1032 http fetch GET 200 https://registry.npmjs.org/@rtsao%2fscc 754ms (cache miss)
1033 silly packumentCache full:https://registry.npmjs.org/@rtsao%2fscc set size:undefined disposed:false
1034 silly fetch manifest array.prototype.flat@^1.3.3
1035 silly packumentCache full:https://registry.npmjs.org/array.prototype.flat cache-miss
1036 http fetch GET 200 https://registry.npmjs.org/array.prototype.findlastindex 684ms (cache miss)
1037 silly packumentCache full:https://registry.npmjs.org/array.prototype.findlastindex set size:undefined disposed:false
1038 silly fetch manifest array.prototype.flatmap@^1.3.3
1039 silly packumentCache full:https://registry.npmjs.org/array.prototype.flatmap cache-miss
1040 http fetch GET 200 https://registry.npmjs.org/array.prototype.flat 799ms (cache miss)
1041 silly packumentCache full:https://registry.npmjs.org/array.prototype.flat set size:undefined disposed:false
1042 silly fetch manifest doctrine@^2.1.0
1043 silly packumentCache full:https://registry.npmjs.org/doctrine cache-miss
1044 http cache https://registry.npmjs.org/doctrine 7ms (cache hit)
1045 silly packumentCache full:https://registry.npmjs.org/doctrine set size:64052 disposed:false
1046 silly fetch manifest eslint-module-utils@^2.12.1
1047 silly packumentCache full:https://registry.npmjs.org/eslint-module-utils cache-miss
1048 http fetch GET 200 https://registry.npmjs.org/array.prototype.flatmap 415ms (cache miss)
1049 silly packumentCache full:https://registry.npmjs.org/array.prototype.flatmap set size:undefined disposed:false
1050 silly fetch manifest hasown@^2.0.2
1051 silly packumentCache full:https://registry.npmjs.org/hasown cache-miss
1052 http fetch GET 200 https://registry.npmjs.org/hasown 383ms (cache miss)
1053 silly packumentCache full:https://registry.npmjs.org/hasown set size:undefined disposed:false
1054 silly fetch manifest is-core-module@^2.16.1
1055 silly packumentCache full:https://registry.npmjs.org/is-core-module cache-miss
1056 http fetch GET 200 https://registry.npmjs.org/eslint-module-utils 1176ms (cache miss)
1057 silly packumentCache full:https://registry.npmjs.org/eslint-module-utils set size:undefined disposed:false
1058 silly fetch manifest object.fromentries@^2.0.8
1059 silly packumentCache full:https://registry.npmjs.org/object.fromentries cache-miss
1060 http fetch GET 200 https://registry.npmjs.org/is-core-module 787ms (cache miss)
1061 silly packumentCache full:https://registry.npmjs.org/is-core-module set size:undefined disposed:false
1062 silly fetch manifest object.groupby@^1.0.3
1063 silly packumentCache full:https://registry.npmjs.org/object.groupby cache-miss
1064 http fetch GET 200 https://registry.npmjs.org/@typescript-eslint%2ftype-utils 16823ms (cache miss)
1065 silly packumentCache full:https://registry.npmjs.org/@typescript-eslint%2ftype-utils set size:undefined disposed:false
1066 silly fetch manifest object.values@^1.2.1
1067 silly packumentCache full:https://registry.npmjs.org/object.values cache-miss
1068 http fetch GET 200 https://registry.npmjs.org/object.groupby 645ms (cache miss)
1069 silly packumentCache full:https://registry.npmjs.org/object.groupby set size:undefined disposed:false
1070 silly fetch manifest semver@^6.3.1
1071 silly packumentCache full:https://registry.npmjs.org/semver cache-miss
1072 http fetch GET 200 https://registry.npmjs.org/object.fromentries 914ms (cache miss)
1073 silly packumentCache full:https://registry.npmjs.org/object.fromentries set size:undefined disposed:false
1074 silly fetch manifest string.prototype.trimend@^1.0.9
1075 silly packumentCache full:https://registry.npmjs.org/string.prototype.trimend cache-miss
1076 http fetch GET 200 https://registry.npmjs.org/object.values 742ms (cache miss)
1077 silly packumentCache full:https://registry.npmjs.org/object.values set size:undefined disposed:false
1078 silly fetch manifest tsconfig-paths@^3.15.0
1079 silly packumentCache full:https://registry.npmjs.org/tsconfig-paths cache-miss
1080 http fetch GET 200 https://registry.npmjs.org/semver 689ms (cache miss)
1081 silly packumentCache full:https://registry.npmjs.org/semver set size:undefined disposed:false
1082 silly fetch manifest aria-query@^5.3.2
1083 silly packumentCache full:https://registry.npmjs.org/aria-query cache-miss
1084 http fetch GET 200 https://registry.npmjs.org/string.prototype.trimend 738ms (cache miss)
1085 silly packumentCache full:https://registry.npmjs.org/string.prototype.trimend set size:undefined disposed:false
1086 silly fetch manifest array-includes@^3.1.8
1087 silly packumentCache full:https://registry.npmjs.org/array-includes cache-miss
1088 http fetch GET 200 https://registry.npmjs.org/tsconfig-paths 556ms (cache miss)
1089 silly packumentCache full:https://registry.npmjs.org/tsconfig-paths set size:undefined disposed:false
1090 silly fetch manifest array.prototype.flatmap@^1.3.2
1091 silly packumentCache full:https://registry.npmjs.org/array.prototype.flatmap cache-miss
1092 http cache https://registry.npmjs.org/array-includes 9ms (cache hit)
1093 silly packumentCache full:https://registry.npmjs.org/array-includes set size:80888 disposed:false
1094 silly fetch manifest ast-types-flow@^0.0.8
1095 silly packumentCache full:https://registry.npmjs.org/ast-types-flow cache-miss
1096 http cache https://registry.npmjs.org/array.prototype.flatmap 8ms (cache hit)
1097 silly packumentCache full:https://registry.npmjs.org/array.prototype.flatmap set size:51458 disposed:false
1098 silly fetch manifest axe-core@^4.10.0
1099 silly packumentCache full:https://registry.npmjs.org/axe-core cache-miss
1100 http fetch GET https://registry.npmjs.org/@typescript-eslint%2fscope-manager attempt 1 failed with ECONNRESET
1101 http fetch GET 200 https://registry.npmjs.org/aria-query 525ms (cache miss)
1102 silly packumentCache full:https://registry.npmjs.org/aria-query set size:undefined disposed:false
1103 silly fetch manifest axobject-query@^4.1.0
1104 silly packumentCache full:https://registry.npmjs.org/axobject-query cache-miss
1105 http fetch GET 200 https://registry.npmjs.org/ast-types-flow 547ms (cache miss)
1106 silly packumentCache full:https://registry.npmjs.org/ast-types-flow set size:undefined disposed:false
1107 silly fetch manifest damerau-levenshtein@^1.0.8
1108 silly packumentCache full:https://registry.npmjs.org/damerau-levenshtein cache-miss
1109 http fetch GET https://registry.npmjs.org/@typescript-eslint%2ftypescript-estree attempt 1 failed with ECONNRESET
1110 http fetch GET https://registry.npmjs.org/stable-hash attempt 1 failed with ECONNRESET
1111 http fetch GET https://registry.npmjs.org/is-core-module attempt 1 failed with ECONNRESET
1112 http fetch GET 200 https://registry.npmjs.org/axobject-query 673ms (cache miss)
1113 silly packumentCache full:https://registry.npmjs.org/axobject-query set size:undefined disposed:false
1114 silly fetch manifest emoji-regex@^9.2.2
1115 silly packumentCache full:https://registry.npmjs.org/emoji-regex cache-miss
1116 http fetch GET 200 https://registry.npmjs.org/damerau-levenshtein 585ms (cache miss)
1117 silly packumentCache full:https://registry.npmjs.org/damerau-levenshtein set size:undefined disposed:false
1118 silly fetch manifest jsx-ast-utils@^3.3.5
1119 silly packumentCache full:https://registry.npmjs.org/jsx-ast-utils cache-miss
1120 http fetch GET 200 https://registry.npmjs.org/emoji-regex 603ms (cache miss)
1121 silly packumentCache full:https://registry.npmjs.org/emoji-regex set size:undefined disposed:false
1122 silly fetch manifest language-tags@^1.0.9
1123 silly packumentCache full:https://registry.npmjs.org/language-tags cache-miss
1124 http fetch GET 200 https://registry.npmjs.org/language-tags 762ms (cache miss)
1125 silly packumentCache full:https://registry.npmjs.org/language-tags set size:undefined disposed:false
1126 silly fetch manifest safe-regex-test@^1.0.3
1127 silly packumentCache full:https://registry.npmjs.org/safe-regex-test cache-miss
1128 http fetch GET 200 https://registry.npmjs.org/safe-regex-test 539ms (cache miss)
1129 silly packumentCache full:https://registry.npmjs.org/safe-regex-test set size:undefined disposed:false
1130 silly fetch manifest string.prototype.includes@^2.0.1
1131 silly packumentCache full:https://registry.npmjs.org/string.prototype.includes cache-miss
1132 http fetch GET 200 https://registry.npmjs.org/string.prototype.includes 570ms (cache miss)
1133 silly packumentCache full:https://registry.npmjs.org/string.prototype.includes set size:undefined disposed:false
1134 silly fetch manifest array.prototype.findlast@^1.2.5
1135 silly packumentCache full:https://registry.npmjs.org/array.prototype.findlast cache-miss
1136 http fetch GET 200 https://registry.npmjs.org/array.prototype.findlast 467ms (cache miss)
1137 silly packumentCache full:https://registry.npmjs.org/array.prototype.findlast set size:undefined disposed:false
1138 silly fetch manifest array.prototype.tosorted@^1.1.4
1139 silly packumentCache full:https://registry.npmjs.org/array.prototype.tosorted cache-miss
1140 http fetch GET 200 https://registry.npmjs.org/jsx-ast-utils 2953ms (cache miss)
1141 silly packumentCache full:https://registry.npmjs.org/jsx-ast-utils set size:undefined disposed:false
1142 silly fetch manifest es-iterator-helpers@^1.2.1
1143 silly packumentCache full:https://registry.npmjs.org/es-iterator-helpers cache-miss
1144 http fetch GET 200 https://registry.npmjs.org/array.prototype.tosorted 633ms (cache miss)
1145 silly packumentCache full:https://registry.npmjs.org/array.prototype.tosorted set size:undefined disposed:false
1146 silly fetch manifest estraverse@^5.3.0
1147 silly packumentCache full:https://registry.npmjs.org/estraverse cache-hit
1148 silly fetch manifest jsx-ast-utils@^2.4.1 || ^3.0.0
1149 silly packumentCache full:https://registry.npmjs.org/jsx-ast-utils cache-miss
1150 http cache https://registry.npmjs.org/jsx-ast-utils 7ms (cache hit)
1151 silly packumentCache full:https://registry.npmjs.org/jsx-ast-utils set size:115998 disposed:false
1152 silly fetch manifest object.entries@^1.1.9
1153 silly packumentCache full:https://registry.npmjs.org/object.entries cache-miss
1154 http fetch GET 200 https://registry.npmjs.org/es-iterator-helpers 679ms (cache miss)
1155 silly packumentCache full:https://registry.npmjs.org/es-iterator-helpers set size:undefined disposed:false
1156 silly fetch manifest prop-types@^15.8.1
1157 silly packumentCache full:https://registry.npmjs.org/prop-types cache-miss
1158 http fetch GET 200 https://registry.npmjs.org/object.entries 1056ms (cache miss)
1159 silly packumentCache full:https://registry.npmjs.org/object.entries set size:undefined disposed:false
1160 silly fetch manifest resolve@^2.0.0-next.5
1161 silly packumentCache full:https://registry.npmjs.org/resolve cache-hit
1162 silly fetch manifest string.prototype.matchall@^4.0.12
1163 silly packumentCache full:https://registry.npmjs.org/string.prototype.matchall cache-miss
1164 http fetch GET 200 https://registry.npmjs.org/prop-types 1013ms (cache miss)
1165 silly packumentCache full:https://registry.npmjs.org/prop-types set size:undefined disposed:false
1166 silly fetch manifest string.prototype.repeat@^1.0.0
1167 silly packumentCache full:https://registry.npmjs.org/string.prototype.repeat cache-miss
1168 http fetch GET 200 https://registry.npmjs.org/@typescript-eslint%2fscope-manager 24013ms (cache miss)
1169 silly packumentCache full:https://registry.npmjs.org/@typescript-eslint%2fscope-manager set size:undefined disposed:false
1170 http fetch GET 200 https://registry.npmjs.org/string.prototype.matchall 867ms (cache miss)
1171 silly packumentCache full:https://registry.npmjs.org/string.prototype.matchall set size:undefined disposed:false
1172 http fetch GET 200 https://registry.npmjs.org/string.prototype.repeat 890ms (cache miss)
1173 silly packumentCache full:https://registry.npmjs.org/string.prototype.repeat set size:undefined disposed:false
1174 http fetch GET 200 https://registry.npmjs.org/@typescript-eslint%2fvisitor-keys 25444ms (cache miss)
1175 silly packumentCache full:https://registry.npmjs.org/@typescript-eslint%2fvisitor-keys set size:undefined disposed:false
1176 http fetch GET 200 https://registry.npmjs.org/stable-hash 28730ms attempt #2 (cache miss)
1177 silly packumentCache full:https://registry.npmjs.org/stable-hash set size:undefined disposed:false
1178 http fetch GET 200 https://registry.npmjs.org/is-core-module 29521ms attempt #2 (cache miss)
1179 silly packumentCache full:https://registry.npmjs.org/is-core-module set size:undefined disposed:false
1180 http fetch GET 200 https://registry.npmjs.org/@typescript-eslint%2ftypes 35643ms (cache miss)
1181 silly packumentCache full:https://registry.npmjs.org/@typescript-eslint%2ftypes set size:undefined disposed:false
1182 http fetch GET 200 https://registry.npmjs.org/axe-core 23128ms (cache miss)
1183 silly packumentCache full:https://registry.npmjs.org/axe-core set size:undefined disposed:false
1184 http fetch GET 200 https://registry.npmjs.org/@typescript-eslint%2ftypescript-estree 41757ms attempt #2 (cache miss)
1185 silly packumentCache full:https://registry.npmjs.org/@typescript-eslint%2ftypescript-estree set size:undefined disposed:false
1186 http fetch GET 200 https://registry.npmjs.org/@typescript-eslint%2fvisitor-keys 44237ms (cache miss)
1187 silly packumentCache full:https://registry.npmjs.org/@typescript-eslint%2fvisitor-keys set size:undefined disposed:false
1188 http fetch GET 200 https://registry.npmjs.org/@typescript-eslint%2fscope-manager 53910ms attempt #2 (cache miss)
1189 silly packumentCache full:https://registry.npmjs.org/@typescript-eslint%2fscope-manager set size:undefined disposed:false
1190 silly placeDep ROOT fast-glob@3.3.1 OK for: @next/eslint-plugin-next@15.5.26 want: 3.3.1
1191 silly fetch manifest merge2@^1.3.0
1192 silly packumentCache full:https://registry.npmjs.org/merge2 cache-miss
1193 silly fetch manifest micromatch@^4.0.4
1194 silly packumentCache full:https://registry.npmjs.org/micromatch cache-miss
1195 silly fetch manifest glob-parent@^5.1.2
1196 silly packumentCache full:https://registry.npmjs.org/glob-parent cache-miss
1197 http cache https://registry.npmjs.org/merge2 9ms (cache hit)
1198 silly packumentCache full:https://registry.npmjs.org/merge2 set size:46159 disposed:false
1199 http cache https://registry.npmjs.org/glob-parent 10ms (cache hit)
1200 silly packumentCache full:https://registry.npmjs.org/glob-parent set size:42445 disposed:false
1201 http cache https://registry.npmjs.org/micromatch 14ms (cache hit)
1202 silly packumentCache full:https://registry.npmjs.org/micromatch set size:240630 disposed:false
1203 silly fetch manifest eslint@^8.57.0 || ^9.0.0 || ^10.0.0
1204 silly packumentCache full:https://registry.npmjs.org/eslint cache-miss
1205 http cache https://registry.npmjs.org/eslint 15ms (cache hit)
1206 silly packumentCache full:https://registry.npmjs.org/eslint set size:2085131 disposed:false
1207 silly placeDep ROOT @typescript-eslint/scope-manager@8.71.0 OK for: @typescript-eslint/eslint-plugin@8.71.0 want: 8.71.0
1208 silly placeDep ROOT @typescript-eslint/type-utils@8.71.0 OK for: @typescript-eslint/eslint-plugin@8.71.0 want: 8.71.0
1209 silly placeDep ROOT @typescript-eslint/utils@8.71.0 OK for: @typescript-eslint/eslint-plugin@8.71.0 want: 8.71.0
1210 silly placeDep ROOT @typescript-eslint/visitor-keys@8.71.0 OK for: @typescript-eslint/eslint-plugin@8.71.0 want: 8.71.0
1211 silly placeDep node_modules/@typescript-eslint/eslint-plugin ignore@7.0.10 OK for: @typescript-eslint/eslint-plugin@8.71.0 want: ^7.0.5
1212 silly placeDep ROOT ts-api-utils@2.5.0 OK for: @typescript-eslint/eslint-plugin@8.71.0 want: ^2.5.0
1213 silly fetch manifest eslint-visitor-keys@^5.0.0
1214 silly packumentCache full:https://registry.npmjs.org/eslint-visitor-keys cache-miss
1215 http cache https://registry.npmjs.org/eslint-visitor-keys 18ms (cache hit)
1216 silly packumentCache full:https://registry.npmjs.org/eslint-visitor-keys set size:69949 disposed:false
1217 silly placeDep ROOT @typescript-eslint/types@8.71.0 OK for: @typescript-eslint/parser@8.71.0 want: 8.71.0
1218 silly placeDep ROOT @typescript-eslint/typescript-estree@8.71.0 OK for: @typescript-eslint/parser@8.71.0 want: 8.71.0
1219 silly fetch manifest semver@^7.7.3
1220 silly packumentCache full:https://registry.npmjs.org/semver cache-miss
1221 silly fetch manifest minimatch@^10.2.2
1222 silly packumentCache full:https://registry.npmjs.org/minimatch cache-hit
1223 silly fetch manifest tinyglobby@^0.2.15
1224 silly packumentCache full:https://registry.npmjs.org/tinyglobby cache-miss
1225 silly fetch manifest @typescript-eslint/tsconfig-utils@8.71.0
1226 silly packumentCache full:https://registry.npmjs.org/@typescript-eslint%2ftsconfig-utils cache-miss
1227 silly fetch manifest @typescript-eslint/project-service@8.71.0
1228 silly packumentCache full:https://registry.npmjs.org/@typescript-eslint%2fproject-service cache-miss
1229 http cache https://registry.npmjs.org/semver 8ms (cache hit)
1230 silly packumentCache full:https://registry.npmjs.org/semver set size:246128 disposed:false
1231 http cache https://registry.npmjs.org/tinyglobby 14ms (cache hit)
1232 silly packumentCache full:https://registry.npmjs.org/tinyglobby set size:54291 disposed:false
1233 http cache https://registry.npmjs.org/@typescript-eslint%2ftsconfig-utils 20ms (cache hit)
1234 silly packumentCache full:https://registry.npmjs.org/@typescript-eslint%2ftsconfig-utils set size:1956843 disposed:false
1235 http cache https://registry.npmjs.org/@typescript-eslint%2fproject-service 35ms (cache hit)
1236 silly packumentCache full:https://registry.npmjs.org/@typescript-eslint%2fproject-service set size:2080244 disposed:false
1237 silly placeDep ROOT @typescript-eslint/project-service@8.71.0 OK for: @typescript-eslint/typescript-estree@8.71.0 want: 8.71.0
1238 silly placeDep ROOT @typescript-eslint/tsconfig-utils@8.71.0 OK for: @typescript-eslint/typescript-estree@8.71.0 want: 8.71.0
1239 silly placeDep node_modules/@typescript-eslint/typescript-estree minimatch@10.2.6 OK for: @typescript-eslint/typescript-estree@8.71.0 want: ^10.2.2
1240 silly placeDep ROOT semver@7.8.5 OK for: @typescript-eslint/typescript-estree@8.71.0 want: ^7.7.3
1241 silly placeDep ROOT tinyglobby@0.2.17 OK for: @typescript-eslint/typescript-estree@8.71.0 want: ^0.2.15
1242 silly fetch manifest @typescript-eslint/tsconfig-utils@^8.71.0
1243 silly packumentCache full:https://registry.npmjs.org/@typescript-eslint%2ftsconfig-utils cache-miss
1244 silly fetch manifest brace-expansion@^5.0.8
1245 silly packumentCache full:https://registry.npmjs.org/brace-expansion cache-hit
1246 silly fetch manifest fdir@^6.5.0
1247 silly packumentCache full:https://registry.npmjs.org/fdir cache-miss
1248 silly fetch manifest picomatch@^4.0.4
1249 silly packumentCache full:https://registry.npmjs.org/picomatch cache-miss
1250 http cache https://registry.npmjs.org/picomatch 22ms (cache hit)
1251 silly packumentCache full:https://registry.npmjs.org/picomatch set size:134451 disposed:false
1252 http cache https://registry.npmjs.org/@typescript-eslint%2ftsconfig-utils 32ms (cache hit)
1253 silly packumentCache full:https://registry.npmjs.org/@typescript-eslint%2ftsconfig-utils set size:1956843 disposed:false
1254 http cache https://registry.npmjs.org/fdir 54ms (cache hit)
1255 silly packumentCache full:https://registry.npmjs.org/fdir set size:136182 disposed:false
1256 silly placeDep node_modules/@typescript-eslint/visitor-keys eslint-visitor-keys@5.0.1 OK for: @typescript-eslint/visitor-keys@8.71.0 want: ^5.0.0
1257 silly placeDep node_modules/eslint-import-resolver-node debug@3.2.7 OK for: eslint-import-resolver-node@0.3.10 want: ^3.2.7
1258 silly placeDep ROOT is-core-module@2.17.0 OK for: eslint-import-resolver-node@0.3.10 want: ^2.16.1
1259 silly placeDep ROOT resolve@2.0.0-next.7 OK for: eslint-import-resolver-node@0.3.10 want: ^2.0.0-next.6
1260 silly fetch manifest hasown@^2.0.4
1261 silly packumentCache full:https://registry.npmjs.org/hasown cache-miss
1262 silly fetch manifest es-errors@^1.3.0
1263 silly packumentCache full:https://registry.npmjs.org/es-errors cache-miss
1264 silly fetch manifest node-exports-info@^1.6.0
1265 silly packumentCache full:https://registry.npmjs.org/node-exports-info cache-miss
1266 silly fetch manifest object-keys@^1.1.1
1267 silly packumentCache full:https://registry.npmjs.org/object-keys cache-miss
1268 silly fetch manifest path-parse@^1.0.7
1269 silly packumentCache full:https://registry.npmjs.org/path-parse cache-miss
1270 silly fetch manifest supports-preserve-symlinks-flag@^1.0.0
1271 silly packumentCache full:https://registry.npmjs.org/supports-preserve-symlinks-flag cache-miss
1272 http cache https://registry.npmjs.org/hasown 17ms (cache hit)
1273 silly packumentCache full:https://registry.npmjs.org/hasown set size:18361 disposed:false
1274 http cache https://registry.npmjs.org/es-errors 19ms (cache hit)
1275 silly packumentCache full:https://registry.npmjs.org/es-errors set size:16918 disposed:false
1276 http cache https://registry.npmjs.org/object-keys 20ms (cache hit)
1277 silly packumentCache full:https://registry.npmjs.org/object-keys set size:67744 disposed:false
1278 http cache https://registry.npmjs.org/path-parse 20ms (cache hit)
1279 silly packumentCache full:https://registry.npmjs.org/path-parse set size:14523 disposed:false
1280 http cache https://registry.npmjs.org/node-exports-info 22ms (cache hit)
1281 silly packumentCache full:https://registry.npmjs.org/node-exports-info set size:69480 disposed:false
1282 http cache https://registry.npmjs.org/supports-preserve-symlinks-flag 23ms (cache hit)
1283 silly packumentCache full:https://registry.npmjs.org/supports-preserve-symlinks-flag set size:6802 disposed:false
1284 silly placeDep ROOT @nolyfill/is-core-module@1.0.39 OK for: eslint-import-resolver-typescript@3.10.1 want: 1.0.39
1285 silly placeDep ROOT get-tsconfig@4.14.3 OK for: eslint-import-resolver-typescript@3.10.1 want: ^4.10.0
1286 silly placeDep ROOT is-bun-module@2.0.0 OK for: eslint-import-resolver-typescript@3.10.1 want: ^2.0.0
1287 silly placeDep ROOT stable-hash@0.0.5 OK for: eslint-import-resolver-typescript@3.10.1 want: ^0.0.5
1288 silly placeDep ROOT unrs-resolver@1.12.2 OK for: eslint-import-resolver-typescript@3.10.1 want: ^1.6.2
1289 silly fetch manifest resolve-pkg-maps@^1.0.0
1290 silly packumentCache full:https://registry.npmjs.org/resolve-pkg-maps cache-miss
1291 silly fetch manifest napi-postinstall@^0.3.4
1292 silly packumentCache full:https://registry.npmjs.org/napi-postinstall cache-miss
1293 silly fetch manifest @unrs/resolver-binding-darwin-arm64@1.12.2
1294 silly packumentCache full:https://registry.npmjs.org/@unrs%2fresolver-binding-darwin-arm64 cache-miss
1295 silly fetch manifest @unrs/resolver-binding-android-arm64@1.12.2
1296 silly packumentCache full:https://registry.npmjs.org/@unrs%2fresolver-binding-android-arm64 cache-miss
1297 silly fetch manifest @unrs/resolver-binding-win32-arm64-msvc@1.12.2
1298 silly packumentCache full:https://registry.npmjs.org/@unrs%2fresolver-binding-win32-arm64-msvc cache-miss
1299 silly fetch manifest @unrs/resolver-binding-linux-arm64-gnu@1.12.2
1300 silly packumentCache full:https://registry.npmjs.org/@unrs%2fresolver-binding-linux-arm64-gnu cache-miss
1301 silly fetch manifest @unrs/resolver-binding-linux-arm64-musl@1.12.2
1302 silly packumentCache full:https://registry.npmjs.org/@unrs%2fresolver-binding-linux-arm64-musl cache-miss
1303 silly fetch manifest @unrs/resolver-binding-openharmony-arm64@1.12.2
1304 silly packumentCache full:https://registry.npmjs.org/@unrs%2fresolver-binding-openharmony-arm64 cache-miss
1305 silly fetch manifest @unrs/resolver-binding-android-arm-eabi@1.12.2
1306 silly packumentCache full:https://registry.npmjs.org/@unrs%2fresolver-binding-android-arm-eabi cache-miss
1307 silly fetch manifest @unrs/resolver-binding-linux-arm-gnueabihf@1.12.2
1308 silly packumentCache full:https://registry.npmjs.org/@unrs%2fresolver-binding-linux-arm-gnueabihf cache-miss
1309 silly fetch manifest @unrs/resolver-binding-linux-arm-musleabihf@1.12.2
1310 silly packumentCache full:https://registry.npmjs.org/@unrs%2fresolver-binding-linux-arm-musleabihf cache-miss
1311 http cache https://registry.npmjs.org/@unrs%2fresolver-binding-darwin-arm64 22ms (cache hit)
1312 silly packumentCache full:https://registry.npmjs.org/@unrs%2fresolver-binding-darwin-arm64 set size:63676 disposed:false
1313 silly fetch manifest @unrs/resolver-binding-win32-ia32-msvc@1.12.2
1314 silly packumentCache full:https://registry.npmjs.org/@unrs%2fresolver-binding-win32-ia32-msvc cache-miss
1315 http cache https://registry.npmjs.org/resolve-pkg-maps 25ms (cache hit)
1316 silly packumentCache full:https://registry.npmjs.org/resolve-pkg-maps set size:11615 disposed:false
1317 silly fetch manifest @unrs/resolver-binding-linux-loong64-gnu@1.12.2
1318 silly packumentCache full:https://registry.npmjs.org/@unrs%2fresolver-binding-linux-loong64-gnu cache-miss
1319 http cache https://registry.npmjs.org/napi-postinstall 28ms (cache hit)
1320 silly packumentCache full:https://registry.npmjs.org/napi-postinstall set size:41400 disposed:false
1321 silly fetch manifest @unrs/resolver-binding-linux-loong64-musl@1.12.2
1322 silly packumentCache full:https://registry.npmjs.org/@unrs%2fresolver-binding-linux-loong64-musl cache-miss
1323 http cache https://registry.npmjs.org/@unrs%2fresolver-binding-android-arm64 29ms (cache hit)
1324 silly packumentCache full:https://registry.npmjs.org/@unrs%2fresolver-binding-android-arm64 set size:17616 disposed:false
1325 silly fetch manifest @unrs/resolver-binding-linux-ppc64-gnu@1.12.2
1326 silly packumentCache full:https://registry.npmjs.org/@unrs%2fresolver-binding-linux-ppc64-gnu cache-miss
1327 http cache https://registry.npmjs.org/@unrs%2fresolver-binding-win32-ia32-msvc 14ms (cache hit)
1328 silly packumentCache full:https://registry.npmjs.org/@unrs%2fresolver-binding-win32-ia32-msvc set size:64317 disposed:false
1329 silly fetch manifest @unrs/resolver-binding-linux-riscv64-gnu@1.12.2
1330 silly packumentCache full:https://registry.npmjs.org/@unrs%2fresolver-binding-linux-riscv64-gnu cache-miss
1331 http cache https://registry.npmjs.org/@unrs%2fresolver-binding-linux-loong64-gnu 14ms (cache hit)
1332 silly packumentCache full:https://registry.npmjs.org/@unrs%2fresolver-binding-linux-loong64-gnu set size:4107 disposed:false
1333 silly fetch manifest @unrs/resolver-binding-linux-riscv64-musl@1.12.2
1334 silly packumentCache full:https://registry.npmjs.org/@unrs%2fresolver-binding-linux-riscv64-musl cache-miss
1335 http cache https://registry.npmjs.org/@unrs%2fresolver-binding-linux-loong64-musl 15ms (cache hit)
1336 silly packumentCache full:https://registry.npmjs.org/@unrs%2fresolver-binding-linux-loong64-musl set size:4124 disposed:false
1337 silly fetch manifest @unrs/resolver-binding-linux-s390x-gnu@1.12.2
1338 silly packumentCache full:https://registry.npmjs.org/@unrs%2fresolver-binding-linux-s390x-gnu cache-miss
1339 http cache https://registry.npmjs.org/@unrs%2fresolver-binding-linux-ppc64-gnu 20ms (cache hit)
1340 silly packumentCache full:https://registry.npmjs.org/@unrs%2fresolver-binding-linux-ppc64-gnu set size:65057 disposed:false
1341 silly fetch manifest @unrs/resolver-binding-wasm32-wasi@1.12.2
1342 silly packumentCache full:https://registry.npmjs.org/@unrs%2fresolver-binding-wasm32-wasi cache-miss
1343 http cache https://registry.npmjs.org/@unrs%2fresolver-binding-linux-riscv64-gnu 19ms (cache hit)
1344 silly packumentCache full:https://registry.npmjs.org/@unrs%2fresolver-binding-linux-riscv64-gnu set size:56387 disposed:false
1345 silly fetch manifest @unrs/resolver-binding-darwin-x64@1.12.2
1346 silly packumentCache full:https://registry.npmjs.org/@unrs%2fresolver-binding-darwin-x64 cache-miss
1347 http cache https://registry.npmjs.org/@unrs%2fresolver-binding-linux-riscv64-musl 18ms (cache hit)
1348 silly packumentCache full:https://registry.npmjs.org/@unrs%2fresolver-binding-linux-riscv64-musl set size:45710 disposed:false
1349 silly fetch manifest @unrs/resolver-binding-win32-x64-msvc@1.12.2
1350 silly packumentCache full:https://registry.npmjs.org/@unrs%2fresolver-binding-win32-x64-msvc cache-miss
1351 http cache https://registry.npmjs.org/@unrs%2fresolver-binding-wasm32-wasi 12ms (cache hit)
1352 silly packumentCache full:https://registry.npmjs.org/@unrs%2fresolver-binding-wasm32-wasi set size:67358 disposed:false
1353 silly fetch manifest @unrs/resolver-binding-freebsd-x64@1.12.2
1354 silly packumentCache full:https://registry.npmjs.org/@unrs%2fresolver-binding-freebsd-x64 cache-miss
1355 http cache https://registry.npmjs.org/@unrs%2fresolver-binding-darwin-x64 13ms (cache hit)
1356 silly packumentCache full:https://registry.npmjs.org/@unrs%2fresolver-binding-darwin-x64 set size:63092 disposed:false
1357 silly fetch manifest @unrs/resolver-binding-linux-x64-gnu@1.12.2
1358 silly packumentCache full:https://registry.npmjs.org/@unrs%2fresolver-binding-linux-x64-gnu cache-miss
1359 http cache https://registry.npmjs.org/@unrs%2fresolver-binding-win32-x64-msvc 14ms (cache hit)
1360 silly packumentCache full:https://registry.npmjs.org/@unrs%2fresolver-binding-win32-x64-msvc set size:64034 disposed:false
1361 silly fetch manifest @unrs/resolver-binding-linux-x64-musl@1.12.2
1362 silly packumentCache full:https://registry.npmjs.org/@unrs%2fresolver-binding-linux-x64-musl cache-miss
1363 http fetch GET 200 https://registry.npmjs.org/@unrs%2fresolver-binding-android-arm-eabi 130ms (cache miss)
1364 silly packumentCache full:https://registry.npmjs.org/@unrs%2fresolver-binding-android-arm-eabi set size:undefined disposed:false
1365 http fetch GET 200 https://registry.npmjs.org/@unrs%2fresolver-binding-linux-arm64-musl 142ms (cache miss)
1366 silly packumentCache full:https://registry.npmjs.org/@unrs%2fresolver-binding-linux-arm64-musl set size:undefined disposed:false
1367 http fetch GET 200 https://registry.npmjs.org/@unrs%2fresolver-binding-linux-arm-musleabihf 151ms (cache miss)
1368 silly packumentCache full:https://registry.npmjs.org/@unrs%2fresolver-binding-linux-arm-musleabihf set size:undefined disposed:false
1369 http fetch GET 200 https://registry.npmjs.org/@unrs%2fresolver-binding-win32-arm64-msvc 166ms (cache miss)
1370 silly packumentCache full:https://registry.npmjs.org/@unrs%2fresolver-binding-win32-arm64-msvc set size:undefined disposed:false
1371 http fetch GET 200 https://registry.npmjs.org/@unrs%2fresolver-binding-openharmony-arm64 167ms (cache miss)
1372 silly packumentCache full:https://registry.npmjs.org/@unrs%2fresolver-binding-openharmony-arm64 set size:undefined disposed:false
1373 http fetch GET 200 https://registry.npmjs.org/@unrs%2fresolver-binding-linux-arm64-gnu 172ms (cache miss)
1374 silly packumentCache full:https://registry.npmjs.org/@unrs%2fresolver-binding-linux-arm64-gnu set size:undefined disposed:false
1375 http fetch GET 200 https://registry.npmjs.org/@unrs%2fresolver-binding-freebsd-x64 297ms (cache miss)
1376 silly packumentCache full:https://registry.npmjs.org/@unrs%2fresolver-binding-freebsd-x64 set size:undefined disposed:false
1377 http fetch GET 200 https://registry.npmjs.org/@unrs%2fresolver-binding-linux-arm-gnueabihf 732ms (cache miss)
1378 silly packumentCache full:https://registry.npmjs.org/@unrs%2fresolver-binding-linux-arm-gnueabihf set size:undefined disposed:false
1379 http fetch GET https://registry.npmjs.org/@unrs%2fresolver-binding-linux-x64-gnu attempt 1 failed with ECONNRESET
1380 http fetch GET https://registry.npmjs.org/@unrs%2fresolver-binding-linux-x64-musl attempt 1 failed with ECONNRESET
1381 http fetch GET https://registry.npmjs.org/@unrs%2fresolver-binding-linux-s390x-gnu attempt 1 failed with ECONNRESET
1382 http fetch GET 200 https://registry.npmjs.org/@unrs%2fresolver-binding-linux-x64-musl 21434ms attempt #2 (cache miss)
1383 silly packumentCache full:https://registry.npmjs.org/@unrs%2fresolver-binding-linux-x64-musl set size:undefined disposed:false
1384 http fetch GET 200 https://registry.npmjs.org/@unrs%2fresolver-binding-linux-x64-gnu 21462ms attempt #2 (cache miss)
1385 silly packumentCache full:https://registry.npmjs.org/@unrs%2fresolver-binding-linux-x64-gnu set size:undefined disposed:false
1386 http fetch GET 200 https://registry.npmjs.org/@unrs%2fresolver-binding-linux-s390x-gnu 29195ms attempt #2 (cache miss)
1387 silly packumentCache full:https://registry.npmjs.org/@unrs%2fresolver-binding-linux-s390x-gnu set size:undefined disposed:false
1388 silly placeDep ROOT @rtsao/scc@1.1.0 OK for: eslint-plugin-import@2.32.0 want: ^1.1.0
1389 silly placeDep ROOT array-includes@3.2.0 OK for: eslint-plugin-import@2.32.0 want: ^3.1.9
1390 silly placeDep ROOT array.prototype.findlastindex@1.2.6 OK for: eslint-plugin-import@2.32.0 want: ^1.2.6
1391 silly placeDep ROOT array.prototype.flat@1.3.3 OK for: eslint-plugin-import@2.32.0 want: ^1.3.3
1392 silly placeDep ROOT array.prototype.flatmap@1.3.3 OK for: eslint-plugin-import@2.32.0 want: ^1.3.3
1393 silly placeDep node_modules/eslint-plugin-import debug@3.2.7 OK for: eslint-plugin-import@2.32.0 want: ^3.2.7
1394 silly placeDep node_modules/eslint-plugin-import doctrine@2.1.0 OK for: eslint-plugin-import@2.32.0 want: ^2.1.0
1395 silly placeDep ROOT eslint-module-utils@2.14.0 OK for: eslint-plugin-import@2.32.0 want: ^2.12.1
1396 silly placeDep ROOT hasown@2.0.4 OK for: eslint-plugin-import@2.32.0 want: ^2.0.2
1397 silly placeDep ROOT object.fromentries@2.0.8 OK for: eslint-plugin-import@2.32.0 want: ^2.0.8
1398 silly placeDep ROOT object.groupby@1.0.3 OK for: eslint-plugin-import@2.32.0 want: ^1.0.3
1399 silly placeDep ROOT object.values@1.2.1 OK for: eslint-plugin-import@2.32.0 want: ^1.2.1
1400 silly placeDep node_modules/eslint-plugin-import semver@6.3.1 OK for: eslint-plugin-import@2.32.0 want: ^6.3.1
1401 silly placeDep ROOT string.prototype.trimend@1.0.10 OK for: eslint-plugin-import@2.32.0 want: ^1.0.9
1402 silly placeDep ROOT tsconfig-paths@3.15.0 OK for: eslint-plugin-import@2.32.0 want: ^3.15.0
1403 silly fetch manifest call-bind@^1.0.9
1404 silly packumentCache full:https://registry.npmjs.org/call-bind cache-miss
1405 silly fetch manifest is-string@^1.1.1
1406 silly packumentCache full:https://registry.npmjs.org/is-string cache-miss
1407 silly fetch manifest call-bound@^1.0.4
1408 silly packumentCache full:https://registry.npmjs.org/call-bound cache-miss
1409 silly fetch manifest es-abstract@^1.24.2
1410 silly packumentCache full:https://registry.npmjs.org/es-abstract cache-miss
1411 silly fetch manifest es-object-atoms@^1.1.2
1412 silly packumentCache full:https://registry.npmjs.org/es-object-atoms cache-miss
1413 silly fetch manifest math-intrinsics@^1.1.0
1414 silly packumentCache full:https://registry.npmjs.org/math-intrinsics cache-miss
1415 silly fetch manifest define-properties@^1.2.1
1416 silly packumentCache full:https://registry.npmjs.org/define-properties cache-miss
1417 silly fetch manifest es-shim-unscopables@^1.1.0
1418 silly packumentCache full:https://registry.npmjs.org/es-shim-unscopables cache-miss
1419 silly fetch manifest call-bind@^1.0.8
1420 silly packumentCache full:https://registry.npmjs.org/call-bind cache-miss
1421 silly fetch manifest call-bound@^1.0.4
1422 silly packumentCache full:https://registry.npmjs.org/call-bound cache-miss
1423 silly fetch manifest define-properties@^1.2.1
1424 silly packumentCache full:https://registry.npmjs.org/define-properties cache-miss
1425 http cache https://registry.npmjs.org/call-bound 21ms (cache hit)
1426 silly packumentCache full:https://registry.npmjs.org/call-bound set size:15317 disposed:false
1427 silly fetch manifest es-abstract@^1.23.9
1428 silly packumentCache full:https://registry.npmjs.org/es-abstract cache-miss
1429 http cache https://registry.npmjs.org/call-bind 23ms (cache hit)
1430 silly packumentCache full:https://registry.npmjs.org/call-bind set size:32985 disposed:false
1431 silly fetch manifest es-object-atoms@^1.1.1
1432 silly packumentCache full:https://registry.npmjs.org/es-object-atoms cache-miss
1433 http cache https://registry.npmjs.org/is-string 25ms (cache hit)
1434 silly packumentCache full:https://registry.npmjs.org/is-string set size:29636 disposed:false
1435 silly fetch manifest es-shim-unscopables@^1.1.0
1436 silly packumentCache full:https://registry.npmjs.org/es-shim-unscopables cache-miss
1437 http cache https://registry.npmjs.org/es-abstract 28ms (cache hit)
1438 silly packumentCache full:https://registry.npmjs.org/es-abstract set size:384124 disposed:false
1439 silly fetch manifest call-bind@^1.0.8
1440 silly packumentCache full:https://registry.npmjs.org/call-bind cache-hit
1441 silly fetch manifest define-properties@^1.2.1
1442 silly packumentCache full:https://registry.npmjs.org/define-properties cache-miss
1443 http cache https://registry.npmjs.org/es-object-atoms 34ms (cache hit)
1444 silly packumentCache full:https://registry.npmjs.org/es-object-atoms set size:18278 disposed:false
1445 silly fetch manifest es-abstract@^1.23.5
1446 silly packumentCache full:https://registry.npmjs.org/es-abstract cache-hit
1447 silly fetch manifest es-shim-unscopables@^1.0.2
1448 silly packumentCache full:https://registry.npmjs.org/es-shim-unscopables cache-miss
1449 http cache https://registry.npmjs.org/define-properties 37ms (cache hit)
1450 silly packumentCache full:https://registry.npmjs.org/define-properties set size:31491 disposed:false
1451 silly fetch manifest es-shim-unscopables@^1.0.2
1452 silly packumentCache full:https://registry.npmjs.org/es-shim-unscopables cache-miss
1453 http cache https://registry.npmjs.org/math-intrinsics 40ms (cache hit)
1454 silly packumentCache full:https://registry.npmjs.org/math-intrinsics set size:9265 disposed:false
1455 silly fetch manifest function-bind@^1.1.2
1456 silly packumentCache full:https://registry.npmjs.org/function-bind cache-miss
1457 http cache https://registry.npmjs.org/es-shim-unscopables 42ms (cache hit)
1458 silly packumentCache full:https://registry.npmjs.org/es-shim-unscopables set size:13965 disposed:false
1459 silly fetch manifest call-bind@^1.0.7
1460 silly packumentCache full:https://registry.npmjs.org/call-bind cache-hit
1461 silly fetch manifest es-abstract@^1.23.2
1462 silly packumentCache full:https://registry.npmjs.org/es-abstract cache-hit
1463 silly fetch manifest es-object-atoms@^1.0.0
1464 silly packumentCache full:https://registry.npmjs.org/es-object-atoms cache-hit
1465 silly fetch manifest call-bound@^1.0.3
1466 silly packumentCache full:https://registry.npmjs.org/call-bound cache-hit
1467 silly fetch manifest json5@^1.0.2
1468 silly packumentCache full:https://registry.npmjs.org/json5 cache-miss
1469 http cache https://registry.npmjs.org/define-properties 46ms (cache hit)
1470 silly packumentCache full:https://registry.npmjs.org/define-properties set size:31491 disposed:false
1471 silly packumentCache full:https://registry.npmjs.org/define-properties dispose
1472 silly fetch manifest minimist@^1.2.6
1473 silly packumentCache full:https://registry.npmjs.org/minimist cache-miss
1474 http cache https://registry.npmjs.org/call-bind 50ms (cache hit)
1475 silly packumentCache full:https://registry.npmjs.org/call-bind set size:32985 disposed:false
1476 silly packumentCache full:https://registry.npmjs.org/call-bind dispose
1477 silly fetch manifest strip-bom@^3.0.0
1478 silly packumentCache full:https://registry.npmjs.org/strip-bom cache-miss
1479 http cache https://registry.npmjs.org/call-bound 51ms (cache hit)
1480 silly packumentCache full:https://registry.npmjs.org/call-bound set size:15317 disposed:false
1481 silly packumentCache full:https://registry.npmjs.org/call-bound dispose
1482 silly fetch manifest @types/json5@^0.0.29
1483 silly packumentCache full:https://registry.npmjs.org/@types%2fjson5 cache-miss
1484 http cache https://registry.npmjs.org/es-abstract 46ms (cache hit)
1485 silly packumentCache full:https://registry.npmjs.org/es-abstract set size:384124 disposed:false
1486 silly packumentCache full:https://registry.npmjs.org/es-abstract dispose
1487 http cache https://registry.npmjs.org/es-object-atoms 51ms (cache hit)
1488 silly packumentCache full:https://registry.npmjs.org/es-object-atoms set size:18278 disposed:false
1489 silly packumentCache full:https://registry.npmjs.org/es-object-atoms dispose
1490 http cache https://registry.npmjs.org/es-shim-unscopables 51ms (cache hit)
1491 silly packumentCache full:https://registry.npmjs.org/es-shim-unscopables set size:13965 disposed:false
1492 silly packumentCache full:https://registry.npmjs.org/es-shim-unscopables dispose
1493 http cache https://registry.npmjs.org/es-shim-unscopables 43ms (cache hit)
1494 silly packumentCache full:https://registry.npmjs.org/es-shim-unscopables set size:13965 disposed:true
1495 silly packumentCache full:https://registry.npmjs.org/es-shim-unscopables dispose
1496 http cache https://registry.npmjs.org/define-properties 47ms (cache hit)
1497 silly packumentCache full:https://registry.npmjs.org/define-properties set size:31491 disposed:true
1498 silly packumentCache full:https://registry.npmjs.org/define-properties dispose
1499 http cache https://registry.npmjs.org/es-shim-unscopables 42ms (cache hit)
1500 silly packumentCache full:https://registry.npmjs.org/es-shim-unscopables set size:13965 disposed:true
1501 silly packumentCache full:https://registry.npmjs.org/es-shim-unscopables dispose
1502 http cache https://registry.npmjs.org/function-bind 41ms (cache hit)
1503 silly packumentCache full:https://registry.npmjs.org/function-bind set size:15733 disposed:false
1504 http cache https://registry.npmjs.org/json5 36ms (cache hit)
1505 silly packumentCache full:https://registry.npmjs.org/json5 set size:86136 disposed:false
1506 http cache https://registry.npmjs.org/strip-bom 33ms (cache hit)
1507 silly packumentCache full:https://registry.npmjs.org/strip-bom set size:19359 disposed:false
1508 http cache https://registry.npmjs.org/minimist 36ms (cache hit)
1509 silly packumentCache full:https://registry.npmjs.org/minimist set size:77063 disposed:false
1510 http cache https://registry.npmjs.org/@types%2fjson5 34ms (cache hit)
1511 silly packumentCache full:https://registry.npmjs.org/@types%2fjson5 set size:19581 disposed:false
1512 silly placeDep ROOT call-bind@1.0.9 OK for: array-includes@3.2.0 want: ^1.0.9
1513 silly placeDep ROOT call-bound@1.0.4 OK for: array-includes@3.2.0 want: ^1.0.4
1514 silly placeDep ROOT define-properties@1.2.1 OK for: array-includes@3.2.0 want: ^1.2.1
1515 silly placeDep ROOT es-abstract@1.24.2 OK for: array-includes@3.2.0 want: ^1.24.2
1516 silly placeDep ROOT es-object-atoms@1.1.2 OK for: array-includes@3.2.0 want: ^1.1.2
1517 silly placeDep ROOT es-shim-unscopables@1.1.0 OK for: array-includes@3.2.0 want: ^1.1.0
1518 silly placeDep ROOT is-string@1.1.1 OK for: array-includes@3.2.0 want: ^1.1.1
1519 silly placeDep ROOT math-intrinsics@1.1.0 OK for: array-includes@3.2.0 want: ^1.1.0
1520 silly fetch manifest call-bind-apply-helpers@^1.0.2
1521 silly packumentCache full:https://registry.npmjs.org/call-bind-apply-helpers cache-miss
1522 silly fetch manifest es-define-property@^1.0.1
1523 silly packumentCache full:https://registry.npmjs.org/es-define-property cache-miss
1524 silly fetch manifest get-intrinsic@^1.3.0
1525 silly packumentCache full:https://registry.npmjs.org/get-intrinsic cache-miss
1526 silly fetch manifest set-function-length@^1.2.2
1527 silly packumentCache full:https://registry.npmjs.org/set-function-length cache-miss
1528 silly fetch manifest call-bind-apply-helpers@^1.0.2
1529 silly packumentCache full:https://registry.npmjs.org/call-bind-apply-helpers cache-miss
1530 silly fetch manifest get-intrinsic@^1.3.0
1531 silly packumentCache full:https://registry.npmjs.org/get-intrinsic cache-miss
1532 silly fetch manifest define-data-property@^1.0.1
1533 silly packumentCache full:https://registry.npmjs.org/define-data-property cache-miss
1534 silly fetch manifest has-property-descriptors@^1.0.0
1535 silly packumentCache full:https://registry.npmjs.org/has-property-descriptors cache-miss
1536 silly fetch manifest array-buffer-byte-length@^1.0.2
1537 silly packumentCache full:https://registry.npmjs.org/array-buffer-byte-length cache-miss
1538 silly fetch manifest arraybuffer.prototype.slice@^1.0.4
1539 silly packumentCache full:https://registry.npmjs.org/arraybuffer.prototype.slice cache-miss
1540 silly fetch manifest available-typed-arrays@^1.0.7
1541 silly packumentCache full:https://registry.npmjs.org/available-typed-arrays cache-miss
1542 http cache https://registry.npmjs.org/get-intrinsic 23ms (cache hit)
1543 silly packumentCache full:https://registry.npmjs.org/get-intrinsic set size:60985 disposed:false
1544 silly fetch manifest data-view-buffer@^1.0.2
1545 silly packumentCache full:https://registry.npmjs.org/data-view-buffer cache-miss
1546 http cache https://registry.npmjs.org/call-bind-apply-helpers 27ms (cache hit)
1547 silly packumentCache full:https://registry.npmjs.org/call-bind-apply-helpers set size:12744 disposed:false
1548 silly fetch manifest data-view-byte-length@^1.0.2
1549 silly packumentCache full:https://registry.npmjs.org/data-view-byte-length cache-miss
1550 http cache https://registry.npmjs.org/es-define-property 30ms (cache hit)
1551 silly packumentCache full:https://registry.npmjs.org/es-define-property set size:8542 disposed:false
1552 silly fetch manifest data-view-byte-offset@^1.0.1
1553 silly packumentCache full:https://registry.npmjs.org/data-view-byte-offset cache-miss
1554 http cache https://registry.npmjs.org/set-function-length 32ms (cache hit)
1555 silly packumentCache full:https://registry.npmjs.org/set-function-length set size:24261 disposed:false
1556 silly fetch manifest es-set-tostringtag@^2.1.0
1557 silly packumentCache full:https://registry.npmjs.org/es-set-tostringtag cache-miss
1558 http cache https://registry.npmjs.org/get-intrinsic 36ms (cache hit)
1559 silly packumentCache full:https://registry.npmjs.org/get-intrinsic set size:60985 disposed:false
1560 silly packumentCache full:https://registry.npmjs.org/get-intrinsic dispose
1561 silly fetch manifest es-to-primitive@^1.3.0
1562 silly packumentCache full:https://registry.npmjs.org/es-to-primitive cache-miss
1563 http cache https://registry.npmjs.org/define-data-property 39ms (cache hit)
1564 silly packumentCache full:https://registry.npmjs.org/define-data-property set size:28048 disposed:false
1565 silly fetch manifest function.prototype.name@^1.1.8
1566 silly packumentCache full:https://registry.npmjs.org/function.prototype.name cache-miss
1567 http cache https://registry.npmjs.org/has-property-descriptors 41ms (cache hit)
1568 silly packumentCache full:https://registry.npmjs.org/has-property-descriptors set size:12452 disposed:false
1569 silly fetch manifest get-proto@^1.0.1
1570 silly packumentCache full:https://registry.npmjs.org/get-proto cache-miss
1571 http cache https://registry.npmjs.org/call-bind-apply-helpers 44ms (cache hit)
1572 silly packumentCache full:https://registry.npmjs.org/call-bind-apply-helpers set size:12744 disposed:false
1573 silly packumentCache full:https://registry.npmjs.org/call-bind-apply-helpers dispose
1574 silly fetch manifest get-symbol-description@^1.1.0
1575 silly packumentCache full:https://registry.npmjs.org/get-symbol-description cache-miss
1576 http cache https://registry.npmjs.org/array-buffer-byte-length 44ms (cache hit)
1577 silly packumentCache full:https://registry.npmjs.org/array-buffer-byte-length set size:13099 disposed:false
1578 silly fetch manifest globalthis@^1.0.4
1579 silly packumentCache full:https://registry.npmjs.org/globalthis cache-miss
1580 http cache https://registry.npmjs.org/arraybuffer.prototype.slice 45ms (cache hit)
1581 silly packumentCache full:https://registry.npmjs.org/arraybuffer.prototype.slice set size:20917 disposed:false
1582 silly fetch manifest gopd@^1.2.0
1583 silly packumentCache full:https://registry.npmjs.org/gopd cache-miss
1584 http cache https://registry.npmjs.org/available-typed-arrays 47ms (cache hit)
1585 silly packumentCache full:https://registry.npmjs.org/available-typed-arrays set size:31390 disposed:false
1586 silly fetch manifest has-property-descriptors@^1.0.2
1587 silly packumentCache full:https://registry.npmjs.org/has-property-descriptors cache-hit
1588 silly fetch manifest has-proto@^1.2.0
1589 silly packumentCache full:https://registry.npmjs.org/has-proto cache-miss
1590 http cache https://registry.npmjs.org/data-view-byte-length 40ms (cache hit)
1591 silly packumentCache full:https://registry.npmjs.org/data-view-byte-length set size:12269 disposed:false
1592 silly fetch manifest has-symbols@^1.1.0
1593 silly packumentCache full:https://registry.npmjs.org/has-symbols cache-miss
1594 http cache https://registry.npmjs.org/data-view-buffer 44ms (cache hit)
1595 silly packumentCache full:https://registry.npmjs.org/data-view-buffer set size:11789 disposed:false
1596 silly fetch manifest internal-slot@^1.1.0
1597 silly packumentCache full:https://registry.npmjs.org/internal-slot cache-miss
1598 http cache https://registry.npmjs.org/data-view-byte-offset 41ms (cache hit)
1599 silly packumentCache full:https://registry.npmjs.org/data-view-byte-offset set size:9200 disposed:false
1600 silly fetch manifest is-array-buffer@^3.0.5
1601 silly packumentCache full:https://registry.npmjs.org/is-array-buffer cache-miss
1602 http cache https://registry.npmjs.org/es-set-tostringtag 39ms (cache hit)
1603 silly packumentCache full:https://registry.npmjs.org/es-set-tostringtag set size:22094 disposed:false
1604 silly fetch manifest is-callable@^1.2.7
1605 silly packumentCache full:https://registry.npmjs.org/is-callable cache-miss
1606 http cache https://registry.npmjs.org/function.prototype.name 34ms (cache hit)
1607 silly packumentCache full:https://registry.npmjs.org/function.prototype.name set size:48566 disposed:false
1608 silly fetch manifest is-data-view@^1.0.2
1609 silly packumentCache full:https://registry.npmjs.org/is-data-view cache-miss
1610 http cache https://registry.npmjs.org/es-to-primitive 40ms (cache hit)
1611 silly packumentCache full:https://registry.npmjs.org/es-to-primitive set size:35315 disposed:false
1612 silly fetch manifest is-negative-zero@^2.0.3
1613 silly packumentCache full:https://registry.npmjs.org/is-negative-zero cache-miss
1614 http cache https://registry.npmjs.org/get-proto 37ms (cache hit)
1615 silly packumentCache full:https://registry.npmjs.org/get-proto set size:8300 disposed:false
1616 silly fetch manifest is-regex@^1.2.1
1617 silly packumentCache full:https://registry.npmjs.org/is-regex cache-miss
1618 http cache https://registry.npmjs.org/globalthis 35ms (cache hit)
1619 silly packumentCache full:https://registry.npmjs.org/globalthis set size:22522 disposed:false
1620 silly fetch manifest is-set@^2.0.3
1621 silly packumentCache full:https://registry.npmjs.org/is-set cache-miss
1622 http cache https://registry.npmjs.org/get-symbol-description 40ms (cache hit)
1623 silly packumentCache full:https://registry.npmjs.org/get-symbol-description set size:15540 disposed:false
1624 silly fetch manifest is-shared-array-buffer@^1.0.4
1625 silly packumentCache full:https://registry.npmjs.org/is-shared-array-buffer cache-miss
1626 http cache https://registry.npmjs.org/gopd 36ms (cache hit)
1627 silly packumentCache full:https://registry.npmjs.org/gopd set size:11483 disposed:false
1628 silly fetch manifest is-typed-array@^1.1.15
1629 silly packumentCache full:https://registry.npmjs.org/is-typed-array cache-miss
1630 http cache https://registry.npmjs.org/has-proto 35ms (cache hit)
1631 silly packumentCache full:https://registry.npmjs.org/has-proto set size:21527 disposed:false
1632 silly fetch manifest is-weakref@^1.1.1
1633 silly packumentCache full:https://registry.npmjs.org/is-weakref cache-miss
1634 http cache https://registry.npmjs.org/has-symbols 39ms (cache hit)
1635 silly packumentCache full:https://registry.npmjs.org/has-symbols set size:21550 disposed:false
1636 silly fetch manifest object-inspect@^1.13.4
1637 silly packumentCache full:https://registry.npmjs.org/object-inspect cache-miss
1638 http cache https://registry.npmjs.org/internal-slot 40ms (cache hit)
1639 silly packumentCache full:https://registry.npmjs.org/internal-slot set size:30267 disposed:false
1640 silly fetch manifest object.assign@^4.1.7
1641 silly packumentCache full:https://registry.npmjs.org/object.assign cache-miss
1642 http cache https://registry.npmjs.org/is-array-buffer 38ms (cache hit)
1643 silly packumentCache full:https://registry.npmjs.org/is-array-buffer set size:33562 disposed:false
1644 silly fetch manifest own-keys@^1.0.1
1645 silly packumentCache full:https://registry.npmjs.org/own-keys cache-miss
1646 http cache https://registry.npmjs.org/is-callable 39ms (cache hit)
1647 silly packumentCache full:https://registry.npmjs.org/is-callable set size:66606 disposed:false
1648 silly fetch manifest regexp.prototype.flags@^1.5.4
1649 silly packumentCache full:https://registry.npmjs.org/regexp.prototype.flags cache-miss
1650 http cache https://registry.npmjs.org/is-data-view 39ms (cache hit)
1651 silly packumentCache full:https://registry.npmjs.org/is-data-view set size:13756 disposed:false
1652 silly fetch manifest safe-array-concat@^1.1.3
1653 silly packumentCache full:https://registry.npmjs.org/safe-array-concat cache-miss
1654 http cache https://registry.npmjs.org/is-set 35ms (cache hit)
1655 silly packumentCache full:https://registry.npmjs.org/is-set set size:16614 disposed:false
1656 silly fetch manifest safe-push-apply@^1.0.0
1657 silly packumentCache full:https://registry.npmjs.org/safe-push-apply cache-miss
1658 http cache https://registry.npmjs.org/is-regex 38ms (cache hit)
1659 silly packumentCache full:https://registry.npmjs.org/is-regex set size:42924 disposed:false
1660 silly fetch manifest safe-regex-test@^1.1.0
1661 silly packumentCache full:https://registry.npmjs.org/safe-regex-test cache-miss
1662 http cache https://registry.npmjs.org/is-negative-zero 43ms (cache hit)
1663 silly packumentCache full:https://registry.npmjs.org/is-negative-zero set size:22152 disposed:false
1664 silly fetch manifest set-proto@^1.0.0
1665 silly packumentCache full:https://registry.npmjs.org/set-proto cache-miss
1666 http cache https://registry.npmjs.org/is-shared-array-buffer 39ms (cache hit)
1667 silly packumentCache full:https://registry.npmjs.org/is-shared-array-buffer set size:19880 disposed:false
1668 silly fetch manifest stop-iteration-iterator@^1.1.0
1669 silly packumentCache full:https://registry.npmjs.org/stop-iteration-iterator cache-miss
1670 http cache https://registry.npmjs.org/is-typed-array 39ms (cache hit)
1671 silly packumentCache full:https://registry.npmjs.org/is-typed-array set size:79965 disposed:false
1672 silly fetch manifest string.prototype.trim@^1.2.10
1673 silly packumentCache full:https://registry.npmjs.org/string.prototype.trim cache-miss
1674 http cache https://registry.npmjs.org/is-weakref 40ms (cache hit)
1675 silly packumentCache full:https://registry.npmjs.org/is-weakref set size:18473 disposed:false
1676 silly fetch manifest string.prototype.trimstart@^1.0.8
1677 silly packumentCache full:https://registry.npmjs.org/string.prototype.trimstart cache-miss
1678 http cache https://registry.npmjs.org/object-inspect 36ms (cache hit)
1679 silly packumentCache full:https://registry.npmjs.org/object-inspect set size:101927 disposed:false
1680 silly fetch manifest typed-array-buffer@^1.0.3
1681 silly packumentCache full:https://registry.npmjs.org/typed-array-buffer cache-miss
1682 http cache https://registry.npmjs.org/object.assign 39ms (cache hit)
1683 silly packumentCache full:https://registry.npmjs.org/object.assign set size:85907 disposed:false
1684 silly fetch manifest typed-array-byte-length@^1.0.3
1685 silly packumentCache full:https://registry.npmjs.org/typed-array-byte-length cache-miss
1686 http cache https://registry.npmjs.org/regexp.prototype.flags 36ms (cache hit)
1687 silly packumentCache full:https://registry.npmjs.org/regexp.prototype.flags set size:60621 disposed:false
1688 silly fetch manifest typed-array-byte-offset@^1.0.4
1689 silly packumentCache full:https://registry.npmjs.org/typed-array-byte-offset cache-miss
1690 http cache https://registry.npmjs.org/safe-push-apply 36ms (cache hit)
1691 silly packumentCache full:https://registry.npmjs.org/safe-push-apply set size:5759 disposed:false
1692 silly fetch manifest typed-array-length@^1.0.7
1693 silly packumentCache full:https://registry.npmjs.org/typed-array-length cache-miss
1694 http cache https://registry.npmjs.org/own-keys 48ms (cache hit)
1695 silly packumentCache full:https://registry.npmjs.org/own-keys set size:11888 disposed:false
1696 silly fetch manifest unbox-primitive@^1.1.0
1697 silly packumentCache full:https://registry.npmjs.org/unbox-primitive cache-miss
1698 http cache https://registry.npmjs.org/safe-regex-test 43ms (cache hit)
1699 silly packumentCache full:https://registry.npmjs.org/safe-regex-test set size:17412 disposed:false
1700 silly fetch manifest which-typed-array@^1.1.19
1701 silly packumentCache full:https://registry.npmjs.org/which-typed-array cache-miss
1702 http cache https://registry.npmjs.org/safe-array-concat 47ms (cache hit)
1703 silly packumentCache full:https://registry.npmjs.org/safe-array-concat set size:25516 disposed:false
1704 silly fetch manifest has-tostringtag@^1.0.2
1705 silly packumentCache full:https://registry.npmjs.org/has-tostringtag cache-miss
1706 http cache https://registry.npmjs.org/set-proto 44ms (cache hit)
1707 silly packumentCache full:https://registry.npmjs.org/set-proto set size:5334 disposed:false
1708 http cache https://registry.npmjs.org/stop-iteration-iterator 44ms (cache hit)
1709 silly packumentCache full:https://registry.npmjs.org/stop-iteration-iterator set size:9160 disposed:false
1710 http cache https://registry.npmjs.org/string.prototype.trim 44ms (cache hit)
1711 silly packumentCache full:https://registry.npmjs.org/string.prototype.trim set size:57416 disposed:false
1712 http cache https://registry.npmjs.org/string.prototype.trimstart 44ms (cache hit)
1713 silly packumentCache full:https://registry.npmjs.org/string.prototype.trimstart set size:38291 disposed:false
1714 http cache https://registry.npmjs.org/typed-array-buffer 35ms (cache hit)
1715 silly packumentCache full:https://registry.npmjs.org/typed-array-buffer set size:14045 disposed:false
1716 http cache https://registry.npmjs.org/typed-array-byte-length 32ms (cache hit)
1717 silly packumentCache full:https://registry.npmjs.org/typed-array-byte-length set size:18382 disposed:false
1718 http cache https://registry.npmjs.org/typed-array-byte-offset 31ms (cache hit)
1719 silly packumentCache full:https://registry.npmjs.org/typed-array-byte-offset set size:25416 disposed:false
1720 http cache https://registry.npmjs.org/has-tostringtag 20ms (cache hit)
1721 silly packumentCache full:https://registry.npmjs.org/has-tostringtag set size:13945 disposed:false
1722 http cache https://registry.npmjs.org/typed-array-length 32ms (cache hit)
1723 silly packumentCache full:https://registry.npmjs.org/typed-array-length set size:35665 disposed:false
1724 http cache https://registry.npmjs.org/unbox-primitive 25ms (cache hit)
1725 silly packumentCache full:https://registry.npmjs.org/unbox-primitive set size:15669 disposed:false
1726 http cache https://registry.npmjs.org/which-typed-array 24ms (cache hit)
1727 silly packumentCache full:https://registry.npmjs.org/which-typed-array set size:109574 disposed:false
1728 silly placeDep ROOT es-errors@1.3.0 OK for: array.prototype.findlastindex@1.2.6 want: ^1.3.0
1729 silly placeDep ROOT call-bind-apply-helpers@1.0.2 OK for: call-bind@1.0.9 want: ^1.0.2
1730 silly placeDep ROOT es-define-property@1.0.1 OK for: call-bind@1.0.9 want: ^1.0.1
1731 silly placeDep ROOT get-intrinsic@1.3.0 OK for: call-bind@1.0.9 want: ^1.3.0
1732 silly placeDep ROOT set-function-length@1.2.2 OK for: call-bind@1.0.9 want: ^1.2.2
1733 silly fetch manifest define-data-property@^1.1.4
1734 silly packumentCache full:https://registry.npmjs.org/define-data-property cache-hit
1735 silly fetch manifest gopd@^1.0.1
1736 silly packumentCache full:https://registry.npmjs.org/gopd cache-hit
1737 silly placeDep ROOT function-bind@1.1.2 OK for: call-bind-apply-helpers@1.0.2 want: ^1.1.2
1738 silly placeDep ROOT define-data-property@1.1.4 OK for: define-properties@1.2.1 want: ^1.0.1
1739 silly placeDep ROOT has-property-descriptors@1.0.2 OK for: define-properties@1.2.1 want: ^1.0.0
1740 silly placeDep ROOT object-keys@1.1.1 OK for: define-properties@1.2.1 want: ^1.1.1
1741 silly placeDep ROOT gopd@1.2.0 OK for: define-data-property@1.1.4 want: ^1.0.1
1742 silly placeDep ROOT array-buffer-byte-length@1.0.2 OK for: es-abstract@1.24.2 want: ^1.0.2
1743 silly placeDep ROOT arraybuffer.prototype.slice@1.0.4 OK for: es-abstract@1.24.2 want: ^1.0.4
1744 silly placeDep ROOT available-typed-arrays@1.0.7 OK for: es-abstract@1.24.2 want: ^1.0.7
1745 silly placeDep ROOT data-view-buffer@1.0.2 OK for: es-abstract@1.24.2 want: ^1.0.2
1746 silly placeDep ROOT data-view-byte-length@1.0.2 OK for: es-abstract@1.24.2 want: ^1.0.2
1747 silly placeDep ROOT data-view-byte-offset@1.0.1 OK for: es-abstract@1.24.2 want: ^1.0.1
1748 silly placeDep ROOT es-set-tostringtag@2.1.0 OK for: es-abstract@1.24.2 want: ^2.1.0
1749 silly placeDep ROOT es-to-primitive@1.3.4 OK for: es-abstract@1.24.2 want: ^1.3.0
1750 silly placeDep ROOT function.prototype.name@1.2.0 OK for: es-abstract@1.24.2 want: ^1.1.8
1751 silly placeDep ROOT get-proto@1.0.1 OK for: es-abstract@1.24.2 want: ^1.0.1
1752 silly placeDep ROOT get-symbol-description@1.1.0 OK for: es-abstract@1.24.2 want: ^1.1.0
1753 silly placeDep ROOT globalthis@1.0.4 OK for: es-abstract@1.24.2 want: ^1.0.4
1754 silly placeDep ROOT has-proto@1.2.0 OK for: es-abstract@1.24.2 want: ^1.2.0
1755 silly placeDep ROOT has-symbols@1.1.0 OK for: es-abstract@1.24.2 want: ^1.1.0
1756 silly placeDep ROOT internal-slot@1.1.0 OK for: es-abstract@1.24.2 want: ^1.1.0
1757 silly placeDep ROOT is-array-buffer@3.0.5 OK for: es-abstract@1.24.2 want: ^3.0.5
1758 silly placeDep ROOT is-callable@1.2.7 OK for: es-abstract@1.24.2 want: ^1.2.7
1759 silly placeDep ROOT is-data-view@1.0.2 OK for: es-abstract@1.24.2 want: ^1.0.2
1760 silly placeDep ROOT is-negative-zero@2.0.3 OK for: es-abstract@1.24.2 want: ^2.0.3
1761 silly placeDep ROOT is-regex@1.2.1 OK for: es-abstract@1.24.2 want: ^1.2.1
1762 silly placeDep ROOT is-set@2.0.3 OK for: es-abstract@1.24.2 want: ^2.0.3
1763 silly placeDep ROOT is-shared-array-buffer@1.0.4 OK for: es-abstract@1.24.2 want: ^1.0.4
1764 silly placeDep ROOT is-typed-array@1.1.15 OK for: es-abstract@1.24.2 want: ^1.1.15
1765 silly placeDep ROOT is-weakref@1.1.1 OK for: es-abstract@1.24.2 want: ^1.1.1
1766 silly placeDep ROOT object-inspect@1.13.4 OK for: es-abstract@1.24.2 want: ^1.13.4
1767 silly placeDep ROOT object.assign@4.1.7 OK for: es-abstract@1.24.2 want: ^4.1.7
1768 silly placeDep ROOT own-keys@1.0.2 OK for: es-abstract@1.24.2 want: ^1.0.1
1769 silly placeDep ROOT regexp.prototype.flags@1.5.4 OK for: es-abstract@1.24.2 want: ^1.5.4
1770 silly placeDep ROOT safe-array-concat@1.1.4 OK for: es-abstract@1.24.2 want: ^1.1.3
1771 silly placeDep ROOT safe-push-apply@1.0.0 OK for: es-abstract@1.24.2 want: ^1.0.0
1772 silly placeDep ROOT safe-regex-test@1.1.0 OK for: es-abstract@1.24.2 want: ^1.1.0
1773 silly placeDep ROOT set-proto@1.0.0 OK for: es-abstract@1.24.2 want: ^1.0.0
1774 silly placeDep ROOT stop-iteration-iterator@1.1.0 OK for: es-abstract@1.24.2 want: ^1.1.0
1775 silly placeDep ROOT string.prototype.trim@1.2.11 OK for: es-abstract@1.24.2 want: ^1.2.10
1776 silly placeDep ROOT string.prototype.trimstart@1.0.8 OK for: es-abstract@1.24.2 want: ^1.0.8
1777 silly placeDep ROOT typed-array-buffer@1.0.3 OK for: es-abstract@1.24.2 want: ^1.0.3
1778 silly placeDep ROOT typed-array-byte-length@1.0.3 OK for: es-abstract@1.24.2 want: ^1.0.3
1779 silly placeDep ROOT typed-array-byte-offset@1.0.5 OK for: es-abstract@1.24.2 want: ^1.0.4
1780 silly placeDep ROOT typed-array-length@1.0.8 OK for: es-abstract@1.24.2 want: ^1.0.7
1781 silly placeDep ROOT unbox-primitive@1.1.0 OK for: es-abstract@1.24.2 want: ^1.1.0
1782 silly placeDep ROOT which-typed-array@1.1.24 OK for: es-abstract@1.24.2 want: ^1.1.19
1783 silly fetch manifest is-array-buffer@^3.0.4
1784 silly packumentCache full:https://registry.npmjs.org/is-array-buffer cache-hit
1785 silly fetch manifest possible-typed-array-names@^1.0.0
1786 silly packumentCache full:https://registry.npmjs.org/possible-typed-array-names cache-miss
1787 silly fetch manifest is-data-view@^1.0.1
1788 silly packumentCache full:https://registry.npmjs.org/is-data-view cache-hit
1789 silly fetch manifest is-symbol@^1.1.1
1790 silly packumentCache full:https://registry.npmjs.org/is-symbol cache-miss
1791 silly fetch manifest is-date-object@^1.1.0
1792 silly packumentCache full:https://registry.npmjs.org/is-date-object cache-miss
1793 silly fetch manifest es-abstract-get@^1.0.0
1794 silly packumentCache full:https://registry.npmjs.org/es-abstract-get cache-miss
1795 silly fetch manifest is-document.all@^1.0.0
1796 silly packumentCache full:https://registry.npmjs.org/is-document.all cache-miss
1797 silly fetch manifest functions-have-names@^1.2.3
1798 silly packumentCache full:https://registry.npmjs.org/functions-have-names cache-miss
1799 silly fetch manifest dunder-proto@^1.0.1
1800 silly packumentCache full:https://registry.npmjs.org/dunder-proto cache-miss
1801 silly fetch manifest dunder-proto@^1.0.0
1802 silly packumentCache full:https://registry.npmjs.org/dunder-proto cache-miss
1803 silly fetch manifest side-channel@^1.1.0
1804 silly packumentCache full:https://registry.npmjs.org/side-channel cache-miss
1805 silly fetch manifest is-typed-array@^1.1.13
1806 silly packumentCache full:https://registry.npmjs.org/is-typed-array cache-hit
1807 silly fetch manifest which-typed-array@^1.1.16
1808 silly packumentCache full:https://registry.npmjs.org/which-typed-array cache-hit
1809 silly fetch manifest set-function-name@^2.0.2
1810 silly packumentCache full:https://registry.npmjs.org/set-function-name cache-miss
1811 silly fetch manifest isarray@^2.0.5
1812 silly packumentCache full:https://registry.npmjs.org/isarray cache-miss
1813 http cache https://registry.npmjs.org/is-date-object 42ms (cache hit)
1814 silly packumentCache full:https://registry.npmjs.org/is-date-object set size:25050 disposed:false
1815 silly fetch manifest isarray@^2.0.5
1816 silly packumentCache full:https://registry.npmjs.org/isarray cache-miss
1817 http cache https://registry.npmjs.org/functions-have-names 41ms (cache hit)
1818 silly packumentCache full:https://registry.npmjs.org/functions-have-names set size:24196 disposed:false
1819 silly fetch manifest dunder-proto@^1.0.1
1820 silly packumentCache full:https://registry.npmjs.org/dunder-proto cache-miss
1821 http cache https://registry.npmjs.org/possible-typed-array-names 46ms (cache hit)
1822 silly packumentCache full:https://registry.npmjs.org/possible-typed-array-names set size:9167 disposed:false
1823 silly fetch manifest for-each@^0.3.3
1824 silly packumentCache full:https://registry.npmjs.org/for-each cache-miss
1825 http cache https://registry.npmjs.org/is-symbol 47ms (cache hit)
1826 silly packumentCache full:https://registry.npmjs.org/is-symbol set size:22675 disposed:false
1827 silly fetch manifest for-each@^0.3.5
1828 silly packumentCache full:https://registry.npmjs.org/for-each cache-miss
1829 http cache https://registry.npmjs.org/es-abstract-get 48ms (cache hit)
1830 silly packumentCache full:https://registry.npmjs.org/es-abstract-get set size:7156 disposed:false
1831 silly fetch manifest reflect.getprototypeof@^1.0.10
1832 silly packumentCache full:https://registry.npmjs.org/reflect.getprototypeof cache-miss
1833 http cache https://registry.npmjs.org/is-document.all 49ms (cache hit)
1834 silly packumentCache full:https://registry.npmjs.org/is-document.all set size:5283 disposed:false
1835 silly fetch manifest for-each@^0.3.5
1836 silly packumentCache full:https://registry.npmjs.org/for-each cache-miss
1837 http cache https://registry.npmjs.org/dunder-proto 51ms (cache hit)
1838 silly packumentCache full:https://registry.npmjs.org/dunder-proto set size:8256 disposed:false
1839 silly fetch manifest possible-typed-array-names@^1.1.0
1840 silly packumentCache full:https://registry.npmjs.org/possible-typed-array-names cache-hit
1841 silly fetch manifest reflect.getprototypeof@^1.0.10
1842 silly packumentCache full:https://registry.npmjs.org/reflect.getprototypeof cache-miss
1843 http cache https://registry.npmjs.org/dunder-proto 54ms (cache hit)
1844 silly packumentCache full:https://registry.npmjs.org/dunder-proto set size:8256 disposed:false
1845 silly packumentCache full:https://registry.npmjs.org/dunder-proto dispose
1846 silly fetch manifest has-bigints@^1.0.2
1847 silly packumentCache full:https://registry.npmjs.org/has-bigints cache-miss
1848 http cache https://registry.npmjs.org/side-channel 54ms (cache hit)
1849 silly packumentCache full:https://registry.npmjs.org/side-channel set size:27650 disposed:false
1850 silly fetch manifest which-boxed-primitive@^1.1.1
1851 silly packumentCache full:https://registry.npmjs.org/which-boxed-primitive cache-miss
1852 http cache https://registry.npmjs.org/isarray 53ms (cache hit)
1853 silly packumentCache full:https://registry.npmjs.org/isarray set size:17392 disposed:false
1854 silly fetch manifest for-each@^0.3.5
1855 silly packumentCache full:https://registry.npmjs.org/for-each cache-miss
1856 http cache https://registry.npmjs.org/set-function-name 55ms (cache hit)
1857 silly packumentCache full:https://registry.npmjs.org/set-function-name set size:13766 disposed:false
1858 http cache https://registry.npmjs.org/isarray 35ms (cache hit)
1859 silly packumentCache full:https://registry.npmjs.org/isarray set size:17392 disposed:false
1860 silly packumentCache full:https://registry.npmjs.org/isarray dispose
1861 http cache https://registry.npmjs.org/dunder-proto 34ms (cache hit)
1862 silly packumentCache full:https://registry.npmjs.org/dunder-proto set size:8256 disposed:true
1863 silly packumentCache full:https://registry.npmjs.org/dunder-proto dispose
1864 http cache https://registry.npmjs.org/for-each 33ms (cache hit)
1865 silly packumentCache full:https://registry.npmjs.org/for-each set size:14327 disposed:false
1866 http cache https://registry.npmjs.org/reflect.getprototypeof 31ms (cache hit)
1867 silly packumentCache full:https://registry.npmjs.org/reflect.getprototypeof set size:44083 disposed:false
1868 http cache https://registry.npmjs.org/for-each 34ms (cache hit)
1869 silly packumentCache full:https://registry.npmjs.org/for-each set size:14327 disposed:false
1870 silly packumentCache full:https://registry.npmjs.org/for-each dispose
1871 http cache https://registry.npmjs.org/for-each 31ms (cache hit)
1872 silly packumentCache full:https://registry.npmjs.org/for-each set size:14327 disposed:true
1873 silly packumentCache full:https://registry.npmjs.org/for-each dispose
1874 http cache https://registry.npmjs.org/reflect.getprototypeof 29ms (cache hit)
1875 silly packumentCache full:https://registry.npmjs.org/reflect.getprototypeof set size:44083 disposed:false
1876 silly packumentCache full:https://registry.npmjs.org/reflect.getprototypeof dispose
1877 http cache https://registry.npmjs.org/has-bigints 27ms (cache hit)
1878 silly packumentCache full:https://registry.npmjs.org/has-bigints set size:14176 disposed:false
1879 http cache https://registry.npmjs.org/for-each 25ms (cache hit)
1880 silly packumentCache full:https://registry.npmjs.org/for-each set size:14327 disposed:true
1881 silly packumentCache full:https://registry.npmjs.org/for-each dispose
1882 http cache https://registry.npmjs.org/which-boxed-primitive 28ms (cache hit)
1883 silly packumentCache full:https://registry.npmjs.org/which-boxed-primitive set size:19407 disposed:false
1884 silly placeDep ROOT possible-typed-array-names@1.1.0 OK for: available-typed-arrays@1.0.7 want: ^1.0.0
1885 silly placeDep ROOT has-tostringtag@1.0.2 OK for: es-set-tostringtag@2.1.0 want: ^1.0.2
1886 silly placeDep ROOT es-abstract-get@1.0.0 OK for: es-to-primitive@1.3.4 want: ^1.0.0
1887 silly placeDep ROOT is-date-object@1.1.0 OK for: es-to-primitive@1.3.4 want: ^1.1.0
1888 silly placeDep ROOT is-symbol@1.1.1 OK for: es-to-primitive@1.3.4 want: ^1.1.1
1889 silly placeDep node_modules/eslint-module-utils debug@3.2.7 OK for: eslint-module-utils@2.14.0 want: ^3.2.7
1890 silly placeDep ROOT aria-query@5.3.2 OK for: eslint-plugin-jsx-a11y@6.10.2 want: ^5.3.2
1891 silly placeDep ROOT ast-types-flow@0.0.8 OK for: eslint-plugin-jsx-a11y@6.10.2 want: ^0.0.8
1892 silly placeDep ROOT axe-core@4.13.0 OK for: eslint-plugin-jsx-a11y@6.10.2 want: ^4.10.0
1893 silly placeDep ROOT axobject-query@4.1.0 OK for: eslint-plugin-jsx-a11y@6.10.2 want: ^4.1.0
1894 silly placeDep ROOT damerau-levenshtein@1.0.8 OK for: eslint-plugin-jsx-a11y@6.10.2 want: ^1.0.8
1895 silly placeDep ROOT emoji-regex@9.2.2 OK for: eslint-plugin-jsx-a11y@6.10.2 want: ^9.2.2
1896 silly placeDep ROOT jsx-ast-utils@3.3.5 OK for: eslint-plugin-jsx-a11y@6.10.2 want: ^3.3.5
1897 silly placeDep ROOT language-tags@1.0.9 OK for: eslint-plugin-jsx-a11y@6.10.2 want: ^1.0.9
1898 silly placeDep ROOT string.prototype.includes@2.0.1 OK for: eslint-plugin-jsx-a11y@6.10.2 want: ^2.0.1
1899 silly fetch manifest language-subtag-registry@^0.3.20
1900 silly packumentCache full:https://registry.npmjs.org/language-subtag-registry cache-miss
1901 http cache https://registry.npmjs.org/language-subtag-registry 6ms (cache hit)
1902 silly packumentCache full:https://registry.npmjs.org/language-subtag-registry set size:46437 disposed:false
1903 silly placeDep ROOT array.prototype.findlast@1.2.5 OK for: eslint-plugin-react@7.37.5 want: ^1.2.5
1904 silly placeDep ROOT array.prototype.tosorted@1.1.4 OK for: eslint-plugin-react@7.37.5 want: ^1.1.4
1905 silly placeDep node_modules/eslint-plugin-react doctrine@2.1.0 OK for: eslint-plugin-react@7.37.5 want: ^2.1.0
1906 silly placeDep ROOT es-iterator-helpers@1.4.0 OK for: eslint-plugin-react@7.37.5 want: ^1.2.1
1907 silly placeDep ROOT estraverse@5.3.0 OK for: eslint-plugin-react@7.37.5 want: ^5.3.0
1908 silly placeDep ROOT object.entries@1.1.9 OK for: eslint-plugin-react@7.37.5 want: ^1.1.9
1909 silly placeDep ROOT prop-types@15.8.1 OK for: eslint-plugin-react@7.37.5 want: ^15.8.1
1910 silly placeDep node_modules/eslint-plugin-react semver@6.3.1 OK for: eslint-plugin-react@7.37.5 want: ^6.3.1
1911 silly placeDep ROOT string.prototype.matchall@4.1.0 OK for: eslint-plugin-react@7.37.5 want: ^4.0.12
1912 silly placeDep ROOT string.prototype.repeat@1.0.0 OK for: eslint-plugin-react@7.37.5 want: ^1.0.0
1913 silly fetch manifest iterator.prototype@^1.1.5
1914 silly packumentCache full:https://registry.npmjs.org/iterator.prototype cache-miss
1915 silly fetch manifest loose-envify@^1.4.0
1916 silly packumentCache full:https://registry.npmjs.org/loose-envify cache-miss
1917 silly fetch manifest object-assign@^4.1.1
1918 silly packumentCache full:https://registry.npmjs.org/object-assign cache-miss
1919 silly fetch manifest react-is@^16.13.1
1920 silly packumentCache full:https://registry.npmjs.org/react-is cache-miss
1921 silly fetch manifest side-channel@^1.1.1
1922 silly packumentCache full:https://registry.npmjs.org/side-channel cache-hit
1923 http cache https://registry.npmjs.org/object-assign 10ms (cache hit)
1924 silly packumentCache full:https://registry.npmjs.org/object-assign set size:28988 disposed:false
1925 http cache https://registry.npmjs.org/loose-envify 12ms (cache hit)
1926 silly packumentCache full:https://registry.npmjs.org/loose-envify set size:12559 disposed:false
1927 http cache https://registry.npmjs.org/iterator.prototype 16ms (cache hit)
1928 silly packumentCache full:https://registry.npmjs.org/iterator.prototype set size:26870 disposed:false
1929 http cache https://registry.npmjs.org/react-is 29ms (cache hit)
1930 silly packumentCache full:https://registry.npmjs.org/react-is set size:5675314 disposed:false
1931 silly placeDep ROOT iterator.prototype@1.1.5 OK for: es-iterator-helpers@1.4.0 want: ^1.1.5
1932 silly placeDep ROOT esrecurse@4.3.0 OK for: eslint-scope@7.2.2 want: ^4.3.0
1933 silly placeDep ROOT acorn@8.18.0 OK for: espree@9.6.1 want: ^8.9.0
1934 silly placeDep ROOT acorn-jsx@5.3.2 OK for: espree@9.6.1 want: ^5.3.2
1935 silly placeDep node_modules/fast-glob glob-parent@5.1.2 OK for: fast-glob@3.3.1 want: ^5.1.2
1936 silly placeDep ROOT merge2@1.4.1 OK for: fast-glob@3.3.1 want: ^1.3.0
1937 silly placeDep ROOT micromatch@4.0.8 OK for: fast-glob@3.3.1 want: ^4.0.4
1938 silly fetch manifest braces@^3.0.3
1939 silly packumentCache full:https://registry.npmjs.org/braces cache-miss
1940 silly fetch manifest picomatch@^2.3.1
1941 silly packumentCache full:https://registry.npmjs.org/picomatch cache-hit
1942 http cache https://registry.npmjs.org/braces 10ms (cache hit)
1943 silly packumentCache full:https://registry.npmjs.org/braces set size:114529 disposed:false
1944 silly placeDep ROOT reusify@1.1.0 OK for: fastq@1.20.3 want: ^1.0.4
1945 silly placeDep ROOT flat-cache@3.2.0 OK for: file-entry-cache@6.0.1 want: ^3.0.4
1946 silly fetch manifest keyv@^4.5.3
1947 silly packumentCache full:https://registry.npmjs.org/keyv cache-miss
1948 silly fetch manifest rimraf@^3.0.2
1949 silly packumentCache full:https://registry.npmjs.org/rimraf cache-miss
1950 silly fetch manifest flatted@^3.2.9
1951 silly packumentCache full:https://registry.npmjs.org/flatted cache-miss
1952 http cache https://registry.npmjs.org/keyv 20ms (cache hit)
1953 silly packumentCache full:https://registry.npmjs.org/keyv set size:227033 disposed:false
1954 http cache https://registry.npmjs.org/rimraf 23ms (cache hit)
1955 silly packumentCache full:https://registry.npmjs.org/rimraf set size:212626 disposed:false
1956 http cache https://registry.npmjs.org/flatted 25ms (cache hit)
1957 silly packumentCache full:https://registry.npmjs.org/flatted set size:143283 disposed:false
1958 silly placeDep ROOT locate-path@6.0.0 OK for: find-up@5.0.0 want: ^6.0.0
1959 silly placeDep ROOT path-exists@4.0.0 OK for: find-up@5.0.0 want: ^4.0.0
1960 silly fetch manifest p-locate@^5.0.0
1961 silly packumentCache full:https://registry.npmjs.org/p-locate cache-miss
1962 http cache https://registry.npmjs.org/p-locate 6ms (cache hit)
1963 silly packumentCache full:https://registry.npmjs.org/p-locate set size:22488 disposed:false
1964 silly placeDep ROOT flatted@3.4.4 OK for: flat-cache@3.2.0 want: ^3.2.9
1965 silly placeDep ROOT keyv@4.5.4 OK for: flat-cache@3.2.0 want: ^4.5.3
1966 silly placeDep ROOT rimraf@3.0.2 OK for: flat-cache@3.2.0 want: ^3.0.2
1967 silly fetch manifest json-buffer@3.0.1
1968 silly packumentCache full:https://registry.npmjs.org/json-buffer cache-miss
1969 silly fetch manifest glob@^7.1.3
1970 silly packumentCache full:https://registry.npmjs.org/glob cache-miss
1971 http cache https://registry.npmjs.org/json-buffer 7ms (cache hit)
1972 silly packumentCache full:https://registry.npmjs.org/json-buffer set size:23474 disposed:false
1973 http cache https://registry.npmjs.org/glob 9ms (cache hit)
1974 silly packumentCache full:https://registry.npmjs.org/glob set size:469465 disposed:false
1975 silly placeDep ROOT functions-have-names@1.2.3 OK for: function.prototype.name@1.2.0 want: ^1.2.3
1976 silly placeDep ROOT is-document.all@1.0.0 OK for: function.prototype.name@1.2.0 want: ^1.0.0
1977 silly placeDep ROOT dunder-proto@1.0.1 OK for: get-proto@1.0.1 want: ^1.0.1
1978 silly placeDep ROOT resolve-pkg-maps@1.0.0 OK for: get-tsconfig@4.14.3 want: ^1.0.0
1979 silly placeDep ROOT type-fest@0.20.2 OK for: globals@13.24.0 want: ^0.20.2
1980 silly placeDep ROOT parent-module@1.0.1 OK for: import-fresh@3.3.1 want: ^1.0.0
1981 silly placeDep ROOT resolve-from@4.0.0 OK for: import-fresh@3.3.1 want: ^4.0.0
1982 silly fetch manifest callsites@^3.0.0
1983 silly packumentCache full:https://registry.npmjs.org/callsites cache-miss
1984 http cache https://registry.npmjs.org/callsites 6ms (cache hit)
1985 silly packumentCache full:https://registry.npmjs.org/callsites set size:21349 disposed:false
1986 silly placeDep ROOT side-channel@1.1.1 OK for: internal-slot@1.1.0 want: ^1.1.0
1987 silly fetch manifest side-channel-list@^1.0.1
1988 silly packumentCache full:https://registry.npmjs.org/side-channel-list cache-miss
1989 silly fetch manifest side-channel-map@^1.0.1
1990 silly packumentCache full:https://registry.npmjs.org/side-channel-map cache-miss
1991 silly fetch manifest side-channel-weakmap@^1.0.2
1992 silly packumentCache full:https://registry.npmjs.org/side-channel-weakmap cache-miss
1993 http cache https://registry.npmjs.org/side-channel-list 9ms (cache hit)
1994 silly packumentCache full:https://registry.npmjs.org/side-channel-list set size:9021 disposed:false
1995 http cache https://registry.npmjs.org/side-channel-weakmap 9ms (cache hit)
1996 silly packumentCache full:https://registry.npmjs.org/side-channel-weakmap set size:12620 disposed:false
1997 http cache https://registry.npmjs.org/side-channel-map 11ms (cache hit)
1998 silly packumentCache full:https://registry.npmjs.org/side-channel-map set size:9126 disposed:false
1999 silly placeDep ROOT is-extglob@2.1.1 OK for: is-glob@4.0.3 want: ^2.1.1
2000 silly placeDep ROOT set-function-name@2.0.2 OK for: iterator.prototype@1.1.5 want: ^2.0.2
2001 silly placeDep ROOT argparse@2.0.1 OK for: js-yaml@4.3.2 want: ^2.0.1
2002 silly placeDep ROOT json-buffer@3.0.1 OK for: keyv@4.5.4 want: 3.0.1
2003 silly placeDep ROOT language-subtag-registry@0.3.23 OK for: language-tags@1.0.9 want: ^0.3.20
2004 silly placeDep ROOT prelude-ls@1.2.1 OK for: levn@0.4.1 want: ^1.2.1
2005 silly placeDep ROOT type-check@0.4.0 OK for: levn@0.4.1 want: ~0.4.0
2006 silly placeDep ROOT p-locate@5.0.0 OK for: locate-path@6.0.0 want: ^5.0.0
2007 silly fetch manifest p-limit@^3.0.2
2008 silly packumentCache full:https://registry.npmjs.org/p-limit cache-miss
2009 http cache https://registry.npmjs.org/p-limit 6ms (cache hit)
2010 silly packumentCache full:https://registry.npmjs.org/p-limit set size:68604 disposed:false
2011 silly placeDep ROOT braces@3.0.3 OK for: micromatch@4.0.8 want: ^3.0.3
2012 silly placeDep ROOT picomatch@2.3.2 OK for: micromatch@4.0.8 want: ^2.3.1
2013 silly fetch manifest fill-range@^7.1.1
2014 silly packumentCache full:https://registry.npmjs.org/fill-range cache-miss
2015 http cache https://registry.npmjs.org/fill-range 7ms (cache hit)
2016 silly packumentCache full:https://registry.npmjs.org/fill-range set size:90162 disposed:false
2017 silly placeDep ROOT fill-range@7.1.1 OK for: braces@3.0.3 want: ^7.1.1
2018 silly fetch manifest to-regex-range@^5.0.1
2019 silly packumentCache full:https://registry.npmjs.org/to-regex-range cache-miss
2020 http cache https://registry.npmjs.org/to-regex-range 7ms (cache hit)
2021 silly packumentCache full:https://registry.npmjs.org/to-regex-range set size:61569 disposed:false
2022 silly placeDep ROOT to-regex-range@5.0.1 OK for: fill-range@7.1.1 want: ^5.0.1
2023 silly fetch manifest is-number@^7.0.0
2024 silly packumentCache full:https://registry.npmjs.org/is-number cache-miss
2025 http cache https://registry.npmjs.org/is-number 5ms (cache hit)
2026 silly packumentCache full:https://registry.npmjs.org/is-number set size:36183 disposed:false
2027 silly placeDep ROOT brace-expansion@1.1.21 OK for: minimatch@3.1.5 want: ^1.1.7
2028 silly fetch manifest concat-map@0.0.1
2029 silly packumentCache full:https://registry.npmjs.org/concat-map cache-miss
2030 silly fetch manifest balanced-match@^1.0.0
2031 silly packumentCache full:https://registry.npmjs.org/balanced-match cache-miss
2032 http cache https://registry.npmjs.org/balanced-match 7ms (cache hit)
2033 silly packumentCache full:https://registry.npmjs.org/balanced-match set size:39082 disposed:false
2034 http cache https://registry.npmjs.org/concat-map 10ms (cache hit)
2035 silly packumentCache full:https://registry.npmjs.org/concat-map set size:9290 disposed:false
2036 silly placeDep ROOT balanced-match@1.0.2 OK for: brace-expansion@1.1.21 want: ^1.0.0
2037 silly placeDep ROOT concat-map@0.0.1 OK for: brace-expansion@1.1.21 want: 0.0.1
2038 silly fetch manifest react@^18.2.0 || 19.0.0-rc-de68d2f4-20241204 || ^19.0.0
2039 silly packumentCache full:https://registry.npmjs.org/react cache-miss
2040 http cache https://registry.npmjs.org/react 20ms (cache hit)
2041 silly packumentCache full:https://registry.npmjs.org/react set size:7011585 disposed:false
2042 silly placeDep ROOT @next/env@15.5.26 OK for: next@15.5.26 want: 15.5.26
2043 silly placeDep ROOT @next/swc-darwin-arm64@15.5.26 OK for: next@15.5.26 want: 15.5.26
2044 silly placeDep ROOT @next/swc-darwin-x64@15.5.26 OK for: next@15.5.26 want: 15.5.26
2045 silly placeDep ROOT @next/swc-linux-arm64-gnu@15.5.26 OK for: next@15.5.26 want: 15.5.26
2046 silly placeDep ROOT @next/swc-linux-arm64-musl@15.5.26 OK for: next@15.5.26 want: 15.5.26
2047 silly placeDep ROOT @next/swc-linux-x64-gnu@15.5.26 OK for: next@15.5.26 want: 15.5.26
2048 silly placeDep ROOT @next/swc-linux-x64-musl@15.5.26 OK for: next@15.5.26 want: 15.5.26
2049 silly placeDep ROOT @next/swc-win32-arm64-msvc@15.5.26 OK for: next@15.5.26 want: 15.5.26
2050 silly placeDep ROOT @next/swc-win32-x64-msvc@15.5.26 OK for: next@15.5.26 want: 15.5.26
2051 silly placeDep ROOT @swc/helpers@0.5.15 OK for: next@15.5.26 want: 0.5.15
2052 silly placeDep node_modules/next postcss@8.4.31 OK for: next@15.5.26 want: 8.4.31
2053 silly placeDep ROOT sharp@0.35.5 OK for: next@15.5.26 want: ^0.34.3 || ^0.35.4
2054 silly placeDep ROOT styled-jsx@5.1.6 OK for: next@15.5.26 want: 5.1.6
2055 silly fetch manifest nanoid@^3.3.6
2056 silly packumentCache full:https://registry.npmjs.org/nanoid cache-hit
2057 silly fetch manifest source-map-js@^1.0.2
2058 silly packumentCache full:https://registry.npmjs.org/source-map-js cache-miss
2059 silly fetch manifest @img/colour@^1.1.0
2060 silly packumentCache full:https://registry.npmjs.org/@img%2fcolour cache-miss
2061 silly fetch manifest detect-libc@^2.1.2
2062 silly packumentCache full:https://registry.npmjs.org/detect-libc cache-miss
2063 silly fetch manifest @img/sharp-linux-arm@0.35.5
2064 silly packumentCache full:https://registry.npmjs.org/@img%2fsharp-linux-arm cache-miss
2065 silly fetch manifest @img/sharp-linux-x64@0.35.5
2066 silly packumentCache full:https://registry.npmjs.org/@img%2fsharp-linux-x64 cache-miss
2067 silly fetch manifest @img/sharp-win32-x64@0.35.5
2068 silly packumentCache full:https://registry.npmjs.org/@img%2fsharp-win32-x64 cache-miss
2069 silly fetch manifest @img/sharp-darwin-x64@0.35.5
2070 silly packumentCache full:https://registry.npmjs.org/@img%2fsharp-darwin-x64 cache-miss
2071 silly fetch manifest @img/sharp-win32-ia32@0.35.5
2072 silly packumentCache full:https://registry.npmjs.org/@img%2fsharp-win32-ia32 cache-miss
2073 silly fetch manifest @img/sharp-linux-arm64@0.35.5
2074 silly packumentCache full:https://registry.npmjs.org/@img%2fsharp-linux-arm64 cache-miss
2075 silly fetch manifest @img/sharp-linux-ppc64@0.35.5
2076 silly packumentCache full:https://registry.npmjs.org/@img%2fsharp-linux-ppc64 cache-miss
2077 silly fetch manifest @img/sharp-linux-s390x@0.35.5
2078 silly packumentCache full:https://registry.npmjs.org/@img%2fsharp-linux-s390x cache-miss
2079 http cache https://registry.npmjs.org/@img%2fcolour 27ms (cache hit)
2080 silly packumentCache full:https://registry.npmjs.org/@img%2fcolour set size:9701 disposed:false
2081 silly fetch manifest @img/sharp-win32-arm64@0.35.5
2082 silly packumentCache full:https://registry.npmjs.org/@img%2fsharp-win32-arm64 cache-miss
2083 http cache https://registry.npmjs.org/@img%2fsharp-linux-arm 27ms (cache hit)
2084 silly packumentCache full:https://registry.npmjs.org/@img%2fsharp-linux-arm set size:113897 disposed:false
2085 silly fetch manifest @img/sharp-darwin-arm64@0.35.5
2086 silly packumentCache full:https://registry.npmjs.org/@img%2fsharp-darwin-arm64 cache-miss
2087 http cache https://registry.npmjs.org/detect-libc 32ms (cache hit)
2088 silly packumentCache full:https://registry.npmjs.org/detect-libc set size:47861 disposed:false
2089 silly fetch manifest @img/sharp-linux-riscv64@0.35.5
2090 silly packumentCache full:https://registry.npmjs.org/@img%2fsharp-linux-riscv64 cache-miss
2091 http cache https://registry.npmjs.org/source-map-js 35ms (cache hit)
2092 silly packumentCache full:https://registry.npmjs.org/source-map-js set size:62640 disposed:false
2093 silly fetch manifest @img/sharp-linuxmusl-x64@0.35.5
2094 silly packumentCache full:https://registry.npmjs.org/@img%2fsharp-linuxmusl-x64 cache-miss
2095 http cache https://registry.npmjs.org/@img%2fsharp-darwin-x64 36ms (cache hit)
2096 silly packumentCache full:https://registry.npmjs.org/@img%2fsharp-darwin-x64 set size:115385 disposed:false
2097 silly fetch manifest @img/sharp-freebsd-wasm32@0.35.5
2098 silly packumentCache full:https://registry.npmjs.org/@img%2fsharp-freebsd-wasm32 cache-miss
2099 http cache https://registry.npmjs.org/@img%2fsharp-win32-x64 41ms (cache hit)
2100 silly packumentCache full:https://registry.npmjs.org/@img%2fsharp-win32-x64 set size:114337 disposed:false
2101 silly fetch manifest @img/sharp-linuxmusl-arm64@0.35.5
2102 silly packumentCache full:https://registry.npmjs.org/@img%2fsharp-linuxmusl-arm64 cache-miss
2103 http cache https://registry.npmjs.org/@img%2fsharp-linux-x64 43ms (cache hit)
2104 silly packumentCache full:https://registry.npmjs.org/@img%2fsharp-linux-x64 set size:113357 disposed:false
2105 silly fetch manifest @img/sharp-libvips-linux-arm@1.3.4
2106 silly packumentCache full:https://registry.npmjs.org/@img%2fsharp-libvips-linux-arm cache-miss
2107 http cache https://registry.npmjs.org/@img%2fsharp-linux-ppc64 44ms (cache hit)
2108 silly packumentCache full:https://registry.npmjs.org/@img%2fsharp-linux-ppc64 set size:79407 disposed:false
2109 silly fetch manifest @img/sharp-libvips-linux-x64@1.3.4
2110 silly packumentCache full:https://registry.npmjs.org/@img%2fsharp-libvips-linux-x64 cache-miss
2111 http cache https://registry.npmjs.org/@img%2fsharp-win32-ia32 47ms (cache hit)
2112 silly packumentCache full:https://registry.npmjs.org/@img%2fsharp-win32-ia32 set size:115401 disposed:false
2113 silly fetch manifest @img/sharp-libvips-darwin-x64@1.3.4
2114 silly packumentCache full:https://registry.npmjs.org/@img%2fsharp-libvips-darwin-x64 cache-miss
2115 http cache https://registry.npmjs.org/@img%2fsharp-darwin-arm64 34ms (cache hit)
2116 silly packumentCache full:https://registry.npmjs.org/@img%2fsharp-darwin-arm64 set size:116891 disposed:false
2117 silly fetch manifest @img/sharp-libvips-linux-arm64@1.3.4
2118 silly packumentCache full:https://registry.npmjs.org/@img%2fsharp-libvips-linux-arm64 cache-miss
2119 http cache https://registry.npmjs.org/@img%2fsharp-linux-riscv64 35ms (cache hit)
2120 silly packumentCache full:https://registry.npmjs.org/@img%2fsharp-linux-riscv64 set size:57051 disposed:false
2121 silly fetch manifest @img/sharp-libvips-linux-ppc64@1.3.4
2122 silly packumentCache full:https://registry.npmjs.org/@img%2fsharp-libvips-linux-ppc64 cache-miss
2123 http cache https://registry.npmjs.org/@img%2fsharp-freebsd-wasm32 31ms (cache hit)
2124 silly packumentCache full:https://registry.npmjs.org/@img%2fsharp-freebsd-wasm32 set size:54185 disposed:false
2125 silly fetch manifest @img/sharp-libvips-linux-s390x@1.3.4
2126 silly packumentCache full:https://registry.npmjs.org/@img%2fsharp-libvips-linux-s390x cache-miss
2127 http cache https://registry.npmjs.org/@img%2fsharp-linuxmusl-x64 37ms (cache hit)
2128 silly packumentCache full:https://registry.npmjs.org/@img%2fsharp-linuxmusl-x64 set size:115107 disposed:false
2129 silly fetch manifest @img/sharp-libvips-darwin-arm64@1.3.4
2130 silly packumentCache full:https://registry.npmjs.org/@img%2fsharp-libvips-darwin-arm64 cache-miss
2131 http cache https://registry.npmjs.org/@img%2fsharp-linuxmusl-arm64 33ms (cache hit)
2132 silly packumentCache full:https://registry.npmjs.org/@img%2fsharp-linuxmusl-arm64 set size:116571 disposed:false
2133 silly fetch manifest @img/sharp-webcontainers-wasm32@0.35.5
2134 silly packumentCache full:https://registry.npmjs.org/@img%2fsharp-webcontainers-wasm32 cache-miss
2135 http cache https://registry.npmjs.org/@img%2fsharp-libvips-linux-x64 30ms (cache hit)
2136 silly packumentCache full:https://registry.npmjs.org/@img%2fsharp-libvips-linux-x64 set size:97791 disposed:false
2137 silly fetch manifest @img/sharp-libvips-linux-riscv64@1.3.4
2138 silly packumentCache full:https://registry.npmjs.org/@img%2fsharp-libvips-linux-riscv64 cache-miss
2139 http cache https://registry.npmjs.org/@img%2fsharp-libvips-linux-arm 35ms (cache hit)
2140 silly packumentCache full:https://registry.npmjs.org/@img%2fsharp-libvips-linux-arm set size:101980 disposed:false
2141 silly fetch manifest @img/sharp-libvips-linuxmusl-x64@1.3.4
2142 silly packumentCache full:https://registry.npmjs.org/@img%2fsharp-libvips-linuxmusl-x64 cache-miss
2143 http cache https://registry.npmjs.org/@img%2fsharp-libvips-darwin-x64 32ms (cache hit)
2144 silly packumentCache full:https://registry.npmjs.org/@img%2fsharp-libvips-darwin-x64 set size:94351 disposed:false
2145 silly fetch manifest @img/sharp-libvips-linuxmusl-arm64@1.3.4
2146 silly packumentCache full:https://registry.npmjs.org/@img%2fsharp-libvips-linuxmusl-arm64 cache-miss
2147 http cache https://registry.npmjs.org/@img%2fsharp-libvips-linux-arm64 37ms (cache hit)
2148 silly packumentCache full:https://registry.npmjs.org/@img%2fsharp-libvips-linux-arm64 set size:99131 disposed:false
2149 silly fetch manifest client-only@0.0.1
2150 silly packumentCache full:https://registry.npmjs.org/client-only cache-miss
2151 http cache https://registry.npmjs.org/@img%2fsharp-libvips-linux-ppc64 35ms (cache hit)
2152 silly packumentCache full:https://registry.npmjs.org/@img%2fsharp-libvips-linux-ppc64 set size:84165 disposed:false
2153 http cache https://registry.npmjs.org/@img%2fsharp-libvips-linux-s390x 36ms (cache hit)
2154 silly packumentCache full:https://registry.npmjs.org/@img%2fsharp-libvips-linux-s390x set size:93119 disposed:false
2155 http cache https://registry.npmjs.org/@img%2fsharp-libvips-darwin-arm64 36ms (cache hit)
2156 silly packumentCache full:https://registry.npmjs.org/@img%2fsharp-libvips-darwin-arm64 set size:95366 disposed:false
2157 http cache https://registry.npmjs.org/@img%2fsharp-libvips-linux-riscv64 33ms (cache hit)
2158 silly packumentCache full:https://registry.npmjs.org/@img%2fsharp-libvips-linux-riscv64 set size:70477 disposed:false
2159 http cache https://registry.npmjs.org/@img%2fsharp-webcontainers-wasm32 37ms (cache hit)
2160 silly packumentCache full:https://registry.npmjs.org/@img%2fsharp-webcontainers-wasm32 set size:53436 disposed:false
2161 http cache https://registry.npmjs.org/@img%2fsharp-libvips-linuxmusl-x64 32ms (cache hit)
2162 silly packumentCache full:https://registry.npmjs.org/@img%2fsharp-libvips-linuxmusl-x64 set size:95242 disposed:false
2163 http cache https://registry.npmjs.org/@img%2fsharp-libvips-linuxmusl-arm64 31ms (cache hit)
2164 silly packumentCache full:https://registry.npmjs.org/@img%2fsharp-libvips-linuxmusl-arm64 set size:98430 disposed:false
2165 http cache https://registry.npmjs.org/client-only 18ms (cache hit)
2166 silly packumentCache full:https://registry.npmjs.org/client-only set size:2750 disposed:false
2167 http fetch GET 200 https://registry.npmjs.org/@img%2fsharp-linux-s390x 154ms (cache miss)
2168 silly packumentCache full:https://registry.npmjs.org/@img%2fsharp-linux-s390x set size:undefined disposed:false
2169 http fetch GET 200 https://registry.npmjs.org/@img%2fsharp-linux-arm64 163ms (cache miss)
2170 silly packumentCache full:https://registry.npmjs.org/@img%2fsharp-linux-arm64 set size:undefined disposed:false
2171 http fetch GET 200 https://registry.npmjs.org/@img%2fsharp-win32-arm64 165ms (cache miss)
2172 silly packumentCache full:https://registry.npmjs.org/@img%2fsharp-win32-arm64 set size:undefined disposed:false
2173 silly placeDep ROOT deep-is@0.1.4 OK for: optionator@0.9.4 want: ^0.1.3
2174 silly placeDep ROOT fast-levenshtein@2.0.6 OK for: optionator@0.9.4 want: ^2.0.6
2175 silly placeDep ROOT word-wrap@1.2.5 OK for: optionator@0.9.4 want: ^1.2.5
2176 silly placeDep ROOT p-limit@3.1.0 OK for: p-locate@5.0.0 want: ^3.0.2
2177 silly fetch manifest yocto-queue@^0.1.0
2178 silly packumentCache full:https://registry.npmjs.org/yocto-queue cache-miss
2179 http fetch GET 200 https://registry.npmjs.org/yocto-queue 76ms (cache miss)
2180 silly packumentCache full:https://registry.npmjs.org/yocto-queue set size:undefined disposed:false
2181 silly placeDep ROOT yocto-queue@0.1.0 OK for: p-limit@3.1.0 want: ^0.1.0
2182 silly placeDep ROOT callsites@3.1.0 OK for: parent-module@1.0.1 want: ^3.0.0
2183 silly placeDep node_modules/postcss nanoid@3.3.19 OK for: postcss@8.5.28 want: ^3.3.18
2184 silly placeDep ROOT source-map-js@1.2.1 OK for: postcss@8.5.28 want: ^1.2.1
2185 silly placeDep ROOT loose-envify@1.4.0 OK for: prop-types@15.8.1 want: ^1.4.0
2186 silly placeDep ROOT object-assign@4.1.1 OK for: prop-types@15.8.1 want: ^4.1.1
2187 silly placeDep ROOT react-is@16.13.1 OK for: prop-types@15.8.1 want: ^16.13.1
2188 silly fetch manifest js-tokens@^3.0.0 || ^4.0.0
2189 silly packumentCache full:https://registry.npmjs.org/js-tokens cache-miss
2190 http fetch GET 200 https://registry.npmjs.org/js-tokens 660ms (cache miss)
2191 silly packumentCache full:https://registry.npmjs.org/js-tokens set size:undefined disposed:false
2192 silly placeDep ROOT js-tokens@4.0.0 OK for: loose-envify@1.4.0 want: ^3.0.0 || ^4.0.0
2193 silly placeDep ROOT dijkstrajs@1.0.3 OK for: qrcode@1.5.4 want: ^1.0.1
2194 silly placeDep ROOT pngjs@5.0.0 OK for: qrcode@1.5.4 want: ^5.0.0
2195 silly placeDep ROOT yargs@15.4.1 OK for: qrcode@1.5.4 want: ^15.3.1
2196 silly fetch manifest y18n@^4.0.0
2197 silly packumentCache full:https://registry.npmjs.org/y18n cache-miss
2198 silly fetch manifest cliui@^6.0.0
2199 silly packumentCache full:https://registry.npmjs.org/cliui cache-miss
2200 silly fetch manifest find-up@^4.1.0
2201 silly packumentCache full:https://registry.npmjs.org/find-up cache-miss
2202 silly fetch manifest decamelize@^1.2.0
2203 silly packumentCache full:https://registry.npmjs.org/decamelize cache-miss
2204 silly fetch manifest set-blocking@^2.0.0
2205 silly packumentCache full:https://registry.npmjs.org/set-blocking cache-miss
2206 silly fetch manifest string-width@^4.2.0
2207 silly packumentCache full:https://registry.npmjs.org/string-width cache-miss
2208 silly fetch manifest which-module@^2.0.0
2209 silly packumentCache full:https://registry.npmjs.org/which-module cache-miss
2210 silly fetch manifest yargs-parser@^18.1.2
2211 silly packumentCache full:https://registry.npmjs.org/yargs-parser cache-miss
2212 silly fetch manifest get-caller-file@^2.0.1
2213 silly packumentCache full:https://registry.npmjs.org/get-caller-file cache-miss
2214 silly fetch manifest require-directory@^2.1.1
2215 silly packumentCache full:https://registry.npmjs.org/require-directory cache-miss
2216 silly fetch manifest require-main-filename@^2.0.0
2217 silly packumentCache full:https://registry.npmjs.org/require-main-filename cache-miss
2218 http cache https://registry.npmjs.org/find-up 18ms (cache hit)
2219 silly packumentCache full:https://registry.npmjs.org/find-up set size:42620 disposed:false
2220 http fetch GET 200 https://registry.npmjs.org/y18n 111ms (cache miss)
2221 silly packumentCache full:https://registry.npmjs.org/y18n set size:undefined disposed:false
2222 http fetch GET 200 https://registry.npmjs.org/set-blocking 129ms (cache miss)
2223 silly packumentCache full:https://registry.npmjs.org/set-blocking set size:undefined disposed:false
2224 http fetch GET 200 https://registry.npmjs.org/decamelize 134ms (cache miss)
2225 silly packumentCache full:https://registry.npmjs.org/decamelize set size:undefined disposed:false
2226 http fetch GET 200 https://registry.npmjs.org/which-module 162ms (cache miss)
2227 silly packumentCache full:https://registry.npmjs.org/which-module set size:undefined disposed:false
2228 http fetch GET 200 https://registry.npmjs.org/string-width 191ms (cache miss)
2229 silly packumentCache full:https://registry.npmjs.org/string-width set size:undefined disposed:false
2230 http fetch GET 200 https://registry.npmjs.org/yargs-parser 196ms (cache miss)
2231 silly packumentCache full:https://registry.npmjs.org/yargs-parser set size:undefined disposed:false
2232 http fetch GET 200 https://registry.npmjs.org/cliui 205ms (cache miss)
2233 silly packumentCache full:https://registry.npmjs.org/cliui set size:undefined disposed:false
2234 http fetch GET 200 https://registry.npmjs.org/get-caller-file 440ms (cache miss)
2235 silly packumentCache full:https://registry.npmjs.org/get-caller-file set size:undefined disposed:false
2236 http fetch GET https://registry.npmjs.org/require-directory attempt 1 failed with ECONNRESET
2237 http fetch GET https://registry.npmjs.org/require-main-filename attempt 1 failed with ECONNRESET
2238 http fetch GET 200 https://registry.npmjs.org/require-directory 21884ms attempt #2 (cache miss)
2239 silly packumentCache full:https://registry.npmjs.org/require-directory set size:undefined disposed:false
2240 http fetch GET 200 https://registry.npmjs.org/require-main-filename 29181ms attempt #2 (cache miss)
2241 silly packumentCache full:https://registry.npmjs.org/require-main-filename set size:undefined disposed:false
2242 silly placeDep ROOT scheduler@0.28.0 OK for: react-dom@19.3.0 want: ^0.28.0
2243 silly fetch manifest react@^16.0.0 || ^17.0.0 || ^18.0.0 || ^19.0.0
2244 silly packumentCache full:https://registry.npmjs.org/react cache-miss
2245 http fetch GET 200 https://registry.npmjs.org/react 93ms (cache revalidated)
2246 silly packumentCache full:https://registry.npmjs.org/react set size:7011585 disposed:false
2247 silly fetch manifest react-dom@^16.0.0 || ^17.0.0 || ^18.0.0 || ^19.0.0
2248 silly packumentCache full:https://registry.npmjs.org/react-dom cache-miss
2249 http fetch GET 200 https://registry.npmjs.org/react-dom 112ms (cache revalidated)
2250 silly packumentCache full:https://registry.npmjs.org/react-dom set size:9447690 disposed:false
2251 silly placeDep ROOT clsx@2.1.1 OK for: recharts@2.15.4 want: ^2.0.0
2252 silly placeDep ROOT eventemitter3@4.0.7 OK for: recharts@2.15.4 want: ^4.0.1
2253 silly placeDep ROOT lodash@4.18.1 OK for: recharts@2.15.4 want: ^4.17.21
2254 silly placeDep node_modules/recharts react-is@18.3.1 OK for: recharts@2.15.4 want: ^18.3.1
2255 silly placeDep ROOT react-smooth@4.0.4 OK for: recharts@2.15.4 want: ^4.0.4
2256 silly placeDep ROOT recharts-scale@0.4.5 OK for: recharts@2.15.4 want: ^0.4.4
2257 silly placeDep ROOT tiny-invariant@1.3.3 OK for: recharts@2.15.4 want: ^1.3.1
2258 silly placeDep ROOT victory-vendor@36.9.2 OK for: recharts@2.15.4 want: ^36.6.8
2259 silly fetch manifest fast-equals@^5.0.1
2260 silly packumentCache full:https://registry.npmjs.org/fast-equals cache-miss
2261 silly fetch manifest react-transition-group@^4.4.5
2262 silly packumentCache full:https://registry.npmjs.org/react-transition-group cache-miss
2263 silly fetch manifest decimal.js-light@^2.4.1
2264 silly packumentCache full:https://registry.npmjs.org/decimal.js-light cache-miss
2265 silly fetch manifest d3-ease@^3.0.1
2266 silly packumentCache full:https://registry.npmjs.org/d3-ease cache-miss
2267 silly fetch manifest d3-time@^3.0.0
2268 silly packumentCache full:https://registry.npmjs.org/d3-time cache-miss
2269 silly fetch manifest d3-array@^3.1.6
2270 silly packumentCache full:https://registry.npmjs.org/d3-array cache-miss
2271 silly fetch manifest d3-scale@^4.0.2
2272 silly packumentCache full:https://registry.npmjs.org/d3-scale cache-miss
2273 silly fetch manifest d3-shape@^3.1.0
2274 silly packumentCache full:https://registry.npmjs.org/d3-shape cache-miss
2275 silly fetch manifest d3-timer@^3.0.1
2276 silly packumentCache full:https://registry.npmjs.org/d3-timer cache-miss
2277 silly fetch manifest @types/d3-ease@^3.0.0
2278 silly packumentCache full:https://registry.npmjs.org/@types%2fd3-ease cache-miss
2279 silly fetch manifest @types/d3-time@^3.0.0
2280 silly packumentCache full:https://registry.npmjs.org/@types%2fd3-time cache-miss
2281 http cache https://registry.npmjs.org/decimal.js-light 35ms (cache hit)
2282 silly packumentCache full:https://registry.npmjs.org/decimal.js-light set size:38254 disposed:false
2283 silly fetch manifest d3-interpolate@^3.0.1
2284 silly packumentCache full:https://registry.npmjs.org/d3-interpolate cache-miss
2285 http cache https://registry.npmjs.org/fast-equals 37ms (cache hit)
2286 silly packumentCache full:https://registry.npmjs.org/fast-equals set size:343989 disposed:false
2287 silly fetch manifest @types/d3-array@^3.0.3
2288 silly packumentCache full:https://registry.npmjs.org/@types%2fd3-array cache-miss
2289 http cache https://registry.npmjs.org/react-transition-group 42ms (cache hit)
2290 silly packumentCache full:https://registry.npmjs.org/react-transition-group set size:110654 disposed:false
2291 silly fetch manifest @types/d3-scale@^4.0.2
2292 silly packumentCache full:https://registry.npmjs.org/@types%2fd3-scale cache-miss
2293 http cache https://registry.npmjs.org/d3-ease 44ms (cache hit)
2294 silly packumentCache full:https://registry.npmjs.org/d3-ease set size:109490 disposed:false
2295 silly fetch manifest @types/d3-shape@^3.1.0
2296 silly packumentCache full:https://registry.npmjs.org/@types%2fd3-shape cache-miss
2297 http cache https://registry.npmjs.org/d3-array 46ms (cache hit)
2298 silly packumentCache full:https://registry.npmjs.org/d3-array set size:246308 disposed:false
2299 silly fetch manifest @types/d3-timer@^3.0.0
2300 silly packumentCache full:https://registry.npmjs.org/@types%2fd3-timer cache-miss
2301 http cache https://registry.npmjs.org/d3-shape 48ms (cache hit)
2302 silly packumentCache full:https://registry.npmjs.org/d3-shape set size:275657 disposed:false
2303 silly fetch manifest @types/d3-interpolate@^3.0.1
2304 silly packumentCache full:https://registry.npmjs.org/@types%2fd3-interpolate cache-miss
2305 http cache https://registry.npmjs.org/d3-time 53ms (cache hit)
2306 silly packumentCache full:https://registry.npmjs.org/d3-time set size:150406 disposed:false
2307 http cache https://registry.npmjs.org/d3-timer 54ms (cache hit)
2308 silly packumentCache full:https://registry.npmjs.org/d3-timer set size:101516 disposed:false
2309 http cache https://registry.npmjs.org/d3-scale 56ms (cache hit)
2310 silly packumentCache full:https://registry.npmjs.org/d3-scale set size:514172 disposed:false
2311 http cache https://registry.npmjs.org/@types%2fd3-time 58ms (cache hit)
2312 silly packumentCache full:https://registry.npmjs.org/@types%2fd3-time set size:52652 disposed:false
2313 http cache https://registry.npmjs.org/@types%2fd3-ease 59ms (cache hit)
2314 silly packumentCache full:https://registry.npmjs.org/@types%2fd3-ease set size:41281 disposed:false
2315 http cache https://registry.npmjs.org/@types%2fd3-array 31ms (cache hit)
2316 silly packumentCache full:https://registry.npmjs.org/@types%2fd3-array set size:130543 disposed:false
2317 http cache https://registry.npmjs.org/d3-interpolate 38ms (cache hit)
2318 silly packumentCache full:https://registry.npmjs.org/d3-interpolate set size:162337 disposed:false
2319 http cache https://registry.npmjs.org/@types%2fd3-scale 32ms (cache hit)
2320 silly packumentCache full:https://registry.npmjs.org/@types%2fd3-scale set size:131176 disposed:false
2321 http cache https://registry.npmjs.org/@types%2fd3-shape 31ms (cache hit)
2322 silly packumentCache full:https://registry.npmjs.org/@types%2fd3-shape set size:118722 disposed:false
2323 http cache https://registry.npmjs.org/@types%2fd3-interpolate 27ms (cache hit)
2324 silly packumentCache full:https://registry.npmjs.org/@types%2fd3-interpolate set size:56692 disposed:false
2325 http cache https://registry.npmjs.org/@types%2fd3-timer 31ms (cache hit)
2326 silly packumentCache full:https://registry.npmjs.org/@types%2fd3-timer set size:38776 disposed:false
2327 silly fetch manifest react@^16.8.0 || ^17.0.0 || ^18.0.0 || ^19.0.0
2328 silly packumentCache full:https://registry.npmjs.org/react cache-miss
2329 http cache https://registry.npmjs.org/react 21ms (cache hit)
2330 silly packumentCache full:https://registry.npmjs.org/react set size:7011585 disposed:false
2331 silly fetch manifest react-dom@^16.8.0 || ^17.0.0 || ^18.0.0 || ^19.0.0
2332 silly packumentCache full:https://registry.npmjs.org/react-dom cache-miss
2333 http cache https://registry.npmjs.org/react-dom 28ms (cache hit)
2334 silly packumentCache full:https://registry.npmjs.org/react-dom set size:9447690 disposed:false
2335 silly placeDep ROOT fast-equals@5.4.3 OK for: react-smooth@4.0.4 want: ^5.0.1
2336 silly placeDep ROOT react-transition-group@4.4.5 OK for: react-smooth@4.0.4 want: ^4.4.5
2337 silly fetch manifest @babel/runtime@^7.5.5
2338 silly packumentCache full:https://registry.npmjs.org/@babel%2fruntime cache-miss
2339 silly fetch manifest dom-helpers@^5.0.1
2340 silly packumentCache full:https://registry.npmjs.org/dom-helpers cache-miss
2341 http cache https://registry.npmjs.org/dom-helpers 10ms (cache hit)
2342 silly packumentCache full:https://registry.npmjs.org/dom-helpers set size:76331 disposed:false
2343 http cache https://registry.npmjs.org/@babel%2fruntime 17ms (cache hit)
2344 silly packumentCache full:https://registry.npmjs.org/@babel%2fruntime set size:3488363 disposed:false
2345 silly placeDep ROOT @babel/runtime@7.29.7 OK for: react-transition-group@4.4.5 want: ^7.5.5
2346 silly placeDep ROOT dom-helpers@5.2.1 OK for: react-transition-group@4.4.5 want: ^5.0.1
2347 silly placeDep ROOT decimal.js-light@2.5.1 OK for: recharts-scale@0.4.5 want: ^2.4.1
2348 silly placeDep ROOT node-exports-info@1.6.2 OK for: resolve@2.0.0-next.7 want: ^1.6.0
2349 silly placeDep ROOT path-parse@1.0.7 OK for: resolve@2.0.0-next.7 want: ^1.0.7
2350 silly placeDep ROOT supports-preserve-symlinks-flag@1.0.0 OK for: resolve@2.0.0-next.7 want: ^1.0.0
2351 silly placeDep node_modules/node-exports-info semver@6.3.1 OK for: node-exports-info@1.6.2 want: ^6.3.1
2352 silly placeDep ROOT glob@7.2.3 OK for: rimraf@3.0.2 want: ^7.1.3
2353 silly fetch manifest once@^1.3.0
2354 silly packumentCache full:https://registry.npmjs.org/once cache-miss
2355 silly fetch manifest inflight@^1.0.4
2356 silly packumentCache full:https://registry.npmjs.org/inflight cache-miss
2357 silly fetch manifest inherits@2
2358 silly packumentCache full:https://registry.npmjs.org/inherits cache-miss
2359 silly fetch manifest fs.realpath@^1.0.0
2360 silly packumentCache full:https://registry.npmjs.org/fs.realpath cache-miss
2361 silly fetch manifest path-is-absolute@^1.0.0
2362 silly packumentCache full:https://registry.npmjs.org/path-is-absolute cache-miss
2363 http cache https://registry.npmjs.org/inherits 9ms (cache hit)
2364 silly packumentCache full:https://registry.npmjs.org/inherits set size:12925 disposed:false
2365 http cache https://registry.npmjs.org/once 11ms (cache hit)
2366 silly packumentCache full:https://registry.npmjs.org/once set size:11752 disposed:false
2367 http cache https://registry.npmjs.org/inflight 11ms (cache hit)
2368 silly packumentCache full:https://registry.npmjs.org/inflight set size:13140 disposed:false
2369 http cache https://registry.npmjs.org/fs.realpath 11ms (cache hit)
2370 silly packumentCache full:https://registry.npmjs.org/fs.realpath set size:4806 disposed:false
2371 http cache https://registry.npmjs.org/path-is-absolute 11ms (cache hit)
2372 silly packumentCache full:https://registry.npmjs.org/path-is-absolute set size:8253 disposed:false
2373 silly placeDep ROOT fs.realpath@1.0.0 OK for: glob@7.2.3 want: ^1.0.0
2374 silly placeDep ROOT inflight@1.0.6 OK for: glob@7.2.3 want: ^1.0.4
2375 silly placeDep ROOT inherits@2.0.4 OK for: glob@7.2.3 want: 2
2376 silly placeDep ROOT once@1.4.0 OK for: glob@7.2.3 want: ^1.3.0
2377 silly placeDep ROOT path-is-absolute@1.0.1 OK for: glob@7.2.3 want: ^1.0.0
2378 silly fetch manifest wrappy@1
2379 silly packumentCache full:https://registry.npmjs.org/wrappy cache-miss
2380 silly fetch manifest wrappy@1
2381 silly packumentCache full:https://registry.npmjs.org/wrappy cache-miss
2382 http cache https://registry.npmjs.org/wrappy 40ms (cache hit)
2383 silly packumentCache full:https://registry.npmjs.org/wrappy set size:7682 disposed:false
2384 http cache https://registry.npmjs.org/wrappy 41ms (cache hit)
2385 silly packumentCache full:https://registry.npmjs.org/wrappy set size:7682 disposed:false
2386 silly packumentCache full:https://registry.npmjs.org/wrappy dispose
2387 silly placeDep ROOT wrappy@1.0.2 OK for: inflight@1.0.6 want: 1
2388 silly placeDep ROOT queue-microtask@1.2.3 OK for: run-parallel@1.2.0 want: ^1.2.2
2389 silly placeDep ROOT isarray@2.0.5 OK for: safe-array-concat@1.1.4 want: ^2.0.5
2390 silly placeDep ROOT @img/colour@1.1.0 OK for: sharp@0.35.5 want: ^1.1.0
2391 silly placeDep ROOT @img/sharp-darwin-arm64@0.35.5 OK for: sharp@0.35.5 want: 0.35.5
2392 silly placeDep ROOT @img/sharp-darwin-x64@0.35.5 OK for: sharp@0.35.5 want: 0.35.5
2393 silly placeDep ROOT @img/sharp-freebsd-wasm32@0.35.5 OK for: sharp@0.35.5 want: 0.35.5
2394 silly placeDep ROOT @img/sharp-libvips-darwin-arm64@1.3.4 OK for: sharp@0.35.5 want: 1.3.4
2395 silly placeDep ROOT @img/sharp-libvips-darwin-x64@1.3.4 OK for: sharp@0.35.5 want: 1.3.4
2396 silly placeDep ROOT @img/sharp-libvips-linux-arm@1.3.4 OK for: sharp@0.35.5 want: 1.3.4
2397 silly placeDep ROOT @img/sharp-libvips-linux-arm64@1.3.4 OK for: sharp@0.35.5 want: 1.3.4
2398 silly placeDep ROOT @img/sharp-libvips-linux-ppc64@1.3.4 OK for: sharp@0.35.5 want: 1.3.4
2399 silly placeDep ROOT @img/sharp-libvips-linux-riscv64@1.3.4 OK for: sharp@0.35.5 want: 1.3.4
2400 silly placeDep ROOT @img/sharp-libvips-linux-s390x@1.3.4 OK for: sharp@0.35.5 want: 1.3.4
2401 silly placeDep ROOT @img/sharp-libvips-linux-x64@1.3.4 OK for: sharp@0.35.5 want: 1.3.4
2402 silly placeDep ROOT @img/sharp-libvips-linuxmusl-arm64@1.3.4 OK for: sharp@0.35.5 want: 1.3.4
2403 silly placeDep ROOT @img/sharp-libvips-linuxmusl-x64@1.3.4 OK for: sharp@0.35.5 want: 1.3.4
2404 silly placeDep ROOT @img/sharp-linux-arm@0.35.5 OK for: sharp@0.35.5 want: 0.35.5
2405 silly placeDep ROOT @img/sharp-linux-arm64@0.35.5 OK for: sharp@0.35.5 want: 0.35.5
2406 silly placeDep ROOT @img/sharp-linux-ppc64@0.35.5 OK for: sharp@0.35.5 want: 0.35.5
2407 silly placeDep ROOT @img/sharp-linux-riscv64@0.35.5 OK for: sharp@0.35.5 want: 0.35.5
2408 silly placeDep ROOT @img/sharp-linux-s390x@0.35.5 OK for: sharp@0.35.5 want: 0.35.5
2409 silly placeDep ROOT @img/sharp-linux-x64@0.35.5 OK for: sharp@0.35.5 want: 0.35.5
2410 silly placeDep ROOT @img/sharp-linuxmusl-arm64@0.35.5 OK for: sharp@0.35.5 want: 0.35.5
2411 silly placeDep ROOT @img/sharp-linuxmusl-x64@0.35.5 OK for: sharp@0.35.5 want: 0.35.5
2412 silly placeDep ROOT @img/sharp-webcontainers-wasm32@0.35.5 OK for: sharp@0.35.5 want: 0.35.5
2413 silly placeDep ROOT @img/sharp-win32-arm64@0.35.5 OK for: sharp@0.35.5 want: 0.35.5
2414 silly placeDep ROOT @img/sharp-win32-ia32@0.35.5 OK for: sharp@0.35.5 want: 0.35.5
2415 silly placeDep ROOT @img/sharp-win32-x64@0.35.5 OK for: sharp@0.35.5 want: 0.35.5
2416 silly placeDep ROOT detect-libc@2.1.2 OK for: sharp@0.35.5 want: ^2.1.2
2417 silly fetch manifest @img/sharp-wasm32@0.35.5
2418 silly packumentCache full:https://registry.npmjs.org/@img%2fsharp-wasm32 cache-miss
2419 silly fetch manifest @img/sharp-wasm32@0.35.5
2420 silly packumentCache full:https://registry.npmjs.org/@img%2fsharp-wasm32 cache-miss
2421 http cache https://registry.npmjs.org/@img%2fsharp-wasm32 8ms (cache hit)
2422 silly packumentCache full:https://registry.npmjs.org/@img%2fsharp-wasm32 set size:110142 disposed:false
2423 http cache https://registry.npmjs.org/@img%2fsharp-wasm32 9ms (cache hit)
2424 silly packumentCache full:https://registry.npmjs.org/@img%2fsharp-wasm32 set size:110142 disposed:false
2425 silly packumentCache full:https://registry.npmjs.org/@img%2fsharp-wasm32 dispose
2426 silly placeDep ROOT @img/sharp-wasm32@0.35.5 OK for: @img/sharp-freebsd-wasm32@0.35.5 want: 0.35.5
2427 silly fetch manifest @emnapi/runtime@^1.11.3
2428 silly packumentCache full:https://registry.npmjs.org/@emnapi%2fruntime cache-miss
2429 http cache https://registry.npmjs.org/@emnapi%2fruntime 6ms (cache hit)
2430 silly packumentCache full:https://registry.npmjs.org/@emnapi%2fruntime set size:127256 disposed:false
2431 silly placeDep ROOT @emnapi/runtime@1.11.3 OK for: @img/sharp-wasm32@0.35.5 want: ^1.11.3
2432 silly placeDep ROOT shebang-regex@3.0.0 OK for: shebang-command@2.0.0 want: ^3.0.0
2433 silly placeDep ROOT side-channel-list@1.0.1 OK for: side-channel@1.1.1 want: ^1.0.1
2434 silly placeDep ROOT side-channel-map@1.0.1 OK for: side-channel@1.1.1 want: ^1.0.1
2435 silly placeDep ROOT side-channel-weakmap@1.0.2 OK for: side-channel@1.1.1 want: ^1.0.2
2436 silly placeDep ROOT ansi-regex@5.0.1 OK for: strip-ansi@6.0.1 want: ^5.0.1
2437 silly placeDep ROOT client-only@0.0.1 OK for: styled-jsx@5.1.6 want: 0.0.1
2438 silly placeDep ROOT has-flag@4.0.0 OK for: supports-color@7.2.0 want: ^4.0.0
2439 silly fetch manifest postcss@^8.4.47
2440 silly packumentCache full:https://registry.npmjs.org/postcss cache-hit
2441 silly fetch manifest tsx@^4.8.1
2442 silly packumentCache full:https://registry.npmjs.org/tsx cache-miss
2443 http cache https://registry.npmjs.org/tsx 7ms (cache hit)
2444 silly packumentCache full:https://registry.npmjs.org/tsx set size:349770 disposed:false
2445 silly fetch manifest yaml@^2.4.2
2446 silly packumentCache full:https://registry.npmjs.org/yaml cache-miss
2447 http cache https://registry.npmjs.org/yaml 6ms (cache hit)
2448 silly packumentCache full:https://registry.npmjs.org/yaml set size:386415 disposed:false
2449 silly placeDep ROOT @alloc/quick-lru@5.3.0 OK for: tailwindcss@3.4.19 want: ^5.2.0
2450 silly placeDep ROOT arg@5.0.2 OK for: tailwindcss@3.4.19 want: ^5.0.2
2451 silly placeDep ROOT chokidar@3.6.0 OK for: tailwindcss@3.4.19 want: ^3.6.0
2452 silly placeDep ROOT didyoumean@1.2.2 OK for: tailwindcss@3.4.19 want: ^1.2.2
2453 silly placeDep ROOT dlv@1.1.3 OK for: tailwindcss@3.4.19 want: ^1.1.3
2454 silly placeDep node_modules/tailwindcss fast-glob@3.3.3 OK for: tailwindcss@3.4.19 want: ^3.3.2
2455 silly placeDep ROOT jiti@1.21.7 OK for: tailwindcss@3.4.19 want: ^1.21.7
2456 silly placeDep ROOT lilconfig@3.1.3 OK for: tailwindcss@3.4.19 want: ^3.1.3
2457 silly placeDep ROOT normalize-path@3.0.0 OK for: tailwindcss@3.4.19 want: ^3.0.0
2458 silly placeDep ROOT object-hash@3.0.0 OK for: tailwindcss@3.4.19 want: ^3.0.0
2459 silly placeDep ROOT postcss-import@15.1.0 OK for: tailwindcss@3.4.19 want: ^15.1.0
2460 silly placeDep ROOT postcss-js@4.1.0 OK for: tailwindcss@3.4.19 want: ^4.0.1
2461 silly placeDep ROOT postcss-load-config@6.0.1 OK for: tailwindcss@3.4.19 want: ^4.0.2 || ^5.0 || ^6.0
2462 silly placeDep ROOT postcss-nested@6.2.0 OK for: tailwindcss@3.4.19 want: ^6.2.0
2463 silly placeDep ROOT postcss-selector-parser@6.1.4 OK for: tailwindcss@3.4.19 want: ^6.1.2
2464 silly placeDep node_modules/tailwindcss resolve@1.22.12 OK for: tailwindcss@3.4.19 want: ^1.22.8
2465 silly placeDep ROOT sucrase@3.35.1 OK for: tailwindcss@3.4.19 want: ^3.35.0
2466 silly fetch manifest anymatch@~3.1.2
2467 silly packumentCache full:https://registry.npmjs.org/anymatch cache-miss
2468 silly fetch manifest readdirp@~3.6.0
2469 silly packumentCache full:https://registry.npmjs.org/readdirp cache-miss
2470 silly fetch manifest glob-parent@~5.1.2
2471 silly packumentCache full:https://registry.npmjs.org/glob-parent cache-hit
2472 silly fetch manifest is-binary-path@~2.1.0
2473 silly packumentCache full:https://registry.npmjs.org/is-binary-path cache-miss
2474 silly fetch manifest normalize-path@~3.0.0
2475 silly packumentCache full:https://registry.npmjs.org/normalize-path cache-miss
2476 silly fetch manifest fsevents@~2.3.2
2477 silly packumentCache full:https://registry.npmjs.org/fsevents cache-miss
2478 silly fetch manifest resolve@^1.1.7
2479 silly packumentCache full:https://registry.npmjs.org/resolve cache-hit
2480 silly fetch manifest read-cache@^1.0.0
2481 silly packumentCache full:https://registry.npmjs.org/read-cache cache-miss
2482 silly fetch manifest camelcase-css@^2.0.1
2483 silly packumentCache full:https://registry.npmjs.org/camelcase-css cache-miss
2484 silly fetch manifest postcss-selector-parser@^6.1.1
2485 silly packumentCache full:https://registry.npmjs.org/postcss-selector-parser cache-miss
2486 silly fetch manifest cssesc@^3.0.0
2487 silly packumentCache full:https://registry.npmjs.org/cssesc cache-miss
2488 silly fetch manifest util-deprecate@^1.0.2
2489 silly packumentCache full:https://registry.npmjs.org/util-deprecate cache-miss
2490 silly fetch manifest @jridgewell/gen-mapping@^0.3.2
2491 silly packumentCache full:https://registry.npmjs.org/@jridgewell%2fgen-mapping cache-miss
2492 http cache https://registry.npmjs.org/anymatch 19ms (cache hit)
2493 silly packumentCache full:https://registry.npmjs.org/anymatch set size:42974 disposed:false
2494 silly fetch manifest commander@^4.0.0
2495 silly packumentCache full:https://registry.npmjs.org/commander cache-miss
2496 http cache https://registry.npmjs.org/readdirp 22ms (cache hit)
2497 silly packumentCache full:https://registry.npmjs.org/readdirp set size:110119 disposed:false
2498 silly fetch manifest lines-and-columns@^1.1.6
2499 silly packumentCache full:https://registry.npmjs.org/lines-and-columns cache-miss
2500 http cache https://registry.npmjs.org/is-binary-path 24ms (cache hit)
2501 silly packumentCache full:https://registry.npmjs.org/is-binary-path set size:13475 disposed:false
2502 silly fetch manifest mz@^2.7.0
2503 silly packumentCache full:https://registry.npmjs.org/mz cache-miss
2504 http cache https://registry.npmjs.org/read-cache 24ms (cache hit)
2505 silly packumentCache full:https://registry.npmjs.org/read-cache set size:6739 disposed:false
2506 silly fetch manifest pirates@^4.0.1
2507 silly packumentCache full:https://registry.npmjs.org/pirates cache-miss
2508 http cache https://registry.npmjs.org/camelcase-css 26ms (cache hit)
2509 silly packumentCache full:https://registry.npmjs.org/camelcase-css set size:9392 disposed:false
2510 silly fetch manifest ts-interface-checker@^0.1.9
2511 silly packumentCache full:https://registry.npmjs.org/ts-interface-checker cache-miss
2512 http cache https://registry.npmjs.org/fsevents 27ms (cache hit)
2513 silly packumentCache full:https://registry.npmjs.org/fsevents set size:182472 disposed:false
2514 http cache https://registry.npmjs.org/cssesc 28ms (cache hit)
2515 silly packumentCache full:https://registry.npmjs.org/cssesc set size:18815 disposed:false
2516 http cache https://registry.npmjs.org/normalize-path 32ms (cache hit)
2517 silly packumentCache full:https://registry.npmjs.org/normalize-path set size:28713 disposed:false
2518 http cache https://registry.npmjs.org/postcss-selector-parser 31ms (cache hit)
2519 silly packumentCache full:https://registry.npmjs.org/postcss-selector-parser set size:199901 disposed:false
2520 http cache https://registry.npmjs.org/util-deprecate 32ms (cache hit)
2521 silly packumentCache full:https://registry.npmjs.org/util-deprecate set size:6674 disposed:false
2522 http cache https://registry.npmjs.org/@jridgewell%2fgen-mapping 33ms (cache hit)
2523 silly packumentCache full:https://registry.npmjs.org/@jridgewell%2fgen-mapping set size:75941 disposed:false
2524 http cache https://registry.npmjs.org/lines-and-columns 25ms (cache hit)
2525 silly packumentCache full:https://registry.npmjs.org/lines-and-columns set size:73796 disposed:false
2526 http cache https://registry.npmjs.org/commander 34ms (cache hit)
2527 silly packumentCache full:https://registry.npmjs.org/commander set size:353104 disposed:false
2528 http cache https://registry.npmjs.org/mz 42ms (cache hit)
2529 silly packumentCache full:https://registry.npmjs.org/mz set size:42731 disposed:false
2530 http cache https://registry.npmjs.org/pirates 42ms (cache hit)
2531 silly packumentCache full:https://registry.npmjs.org/pirates set size:51327 disposed:false
2532 http cache https://registry.npmjs.org/ts-interface-checker 43ms (cache hit)
2533 silly packumentCache full:https://registry.npmjs.org/ts-interface-checker set size:58946 disposed:false
2534 silly placeDep ROOT anymatch@3.1.3 OK for: chokidar@3.6.0 want: ~3.1.2
2535 silly placeDep ROOT fsevents@2.3.3 OK for: chokidar@3.6.0 want: ~2.3.2
2536 silly placeDep node_modules/chokidar glob-parent@5.1.2 OK for: chokidar@3.6.0 want: ~5.1.2
2537 silly placeDep ROOT is-binary-path@2.1.0 OK for: chokidar@3.6.0 want: ~2.1.0
2538 silly placeDep ROOT readdirp@3.6.0 OK for: chokidar@3.6.0 want: ~3.6.0
2539 silly fetch manifest binary-extensions@^2.0.0
2540 silly packumentCache full:https://registry.npmjs.org/binary-extensions cache-miss
2541 http cache https://registry.npmjs.org/binary-extensions 7ms (cache hit)
2542 silly packumentCache full:https://registry.npmjs.org/binary-extensions set size:53598 disposed:false
2543 silly placeDep ROOT binary-extensions@2.3.0 OK for: is-binary-path@2.1.0 want: ^2.0.0
2544 silly placeDep ROOT read-cache@1.0.2 OK for: postcss-import@15.1.0 want: ^1.0.0
2545 silly placeDep node_modules/postcss-import resolve@1.22.12 OK for: postcss-import@15.1.0 want: ^1.1.7
2546 silly placeDep ROOT camelcase-css@2.0.1 OK for: postcss-js@4.1.0 want: ^2.0.1
2547 silly placeDep ROOT cssesc@3.0.0 OK for: postcss-selector-parser@6.1.4 want: ^3.0.0
2548 silly placeDep ROOT util-deprecate@1.0.2 OK for: postcss-selector-parser@6.1.4 want: ^1.0.2
2549 silly placeDep ROOT @jridgewell/gen-mapping@0.3.13 OK for: sucrase@3.35.1 want: ^0.3.2
2550 silly placeDep ROOT commander@4.1.1 OK for: sucrase@3.35.1 want: ^4.0.0
2551 silly placeDep ROOT lines-and-columns@1.2.4 OK for: sucrase@3.35.1 want: ^1.1.6
2552 silly placeDep ROOT mz@2.7.0 OK for: sucrase@3.35.1 want: ^2.7.0
2553 silly placeDep ROOT pirates@4.0.7 OK for: sucrase@3.35.1 want: ^4.0.1
2554 silly placeDep ROOT ts-interface-checker@0.1.13 OK for: sucrase@3.35.1 want: ^0.1.9
2555 silly fetch manifest @jridgewell/trace-mapping@^0.3.24
2556 silly packumentCache full:https://registry.npmjs.org/@jridgewell%2ftrace-mapping cache-miss
2557 silly fetch manifest @jridgewell/sourcemap-codec@^1.5.0
2558 silly packumentCache full:https://registry.npmjs.org/@jridgewell%2fsourcemap-codec cache-miss
2559 silly fetch manifest any-promise@^1.0.0
2560 silly packumentCache full:https://registry.npmjs.org/any-promise cache-miss
2561 silly fetch manifest thenify-all@^1.0.0
2562 silly packumentCache full:https://registry.npmjs.org/thenify-all cache-miss
2563 http cache https://registry.npmjs.org/@jridgewell%2ftrace-mapping 9ms (cache hit)
2564 silly packumentCache full:https://registry.npmjs.org/@jridgewell%2ftrace-mapping set size:170909 disposed:false
2565 http cache https://registry.npmjs.org/any-promise 10ms (cache hit)
2566 silly packumentCache full:https://registry.npmjs.org/any-promise set size:20233 disposed:false
2567 http cache https://registry.npmjs.org/thenify-all 11ms (cache hit)
2568 silly packumentCache full:https://registry.npmjs.org/thenify-all set size:18488 disposed:false
2569 http cache https://registry.npmjs.org/@jridgewell%2fsourcemap-codec 12ms (cache hit)
2570 silly packumentCache full:https://registry.npmjs.org/@jridgewell%2fsourcemap-codec set size:65255 disposed:false
2571 silly placeDep ROOT @jridgewell/sourcemap-codec@1.6.0 OK for: @jridgewell/gen-mapping@0.3.13 want: ^1.5.0
2572 silly placeDep ROOT @jridgewell/trace-mapping@0.3.31 OK for: @jridgewell/gen-mapping@0.3.13 want: ^0.3.24
2573 silly fetch manifest @jridgewell/resolve-uri@^3.1.0
2574 silly packumentCache full:https://registry.npmjs.org/@jridgewell%2fresolve-uri cache-miss
2575 http cache https://registry.npmjs.org/@jridgewell%2fresolve-uri 6ms (cache hit)
2576 silly packumentCache full:https://registry.npmjs.org/@jridgewell%2fresolve-uri set size:57361 disposed:false
2577 silly placeDep ROOT @jridgewell/resolve-uri@3.1.2 OK for: @jridgewell/trace-mapping@0.3.31 want: ^3.1.0
2578 silly placeDep ROOT any-promise@1.3.0 OK for: mz@2.7.0 want: ^1.0.0
2579 silly placeDep ROOT thenify-all@1.6.0 OK for: mz@2.7.0 want: ^1.0.0
2580 silly fetch manifest thenify@>= 3.1.0 < 4
2581 silly packumentCache full:https://registry.npmjs.org/thenify cache-miss
2582 http cache https://registry.npmjs.org/thenify 5ms (cache hit)
2583 silly packumentCache full:https://registry.npmjs.org/thenify set size:21379 disposed:false
2584 silly placeDep ROOT thenify@3.3.1 OK for: thenify-all@1.6.0 want: >= 3.1.0 < 4
2585 silly placeDep node_modules/tinyglobby fdir@6.5.0 OK for: tinyglobby@0.2.17 want: ^6.5.0
2586 silly placeDep node_modules/tinyglobby picomatch@4.0.7 OK for: fdir@6.5.0 want: ^3 || ^4
2587 silly placeDep ROOT is-number@7.0.0 OK for: to-regex-range@5.0.1 want: ^7.0.0
2588 silly placeDep ROOT @types/json5@0.0.29 OK for: tsconfig-paths@3.15.0 want: ^0.0.29
2589 silly placeDep ROOT json5@1.0.2 OK for: tsconfig-paths@3.15.0 want: ^1.0.2
2590 silly placeDep ROOT minimist@1.2.8 OK for: tsconfig-paths@3.15.0 want: ^1.2.6
2591 silly placeDep ROOT strip-bom@3.0.0 OK for: tsconfig-paths@3.15.0 want: ^3.0.0
2592 silly fetch manifest minimist@^1.2.0
2593 silly packumentCache full:https://registry.npmjs.org/minimist cache-hit
2594 silly placeDep ROOT for-each@0.3.5 OK for: typed-array-byte-length@1.0.3 want: ^0.3.3
2595 silly placeDep ROOT reflect.getprototypeof@1.0.10 OK for: typed-array-byte-offset@1.0.5 want: ^1.0.10
2596 silly fetch manifest which-builtin-type@^1.2.1
2597 silly packumentCache full:https://registry.npmjs.org/which-builtin-type cache-miss
2598 http cache https://registry.npmjs.org/which-builtin-type 5ms (cache hit)
2599 silly packumentCache full:https://registry.npmjs.org/which-builtin-type set size:39107 disposed:false
2600 silly placeDep ROOT which-builtin-type@1.2.1 OK for: reflect.getprototypeof@1.0.10 want: ^1.2.1
2601 silly fetch manifest is-async-function@^2.0.0
2602 silly packumentCache full:https://registry.npmjs.org/is-async-function cache-miss
2603 silly fetch manifest is-finalizationregistry@^1.1.0
2604 silly packumentCache full:https://registry.npmjs.org/is-finalizationregistry cache-miss
2605 silly fetch manifest is-generator-function@^1.0.10
2606 silly packumentCache full:https://registry.npmjs.org/is-generator-function cache-miss
2607 silly fetch manifest which-boxed-primitive@^1.1.0
2608 silly packumentCache full:https://registry.npmjs.org/which-boxed-primitive cache-hit
2609 silly fetch manifest which-collection@^1.0.2
2610 silly packumentCache full:https://registry.npmjs.org/which-collection cache-miss
2611 http cache https://registry.npmjs.org/which-collection 8ms (cache hit)
2612 silly packumentCache full:https://registry.npmjs.org/which-collection set size:13607 disposed:false
2613 http cache https://registry.npmjs.org/is-generator-function 9ms (cache hit)
2614 silly packumentCache full:https://registry.npmjs.org/is-generator-function set size:44643 disposed:false
2615 http cache https://registry.npmjs.org/is-finalizationregistry 11ms (cache hit)
2616 silly packumentCache full:https://registry.npmjs.org/is-finalizationregistry set size:19800 disposed:false
2617 http fetch GET 200 https://registry.npmjs.org/is-async-function 83ms (cache miss)
2618 silly packumentCache full:https://registry.npmjs.org/is-async-function set size:undefined disposed:false
2619 silly placeDep ROOT has-bigints@1.1.0 OK for: unbox-primitive@1.1.0 want: ^1.0.2
2620 silly placeDep ROOT which-boxed-primitive@1.1.1 OK for: unbox-primitive@1.1.0 want: ^1.1.1
2621 silly fetch manifest is-bigint@^1.1.0
2622 silly packumentCache full:https://registry.npmjs.org/is-bigint cache-miss
2623 silly fetch manifest is-boolean-object@^1.2.1
2624 silly packumentCache full:https://registry.npmjs.org/is-boolean-object cache-miss
2625 silly fetch manifest is-number-object@^1.1.1
2626 silly packumentCache full:https://registry.npmjs.org/is-number-object cache-miss
2627 http fetch GET 200 https://registry.npmjs.org/is-bigint 87ms (cache miss)
2628 silly packumentCache full:https://registry.npmjs.org/is-bigint set size:undefined disposed:false
2629 http fetch GET 200 https://registry.npmjs.org/is-boolean-object 96ms (cache miss)
2630 silly packumentCache full:https://registry.npmjs.org/is-boolean-object set size:undefined disposed:false
2631 http fetch GET 200 https://registry.npmjs.org/is-number-object 614ms (cache miss)
2632 silly packumentCache full:https://registry.npmjs.org/is-number-object set size:undefined disposed:false
2633 silly placeDep ROOT @unrs/resolver-binding-android-arm-eabi@1.12.2 OK for: unrs-resolver@1.12.2 want: 1.12.2
2634 silly placeDep ROOT @unrs/resolver-binding-android-arm64@1.12.2 OK for: unrs-resolver@1.12.2 want: 1.12.2
2635 silly placeDep ROOT @unrs/resolver-binding-darwin-arm64@1.12.2 OK for: unrs-resolver@1.12.2 want: 1.12.2
2636 silly placeDep ROOT @unrs/resolver-binding-darwin-x64@1.12.2 OK for: unrs-resolver@1.12.2 want: 1.12.2
2637 silly placeDep ROOT @unrs/resolver-binding-freebsd-x64@1.12.2 OK for: unrs-resolver@1.12.2 want: 1.12.2
2638 silly placeDep ROOT @unrs/resolver-binding-linux-arm-gnueabihf@1.12.2 OK for: unrs-resolver@1.12.2 want: 1.12.2
2639 silly placeDep ROOT @unrs/resolver-binding-linux-arm-musleabihf@1.12.2 OK for: unrs-resolver@1.12.2 want: 1.12.2
2640 silly placeDep ROOT @unrs/resolver-binding-linux-arm64-gnu@1.12.2 OK for: unrs-resolver@1.12.2 want: 1.12.2
2641 silly placeDep ROOT @unrs/resolver-binding-linux-arm64-musl@1.12.2 OK for: unrs-resolver@1.12.2 want: 1.12.2
2642 silly placeDep ROOT @unrs/resolver-binding-linux-loong64-gnu@1.12.2 OK for: unrs-resolver@1.12.2 want: 1.12.2
2643 silly placeDep ROOT @unrs/resolver-binding-linux-loong64-musl@1.12.2 OK for: unrs-resolver@1.12.2 want: 1.12.2
2644 silly placeDep ROOT @unrs/resolver-binding-linux-ppc64-gnu@1.12.2 OK for: unrs-resolver@1.12.2 want: 1.12.2
2645 silly placeDep ROOT @unrs/resolver-binding-linux-riscv64-gnu@1.12.2 OK for: unrs-resolver@1.12.2 want: 1.12.2
2646 silly placeDep ROOT @unrs/resolver-binding-linux-riscv64-musl@1.12.2 OK for: unrs-resolver@1.12.2 want: 1.12.2
2647 silly placeDep ROOT @unrs/resolver-binding-linux-s390x-gnu@1.12.2 OK for: unrs-resolver@1.12.2 want: 1.12.2
2648 silly placeDep ROOT @unrs/resolver-binding-linux-x64-gnu@1.12.2 OK for: unrs-resolver@1.12.2 want: 1.12.2
2649 silly placeDep ROOT @unrs/resolver-binding-linux-x64-musl@1.12.2 OK for: unrs-resolver@1.12.2 want: 1.12.2
2650 silly placeDep ROOT @unrs/resolver-binding-openharmony-arm64@1.12.2 OK for: unrs-resolver@1.12.2 want: 1.12.2
2651 silly placeDep ROOT @unrs/resolver-binding-wasm32-wasi@1.12.2 OK for: unrs-resolver@1.12.2 want: 1.12.2
2652 silly placeDep ROOT @unrs/resolver-binding-win32-arm64-msvc@1.12.2 OK for: unrs-resolver@1.12.2 want: 1.12.2
2653 silly placeDep ROOT @unrs/resolver-binding-win32-ia32-msvc@1.12.2 OK for: unrs-resolver@1.12.2 want: 1.12.2
2654 silly placeDep ROOT @unrs/resolver-binding-win32-x64-msvc@1.12.2 OK for: unrs-resolver@1.12.2 want: 1.12.2
2655 silly placeDep ROOT napi-postinstall@0.3.4 OK for: unrs-resolver@1.12.2 want: ^0.3.4
2656 silly fetch manifest @napi-rs/wasm-runtime@^1.1.4
2657 silly packumentCache full:https://registry.npmjs.org/@napi-rs%2fwasm-runtime cache-miss
2658 silly fetch manifest @emnapi/core@1.10.0
2659 silly packumentCache full:https://registry.npmjs.org/@emnapi%2fcore cache-miss
2660 silly fetch manifest @emnapi/runtime@1.10.0
2661 silly packumentCache full:https://registry.npmjs.org/@emnapi%2fruntime cache-hit
2662 http fetch GET 200 https://registry.npmjs.org/@napi-rs%2fwasm-runtime 114ms (cache miss)
2663 silly packumentCache full:https://registry.npmjs.org/@napi-rs%2fwasm-runtime set size:undefined disposed:false
2664 http fetch GET 200 https://registry.npmjs.org/@emnapi%2fcore 128ms (cache miss)
2665 silly packumentCache full:https://registry.npmjs.org/@emnapi%2fcore set size:undefined disposed:false
2666 silly placeDep ROOT @emnapi/core@1.10.0 OK for: @unrs/resolver-binding-wasm32-wasi@1.12.2 want: 1.10.0
2667 silly placeDep node_modules/@unrs/resolver-binding-wasm32-wasi @emnapi/runtime@1.10.0 OK for: @unrs/resolver-binding-wasm32-wasi@1.12.2 want: 1.10.0
2668 silly placeDep ROOT @napi-rs/wasm-runtime@1.2.4 OK for: @unrs/resolver-binding-wasm32-wasi@1.12.2 want: ^1.1.4
2669 silly fetch manifest @emnapi/wasi-threads@1.2.1
2670 silly packumentCache full:https://registry.npmjs.org/@emnapi%2fwasi-threads cache-miss
2671 silly fetch manifest @tybys/wasm-util@^0.10.3
2672 silly packumentCache full:https://registry.npmjs.org/@tybys%2fwasm-util cache-miss
2673 http fetch GET 200 https://registry.npmjs.org/@emnapi%2fwasi-threads 101ms (cache miss)
2674 silly packumentCache full:https://registry.npmjs.org/@emnapi%2fwasi-threads set size:undefined disposed:false
2675 http fetch GET 200 https://registry.npmjs.org/@tybys%2fwasm-util 214ms (cache miss)
2676 silly packumentCache full:https://registry.npmjs.org/@tybys%2fwasm-util set size:undefined disposed:false
2677 silly placeDep ROOT @emnapi/wasi-threads@1.2.1 OK for: @emnapi/core@1.10.0 want: 1.2.1
2678 silly placeDep ROOT @tybys/wasm-util@0.10.4 OK for: @napi-rs/wasm-runtime@1.2.4 want: ^0.10.3
2679 silly placeDep ROOT escalade@3.2.0 OK for: update-browserslist-db@1.3.3 want: ^3.2.0
2680 silly placeDep ROOT punycode@2.3.1 OK for: uri-js@4.4.1 want: ^2.1.0
2681 silly placeDep ROOT @types/d3-array@3.2.2 OK for: victory-vendor@36.9.2 want: ^3.0.3
2682 silly placeDep ROOT @types/d3-ease@3.0.2 OK for: victory-vendor@36.9.2 want: ^3.0.0
2683 silly placeDep ROOT @types/d3-interpolate@3.0.4 OK for: victory-vendor@36.9.2 want: ^3.0.1
2684 silly placeDep ROOT @types/d3-scale@4.0.9 OK for: victory-vendor@36.9.2 want: ^4.0.2
2685 silly placeDep ROOT @types/d3-shape@3.2.0 OK for: victory-vendor@36.9.2 want: ^3.1.0
2686 silly placeDep ROOT @types/d3-time@3.0.4 OK for: victory-vendor@36.9.2 want: ^3.0.0
2687 silly placeDep ROOT @types/d3-timer@3.0.2 OK for: victory-vendor@36.9.2 want: ^3.0.0
2688 silly placeDep ROOT d3-array@3.2.4 OK for: victory-vendor@36.9.2 want: ^3.1.6
2689 silly placeDep ROOT d3-ease@3.0.1 OK for: victory-vendor@36.9.2 want: ^3.0.1
2690 silly placeDep ROOT d3-interpolate@3.0.1 OK for: victory-vendor@36.9.2 want: ^3.0.1
2691 silly placeDep ROOT d3-scale@4.0.2 OK for: victory-vendor@36.9.2 want: ^4.0.2
2692 silly placeDep ROOT d3-shape@3.2.0 OK for: victory-vendor@36.9.2 want: ^3.1.0
2693 silly placeDep ROOT d3-time@3.1.0 OK for: victory-vendor@36.9.2 want: ^3.0.0
2694 silly placeDep ROOT d3-timer@3.0.1 OK for: victory-vendor@36.9.2 want: ^3.0.1
2695 silly fetch manifest @types/d3-color@*
2696 silly packumentCache full:https://registry.npmjs.org/@types%2fd3-color cache-miss
2697 silly fetch manifest @types/d3-time@*
2698 silly packumentCache full:https://registry.npmjs.org/@types%2fd3-time cache-hit
2699 silly fetch manifest @types/d3-path@*
2700 silly packumentCache full:https://registry.npmjs.org/@types%2fd3-path cache-miss
2701 silly fetch manifest internmap@1 - 2
2702 silly packumentCache full:https://registry.npmjs.org/internmap cache-miss
2703 silly fetch manifest d3-color@1 - 3
2704 silly packumentCache full:https://registry.npmjs.org/d3-color cache-miss
2705 silly fetch manifest d3-format@1 - 3
2706 silly packumentCache full:https://registry.npmjs.org/d3-format cache-miss
2707 silly fetch manifest d3-time@2.1.1 - 3
2708 silly packumentCache full:https://registry.npmjs.org/d3-time cache-hit
2709 silly fetch manifest d3-time-format@2 - 4
2710 silly packumentCache full:https://registry.npmjs.org/d3-time-format cache-miss
2711 silly fetch manifest d3-path@^3.1.0
2712 silly packumentCache full:https://registry.npmjs.org/d3-path cache-miss
2713 http fetch GET 200 https://registry.npmjs.org/internmap 140ms (cache miss)
2714 silly packumentCache full:https://registry.npmjs.org/internmap set size:undefined disposed:false
2715 http fetch GET 200 https://registry.npmjs.org/@types%2fd3-color 143ms (cache miss)
2716 silly packumentCache full:https://registry.npmjs.org/@types%2fd3-color set size:undefined disposed:false
2717 http fetch GET 200 https://registry.npmjs.org/d3-time-format 148ms (cache miss)
2718 silly packumentCache full:https://registry.npmjs.org/d3-time-format set size:undefined disposed:false
2719 http fetch GET 200 https://registry.npmjs.org/d3-path 160ms (cache miss)
2720 silly packumentCache full:https://registry.npmjs.org/d3-path set size:undefined disposed:false
2721 http fetch GET 200 https://registry.npmjs.org/d3-format 168ms (cache miss)
2722 silly packumentCache full:https://registry.npmjs.org/d3-format set size:undefined disposed:false
2723 http fetch GET 200 https://registry.npmjs.org/@types%2fd3-path 174ms (cache miss)
2724 silly packumentCache full:https://registry.npmjs.org/@types%2fd3-path set size:undefined disposed:false
2725 http fetch GET 200 https://registry.npmjs.org/d3-color 2139ms (cache miss)
2726 silly packumentCache full:https://registry.npmjs.org/d3-color set size:undefined disposed:false
2727 silly placeDep ROOT @types/d3-color@3.1.3 OK for: @types/d3-interpolate@3.0.4 want: *
2728 silly placeDep ROOT @types/d3-path@3.1.1 OK for: @types/d3-shape@3.2.0 want: *
2729 silly placeDep ROOT internmap@2.0.3 OK for: d3-array@3.2.4 want: 1 - 2
2730 silly placeDep ROOT d3-color@3.1.0 OK for: d3-interpolate@3.0.1 want: 1 - 3
2731 silly placeDep ROOT d3-format@3.1.2 OK for: d3-scale@4.0.2 want: 1 - 3
2732 silly placeDep ROOT d3-time-format@4.1.0 OK for: d3-scale@4.0.2 want: 2 - 4
2733 silly placeDep ROOT d3-path@3.1.0 OK for: d3-shape@3.2.0 want: ^3.1.0
2734 silly placeDep ROOT isexe@2.0.0 OK for: which@2.0.2 want: ^2.0.0
2735 silly placeDep ROOT is-bigint@1.1.0 OK for: which-boxed-primitive@1.1.1 want: ^1.1.0
2736 silly placeDep ROOT is-boolean-object@1.2.2 OK for: which-boxed-primitive@1.1.1 want: ^1.2.1
2737 silly placeDep ROOT is-number-object@1.1.1 OK for: which-boxed-primitive@1.1.1 want: ^1.1.1
2738 silly placeDep ROOT is-async-function@2.1.1 OK for: which-builtin-type@1.2.1 want: ^2.0.0
2739 silly placeDep ROOT is-finalizationregistry@1.1.1 OK for: which-builtin-type@1.2.1 want: ^1.1.0
2740 silly placeDep ROOT is-generator-function@1.1.2 OK for: which-builtin-type@1.2.1 want: ^1.0.10
2741 silly placeDep ROOT which-collection@1.0.2 OK for: which-builtin-type@1.2.1 want: ^1.0.2
2742 silly fetch manifest async-function@^1.0.0
2743 silly packumentCache full:https://registry.npmjs.org/async-function cache-miss
2744 silly fetch manifest generator-function@^2.0.0
2745 silly packumentCache full:https://registry.npmjs.org/generator-function cache-miss
2746 silly fetch manifest is-map@^2.0.3
2747 silly packumentCache full:https://registry.npmjs.org/is-map cache-miss
2748 silly fetch manifest is-weakmap@^2.0.2
2749 silly packumentCache full:https://registry.npmjs.org/is-weakmap cache-miss
2750 silly fetch manifest is-weakset@^2.0.3
2751 silly packumentCache full:https://registry.npmjs.org/is-weakset cache-miss
2752 http cache https://registry.npmjs.org/async-function 12ms (cache hit)
2753 silly packumentCache full:https://registry.npmjs.org/async-function set size:7150 disposed:false
2754 http cache https://registry.npmjs.org/is-map 14ms (cache hit)
2755 silly packumentCache full:https://registry.npmjs.org/is-map set size:18079 disposed:false
2756 http cache https://registry.npmjs.org/is-weakmap 17ms (cache hit)
2757 silly packumentCache full:https://registry.npmjs.org/is-weakmap set size:15163 disposed:false
2758 http cache https://registry.npmjs.org/generator-function 20ms (cache hit)
2759 silly packumentCache full:https://registry.npmjs.org/generator-function set size:10401 disposed:false
2760 http cache https://registry.npmjs.org/is-weakset 20ms (cache hit)
2761 silly packumentCache full:https://registry.npmjs.org/is-weakset set size:21965 disposed:false
2762 silly placeDep ROOT async-function@1.0.0 OK for: is-async-function@2.1.1 want: ^1.0.0
2763 silly placeDep ROOT generator-function@2.0.1 OK for: is-generator-function@1.1.2 want: ^2.0.0
2764 silly placeDep ROOT is-map@2.0.3 OK for: which-collection@1.0.2 want: ^2.0.3
2765 silly placeDep ROOT is-weakmap@2.0.2 OK for: which-collection@1.0.2 want: ^2.0.2
2766 silly placeDep ROOT is-weakset@2.0.4 OK for: which-collection@1.0.2 want: ^2.0.3
2767 silly placeDep ROOT cliui@6.0.0 OK for: yargs@15.4.1 want: ^6.0.0
2768 silly placeDep ROOT decamelize@1.2.0 OK for: yargs@15.4.1 want: ^1.2.0
2769 silly placeDep node_modules/yargs find-up@4.1.0 OK for: yargs@15.4.1 want: ^4.1.0
2770 silly placeDep ROOT get-caller-file@2.0.5 OK for: yargs@15.4.1 want: ^2.0.1
2771 silly placeDep ROOT require-directory@2.1.1 OK for: yargs@15.4.1 want: ^2.1.1
2772 silly placeDep ROOT require-main-filename@2.0.0 OK for: yargs@15.4.1 want: ^2.0.0
2773 silly placeDep ROOT set-blocking@2.0.0 OK for: yargs@15.4.1 want: ^2.0.0
2774 silly placeDep ROOT string-width@4.2.3 OK for: yargs@15.4.1 want: ^4.2.0
2775 silly placeDep ROOT which-module@2.0.1 OK for: yargs@15.4.1 want: ^2.0.0
2776 silly placeDep ROOT y18n@4.0.3 OK for: yargs@15.4.1 want: ^4.0.0
2777 silly placeDep ROOT yargs-parser@18.1.3 OK for: yargs@15.4.1 want: ^18.1.2
2778 silly fetch manifest wrap-ansi@^6.2.0
2779 silly packumentCache full:https://registry.npmjs.org/wrap-ansi cache-miss
2780 silly fetch manifest locate-path@^5.0.0
2781 silly packumentCache full:https://registry.npmjs.org/locate-path cache-hit
2782 silly fetch manifest emoji-regex@^8.0.0
2783 silly packumentCache full:https://registry.npmjs.org/emoji-regex cache-miss
2784 silly fetch manifest is-fullwidth-code-point@^3.0.0
2785 silly packumentCache full:https://registry.npmjs.org/is-fullwidth-code-point cache-miss
2786 silly fetch manifest camelcase@^5.0.0
2787 silly packumentCache full:https://registry.npmjs.org/camelcase cache-miss
2788 http cache https://registry.npmjs.org/wrap-ansi 16ms (cache hit)
2789 silly packumentCache full:https://registry.npmjs.org/wrap-ansi set size:59620 disposed:false
2790 http cache https://registry.npmjs.org/is-fullwidth-code-point 17ms (cache hit)
2791 silly packumentCache full:https://registry.npmjs.org/is-fullwidth-code-point set size:14578 disposed:false
2792 http cache https://registry.npmjs.org/emoji-regex 20ms (cache hit)
2793 silly packumentCache full:https://registry.npmjs.org/emoji-regex set size:91540 disposed:false
2794 http cache https://registry.npmjs.org/camelcase 21ms (cache hit)
2795 silly packumentCache full:https://registry.npmjs.org/camelcase set size:60255 disposed:false
2796 silly placeDep ROOT wrap-ansi@6.2.0 OK for: cliui@6.0.0 want: ^6.2.0
2797 silly placeDep node_modules/string-width emoji-regex@8.0.0 OK for: string-width@4.2.3 want: ^8.0.0
2798 silly placeDep ROOT is-fullwidth-code-point@3.0.0 OK for: string-width@4.2.3 want: ^3.0.0
2799 silly placeDep ROOT camelcase@5.3.1 OK for: yargs-parser@18.1.3 want: ^5.0.0
2800 silly placeDep node_modules/@typescript-eslint/typescript-estree brace-expansion@5.0.12 OK for: minimatch@10.2.6 want: ^5.0.8
2801 silly fetch manifest balanced-match@^4.0.2
2802 silly packumentCache full:https://registry.npmjs.org/balanced-match cache-hit
2803 silly placeDep node_modules/@typescript-eslint/typescript-estree balanced-match@4.0.4 OK for: brace-expansion@5.0.12 want: ^4.0.2
2804 silly placeDep node_modules/next nanoid@3.3.19 OK for: postcss@8.4.31 want: ^3.3.6
2805 silly placeDep node_modules/tailwindcss/node_modules/fast-glob glob-parent@5.1.2 OK for: fast-glob@3.3.3 want: ^5.1.2
2806 silly placeDep node_modules/yargs locate-path@5.0.0 OK for: find-up@4.1.0 want: ^5.0.0
2807 silly fetch manifest p-locate@^4.1.0
2808 silly packumentCache full:https://registry.npmjs.org/p-locate cache-hit
2809 silly placeDep node_modules/yargs p-locate@4.1.0 OK for: locate-path@5.0.0 want: ^4.1.0
2810 silly fetch manifest p-limit@^2.2.0
2811 silly packumentCache full:https://registry.npmjs.org/p-limit cache-hit
2812 silly placeDep node_modules/yargs p-limit@2.3.0 OK for: p-locate@4.1.0 want: ^2.2.0
2813 silly fetch manifest p-try@^2.0.0
2814 silly packumentCache full:https://registry.npmjs.org/p-try cache-miss
2815 http fetch GET 200 https://registry.npmjs.org/p-try 376ms (cache miss)
2816 silly packumentCache full:https://registry.npmjs.org/p-try set size:undefined disposed:false
2817 silly placeDep ROOT p-try@2.2.0 OK for: p-limit@2.3.0 want: ^2.0.0
2818 silly reify moves {}
2819 silly audit bulk request {
2819 silly audit   '@supabase/ssr': [ '0.5.2' ],
2819 silly audit   '@supabase/supabase-js': [ '2.117.2' ],
2819 silly audit   '@types/node': [ '20.19.43' ],
2819 silly audit   '@types/qrcode': [ '1.5.6' ],
2819 silly audit   '@types/react': [ '19.3.0' ],
2819 silly audit   '@types/react-dom': [ '19.3.0' ],
2819 silly audit   autoprefixer: [ '10.6.1' ],
2819 silly audit   postcss: [ '8.5.28', '8.4.31' ],
2819 silly audit   eslint: [ '8.57.1' ],
2819 silly audit   'eslint-config-next': [ '15.5.26' ],
2819 silly audit   nanoid: [ '5.1.16', '3.3.19' ],
2819 silly audit   next: [ '15.5.26' ],
2819 silly audit   react: [ '19.3.0' ],
2819 silly audit   'react-dom': [ '19.3.0' ],
2819 silly audit   qrcode: [ '1.5.4' ],
2819 silly audit   recharts: [ '2.15.4' ],
2819 silly audit   tailwindcss: [ '3.4.19' ],
2819 silly audit   typescript: [ '5.9.3' ],
2819 silly audit   'ua-parser-js': [ '1.0.41' ],
2819 silly audit   zod: [ '3.25.76' ],
2819 silly audit   '@types/cookie': [ '0.6.0' ],
2819 silly audit   cookie: [ '0.7.2' ],
2819 silly audit   '@supabase/auth-js': [ '2.117.2' ],
2819 silly audit   '@supabase/functions-js': [ '2.117.2' ],
2819 silly audit   '@supabase/postgrest-js': [ '2.117.2' ],
2819 silly audit   '@supabase/realtime-js': [ '2.117.2' ],
2819 silly audit   '@supabase/storage-js': [ '2.117.2' ],
2819 silly audit   tslib: [ '2.8.1' ],
2819 silly audit   '@supabase/phoenix': [ '0.4.5' ],
2819 silly audit   'iceberg-js': [ '0.8.1' ],
2819 silly audit   'undici-types': [ '6.21.0' ],
2819 silly audit   csstype: [ '3.2.3' ],
2819 silly audit   browserslist: [ '4.29.3' ],
2819 silly audit   'caniuse-lite': [ '1.0.30001814' ],
2819 silly audit   'fraction.js': [ '5.3.4' ],
2819 silly audit   picocolors: [ '1.1.1' ],
2819 silly audit   'postcss-value-parser': [ '4.2.0' ],
2819 silly audit   'baseline-browser-mapping': [ '2.11.26' ],
2819 silly audit   'electron-to-chromium': [ '1.5.442' ],
2819 silly audit   'node-releases': [ '2.0.57' ],
2819 silly audit   'update-browserslist-db': [ '1.3.3' ],
2819 silly audit   '@eslint-community/eslint-utils': [ '4.10.1' ],
2819 silly audit   '@eslint-community/regexpp': [ '4.12.2' ],
2819 silly audit   '@eslint/eslintrc': [ '2.1.4' ],
2819 silly audit   '@eslint/js': [ '8.57.1' ],
2819 silly audit   '@humanwhocodes/config-array': [ '0.13.0' ],
2819 silly audit   '@humanwhocodes/module-importer': [ '1.0.1' ],
2819 silly audit   '@nodelib/fs.walk': [ '1.2.8' ],
2819 silly audit   '@ungap/structured-clone': [ '1.4.0' ],
2819 silly audit   ajv: [ '6.15.0' ],
2819 silly audit   chalk: [ '4.1.2' ],
2819 silly audit   'cross-spawn': [ '7.0.6' ],
2819 silly audit   debug: [ '4.4.3', '3.2.7' ],
2819 silly audit   doctrine: [ '3.0.0', '2.1.0' ],
2819 silly audit   'escape-string-regexp': [ '4.0.0' ],
2819 silly audit   'eslint-scope': [ '7.2.2' ],
2819 silly audit   'eslint-visitor-keys': [ '3.4.3', '5.0.1' ],
2819 silly audit   espree: [ '9.6.1' ],
2819 silly audit   esquery: [ '1.7.0' ],
2819 silly audit   esutils: [ '2.0.3' ],
2819 silly audit   'fast-deep-equal': [ '3.1.3' ],
2819 silly audit   'file-entry-cache': [ '6.0.1' ],
2819 silly audit   'find-up': [ '5.0.0', '4.1.0' ],
2819 silly audit   'glob-parent': [ '6.0.2', '5.1.2' ],
2819 silly audit   globals: [ '13.24.0' ],
2819 silly audit   graphemer: [ '1.4.0' ],
2819 silly audit   ignore: [ '5.3.2', '7.0.10' ],
2819 silly audit   imurmurhash: [ '0.1.4' ],
2819 silly audit   'is-glob': [ '4.0.3' ],
2819 silly audit   'is-path-inside': [ '3.0.3' ],
2819 silly audit   'js-yaml': [ '4.3.2' ],
2819 silly audit   'json-stable-stringify-without-jsonify': [ '1.0.1' ],
2819 silly audit   levn: [ '0.4.1' ],
2819 silly audit   'lodash.merge': [ '4.6.2' ],
2819 silly audit   minimatch: [ '3.1.5', '10.2.6' ],
2819 silly audit   'natural-compare': [ '1.4.0' ],
2819 silly audit   optionator: [ '0.9.4' ],
2819 silly audit   'strip-ansi': [ '6.0.1' ],
2819 silly audit   'text-table': [ '0.2.0' ],
2819 silly audit   'import-fresh': [ '3.3.1' ],
2819 silly audit   'strip-json-comments': [ '3.1.1' ],
2819 silly audit   '@humanwhocodes/object-schema': [ '2.0.3' ],
2819 silly audit   '@nodelib/fs.scandir': [ '2.1.5' ],
2819 silly audit   fastq: [ '1.20.3' ],
2819 silly audit   '@nodelib/fs.stat': [ '2.0.5' ],
2819 silly audit   'run-parallel': [ '1.2.0' ],
2819 silly audit   'fast-json-stable-stringify': [ '2.1.0' ],
2819 silly audit   'json-schema-traverse': [ '0.4.1' ],
2819 silly audit   'uri-js': [ '4.4.1' ],
2819 silly audit   'ansi-styles': [ '4.3.0' ],
2819 silly audit   'supports-color': [ '7.2.0' ],
2819 silly audit   'color-convert': [ '2.0.1' ],
2819 silly audit   'color-name': [ '1.1.4' ],
2819 silly audit   'path-key': [ '3.1.1' ],
2819 silly audit   'shebang-command': [ '2.0.0' ],
2819 silly audit   which: [ '2.0.2' ],
2819 silly audit   ms: [ '2.1.3' ],
2819 silly audit   '@next/eslint-plugin-next': [ '15.5.26' ],
2819 silly audit   '@rushstack/eslint-patch': [ '1.16.1' ],
2819 silly audit   '@typescript-eslint/eslint-plugin': [ '8.71.0' ],
2819 silly audit   '@typescript-eslint/parser': [ '8.71.0' ],
2819 silly audit   'eslint-import-resolver-node': [ '0.3.10' ],
2819 silly audit   'eslint-import-resolver-typescript': [ '3.10.1' ],
2819 silly audit   'eslint-plugin-import': [ '2.32.0' ],
2819 silly audit   'eslint-plugin-jsx-a11y': [ '6.10.2' ],
2819 silly audit   'eslint-plugin-react': [ '7.37.5' ],
2819 silly audit   'eslint-plugin-react-hooks': [ '5.2.0' ],
2819 silly audit   'fast-glob': [ '3.3.1', '3.3.3' ],
2819 silly audit   '@typescript-eslint/scope-manager': [ '8.71.0' ],
2819 silly audit   '@typescript-eslint/type-utils': [ '8.71.0' ],
2819 silly audit   '@typescript-eslint/utils': [ '8.71.0' ],
2819 silly audit   '@typescript-eslint/visitor-keys': [ '8.71.0' ],
2819 silly audit   'ts-api-utils': [ '2.5.0' ],
2819 silly audit   '@typescript-eslint/types': [ '8.71.0' ],
2819 silly audit   '@typescript-eslint/typescript-estree': [ '8.71.0' ],
2819 silly audit   '@typescript-eslint/project-service': [ '8.71.0' ],
2819 silly audit   '@typescript-eslint/tsconfig-utils': [ '8.71.0' ],
2819 silly audit   semver: [ '7.8.5', '6.3.1' ],
2819 silly audit   tinyglobby: [ '0.2.17' ],
2819 silly audit   'is-core-module': [ '2.17.0' ],
2819 silly audit   resolve: [ '2.0.0-next.7', '1.22.12' ],
2819 silly audit   '@nolyfill/is-core-module': [ '1.0.39' ],
2819 silly audit   'get-tsconfig': [ '4.14.3' ],
2819 silly audit   'is-bun-module': [ '2.0.0' ],
2819 silly audit   'stable-hash': [ '0.0.5' ],
2819 silly audit   'unrs-resolver': [ '1.12.2' ],
2819 silly audit   '@rtsao/scc': [ '1.1.0' ],
2819 silly audit   'array-includes': [ '3.2.0' ],
2819 silly audit   'array.prototype.findlastindex': [ '1.2.6' ],
2819 silly audit   'array.prototype.flat': [ '1.3.3' ],
2819 silly audit   'array.prototype.flatmap': [ '1.3.3' ],
2819 silly audit   'eslint-module-utils': [ '2.14.0' ],
2819 silly audit   hasown: [ '2.0.4' ],
2819 silly audit   'object.fromentries': [ '2.0.8' ],
2819 silly audit   'object.groupby': [ '1.0.3' ],
2819 silly audit   'object.values': [ '1.2.1' ],
2819 silly audit   'string.prototype.trimend': [ '1.0.10' ],
2819 silly audit   'tsconfig-paths': [ '3.15.0' ],
2819 silly audit   'call-bind': [ '1.0.9' ],
2819 silly audit   'call-bound': [ '1.0.4' ],
2819 silly audit   'define-properties': [ '1.2.1' ],
2819 silly audit   'es-abstract': [ '1.24.2' ],
2819 silly audit   'es-object-atoms': [ '1.1.2' ],
2819 silly audit   'es-shim-unscopables': [ '1.1.0' ],
2819 silly audit   'is-string': [ '1.1.1' ],
2819 silly audit   'math-intrinsics': [ '1.1.0' ],
2819 silly audit   'es-errors': [ '1.3.0' ],
2819 silly audit   'call-bind-apply-helpers': [ '1.0.2' ],
2819 silly audit   'es-define-property': [ '1.0.1' ],
2819 silly audit   'get-intrinsic': [ '1.3.0' ],
2819 silly audit   'set-function-length': [ '1.2.2' ],
2819 silly audit   'function-bind': [ '1.1.2' ],
2819 silly audit   'define-data-property': [ '1.1.4' ],
2819 silly audit   'has-property-descriptors': [ '1.0.2' ],
2819 silly audit   'object-keys': [ '1.1.1' ],
2819 silly audit   gopd: [ '1.2.0' ],
2819 silly audit   'array-buffer-byte-length': [ '1.0.2' ],
2819 silly audit   'arraybuffer.prototype.slice': [ '1.0.4' ],
2819 silly audit   'available-typed-arrays': [ '1.0.7' ],
2819 silly audit   'data-view-buffer': [ '1.0.2' ],
2819 silly audit   'data-view-byte-length': [ '1.0.2' ],
2819 silly audit   'data-view-byte-offset': [ '1.0.1' ],
2819 silly audit   'es-set-tostringtag': [ '2.1.0' ],
2819 silly audit   'es-to-primitive': [ '1.3.4' ],
2819 silly audit   'function.prototype.name': [ '1.2.0' ],
2819 silly audit   'get-proto': [ '1.0.1' ],
2819 silly audit   'get-symbol-description': [ '1.1.0' ],
2819 silly audit   globalthis: [ '1.0.4' ],
2819 silly audit   'has-proto': [ '1.2.0' ],
2819 silly audit   'has-symbols': [ '1.1.0' ],
2819 silly audit   'internal-slot': [ '1.1.0' ],
2819 silly audit   'is-array-buffer': [ '3.0.5' ],
2819 silly audit   'is-callable': [ '1.2.7' ],
2819 silly audit   'is-data-view': [ '1.0.2' ],
2819 silly audit   'is-negative-zero': [ '2.0.3' ],
2819 silly audit   'is-regex': [ '1.2.1' ],
2819 silly audit   'is-set': [ '2.0.3' ],
2819 silly audit   'is-shared-array-buffer': [ '1.0.4' ],
2819 silly audit   'is-typed-array': [ '1.1.15' ],
2819 silly audit   'is-weakref': [ '1.1.1' ],
2819 silly audit   'object-inspect': [ '1.13.4' ],
2819 silly audit   'object.assign': [ '4.1.7' ],
2819 silly audit   'own-keys': [ '1.0.2' ],
2819 silly audit   'regexp.prototype.flags': [ '1.5.4' ],
2819 silly audit   'safe-array-concat': [ '1.1.4' ],
2819 silly audit   'safe-push-apply': [ '1.0.0' ],
2819 silly audit   'safe-regex-test': [ '1.1.0' ],
2819 silly audit   'set-proto': [ '1.0.0' ],
2819 silly audit   'stop-iteration-iterator': [ '1.1.0' ],
2819 silly audit   'string.prototype.trim': [ '1.2.11' ],
2819 silly audit   'string.prototype.trimstart': [ '1.0.8' ],
2819 silly audit   'typed-array-buffer': [ '1.0.3' ],
2819 silly audit   'typed-array-byte-length': [ '1.0.3' ],
2819 silly audit   'typed-array-byte-offset': [ '1.0.5' ],
2819 silly audit   'typed-array-length': [ '1.0.8' ],
2819 silly audit   'unbox-primitive': [ '1.1.0' ],
2819 silly audit   'which-typed-array': [ '1.1.24' ],
2819 silly audit   'possible-typed-array-names': [ '1.1.0' ],
2819 silly audit   'has-tostringtag': [ '1.0.2' ],
2819 silly audit   'es-abstract-get': [ '1.0.0' ],
2819 silly audit   'is-date-object': [ '1.1.0' ],
2819 silly audit   'is-symbol': [ '1.1.1' ],
2819 silly audit   'aria-query': [ '5.3.2' ],
2819 silly audit   'ast-types-flow': [ '0.0.8' ],
2819 silly audit   'axe-core': [ '4.13.0' ],
2819 silly audit   'axobject-query': [ '4.1.0' ],
2819 silly audit   'damerau-levenshtein': [ '1.0.8' ],
2819 silly audit   'emoji-regex': [ '9.2.2', '8.0.0' ],
2819 silly audit   'jsx-ast-utils': [ '3.3.5' ],
2819 silly audit   'language-tags': [ '1.0.9' ],
2819 silly audit   'string.prototype.includes': [ '2.0.1' ],
2819 silly audit   'array.prototype.findlast': [ '1.2.5' ],
2819 silly audit   'array.prototype.tosorted': [ '1.1.4' ],
2819 silly audit   'es-iterator-helpers': [ '1.4.0' ],
2819 silly audit   estraverse: [ '5.3.0' ],
2819 silly audit   'object.entries': [ '1.1.9' ],
2819 silly audit   'prop-types': [ '15.8.1' ],
2819 silly audit   'string.prototype.matchall': [ '4.1.0' ],
2819 silly audit   'string.prototype.repeat': [ '1.0.0' ],
2819 silly audit   'iterator.prototype': [ '1.1.5' ],
2819 silly audit   esrecurse: [ '4.3.0' ],
2819 silly audit   acorn: [ '8.18.0' ],
2819 silly audit   'acorn-jsx': [ '5.3.2' ],
2819 silly audit   merge2: [ '1.4.1' ],
2819 silly audit   micromatch: [ '4.0.8' ],
2819 silly audit   reusify: [ '1.1.0' ],
2819 silly audit   'flat-cache': [ '3.2.0' ],
2819 silly audit   'locate-path': [ '6.0.0', '5.0.0' ],
2819 silly audit   'path-exists': [ '4.0.0' ],
2819 silly audit   flatted: [ '3.4.4' ],
2819 silly audit   keyv: [ '4.5.4' ],
2819 silly audit   rimraf: [ '3.0.2' ],
2819 silly audit   'functions-have-names': [ '1.2.3' ],
2819 silly audit   'is-document.all': [ '1.0.0' ],
2819 silly audit   'dunder-proto': [ '1.0.1' ],
2819 silly audit   'resolve-pkg-maps': [ '1.0.0' ],
2819 silly audit   'type-fest': [ '0.20.2' ],
2819 silly audit   'parent-module': [ '1.0.1' ],
2819 silly audit   'resolve-from': [ '4.0.0' ],
2819 silly audit   'side-channel': [ '1.1.1' ],
2819 silly audit   'is-extglob': [ '2.1.1' ],
2819 silly audit   'set-function-name': [ '2.0.2' ],
2819 silly audit   argparse: [ '2.0.1' ],
2819 silly audit   'json-buffer': [ '3.0.1' ],
2819 silly audit   'language-subtag-registry': [ '0.3.23' ],
2819 silly audit   'prelude-ls': [ '1.2.1' ],
2819 silly audit   'type-check': [ '0.4.0' ],
2819 silly audit   'p-locate': [ '5.0.0', '4.1.0' ],
2819 silly audit   braces: [ '3.0.3' ],
2819 silly audit   picomatch: [ '2.3.2', '4.0.7' ],
2819 silly audit   'fill-range': [ '7.1.1' ],
2819 silly audit   'to-regex-range': [ '5.0.1' ],
2819 silly audit   'brace-expansion': [ '1.1.21', '5.0.12' ],
2819 silly audit   'balanced-match': [ '1.0.2', '4.0.4' ],
2819 silly audit   'concat-map': [ '0.0.1' ],
2819 silly audit   '@next/env': [ '15.5.26' ],
2819 silly audit   '@next/swc-darwin-arm64': [ '15.5.26' ],
2819 silly audit   '@next/swc-darwin-x64': [ '15.5.26' ],
2819 silly audit   '@next/swc-linux-arm64-gnu': [ '15.5.26' ],
2819 silly audit   '@next/swc-linux-arm64-musl': [ '15.5.26' ],
2819 silly audit   '@next/swc-linux-x64-gnu': [ '15.5.26' ],
2819 silly audit   '@next/swc-linux-x64-musl': [ '15.5.26' ],
2819 silly audit   '@next/swc-win32-arm64-msvc': [ '15.5.26' ],
2819 silly audit   '@next/swc-win32-x64-msvc': [ '15.5.26' ],
2819 silly audit   '@swc/helpers': [ '0.5.15' ],
2819 silly audit   sharp: [ '0.35.5' ],
2819 silly audit   'styled-jsx': [ '5.1.6' ],
2819 silly audit   'deep-is': [ '0.1.4' ],
2819 silly audit   'fast-levenshtein': [ '2.0.6' ],
2819 silly audit   'word-wrap': [ '1.2.5' ],
2819 silly audit   'p-limit': [ '3.1.0', '2.3.0' ],
2819 silly audit   'yocto-queue': [ '0.1.0' ],
2819 silly audit   callsites: [ '3.1.0' ],
2819 silly audit   'source-map-js': [ '1.2.1' ],
2819 silly audit   'loose-envify': [ '1.4.0' ],
2819 silly audit   'object-assign': [ '4.1.1' ],
2819 silly audit   'react-is': [ '16.13.1', '18.3.1' ],
2819 silly audit   'js-tokens': [ '4.0.0' ],
2819 silly audit   dijkstrajs: [ '1.0.3' ],
2819 silly audit   pngjs: [ '5.0.0' ],
2819 silly audit   yargs: [ '15.4.1' ],
2819 silly audit   scheduler: [ '0.28.0' ],
2819 silly audit   clsx: [ '2.1.1' ],
2819 silly audit   eventemitter3: [ '4.0.7' ],
2819 silly audit   lodash: [ '4.18.1' ],
2819 silly audit   'react-smooth': [ '4.0.4' ],
2819 silly audit   'recharts-scale': [ '0.4.5' ],
2819 silly audit   'tiny-invariant': [ '1.3.3' ],
2819 silly audit   'victory-vendor': [ '36.9.2' ],
2819 silly audit   'fast-equals': [ '5.4.3' ],
2819 silly audit   'react-transition-group': [ '4.4.5' ],
2819 silly audit   '@babel/runtime': [ '7.29.7' ],
2819 silly audit   'dom-helpers': [ '5.2.1' ],
2819 silly audit   'decimal.js-light': [ '2.5.1' ],
2819 silly audit   'node-exports-info': [ '1.6.2' ],
2819 silly audit   'path-parse': [ '1.0.7' ],
2819 silly audit   'supports-preserve-symlinks-flag': [ '1.0.0' ],
2819 silly audit   glob: [ '7.2.3' ],
2819 silly audit   'fs.realpath': [ '1.0.0' ],
2819 silly audit   inflight: [ '1.0.6' ],
2819 silly audit   inherits: [ '2.0.4' ],
2819 silly audit   once: [ '1.4.0' ],
2819 silly audit   'path-is-absolute': [ '1.0.1' ],
2819 silly audit   wrappy: [ '1.0.2' ],
2819 silly audit   'queue-microtask': [ '1.2.3' ],
2819 silly audit   isarray: [ '2.0.5' ],
2819 silly audit   '@img/colour': [ '1.1.0' ],
2819 silly audit   '@img/sharp-darwin-arm64': [ '0.35.5' ],
2819 silly audit   '@img/sharp-darwin-x64': [ '0.35.5' ],
2819 silly audit   '@img/sharp-freebsd-wasm32': [ '0.35.5' ],
2819 silly audit   '@img/sharp-libvips-darwin-arm64': [ '1.3.4' ],
2819 silly audit   '@img/sharp-libvips-darwin-x64': [ '1.3.4' ],
2819 silly audit   '@img/sharp-libvips-linux-arm': [ '1.3.4' ],
2819 silly audit   '@img/sharp-libvips-linux-arm64': [ '1.3.4' ],
2819 silly audit   '@img/sharp-libvips-linux-ppc64': [ '1.3.4' ],
2819 silly audit   '@img/sharp-libvips-linux-riscv64': [ '1.3.4' ],
2819 silly audit   '@img/sharp-libvips-linux-s390x': [ '1.3.4' ],
2819 silly audit   '@img/sharp-libvips-linux-x64': [ '1.3.4' ],
2819 silly audit   '@img/sharp-libvips-linuxmusl-arm64': [ '1.3.4' ],
2819 silly audit   '@img/sharp-libvips-linuxmusl-x64': [ '1.3.4' ],
2819 silly audit   '@img/sharp-linux-arm': [ '0.35.5' ],
2819 silly audit   '@img/sharp-linux-arm64': [ '0.35.5' ],
2819 silly audit   '@img/sharp-linux-ppc64': [ '0.35.5' ],
2819 silly audit   '@img/sharp-linux-riscv64': [ '0.35.5' ],
2819 silly audit   '@img/sharp-linux-s390x': [ '0.35.5' ],
2819 silly audit   '@img/sharp-linux-x64': [ '0.35.5' ],
2819 silly audit   '@img/sharp-linuxmusl-arm64': [ '0.35.5' ],
2819 silly audit   '@img/sharp-linuxmusl-x64': [ '0.35.5' ],
2819 silly audit   '@img/sharp-webcontainers-wasm32': [ '0.35.5' ],
2819 silly audit   '@img/sharp-win32-arm64': [ '0.35.5' ],
2819 silly audit   '@img/sharp-win32-ia32': [ '0.35.5' ],
2819 silly audit   '@img/sharp-win32-x64': [ '0.35.5' ],
2819 silly audit   'detect-libc': [ '2.1.2' ],
2819 silly audit   '@img/sharp-wasm32': [ '0.35.5' ],
2819 silly audit   '@emnapi/runtime': [ '1.11.3', '1.10.0' ],
2819 silly audit   'shebang-regex': [ '3.0.0' ],
2819 silly audit   'side-channel-list': [ '1.0.1' ],
2819 silly audit   'side-channel-map': [ '1.0.1' ],
2819 silly audit   'side-channel-weakmap': [ '1.0.2' ],
2819 silly audit   'ansi-regex': [ '5.0.1' ],
2819 silly audit   'client-only': [ '0.0.1' ],
2819 silly audit   'has-flag': [ '4.0.0' ],
2819 silly audit   '@alloc/quick-lru': [ '5.3.0' ],
2819 silly audit   arg: [ '5.0.2' ],
2819 silly audit   chokidar: [ '3.6.0' ],
2819 silly audit   didyoumean: [ '1.2.2' ],
2819 silly audit   dlv: [ '1.1.3' ],
2819 silly audit   jiti: [ '1.21.7' ],
2819 silly audit   lilconfig: [ '3.1.3' ],
2819 silly audit   'normalize-path': [ '3.0.0' ],
2819 silly audit   'object-hash': [ '3.0.0' ],
2819 silly audit   'postcss-import': [ '15.1.0' ],
2819 silly audit   'postcss-js': [ '4.1.0' ],
2819 silly audit   'postcss-load-config': [ '6.0.1' ],
2819 silly audit   'postcss-nested': [ '6.2.0' ],
2819 silly audit   'postcss-selector-parser': [ '6.1.4' ],
2819 silly audit   sucrase: [ '3.35.1' ],
2819 silly audit   anymatch: [ '3.1.3' ],
2819 silly audit   fsevents: [ '2.3.3' ],
2819 silly audit   'is-binary-path': [ '2.1.0' ],
2819 silly audit   readdirp: [ '3.6.0' ],
2819 silly audit   'binary-extensions': [ '2.3.0' ],
2819 silly audit   'read-cache': [ '1.0.2' ],
2819 silly audit   'camelcase-css': [ '2.0.1' ],
2819 silly audit   cssesc: [ '3.0.0' ],
2819 silly audit   'util-deprecate': [ '1.0.2' ],
2819 silly audit   '@jridgewell/gen-mapping': [ '0.3.13' ],
2819 silly audit   commander: [ '4.1.1' ],
2819 silly audit   'lines-and-columns': [ '1.2.4' ],
2819 silly audit   mz: [ '2.7.0' ],
2819 silly audit   pirates: [ '4.0.7' ],
2819 silly audit   'ts-interface-checker': [ '0.1.13' ],
2819 silly audit   '@jridgewell/sourcemap-codec': [ '1.6.0' ],
2819 silly audit   '@jridgewell/trace-mapping': [ '0.3.31' ],
2819 silly audit   '@jridgewell/resolve-uri': [ '3.1.2' ],
2819 silly audit   'any-promise': [ '1.3.0' ],
2819 silly audit   'thenify-all': [ '1.6.0' ],
2819 silly audit   thenify: [ '3.3.1' ],
2819 silly audit   fdir: [ '6.5.0' ],
2819 silly audit   'is-number': [ '7.0.0' ],
2819 silly audit   '@types/json5': [ '0.0.29' ],
2819 silly audit   json5: [ '1.0.2' ],
2819 silly audit   minimist: [ '1.2.8' ],
2819 silly audit   'strip-bom': [ '3.0.0' ],
2819 silly audit   'for-each': [ '0.3.5' ],
2819 silly audit   'reflect.getprototypeof': [ '1.0.10' ],
2819 silly audit   'which-builtin-type': [ '1.2.1' ],
2819 silly audit   'has-bigints': [ '1.1.0' ],
2819 silly audit   'which-boxed-primitive': [ '1.1.1' ],
2819 silly audit   '@unrs/resolver-binding-android-arm-eabi': [ '1.12.2' ],
2819 silly audit   '@unrs/resolver-binding-android-arm64': [ '1.12.2' ],
2819 silly audit   '@unrs/resolver-binding-darwin-arm64': [ '1.12.2' ],
2819 silly audit   '@unrs/resolver-binding-darwin-x64': [ '1.12.2' ],
2819 silly audit   '@unrs/resolver-binding-freebsd-x64': [ '1.12.2' ],
2819 silly audit   '@unrs/resolver-binding-linux-arm-gnueabihf': [ '1.12.2' ],
2819 silly audit   '@unrs/resolver-binding-linux-arm-musleabihf': [ '1.12.2' ],
2819 silly audit   '@unrs/resolver-binding-linux-arm64-gnu': [ '1.12.2' ],
2819 silly audit   '@unrs/resolver-binding-linux-arm64-musl': [ '1.12.2' ],
2819 silly audit   '@unrs/resolver-binding-linux-loong64-gnu': [ '1.12.2' ],
2819 silly audit   '@unrs/resolver-binding-linux-loong64-musl': [ '1.12.2' ],
2819 silly audit   '@unrs/resolver-binding-linux-ppc64-gnu': [ '1.12.2' ],
2819 silly audit   '@unrs/resolver-binding-linux-riscv64-gnu': [ '1.12.2' ],
2819 silly audit   '@unrs/resolver-binding-linux-riscv64-musl': [ '1.12.2' ],
2819 silly audit   '@unrs/resolver-binding-linux-s390x-gnu': [ '1.12.2' ],
2819 silly audit   '@unrs/resolver-binding-linux-x64-gnu': [ '1.12.2' ],
2819 silly audit   '@unrs/resolver-binding-linux-x64-musl': [ '1.12.2' ],
2819 silly audit   '@unrs/resolver-binding-openharmony-arm64': [ '1.12.2' ],
2819 silly audit   '@unrs/resolver-binding-wasm32-wasi': [ '1.12.2' ],
2819 silly audit   '@unrs/resolver-binding-win32-arm64-msvc': [ '1.12.2' ],
2819 silly audit   '@unrs/resolver-binding-win32-ia32-msvc': [ '1.12.2' ],
2819 silly audit   '@unrs/resolver-binding-win32-x64-msvc': [ '1.12.2' ],
2819 silly audit   'napi-postinstall': [ '0.3.4' ],
2819 silly audit   '@emnapi/core': [ '1.10.0' ],
2819 silly audit   '@napi-rs/wasm-runtime': [ '1.2.4' ],
2819 silly audit   '@emnapi/wasi-threads': [ '1.2.1' ],
2819 silly audit   '@tybys/wasm-util': [ '0.10.4' ],
2819 silly audit   escalade: [ '3.2.0' ],
2819 silly audit   punycode: [ '2.3.1' ],
2819 silly audit   '@types/d3-array': [ '3.2.2' ],
2819 silly audit   '@types/d3-ease': [ '3.0.2' ],
2819 silly audit   '@types/d3-interpolate': [ '3.0.4' ],
2819 silly audit   '@types/d3-scale': [ '4.0.9' ],
2819 silly audit   '@types/d3-shape': [ '3.2.0' ],
2819 silly audit   '@types/d3-time': [ '3.0.4' ],
2819 silly audit   '@types/d3-timer': [ '3.0.2' ],
2819 silly audit   'd3-array': [ '3.2.4' ],
2819 silly audit   'd3-ease': [ '3.0.1' ],
2819 silly audit   'd3-interpolate': [ '3.0.1' ],
2819 silly audit   'd3-scale': [ '4.0.2' ],
2819 silly audit   'd3-shape': [ '3.2.0' ],
2819 silly audit   'd3-time': [ '3.1.0' ],
2819 silly audit   'd3-timer': [ '3.0.1' ],
2819 silly audit   '@types/d3-color': [ '3.1.3' ],
2819 silly audit   '@types/d3-path': [ '3.1.1' ],
2819 silly audit   internmap: [ '2.0.3' ],
2819 silly audit   'd3-color': [ '3.1.0' ],
2819 silly audit   'd3-format': [ '3.1.2' ],
2819 silly audit   'd3-time-format': [ '4.1.0' ],
2819 silly audit   'd3-path': [ '3.1.0' ],
2819 silly audit   isexe: [ '2.0.0' ],
2819 silly audit   'is-bigint': [ '1.1.0' ],
2819 silly audit   'is-boolean-object': [ '1.2.2' ],
2819 silly audit   'is-number-object': [ '1.1.1' ],
2819 silly audit   'is-async-function': [ '2.1.1' ],
2819 silly audit   'is-finalizationregistry': [ '1.1.1' ],
2819 silly audit   'is-generator-function': [ '1.1.2' ],
2819 silly audit   'which-collection': [ '1.0.2' ],
2819 silly audit   'async-function': [ '1.0.0' ],
2819 silly audit   'generator-function': [ '2.0.1' ],
2819 silly audit   'is-map': [ '2.0.3' ],
2819 silly audit   'is-weakmap': [ '2.0.2' ],
2819 silly audit   'is-weakset': [ '2.0.4' ],
2819 silly audit   cliui: [ '6.0.0' ],
2819 silly audit   decamelize: [ '1.2.0' ],
2819 silly audit   'get-caller-file': [ '2.0.5' ],
2819 silly audit   'require-directory': [ '2.1.1' ],
2819 silly audit   'require-main-filename': [ '2.0.0' ],
2819 silly audit   'set-blocking': [ '2.0.0' ],
2819 silly audit   'string-width': [ '4.2.3' ],
2819 silly audit   'which-module': [ '2.0.1' ],
2819 silly audit   y18n: [ '4.0.3' ],
2819 silly audit   'yargs-parser': [ '18.1.3' ],
2819 silly audit   'wrap-ansi': [ '6.2.0' ],
2819 silly audit   'is-fullwidth-code-point': [ '3.0.0' ],
2819 silly audit   camelcase: [ '5.3.1' ],
2819 silly audit   'p-try': [ '2.2.0' ]
2819 silly audit }
2820 http cache p-try@https://registry.npmjs.org/p-try/-/p-try-2.2.0.tgz 0ms (cache hit)
2821 http cache camelcase@https://registry.npmjs.org/camelcase/-/camelcase-5.3.1.tgz 0ms (cache hit)
2822 http cache is-fullwidth-code-point@https://registry.npmjs.org/is-fullwidth-code-point/-/is-fullwidth-code-point-3.0.0.tgz 0ms (cache hit)
2823 http cache wrap-ansi@https://registry.npmjs.org/wrap-ansi/-/wrap-ansi-6.2.0.tgz 0ms (cache hit)
2824 http cache yargs-parser@https://registry.npmjs.org/yargs-parser/-/yargs-parser-18.1.3.tgz 0ms (cache hit)
2825 http cache string-width@https://registry.npmjs.org/string-width/-/string-width-4.2.3.tgz 0ms (cache hit)
2826 http cache y18n@https://registry.npmjs.org/y18n/-/y18n-4.0.3.tgz 0ms (cache hit)
2827 http cache which-module@https://registry.npmjs.org/which-module/-/which-module-2.0.1.tgz 0ms (cache hit)
2828 http cache set-blocking@https://registry.npmjs.org/set-blocking/-/set-blocking-2.0.0.tgz 0ms (cache hit)
2829 http cache require-directory@https://registry.npmjs.org/require-directory/-/require-directory-2.1.1.tgz 0ms (cache hit)
2830 http cache get-caller-file@https://registry.npmjs.org/get-caller-file/-/get-caller-file-2.0.5.tgz 0ms (cache hit)
2831 http cache require-main-filename@https://registry.npmjs.org/require-main-filename/-/require-main-filename-2.0.0.tgz 0ms (cache hit)
2832 http cache decamelize@https://registry.npmjs.org/decamelize/-/decamelize-1.2.0.tgz 0ms (cache hit)
2833 http cache cliui@https://registry.npmjs.org/cliui/-/cliui-6.0.0.tgz 0ms (cache hit)
2834 http cache is-weakset@https://registry.npmjs.org/is-weakset/-/is-weakset-2.0.4.tgz 0ms (cache hit)
2835 http cache is-weakmap@https://registry.npmjs.org/is-weakmap/-/is-weakmap-2.0.2.tgz 0ms (cache hit)
2836 http cache async-function@https://registry.npmjs.org/async-function/-/async-function-1.0.0.tgz 0ms (cache hit)
2837 http cache generator-function@https://registry.npmjs.org/generator-function/-/generator-function-2.0.1.tgz 0ms (cache hit)
2838 http cache which-collection@https://registry.npmjs.org/which-collection/-/which-collection-1.0.2.tgz 0ms (cache hit)
2839 http cache is-finalizationregistry@https://registry.npmjs.org/is-finalizationregistry/-/is-finalizationregistry-1.1.1.tgz 0ms (cache hit)
2840 http cache is-generator-function@https://registry.npmjs.org/is-generator-function/-/is-generator-function-1.1.2.tgz 0ms (cache hit)
2841 http cache is-map@https://registry.npmjs.org/is-map/-/is-map-2.0.3.tgz 0ms (cache hit)
2842 http cache is-number-object@https://registry.npmjs.org/is-number-object/-/is-number-object-1.1.1.tgz 0ms (cache hit)
2843 http cache is-async-function@https://registry.npmjs.org/is-async-function/-/is-async-function-2.1.1.tgz 0ms (cache hit)
2844 http cache is-boolean-object@https://registry.npmjs.org/is-boolean-object/-/is-boolean-object-1.2.2.tgz 0ms (cache hit)
2845 http cache isexe@https://registry.npmjs.org/isexe/-/isexe-2.0.0.tgz 0ms (cache hit)
2846 http cache is-bigint@https://registry.npmjs.org/is-bigint/-/is-bigint-1.1.0.tgz 0ms (cache hit)
2847 http cache d3-path@https://registry.npmjs.org/d3-path/-/d3-path-3.1.0.tgz 0ms (cache hit)
2848 http cache @types/d3-path@https://registry.npmjs.org/@types/d3-path/-/d3-path-3.1.1.tgz 0ms (cache hit)
2849 http cache d3-time-format@https://registry.npmjs.org/d3-time-format/-/d3-time-format-4.1.0.tgz 0ms (cache hit)
2850 http cache @types/d3-color@https://registry.npmjs.org/@types/d3-color/-/d3-color-3.1.3.tgz 0ms (cache hit)
2851 http cache d3-format@https://registry.npmjs.org/d3-format/-/d3-format-3.1.2.tgz 0ms (cache hit)
2852 http cache internmap@https://registry.npmjs.org/internmap/-/internmap-2.0.3.tgz 1ms (cache hit)
2853 http cache d3-color@https://registry.npmjs.org/d3-color/-/d3-color-3.1.0.tgz 0ms (cache hit)
2854 http cache d3-timer@https://registry.npmjs.org/d3-timer/-/d3-timer-3.0.1.tgz 0ms (cache hit)
2855 http cache d3-time@https://registry.npmjs.org/d3-time/-/d3-time-3.1.0.tgz 0ms (cache hit)
2856 http cache d3-scale@https://registry.npmjs.org/d3-scale/-/d3-scale-4.0.2.tgz 0ms (cache hit)
2857 http cache d3-shape@https://registry.npmjs.org/d3-shape/-/d3-shape-3.2.0.tgz 0ms (cache hit)
2858 http cache d3-array@https://registry.npmjs.org/d3-array/-/d3-array-3.2.4.tgz 0ms (cache hit)
2859 http cache d3-interpolate@https://registry.npmjs.org/d3-interpolate/-/d3-interpolate-3.0.1.tgz 0ms (cache hit)
2860 http cache d3-ease@https://registry.npmjs.org/d3-ease/-/d3-ease-3.0.1.tgz 0ms (cache hit)
2861 http cache @types/d3-time@https://registry.npmjs.org/@types/d3-time/-/d3-time-3.0.4.tgz 0ms (cache hit)
2862 http cache @types/d3-timer@https://registry.npmjs.org/@types/d3-timer/-/d3-timer-3.0.2.tgz 0ms (cache hit)
2863 http cache @types/d3-shape@https://registry.npmjs.org/@types/d3-shape/-/d3-shape-3.2.0.tgz 0ms (cache hit)
2864 http cache @types/d3-interpolate@https://registry.npmjs.org/@types/d3-interpolate/-/d3-interpolate-3.0.4.tgz 0ms (cache hit)
2865 http cache @types/d3-scale@https://registry.npmjs.org/@types/d3-scale/-/d3-scale-4.0.9.tgz 0ms (cache hit)
2866 http cache punycode@https://registry.npmjs.org/punycode/-/punycode-2.3.1.tgz 0ms (cache hit)
2867 http cache @types/d3-ease@https://registry.npmjs.org/@types/d3-ease/-/d3-ease-3.0.2.tgz 0ms (cache hit)
2868 http cache @types/d3-array@https://registry.npmjs.org/@types/d3-array/-/d3-array-3.2.2.tgz 0ms (cache hit)
2869 http cache @unrs/resolver-binding-win32-x64-msvc@https://registry.npmjs.org/@unrs/resolver-binding-win32-x64-msvc/-/resolver-binding-win32-x64-msvc-1.12.2.tgz 0ms (cache hit)
2870 http cache escalade@https://registry.npmjs.org/escalade/-/escalade-3.2.0.tgz 0ms (cache hit)
2871 http cache napi-postinstall@https://registry.npmjs.org/napi-postinstall/-/napi-postinstall-0.3.4.tgz 0ms (cache hit)
2872 http cache which-boxed-primitive@https://registry.npmjs.org/which-boxed-primitive/-/which-boxed-primitive-1.1.1.tgz 0ms (cache hit)
2873 http cache has-bigints@https://registry.npmjs.org/has-bigints/-/has-bigints-1.1.0.tgz 0ms (cache hit)
2874 http cache which-builtin-type@https://registry.npmjs.org/which-builtin-type/-/which-builtin-type-1.2.1.tgz 0ms (cache hit)
2875 http cache reflect.getprototypeof@https://registry.npmjs.org/reflect.getprototypeof/-/reflect.getprototypeof-1.0.10.tgz 0ms (cache hit)
2876 http cache strip-bom@https://registry.npmjs.org/strip-bom/-/strip-bom-3.0.0.tgz 0ms (cache hit)
2877 http cache for-each@https://registry.npmjs.org/for-each/-/for-each-0.3.5.tgz 0ms (cache hit)
2878 http cache @types/json5@https://registry.npmjs.org/@types/json5/-/json5-0.0.29.tgz 0ms (cache hit)
2879 http cache minimist@https://registry.npmjs.org/minimist/-/minimist-1.2.8.tgz 0ms (cache hit)
2880 http cache json5@https://registry.npmjs.org/json5/-/json5-1.0.2.tgz 0ms (cache hit)
2881 http cache thenify@https://registry.npmjs.org/thenify/-/thenify-3.3.1.tgz 0ms (cache hit)
2882 http cache is-number@https://registry.npmjs.org/is-number/-/is-number-7.0.0.tgz 0ms (cache hit)
2883 http cache thenify-all@https://registry.npmjs.org/thenify-all/-/thenify-all-1.6.0.tgz 0ms (cache hit)
2884 http cache pirates@https://registry.npmjs.org/pirates/-/pirates-4.0.7.tgz 0ms (cache hit)
2885 http cache @jridgewell/trace-mapping@https://registry.npmjs.org/@jridgewell/trace-mapping/-/trace-mapping-0.3.31.tgz 0ms (cache hit)
2886 http cache @jridgewell/sourcemap-codec@https://registry.npmjs.org/@jridgewell/sourcemap-codec/-/sourcemap-codec-1.6.0.tgz 0ms (cache hit)
2887 http cache any-promise@https://registry.npmjs.org/any-promise/-/any-promise-1.3.0.tgz 0ms (cache hit)
2888 http cache @jridgewell/resolve-uri@https://registry.npmjs.org/@jridgewell/resolve-uri/-/resolve-uri-3.1.2.tgz 0ms (cache hit)
2889 http cache ts-interface-checker@https://registry.npmjs.org/ts-interface-checker/-/ts-interface-checker-0.1.13.tgz 0ms (cache hit)
2890 http cache @jridgewell/gen-mapping@https://registry.npmjs.org/@jridgewell/gen-mapping/-/gen-mapping-0.3.13.tgz 0ms (cache hit)
2891 http cache mz@https://registry.npmjs.org/mz/-/mz-2.7.0.tgz 0ms (cache hit)
2892 http cache lines-and-columns@https://registry.npmjs.org/lines-and-columns/-/lines-and-columns-1.2.4.tgz 0ms (cache hit)
2893 http cache commander@https://registry.npmjs.org/commander/-/commander-4.1.1.tgz 0ms (cache hit)
2894 http cache util-deprecate@https://registry.npmjs.org/util-deprecate/-/util-deprecate-1.0.2.tgz 0ms (cache hit)
2895 http cache cssesc@https://registry.npmjs.org/cssesc/-/cssesc-3.0.0.tgz 0ms (cache hit)
2896 http cache camelcase-css@https://registry.npmjs.org/camelcase-css/-/camelcase-css-2.0.1.tgz 0ms (cache hit)
2897 http cache read-cache@https://registry.npmjs.org/read-cache/-/read-cache-1.0.2.tgz 0ms (cache hit)
2898 http cache binary-extensions@https://registry.npmjs.org/binary-extensions/-/binary-extensions-2.3.0.tgz 0ms (cache hit)
2899 http cache is-binary-path@https://registry.npmjs.org/is-binary-path/-/is-binary-path-2.1.0.tgz 0ms (cache hit)
2900 http cache anymatch@https://registry.npmjs.org/anymatch/-/anymatch-3.1.3.tgz 0ms (cache hit)
2901 http cache readdirp@https://registry.npmjs.org/readdirp/-/readdirp-3.6.0.tgz 0ms (cache hit)
2902 http cache sucrase@https://registry.npmjs.org/sucrase/-/sucrase-3.35.1.tgz 0ms (cache hit)
2903 http cache postcss-selector-parser@https://registry.npmjs.org/postcss-selector-parser/-/postcss-selector-parser-6.1.4.tgz 0ms (cache hit)
2904 http cache postcss-load-config@https://registry.npmjs.org/postcss-load-config/-/postcss-load-config-6.0.1.tgz 0ms (cache hit)
2905 http cache postcss-nested@https://registry.npmjs.org/postcss-nested/-/postcss-nested-6.2.0.tgz 0ms (cache hit)
2906 http cache postcss-js@https://registry.npmjs.org/postcss-js/-/postcss-js-4.1.0.tgz 0ms (cache hit)
2907 http cache postcss-import@https://registry.npmjs.org/postcss-import/-/postcss-import-15.1.0.tgz 0ms (cache hit)
2908 http cache object-hash@https://registry.npmjs.org/object-hash/-/object-hash-3.0.0.tgz 0ms (cache hit)
2909 http cache normalize-path@https://registry.npmjs.org/normalize-path/-/normalize-path-3.0.0.tgz 0ms (cache hit)
2910 http cache lilconfig@https://registry.npmjs.org/lilconfig/-/lilconfig-3.1.3.tgz 0ms (cache hit)
2911 http cache jiti@https://registry.npmjs.org/jiti/-/jiti-1.21.7.tgz 0ms (cache hit)
2912 http cache didyoumean@https://registry.npmjs.org/didyoumean/-/didyoumean-1.2.2.tgz 0ms (cache hit)
2913 http cache dlv@https://registry.npmjs.org/dlv/-/dlv-1.1.3.tgz 0ms (cache hit)
2914 http cache @alloc/quick-lru@https://registry.npmjs.org/@alloc/quick-lru/-/quick-lru-5.3.0.tgz 0ms (cache hit)
2915 http cache chokidar@https://registry.npmjs.org/chokidar/-/chokidar-3.6.0.tgz 0ms (cache hit)
2916 http cache arg@https://registry.npmjs.org/arg/-/arg-5.0.2.tgz 0ms (cache hit)
2917 http cache has-flag@https://registry.npmjs.org/has-flag/-/has-flag-4.0.0.tgz 1ms (cache hit)
2918 http cache ansi-regex@https://registry.npmjs.org/ansi-regex/-/ansi-regex-5.0.1.tgz 0ms (cache hit)
2919 http cache side-channel-map@https://registry.npmjs.org/side-channel-map/-/side-channel-map-1.0.1.tgz 0ms (cache hit)
2920 http cache side-channel-weakmap@https://registry.npmjs.org/side-channel-weakmap/-/side-channel-weakmap-1.0.2.tgz 0ms (cache hit)
2921 http cache client-only@https://registry.npmjs.org/client-only/-/client-only-0.0.1.tgz 0ms (cache hit)
2922 http cache side-channel-list@https://registry.npmjs.org/side-channel-list/-/side-channel-list-1.0.1.tgz 0ms (cache hit)
2923 http cache @img/sharp-win32-x64@https://registry.npmjs.org/@img/sharp-win32-x64/-/sharp-win32-x64-0.35.5.tgz 0ms (cache hit)
2924 http cache @img/colour@https://registry.npmjs.org/@img/colour/-/colour-1.1.0.tgz 0ms (cache hit)
2925 http cache shebang-regex@https://registry.npmjs.org/shebang-regex/-/shebang-regex-3.0.0.tgz 0ms (cache hit)
2926 http cache detect-libc@https://registry.npmjs.org/detect-libc/-/detect-libc-2.1.2.tgz 0ms (cache hit)
2927 http cache isarray@https://registry.npmjs.org/isarray/-/isarray-2.0.5.tgz 0ms (cache hit)
2928 http cache wrappy@https://registry.npmjs.org/wrappy/-/wrappy-1.0.2.tgz 0ms (cache hit)
2929 http cache queue-microtask@https://registry.npmjs.org/queue-microtask/-/queue-microtask-1.2.3.tgz 0ms (cache hit)
2930 http cache path-is-absolute@https://registry.npmjs.org/path-is-absolute/-/path-is-absolute-1.0.1.tgz 0ms (cache hit)
2931 http cache once@https://registry.npmjs.org/once/-/once-1.4.0.tgz 0ms (cache hit)
2932 http cache inherits@https://registry.npmjs.org/inherits/-/inherits-2.0.4.tgz 0ms (cache hit)
2933 http cache inflight@https://registry.npmjs.org/inflight/-/inflight-1.0.6.tgz 0ms (cache hit)
2934 http cache fs.realpath@https://registry.npmjs.org/fs.realpath/-/fs.realpath-1.0.0.tgz 0ms (cache hit)
2935 http cache supports-preserve-symlinks-flag@https://registry.npmjs.org/supports-preserve-symlinks-flag/-/supports-preserve-symlinks-flag-1.0.0.tgz 0ms (cache hit)
2936 http cache path-parse@https://registry.npmjs.org/path-parse/-/path-parse-1.0.7.tgz 0ms (cache hit)
2937 http cache glob@https://registry.npmjs.org/glob/-/glob-7.2.3.tgz 0ms (cache hit)
2938 http cache node-exports-info@https://registry.npmjs.org/node-exports-info/-/node-exports-info-1.6.2.tgz 0ms (cache hit)
2939 http cache decimal.js-light@https://registry.npmjs.org/decimal.js-light/-/decimal.js-light-2.5.1.tgz 0ms (cache hit)
2940 http cache @babel/runtime@https://registry.npmjs.org/@babel/runtime/-/runtime-7.29.7.tgz 0ms (cache hit)
2941 http cache react-transition-group@https://registry.npmjs.org/react-transition-group/-/react-transition-group-4.4.5.tgz 0ms (cache hit)
2942 http cache fast-equals@https://registry.npmjs.org/fast-equals/-/fast-equals-5.4.3.tgz 0ms (cache hit)
2943 http cache victory-vendor@https://registry.npmjs.org/victory-vendor/-/victory-vendor-36.9.2.tgz 0ms (cache hit)
2944 http cache dom-helpers@https://registry.npmjs.org/dom-helpers/-/dom-helpers-5.2.1.tgz 0ms (cache hit)
2945 http cache tiny-invariant@https://registry.npmjs.org/tiny-invariant/-/tiny-invariant-1.3.3.tgz 0ms (cache hit)
2946 http cache recharts-scale@https://registry.npmjs.org/recharts-scale/-/recharts-scale-0.4.5.tgz 0ms (cache hit)
2947 http cache react-smooth@https://registry.npmjs.org/react-smooth/-/react-smooth-4.0.4.tgz 0ms (cache hit)
2948 http cache eventemitter3@https://registry.npmjs.org/eventemitter3/-/eventemitter3-4.0.7.tgz 0ms (cache hit)
2949 http cache lodash@https://registry.npmjs.org/lodash/-/lodash-4.18.1.tgz 0ms (cache hit)
2950 http cache clsx@https://registry.npmjs.org/clsx/-/clsx-2.1.1.tgz 0ms (cache hit)
2951 http cache scheduler@https://registry.npmjs.org/scheduler/-/scheduler-0.28.0.tgz 0ms (cache hit)
2952 http cache yargs@https://registry.npmjs.org/yargs/-/yargs-15.4.1.tgz 0ms (cache hit)
2953 http cache dijkstrajs@https://registry.npmjs.org/dijkstrajs/-/dijkstrajs-1.0.3.tgz 0ms (cache hit)
2954 http cache pngjs@https://registry.npmjs.org/pngjs/-/pngjs-5.0.0.tgz 0ms (cache hit)
2955 http cache js-tokens@https://registry.npmjs.org/js-tokens/-/js-tokens-4.0.0.tgz 0ms (cache hit)
2956 http cache loose-envify@https://registry.npmjs.org/loose-envify/-/loose-envify-1.4.0.tgz 1ms (cache hit)
2957 http cache object-assign@https://registry.npmjs.org/object-assign/-/object-assign-4.1.1.tgz 0ms (cache hit)
2958 http cache source-map-js@https://registry.npmjs.org/source-map-js/-/source-map-js-1.2.1.tgz 0ms (cache hit)
2959 http cache react-is@https://registry.npmjs.org/react-is/-/react-is-16.13.1.tgz 0ms (cache hit)
2960 http cache callsites@https://registry.npmjs.org/callsites/-/callsites-3.1.0.tgz 0ms (cache hit)
2961 http cache yocto-queue@https://registry.npmjs.org/yocto-queue/-/yocto-queue-0.1.0.tgz 0ms (cache hit)
2962 http cache word-wrap@https://registry.npmjs.org/word-wrap/-/word-wrap-1.2.5.tgz 0ms (cache hit)
2963 http cache deep-is@https://registry.npmjs.org/deep-is/-/deep-is-0.1.4.tgz 0ms (cache hit)
2964 http cache fast-levenshtein@https://registry.npmjs.org/fast-levenshtein/-/fast-levenshtein-2.0.6.tgz 0ms (cache hit)
2965 http cache p-limit@https://registry.npmjs.org/p-limit/-/p-limit-3.1.0.tgz 0ms (cache hit)
2966 http cache @swc/helpers@https://registry.npmjs.org/@swc/helpers/-/helpers-0.5.15.tgz 0ms (cache hit)
2967 http cache @next/swc-win32-x64-msvc@https://registry.npmjs.org/@next/swc-win32-x64-msvc/-/swc-win32-x64-msvc-15.5.26.tgz 0ms (cache hit)
2968 http cache sharp@https://registry.npmjs.org/sharp/-/sharp-0.35.5.tgz 0ms (cache hit)
2969 http cache styled-jsx@https://registry.npmjs.org/styled-jsx/-/styled-jsx-5.1.6.tgz 0ms (cache hit)
2970 http cache @next/env@https://registry.npmjs.org/@next/env/-/env-15.5.26.tgz 0ms (cache hit)
2971 http cache concat-map@https://registry.npmjs.org/concat-map/-/concat-map-0.0.1.tgz 0ms (cache hit)
2972 http cache balanced-match@https://registry.npmjs.org/balanced-match/-/balanced-match-1.0.2.tgz 0ms (cache hit)
2973 http cache fill-range@https://registry.npmjs.org/fill-range/-/fill-range-7.1.1.tgz 0ms (cache hit)
2974 http cache to-regex-range@https://registry.npmjs.org/to-regex-range/-/to-regex-range-5.0.1.tgz 0ms (cache hit)
2975 http cache brace-expansion@https://registry.npmjs.org/brace-expansion/-/brace-expansion-1.1.21.tgz 0ms (cache hit)
2976 http cache braces@https://registry.npmjs.org/braces/-/braces-3.0.3.tgz 0ms (cache hit)
2977 http cache picomatch@https://registry.npmjs.org/picomatch/-/picomatch-2.3.2.tgz 0ms (cache hit)
2978 http cache p-locate@https://registry.npmjs.org/p-locate/-/p-locate-5.0.0.tgz 0ms (cache hit)
2979 http cache prelude-ls@https://registry.npmjs.org/prelude-ls/-/prelude-ls-1.2.1.tgz 0ms (cache hit)
2980 http cache type-check@https://registry.npmjs.org/type-check/-/type-check-0.4.0.tgz 0ms (cache hit)
2981 http cache language-subtag-registry@https://registry.npmjs.org/language-subtag-registry/-/language-subtag-registry-0.3.23.tgz 0ms (cache hit)
2982 http cache argparse@https://registry.npmjs.org/argparse/-/argparse-2.0.1.tgz 0ms (cache hit)
2983 http cache json-buffer@https://registry.npmjs.org/json-buffer/-/json-buffer-3.0.1.tgz 0ms (cache hit)
2984 http cache set-function-name@https://registry.npmjs.org/set-function-name/-/set-function-name-2.0.2.tgz 0ms (cache hit)
2985 http cache side-channel@https://registry.npmjs.org/side-channel/-/side-channel-1.1.1.tgz 0ms (cache hit)
2986 http cache is-extglob@https://registry.npmjs.org/is-extglob/-/is-extglob-2.1.1.tgz 0ms (cache hit)
2987 http cache type-fest@https://registry.npmjs.org/type-fest/-/type-fest-0.20.2.tgz 0ms (cache hit)
2988 http cache resolve-from@https://registry.npmjs.org/resolve-from/-/resolve-from-4.0.0.tgz 0ms (cache hit)
2989 http cache parent-module@https://registry.npmjs.org/parent-module/-/parent-module-1.0.1.tgz 1ms (cache hit)
2990 http cache resolve-pkg-maps@https://registry.npmjs.org/resolve-pkg-maps/-/resolve-pkg-maps-1.0.0.tgz 0ms (cache hit)
2991 http cache is-document.all@https://registry.npmjs.org/is-document.all/-/is-document.all-1.0.0.tgz 0ms (cache hit)
2992 http cache dunder-proto@https://registry.npmjs.org/dunder-proto/-/dunder-proto-1.0.1.tgz 0ms (cache hit)
2993 http cache rimraf@https://registry.npmjs.org/rimraf/-/rimraf-3.0.2.tgz 0ms (cache hit)
2994 http cache functions-have-names@https://registry.npmjs.org/functions-have-names/-/functions-have-names-1.2.3.tgz 0ms (cache hit)
2995 http cache path-exists@https://registry.npmjs.org/path-exists/-/path-exists-4.0.0.tgz 0ms (cache hit)
2996 http cache flatted@https://registry.npmjs.org/flatted/-/flatted-3.4.4.tgz 0ms (cache hit)
2997 http cache flat-cache@https://registry.npmjs.org/flat-cache/-/flat-cache-3.2.0.tgz 0ms (cache hit)
2998 http cache keyv@https://registry.npmjs.org/keyv/-/keyv-4.5.4.tgz 0ms (cache hit)
2999 http cache locate-path@https://registry.npmjs.org/locate-path/-/locate-path-6.0.0.tgz 0ms (cache hit)
3000 http cache micromatch@https://registry.npmjs.org/micromatch/-/micromatch-4.0.8.tgz 0ms (cache hit)
3001 http cache reusify@https://registry.npmjs.org/reusify/-/reusify-1.1.0.tgz 0ms (cache hit)
3002 http cache merge2@https://registry.npmjs.org/merge2/-/merge2-1.4.1.tgz 0ms (cache hit)
3003 http cache acorn-jsx@https://registry.npmjs.org/acorn-jsx/-/acorn-jsx-5.3.2.tgz 0ms (cache hit)
3004 http cache acorn@https://registry.npmjs.org/acorn/-/acorn-8.18.0.tgz 0ms (cache hit)
3005 http cache prop-types@https://registry.npmjs.org/prop-types/-/prop-types-15.8.1.tgz 0ms (cache hit)
3006 http cache string.prototype.repeat@https://registry.npmjs.org/string.prototype.repeat/-/string.prototype.repeat-1.0.0.tgz 0ms (cache hit)
3007 http cache esrecurse@https://registry.npmjs.org/esrecurse/-/esrecurse-4.3.0.tgz 0ms (cache hit)
3008 http cache iterator.prototype@https://registry.npmjs.org/iterator.prototype/-/iterator.prototype-1.1.5.tgz 0ms (cache hit)
3009 http cache object.entries@https://registry.npmjs.org/object.entries/-/object.entries-1.1.9.tgz 0ms (cache hit)
3010 http cache string.prototype.matchall@https://registry.npmjs.org/string.prototype.matchall/-/string.prototype.matchall-4.1.0.tgz 0ms (cache hit)
3011 http cache estraverse@https://registry.npmjs.org/estraverse/-/estraverse-5.3.0.tgz 0ms (cache hit)
3012 http cache array.prototype.tosorted@https://registry.npmjs.org/array.prototype.tosorted/-/array.prototype.tosorted-1.1.4.tgz 0ms (cache hit)
3013 http cache es-iterator-helpers@https://registry.npmjs.org/es-iterator-helpers/-/es-iterator-helpers-1.4.0.tgz 0ms (cache hit)
3014 http cache array.prototype.findlast@https://registry.npmjs.org/array.prototype.findlast/-/array.prototype.findlast-1.2.5.tgz 0ms (cache hit)
3015 http cache language-tags@https://registry.npmjs.org/language-tags/-/language-tags-1.0.9.tgz 0ms (cache hit)
3016 http cache string.prototype.includes@https://registry.npmjs.org/string.prototype.includes/-/string.prototype.includes-2.0.1.tgz 0ms (cache hit)
3017 http cache jsx-ast-utils@https://registry.npmjs.org/jsx-ast-utils/-/jsx-ast-utils-3.3.5.tgz 0ms (cache hit)
3018 http cache emoji-regex@https://registry.npmjs.org/emoji-regex/-/emoji-regex-9.2.2.tgz 0ms (cache hit)
3019 http cache damerau-levenshtein@https://registry.npmjs.org/damerau-levenshtein/-/damerau-levenshtein-1.0.8.tgz 0ms (cache hit)
3020 http cache ast-types-flow@https://registry.npmjs.org/ast-types-flow/-/ast-types-flow-0.0.8.tgz 0ms (cache hit)
3021 http cache axobject-query@https://registry.npmjs.org/axobject-query/-/axobject-query-4.1.0.tgz 0ms (cache hit)
3022 http cache aria-query@https://registry.npmjs.org/aria-query/-/aria-query-5.3.2.tgz 0ms (cache hit)
3023 http cache axe-core@https://registry.npmjs.org/axe-core/-/axe-core-4.13.0.tgz 0ms (cache hit)
3024 http cache is-symbol@https://registry.npmjs.org/is-symbol/-/is-symbol-1.1.1.tgz 0ms (cache hit)
3025 http cache is-date-object@https://registry.npmjs.org/is-date-object/-/is-date-object-1.1.0.tgz 0ms (cache hit)
3026 http cache es-abstract-get@https://registry.npmjs.org/es-abstract-get/-/es-abstract-get-1.0.0.tgz 0ms (cache hit)
3027 http cache possible-typed-array-names@https://registry.npmjs.org/possible-typed-array-names/-/possible-typed-array-names-1.1.0.tgz 0ms (cache hit)
3028 http cache has-tostringtag@https://registry.npmjs.org/has-tostringtag/-/has-tostringtag-1.0.2.tgz 0ms (cache hit)
3029 http cache which-typed-array@https://registry.npmjs.org/which-typed-array/-/which-typed-array-1.1.24.tgz 0ms (cache hit)
3030 http cache unbox-primitive@https://registry.npmjs.org/unbox-primitive/-/unbox-primitive-1.1.0.tgz 0ms (cache hit)
3031 http cache typed-array-length@https://registry.npmjs.org/typed-array-length/-/typed-array-length-1.0.8.tgz 0ms (cache hit)
3032 http cache typed-array-byte-offset@https://registry.npmjs.org/typed-array-byte-offset/-/typed-array-byte-offset-1.0.5.tgz 0ms (cache hit)
3033 http cache typed-array-byte-length@https://registry.npmjs.org/typed-array-byte-length/-/typed-array-byte-length-1.0.3.tgz 0ms (cache hit)
3034 http cache string.prototype.trimstart@https://registry.npmjs.org/string.prototype.trimstart/-/string.prototype.trimstart-1.0.8.tgz 0ms (cache hit)
3035 http cache typed-array-buffer@https://registry.npmjs.org/typed-array-buffer/-/typed-array-buffer-1.0.3.tgz 0ms (cache hit)
3036 http cache stop-iteration-iterator@https://registry.npmjs.org/stop-iteration-iterator/-/stop-iteration-iterator-1.1.0.tgz 0ms (cache hit)
3037 http cache set-proto@https://registry.npmjs.org/set-proto/-/set-proto-1.0.0.tgz 0ms (cache hit)
3038 http cache string.prototype.trim@https://registry.npmjs.org/string.prototype.trim/-/string.prototype.trim-1.2.11.tgz 0ms (cache hit)
3039 http cache safe-regex-test@https://registry.npmjs.org/safe-regex-test/-/safe-regex-test-1.1.0.tgz 0ms (cache hit)
3040 http cache safe-push-apply@https://registry.npmjs.org/safe-push-apply/-/safe-push-apply-1.0.0.tgz 0ms (cache hit)
3041 http cache safe-array-concat@https://registry.npmjs.org/safe-array-concat/-/safe-array-concat-1.1.4.tgz 0ms (cache hit)
3042 http cache regexp.prototype.flags@https://registry.npmjs.org/regexp.prototype.flags/-/regexp.prototype.flags-1.5.4.tgz 0ms (cache hit)
3043 http cache object.assign@https://registry.npmjs.org/object.assign/-/object.assign-4.1.7.tgz 0ms (cache hit)
3044 http cache object-inspect@https://registry.npmjs.org/object-inspect/-/object-inspect-1.13.4.tgz 0ms (cache hit)
3045 http cache own-keys@https://registry.npmjs.org/own-keys/-/own-keys-1.0.2.tgz 0ms (cache hit)
3046 http cache is-weakref@https://registry.npmjs.org/is-weakref/-/is-weakref-1.1.1.tgz 0ms (cache hit)
3047 http cache is-shared-array-buffer@https://registry.npmjs.org/is-shared-array-buffer/-/is-shared-array-buffer-1.0.4.tgz 0ms (cache hit)
3048 http cache is-typed-array@https://registry.npmjs.org/is-typed-array/-/is-typed-array-1.1.15.tgz 0ms (cache hit)
3049 http cache is-set@https://registry.npmjs.org/is-set/-/is-set-2.0.3.tgz 0ms (cache hit)
3050 http cache is-regex@https://registry.npmjs.org/is-regex/-/is-regex-1.2.1.tgz 0ms (cache hit)
3051 http cache is-negative-zero@https://registry.npmjs.org/is-negative-zero/-/is-negative-zero-2.0.3.tgz 0ms (cache hit)
3052 http cache is-callable@https://registry.npmjs.org/is-callable/-/is-callable-1.2.7.tgz 0ms (cache hit)
3053 http cache is-array-buffer@https://registry.npmjs.org/is-array-buffer/-/is-array-buffer-3.0.5.tgz 0ms (cache hit)
3054 http cache is-data-view@https://registry.npmjs.org/is-data-view/-/is-data-view-1.0.2.tgz 0ms (cache hit)
3055 http cache internal-slot@https://registry.npmjs.org/internal-slot/-/internal-slot-1.1.0.tgz 0ms (cache hit)
3056 http cache has-symbols@https://registry.npmjs.org/has-symbols/-/has-symbols-1.1.0.tgz 0ms (cache hit)
3057 http cache globalthis@https://registry.npmjs.org/globalthis/-/globalthis-1.0.4.tgz 0ms (cache hit)
3058 http cache has-proto@https://registry.npmjs.org/has-proto/-/has-proto-1.2.0.tgz 0ms (cache hit)
3059 http cache get-symbol-description@https://registry.npmjs.org/get-symbol-description/-/get-symbol-description-1.1.0.tgz 0ms (cache hit)
3060 http cache function.prototype.name@https://registry.npmjs.org/function.prototype.name/-/function.prototype.name-1.2.0.tgz 0ms (cache hit)
3061 http cache data-view-byte-offset@https://registry.npmjs.org/data-view-byte-offset/-/data-view-byte-offset-1.0.1.tgz 0ms (cache hit)
3062 http cache get-proto@https://registry.npmjs.org/get-proto/-/get-proto-1.0.1.tgz 0ms (cache hit)
3063 http cache data-view-byte-length@https://registry.npmjs.org/data-view-byte-length/-/data-view-byte-length-1.0.2.tgz 0ms (cache hit)
3064 http cache es-set-tostringtag@https://registry.npmjs.org/es-set-tostringtag/-/es-set-tostringtag-2.1.0.tgz 0ms (cache hit)
3065 http cache data-view-buffer@https://registry.npmjs.org/data-view-buffer/-/data-view-buffer-1.0.2.tgz 0ms (cache hit)
3066 http cache es-to-primitive@https://registry.npmjs.org/es-to-primitive/-/es-to-primitive-1.3.4.tgz 0ms (cache hit)
3067 http cache available-typed-arrays@https://registry.npmjs.org/available-typed-arrays/-/available-typed-arrays-1.0.7.tgz 0ms (cache hit)
3068 http cache array-buffer-byte-length@https://registry.npmjs.org/array-buffer-byte-length/-/array-buffer-byte-length-1.0.2.tgz 0ms (cache hit)
3069 http cache gopd@https://registry.npmjs.org/gopd/-/gopd-1.2.0.tgz 0ms (cache hit)
3070 http cache arraybuffer.prototype.slice@https://registry.npmjs.org/arraybuffer.prototype.slice/-/arraybuffer.prototype.slice-1.0.4.tgz 0ms (cache hit)
3071 http cache object-keys@https://registry.npmjs.org/object-keys/-/object-keys-1.1.1.tgz 0ms (cache hit)
3072 http cache define-data-property@https://registry.npmjs.org/define-data-property/-/define-data-property-1.1.4.tgz 0ms (cache hit)
3073 http cache has-property-descriptors@https://registry.npmjs.org/has-property-descriptors/-/has-property-descriptors-1.0.2.tgz 0ms (cache hit)
3074 http cache set-function-length@https://registry.npmjs.org/set-function-length/-/set-function-length-1.2.2.tgz 0ms (cache hit)
3075 http cache es-define-property@https://registry.npmjs.org/es-define-property/-/es-define-property-1.0.1.tgz 0ms (cache hit)
3076 http cache get-intrinsic@https://registry.npmjs.org/get-intrinsic/-/get-intrinsic-1.3.0.tgz 0ms (cache hit)
3077 http cache function-bind@https://registry.npmjs.org/function-bind/-/function-bind-1.1.2.tgz 0ms (cache hit)
3078 http cache call-bind-apply-helpers@https://registry.npmjs.org/call-bind-apply-helpers/-/call-bind-apply-helpers-1.0.2.tgz 0ms (cache hit)
3079 http cache es-errors@https://registry.npmjs.org/es-errors/-/es-errors-1.3.0.tgz 0ms (cache hit)
3080 http cache is-string@https://registry.npmjs.org/is-string/-/is-string-1.1.1.tgz 0ms (cache hit)
3081 http cache math-intrinsics@https://registry.npmjs.org/math-intrinsics/-/math-intrinsics-1.1.0.tgz 0ms (cache hit)
3082 http cache es-shim-unscopables@https://registry.npmjs.org/es-shim-unscopables/-/es-shim-unscopables-1.1.0.tgz 0ms (cache hit)
3083 http cache es-abstract@https://registry.npmjs.org/es-abstract/-/es-abstract-1.24.2.tgz 0ms (cache hit)
3084 http cache es-object-atoms@https://registry.npmjs.org/es-object-atoms/-/es-object-atoms-1.1.2.tgz 0ms (cache hit)
3085 http cache define-properties@https://registry.npmjs.org/define-properties/-/define-properties-1.2.1.tgz 0ms (cache hit)
3086 http cache call-bind@https://registry.npmjs.org/call-bind/-/call-bind-1.0.9.tgz 0ms (cache hit)
3087 http cache tsconfig-paths@https://registry.npmjs.org/tsconfig-paths/-/tsconfig-paths-3.15.0.tgz 0ms (cache hit)
3088 http cache call-bound@https://registry.npmjs.org/call-bound/-/call-bound-1.0.4.tgz 0ms (cache hit)
3089 http cache object.groupby@https://registry.npmjs.org/object.groupby/-/object.groupby-1.0.3.tgz 1ms (cache hit)
3090 http cache string.prototype.trimend@https://registry.npmjs.org/string.prototype.trimend/-/string.prototype.trimend-1.0.10.tgz 0ms (cache hit)
3091 http cache object.values@https://registry.npmjs.org/object.values/-/object.values-1.2.1.tgz 0ms (cache hit)
3092 http cache object.fromentries@https://registry.npmjs.org/object.fromentries/-/object.fromentries-2.0.8.tgz 0ms (cache hit)
3093 http cache hasown@https://registry.npmjs.org/hasown/-/hasown-2.0.4.tgz 0ms (cache hit)
3094 http cache eslint-module-utils@https://registry.npmjs.org/eslint-module-utils/-/eslint-module-utils-2.14.0.tgz 0ms (cache hit)
3095 http cache array.prototype.flatmap@https://registry.npmjs.org/array.prototype.flatmap/-/array.prototype.flatmap-1.3.3.tgz 0ms (cache hit)
3096 http cache array.prototype.flat@https://registry.npmjs.org/array.prototype.flat/-/array.prototype.flat-1.3.3.tgz 0ms (cache hit)
3097 http cache unrs-resolver@https://registry.npmjs.org/unrs-resolver/-/unrs-resolver-1.12.2.tgz 0ms (cache hit)
3098 http cache array.prototype.findlastindex@https://registry.npmjs.org/array.prototype.findlastindex/-/array.prototype.findlastindex-1.2.6.tgz 0ms (cache hit)
3099 http cache @rtsao/scc@https://registry.npmjs.org/@rtsao/scc/-/scc-1.1.0.tgz 0ms (cache hit)
3100 http cache stable-hash@https://registry.npmjs.org/stable-hash/-/stable-hash-0.0.5.tgz 0ms (cache hit)
3101 http cache array-includes@https://registry.npmjs.org/array-includes/-/array-includes-3.2.0.tgz 0ms (cache hit)
3102 http cache is-bun-module@https://registry.npmjs.org/is-bun-module/-/is-bun-module-2.0.0.tgz 0ms (cache hit)
3103 http cache get-tsconfig@https://registry.npmjs.org/get-tsconfig/-/get-tsconfig-4.14.3.tgz 0ms (cache hit)
3104 http cache @nolyfill/is-core-module@https://registry.npmjs.org/@nolyfill/is-core-module/-/is-core-module-1.0.39.tgz 0ms (cache hit)
3105 http cache resolve@https://registry.npmjs.org/resolve/-/resolve-2.0.0-next.7.tgz 0ms (cache hit)
3106 http cache @typescript-eslint/tsconfig-utils@https://registry.npmjs.org/@typescript-eslint/tsconfig-utils/-/tsconfig-utils-8.71.0.tgz 0ms (cache hit)
3107 http cache @typescript-eslint/project-service@https://registry.npmjs.org/@typescript-eslint/project-service/-/project-service-8.71.0.tgz 0ms (cache hit)
3108 http cache is-core-module@https://registry.npmjs.org/is-core-module/-/is-core-module-2.17.0.tgz 0ms (cache hit)
3109 http cache tinyglobby@https://registry.npmjs.org/tinyglobby/-/tinyglobby-0.2.17.tgz 0ms (cache hit)
3110 http cache @typescript-eslint/typescript-estree@https://registry.npmjs.org/@typescript-eslint/typescript-estree/-/typescript-estree-8.71.0.tgz 0ms (cache hit)
3111 http cache semver@https://registry.npmjs.org/semver/-/semver-7.8.5.tgz 0ms (cache hit)
3112 http cache @typescript-eslint/types@https://registry.npmjs.org/@typescript-eslint/types/-/types-8.71.0.tgz 0ms (cache hit)
3113 http cache @typescript-eslint/visitor-keys@https://registry.npmjs.org/@typescript-eslint/visitor-keys/-/visitor-keys-8.71.0.tgz 0ms (cache hit)
3114 http cache @typescript-eslint/utils@https://registry.npmjs.org/@typescript-eslint/utils/-/utils-8.71.0.tgz 0ms (cache hit)
3115 http cache @typescript-eslint/type-utils@https://registry.npmjs.org/@typescript-eslint/type-utils/-/type-utils-8.71.0.tgz 0ms (cache hit)
3116 http cache ts-api-utils@https://registry.npmjs.org/ts-api-utils/-/ts-api-utils-2.5.0.tgz 0ms (cache hit)
3117 http cache @typescript-eslint/scope-manager@https://registry.npmjs.org/@typescript-eslint/scope-manager/-/scope-manager-8.71.0.tgz 0ms (cache hit)
3118 http cache fast-glob@https://registry.npmjs.org/fast-glob/-/fast-glob-3.3.1.tgz 0ms (cache hit)
3119 http cache eslint-plugin-jsx-a11y@https://registry.npmjs.org/eslint-plugin-jsx-a11y/-/eslint-plugin-jsx-a11y-6.10.2.tgz 0ms (cache hit)
3120 http cache @typescript-eslint/parser@https://registry.npmjs.org/@typescript-eslint/parser/-/parser-8.71.0.tgz 0ms (cache hit)
3121 http cache eslint-plugin-react-hooks@https://registry.npmjs.org/eslint-plugin-react-hooks/-/eslint-plugin-react-hooks-5.2.0.tgz 0ms (cache hit)
3122 http cache eslint-plugin-react@https://registry.npmjs.org/eslint-plugin-react/-/eslint-plugin-react-7.37.5.tgz 0ms (cache hit)
3123 http cache eslint-import-resolver-typescript@https://registry.npmjs.org/eslint-import-resolver-typescript/-/eslint-import-resolver-typescript-3.10.1.tgz 0ms (cache hit)
3124 http cache eslint-plugin-import@https://registry.npmjs.org/eslint-plugin-import/-/eslint-plugin-import-2.32.0.tgz 0ms (cache hit)
3125 http cache eslint-import-resolver-node@https://registry.npmjs.org/eslint-import-resolver-node/-/eslint-import-resolver-node-0.3.10.tgz 0ms (cache hit)
3126 http cache @next/eslint-plugin-next@https://registry.npmjs.org/@next/eslint-plugin-next/-/eslint-plugin-next-15.5.26.tgz 0ms (cache hit)
3127 http cache @typescript-eslint/eslint-plugin@https://registry.npmjs.org/@typescript-eslint/eslint-plugin/-/eslint-plugin-8.71.0.tgz 0ms (cache hit)
3128 http cache ms@https://registry.npmjs.org/ms/-/ms-2.1.3.tgz 0ms (cache hit)
3129 http cache @rushstack/eslint-patch@https://registry.npmjs.org/@rushstack/eslint-patch/-/eslint-patch-1.16.1.tgz 0ms (cache hit)
3130 http cache which@https://registry.npmjs.org/which/-/which-2.0.2.tgz 0ms (cache hit)
3131 http cache path-key@https://registry.npmjs.org/path-key/-/path-key-3.1.1.tgz 0ms (cache hit)
3132 http cache color-convert@https://registry.npmjs.org/color-convert/-/color-convert-2.0.1.tgz 0ms (cache hit)
3133 http cache color-name@https://registry.npmjs.org/color-name/-/color-name-1.1.4.tgz 0ms (cache hit)
3134 http cache shebang-command@https://registry.npmjs.org/shebang-command/-/shebang-command-2.0.0.tgz 0ms (cache hit)
3135 http cache ansi-styles@https://registry.npmjs.org/ansi-styles/-/ansi-styles-4.3.0.tgz 0ms (cache hit)
3136 http cache supports-color@https://registry.npmjs.org/supports-color/-/supports-color-7.2.0.tgz 0ms (cache hit)
3137 http cache json-schema-traverse@https://registry.npmjs.org/json-schema-traverse/-/json-schema-traverse-0.4.1.tgz 0ms (cache hit)
3138 http cache @nodelib/fs.stat@https://registry.npmjs.org/@nodelib/fs.stat/-/fs.stat-2.0.5.tgz 1ms (cache hit)
3139 http cache uri-js@https://registry.npmjs.org/uri-js/-/uri-js-4.4.1.tgz 0ms (cache hit)
3140 http cache run-parallel@https://registry.npmjs.org/run-parallel/-/run-parallel-1.2.0.tgz 0ms (cache hit)
3141 http cache fastq@https://registry.npmjs.org/fastq/-/fastq-1.20.3.tgz 0ms (cache hit)
3142 http cache @nodelib/fs.scandir@https://registry.npmjs.org/@nodelib/fs.scandir/-/fs.scandir-2.1.5.tgz 0ms (cache hit)
3143 http cache strip-json-comments@https://registry.npmjs.org/strip-json-comments/-/strip-json-comments-3.1.1.tgz 0ms (cache hit)
3144 http cache fast-json-stable-stringify@https://registry.npmjs.org/fast-json-stable-stringify/-/fast-json-stable-stringify-2.1.0.tgz 0ms (cache hit)
3145 http cache @humanwhocodes/object-schema@https://registry.npmjs.org/@humanwhocodes/object-schema/-/object-schema-2.0.3.tgz 0ms (cache hit)
3146 http cache import-fresh@https://registry.npmjs.org/import-fresh/-/import-fresh-3.3.1.tgz 0ms (cache hit)
3147 http cache text-table@https://registry.npmjs.org/text-table/-/text-table-0.2.0.tgz 0ms (cache hit)
3148 http cache strip-ansi@https://registry.npmjs.org/strip-ansi/-/strip-ansi-6.0.1.tgz 0ms (cache hit)
3149 http cache optionator@https://registry.npmjs.org/optionator/-/optionator-0.9.4.tgz 0ms (cache hit)
3150 http cache minimatch@https://registry.npmjs.org/minimatch/-/minimatch-3.1.5.tgz 0ms (cache hit)
3151 http cache natural-compare@https://registry.npmjs.org/natural-compare/-/natural-compare-1.4.0.tgz 0ms (cache hit)
3152 http cache levn@https://registry.npmjs.org/levn/-/levn-0.4.1.tgz 0ms (cache hit)
3153 http cache lodash.merge@https://registry.npmjs.org/lodash.merge/-/lodash.merge-4.6.2.tgz 0ms (cache hit)
3154 http cache js-yaml@https://registry.npmjs.org/js-yaml/-/js-yaml-4.3.2.tgz 0ms (cache hit)
3155 http cache is-path-inside@https://registry.npmjs.org/is-path-inside/-/is-path-inside-3.0.3.tgz 0ms (cache hit)
3156 http cache imurmurhash@https://registry.npmjs.org/imurmurhash/-/imurmurhash-0.1.4.tgz 0ms (cache hit)
3157 http cache is-glob@https://registry.npmjs.org/is-glob/-/is-glob-4.0.3.tgz 0ms (cache hit)
3158 http cache ignore@https://registry.npmjs.org/ignore/-/ignore-5.3.2.tgz 0ms (cache hit)
3159 http cache graphemer@https://registry.npmjs.org/graphemer/-/graphemer-1.4.0.tgz 0ms (cache hit)
3160 http cache json-stable-stringify-without-jsonify@https://registry.npmjs.org/json-stable-stringify-without-jsonify/-/json-stable-stringify-without-jsonify-1.0.1.tgz 0ms (cache hit)
3161 http cache globals@https://registry.npmjs.org/globals/-/globals-13.24.0.tgz 0ms (cache hit)
3162 http cache find-up@https://registry.npmjs.org/find-up/-/find-up-5.0.0.tgz 0ms (cache hit)
3163 http cache glob-parent@https://registry.npmjs.org/glob-parent/-/glob-parent-6.0.2.tgz 0ms (cache hit)
3164 http cache file-entry-cache@https://registry.npmjs.org/file-entry-cache/-/file-entry-cache-6.0.1.tgz 0ms (cache hit)
3165 http cache fast-deep-equal@https://registry.npmjs.org/fast-deep-equal/-/fast-deep-equal-3.1.3.tgz 0ms (cache hit)
3166 http cache esutils@https://registry.npmjs.org/esutils/-/esutils-2.0.3.tgz 0ms (cache hit)
3167 http cache esquery@https://registry.npmjs.org/esquery/-/esquery-1.7.0.tgz 0ms (cache hit)
3168 http cache espree@https://registry.npmjs.org/espree/-/espree-9.6.1.tgz 0ms (cache hit)
3169 http cache eslint-visitor-keys@https://registry.npmjs.org/eslint-visitor-keys/-/eslint-visitor-keys-3.4.3.tgz 0ms (cache hit)
3170 http cache eslint-scope@https://registry.npmjs.org/eslint-scope/-/eslint-scope-7.2.2.tgz 0ms (cache hit)
3171 http cache escape-string-regexp@https://registry.npmjs.org/escape-string-regexp/-/escape-string-regexp-4.0.0.tgz 0ms (cache hit)
3172 http cache doctrine@https://registry.npmjs.org/doctrine/-/doctrine-3.0.0.tgz 0ms (cache hit)
3173 http cache debug@https://registry.npmjs.org/debug/-/debug-4.4.3.tgz 0ms (cache hit)
3174 http cache cross-spawn@https://registry.npmjs.org/cross-spawn/-/cross-spawn-7.0.6.tgz 0ms (cache hit)
3175 http cache chalk@https://registry.npmjs.org/chalk/-/chalk-4.1.2.tgz 0ms (cache hit)
3176 http cache ajv@https://registry.npmjs.org/ajv/-/ajv-6.15.0.tgz 0ms (cache hit)
3177 http cache @ungap/structured-clone@https://registry.npmjs.org/@ungap/structured-clone/-/structured-clone-1.4.0.tgz 0ms (cache hit)
3178 http cache @eslint/js@https://registry.npmjs.org/@eslint/js/-/js-8.57.1.tgz 0ms (cache hit)
3179 http cache @nodelib/fs.walk@https://registry.npmjs.org/@nodelib/fs.walk/-/fs.walk-1.2.8.tgz 0ms (cache hit)
3180 http cache @humanwhocodes/module-importer@https://registry.npmjs.org/@humanwhocodes/module-importer/-/module-importer-1.0.1.tgz 0ms (cache hit)
3181 http cache @eslint-community/regexpp@https://registry.npmjs.org/@eslint-community/regexpp/-/regexpp-4.12.2.tgz 0ms (cache hit)
3182 http cache @humanwhocodes/config-array@https://registry.npmjs.org/@humanwhocodes/config-array/-/config-array-0.13.0.tgz 0ms (cache hit)
3183 http cache @eslint/eslintrc@https://registry.npmjs.org/@eslint/eslintrc/-/eslintrc-2.1.4.tgz 0ms (cache hit)
3184 http cache @eslint-community/eslint-utils@https://registry.npmjs.org/@eslint-community/eslint-utils/-/eslint-utils-4.10.1.tgz 0ms (cache hit)
3185 http cache update-browserslist-db@https://registry.npmjs.org/update-browserslist-db/-/update-browserslist-db-1.3.3.tgz 0ms (cache hit)
3186 http cache node-releases@https://registry.npmjs.org/node-releases/-/node-releases-2.0.57.tgz 0ms (cache hit)
3187 http cache electron-to-chromium@https://registry.npmjs.org/electron-to-chromium/-/electron-to-chromium-1.5.442.tgz 0ms (cache hit)
3188 http cache baseline-browser-mapping@https://registry.npmjs.org/baseline-browser-mapping/-/baseline-browser-mapping-2.11.26.tgz 0ms (cache hit)
3189 http cache postcss-value-parser@https://registry.npmjs.org/postcss-value-parser/-/postcss-value-parser-4.2.0.tgz 0ms (cache hit)
3190 http cache fraction.js@https://registry.npmjs.org/fraction.js/-/fraction.js-5.3.4.tgz 0ms (cache hit)
3191 http cache caniuse-lite@https://registry.npmjs.org/caniuse-lite/-/caniuse-lite-1.0.30001814.tgz 0ms (cache hit)
3192 http cache @supabase/phoenix@https://registry.npmjs.org/@supabase/phoenix/-/phoenix-0.4.5.tgz 0ms (cache hit)
3193 http cache browserslist@https://registry.npmjs.org/browserslist/-/browserslist-4.29.3.tgz 0ms (cache hit)
3194 http cache csstype@https://registry.npmjs.org/csstype/-/csstype-3.2.3.tgz 0ms (cache hit)
3195 http cache undici-types@https://registry.npmjs.org/undici-types/-/undici-types-6.21.0.tgz 0ms (cache hit)
3196 http cache picocolors@https://registry.npmjs.org/picocolors/-/picocolors-1.1.1.tgz 0ms (cache hit)
3197 http cache @supabase/storage-js@https://registry.npmjs.org/@supabase/storage-js/-/storage-js-2.117.2.tgz 0ms (cache hit)
3198 http cache iceberg-js@https://registry.npmjs.org/iceberg-js/-/iceberg-js-0.8.1.tgz 0ms (cache hit)
3199 http cache tslib@https://registry.npmjs.org/tslib/-/tslib-2.8.1.tgz 0ms (cache hit)
3200 http cache @supabase/postgrest-js@https://registry.npmjs.org/@supabase/postgrest-js/-/postgrest-js-2.117.2.tgz 0ms (cache hit)
3201 http cache @supabase/realtime-js@https://registry.npmjs.org/@supabase/realtime-js/-/realtime-js-2.117.2.tgz 0ms (cache hit)
3202 http cache cookie@https://registry.npmjs.org/cookie/-/cookie-0.7.2.tgz 0ms (cache hit)
3203 http cache @supabase/functions-js@https://registry.npmjs.org/@supabase/functions-js/-/functions-js-2.117.2.tgz 0ms (cache hit)
3204 http cache @supabase/auth-js@https://registry.npmjs.org/@supabase/auth-js/-/auth-js-2.117.2.tgz 0ms (cache hit)
3205 http cache @types/cookie@https://registry.npmjs.org/@types/cookie/-/cookie-0.6.0.tgz 0ms (cache hit)
3206 http cache zod@https://registry.npmjs.org/zod/-/zod-3.25.76.tgz 0ms (cache hit)
3207 http cache typescript@https://registry.npmjs.org/typescript/-/typescript-5.9.3.tgz 0ms (cache hit)
3208 http cache tailwindcss@https://registry.npmjs.org/tailwindcss/-/tailwindcss-3.4.19.tgz 0ms (cache hit)
3209 http cache recharts@https://registry.npmjs.org/recharts/-/recharts-2.15.4.tgz 0ms (cache hit)
3210 http cache react-dom@https://registry.npmjs.org/react-dom/-/react-dom-19.3.0.tgz 0ms (cache hit)
3211 http cache qrcode@https://registry.npmjs.org/qrcode/-/qrcode-1.5.4.tgz 0ms (cache hit)
3212 http cache ua-parser-js@https://registry.npmjs.org/ua-parser-js/-/ua-parser-js-1.0.41.tgz 0ms (cache hit)
3213 http cache react@https://registry.npmjs.org/react/-/react-19.3.0.tgz 0ms (cache hit)
3214 http cache next@https://registry.npmjs.org/next/-/next-15.5.26.tgz 0ms (cache hit)
3215 http cache nanoid@https://registry.npmjs.org/nanoid/-/nanoid-5.1.16.tgz 0ms (cache hit)
3216 http cache eslint-config-next@https://registry.npmjs.org/eslint-config-next/-/eslint-config-next-15.5.26.tgz 0ms (cache hit)
3217 http cache eslint@https://registry.npmjs.org/eslint/-/eslint-8.57.1.tgz 0ms (cache hit)
3218 http cache @types/react-dom@https://registry.npmjs.org/@types/react-dom/-/react-dom-19.3.0.tgz 0ms (cache hit)
3219 http cache postcss@https://registry.npmjs.org/postcss/-/postcss-8.5.28.tgz 0ms (cache hit)
3220 http cache autoprefixer@https://registry.npmjs.org/autoprefixer/-/autoprefixer-10.6.1.tgz 0ms (cache hit)
3221 http cache @types/react@https://registry.npmjs.org/@types/react/-/react-19.3.0.tgz 0ms (cache hit)
3222 http cache @types/node@https://registry.npmjs.org/@types/node/-/node-20.19.43.tgz 0ms (cache hit)
3223 http cache @supabase/supabase-js@https://registry.npmjs.org/@supabase/supabase-js/-/supabase-js-2.117.2.tgz 0ms (cache hit)
3224 http cache @types/qrcode@https://registry.npmjs.org/@types/qrcode/-/qrcode-1.5.6.tgz 0ms (cache hit)
3225 http cache @supabase/ssr@https://registry.npmjs.org/@supabase/ssr/-/ssr-0.5.2.tgz 0ms (cache hit)
3226 http cache emoji-regex@https://registry.npmjs.org/emoji-regex/-/emoji-regex-8.0.0.tgz 0ms (cache hit)
3227 http cache glob-parent@https://registry.npmjs.org/glob-parent/-/glob-parent-5.1.2.tgz 0ms (cache hit)
3228 http cache resolve@https://registry.npmjs.org/resolve/-/resolve-1.22.12.tgz 0ms (cache hit)
3229 http cache semver@https://registry.npmjs.org/semver/-/semver-6.3.1.tgz 0ms (cache hit)
3230 http cache p-limit@https://registry.npmjs.org/p-limit/-/p-limit-2.3.0.tgz 0ms (cache hit)
3231 http cache p-locate@https://registry.npmjs.org/p-locate/-/p-locate-4.1.0.tgz 0ms (cache hit)
3232 http cache locate-path@https://registry.npmjs.org/locate-path/-/locate-path-5.0.0.tgz 0ms (cache hit)
3233 http cache find-up@https://registry.npmjs.org/find-up/-/find-up-4.1.0.tgz 0ms (cache hit)
3234 http cache debug@https://registry.npmjs.org/debug/-/debug-3.2.7.tgz 0ms (cache hit)
3235 http cache balanced-match@https://registry.npmjs.org/balanced-match/-/balanced-match-4.0.4.tgz 0ms (cache hit)
3236 http cache picomatch@https://registry.npmjs.org/picomatch/-/picomatch-4.0.7.tgz 0ms (cache hit)
3237 http cache eslint-visitor-keys@https://registry.npmjs.org/eslint-visitor-keys/-/eslint-visitor-keys-5.0.1.tgz 0ms (cache hit)
3238 http cache fdir@https://registry.npmjs.org/fdir/-/fdir-6.5.0.tgz 0ms (cache hit)
3239 http cache minimatch@https://registry.npmjs.org/minimatch/-/minimatch-10.2.6.tgz 0ms (cache hit)
3240 http cache glob-parent@https://registry.npmjs.org/glob-parent/-/glob-parent-5.1.2.tgz 0ms (cache hit)
3241 http cache doctrine@https://registry.npmjs.org/doctrine/-/doctrine-2.1.0.tgz 0ms (cache hit)
3242 http cache semver@https://registry.npmjs.org/semver/-/semver-6.3.1.tgz 0ms (cache hit)
3243 http cache brace-expansion@https://registry.npmjs.org/brace-expansion/-/brace-expansion-5.0.12.tgz 0ms (cache hit)
3244 http cache debug@https://registry.npmjs.org/debug/-/debug-3.2.7.tgz 0ms (cache hit)
3245 http cache ignore@https://registry.npmjs.org/ignore/-/ignore-7.0.10.tgz 0ms (cache hit)
3246 http cache semver@https://registry.npmjs.org/semver/-/semver-6.3.1.tgz 0ms (cache hit)
3247 http cache doctrine@https://registry.npmjs.org/doctrine/-/doctrine-2.1.0.tgz 0ms (cache hit)
3248 http cache debug@https://registry.npmjs.org/debug/-/debug-3.2.7.tgz 0ms (cache hit)
3249 http cache resolve@https://registry.npmjs.org/resolve/-/resolve-1.22.12.tgz 0ms (cache hit)
3250 http cache glob-parent@https://registry.npmjs.org/glob-parent/-/glob-parent-5.1.2.tgz 0ms (cache hit)
3251 http cache react-is@https://registry.npmjs.org/react-is/-/react-is-18.3.1.tgz 1ms (cache hit)
3252 http cache fast-glob@https://registry.npmjs.org/fast-glob/-/fast-glob-3.3.3.tgz 0ms (cache hit)
3253 silly tarball no local data for p-try@https://registry.npmjs.org/p-try/-/p-try-2.2.0.tgz. Extracting by manifest.
3254 silly tarball no local data for camelcase@https://registry.npmjs.org/camelcase/-/camelcase-5.3.1.tgz. Extracting by manifest.
3255 silly tarball no local data for is-fullwidth-code-point@https://registry.npmjs.org/is-fullwidth-code-point/-/is-fullwidth-code-point-3.0.0.tgz. Extracting by manifest.
3256 http cache nanoid@https://registry.npmjs.org/nanoid/-/nanoid-3.3.19.tgz 0ms (cache hit)
3257 http cache nanoid@https://registry.npmjs.org/nanoid/-/nanoid-3.3.19.tgz 0ms (cache hit)
3258 silly tarball no local data for wrap-ansi@https://registry.npmjs.org/wrap-ansi/-/wrap-ansi-6.2.0.tgz. Extracting by manifest.
3259 http cache postcss@https://registry.npmjs.org/postcss/-/postcss-8.4.31.tgz 0ms (cache hit)
3260 silly tarball no local data for yargs-parser@https://registry.npmjs.org/yargs-parser/-/yargs-parser-18.1.3.tgz. Extracting by manifest.
3261 silly tarball no local data for string-width@https://registry.npmjs.org/string-width/-/string-width-4.2.3.tgz. Extracting by manifest.
3262 silly tarball no local data for y18n@https://registry.npmjs.org/y18n/-/y18n-4.0.3.tgz. Extracting by manifest.
3263 silly tarball no local data for which-module@https://registry.npmjs.org/which-module/-/which-module-2.0.1.tgz. Extracting by manifest.
3264 silly tarball no local data for set-blocking@https://registry.npmjs.org/set-blocking/-/set-blocking-2.0.0.tgz. Extracting by manifest.
3265 silly tarball no local data for require-directory@https://registry.npmjs.org/require-directory/-/require-directory-2.1.1.tgz. Extracting by manifest.
3266 silly tarball no local data for get-caller-file@https://registry.npmjs.org/get-caller-file/-/get-caller-file-2.0.5.tgz. Extracting by manifest.
3267 silly tarball no local data for require-main-filename@https://registry.npmjs.org/require-main-filename/-/require-main-filename-2.0.0.tgz. Extracting by manifest.
3268 silly tarball no local data for decamelize@https://registry.npmjs.org/decamelize/-/decamelize-1.2.0.tgz. Extracting by manifest.
3269 silly tarball no local data for cliui@https://registry.npmjs.org/cliui/-/cliui-6.0.0.tgz. Extracting by manifest.
3270 silly tarball no local data for is-weakset@https://registry.npmjs.org/is-weakset/-/is-weakset-2.0.4.tgz. Extracting by manifest.
3271 silly tarball no local data for is-weakmap@https://registry.npmjs.org/is-weakmap/-/is-weakmap-2.0.2.tgz. Extracting by manifest.
3272 silly tarball no local data for async-function@https://registry.npmjs.org/async-function/-/async-function-1.0.0.tgz. Extracting by manifest.
3273 silly tarball no local data for generator-function@https://registry.npmjs.org/generator-function/-/generator-function-2.0.1.tgz. Extracting by manifest.
3274 silly tarball no local data for which-collection@https://registry.npmjs.org/which-collection/-/which-collection-1.0.2.tgz. Extracting by manifest.
3275 silly tarball no local data for is-finalizationregistry@https://registry.npmjs.org/is-finalizationregistry/-/is-finalizationregistry-1.1.1.tgz. Extracting by manifest.
3276 silly tarball no local data for is-generator-function@https://registry.npmjs.org/is-generator-function/-/is-generator-function-1.1.2.tgz. Extracting by manifest.
3277 silly tarball no local data for is-map@https://registry.npmjs.org/is-map/-/is-map-2.0.3.tgz. Extracting by manifest.
3278 silly tarball no local data for is-number-object@https://registry.npmjs.org/is-number-object/-/is-number-object-1.1.1.tgz. Extracting by manifest.
3279 silly tarball no local data for is-async-function@https://registry.npmjs.org/is-async-function/-/is-async-function-2.1.1.tgz. Extracting by manifest.
3280 silly tarball no local data for is-boolean-object@https://registry.npmjs.org/is-boolean-object/-/is-boolean-object-1.2.2.tgz. Extracting by manifest.
3281 silly tarball no local data for isexe@https://registry.npmjs.org/isexe/-/isexe-2.0.0.tgz. Extracting by manifest.
3282 silly tarball no local data for is-bigint@https://registry.npmjs.org/is-bigint/-/is-bigint-1.1.0.tgz. Extracting by manifest.
3283 silly tarball no local data for d3-path@https://registry.npmjs.org/d3-path/-/d3-path-3.1.0.tgz. Extracting by manifest.
3284 silly tarball no local data for @types/d3-path@https://registry.npmjs.org/@types/d3-path/-/d3-path-3.1.1.tgz. Extracting by manifest.
3285 silly tarball no local data for d3-time-format@https://registry.npmjs.org/d3-time-format/-/d3-time-format-4.1.0.tgz. Extracting by manifest.
3286 silly tarball no local data for @types/d3-color@https://registry.npmjs.org/@types/d3-color/-/d3-color-3.1.3.tgz. Extracting by manifest.
3287 silly tarball no local data for d3-format@https://registry.npmjs.org/d3-format/-/d3-format-3.1.2.tgz. Extracting by manifest.
3288 silly tarball no local data for internmap@https://registry.npmjs.org/internmap/-/internmap-2.0.3.tgz. Extracting by manifest.
3289 silly tarball no local data for d3-color@https://registry.npmjs.org/d3-color/-/d3-color-3.1.0.tgz. Extracting by manifest.
3290 silly tarball no local data for d3-timer@https://registry.npmjs.org/d3-timer/-/d3-timer-3.0.1.tgz. Extracting by manifest.
3291 silly tarball no local data for d3-time@https://registry.npmjs.org/d3-time/-/d3-time-3.1.0.tgz. Extracting by manifest.
3292 silly tarball no local data for d3-scale@https://registry.npmjs.org/d3-scale/-/d3-scale-4.0.2.tgz. Extracting by manifest.
3293 silly tarball no local data for d3-shape@https://registry.npmjs.org/d3-shape/-/d3-shape-3.2.0.tgz. Extracting by manifest.
3294 silly tarball no local data for d3-array@https://registry.npmjs.org/d3-array/-/d3-array-3.2.4.tgz. Extracting by manifest.
3295 silly tarball no local data for d3-interpolate@https://registry.npmjs.org/d3-interpolate/-/d3-interpolate-3.0.1.tgz. Extracting by manifest.
3296 silly tarball no local data for d3-ease@https://registry.npmjs.org/d3-ease/-/d3-ease-3.0.1.tgz. Extracting by manifest.
3297 silly tarball no local data for @types/d3-time@https://registry.npmjs.org/@types/d3-time/-/d3-time-3.0.4.tgz. Extracting by manifest.
3298 silly tarball no local data for @types/d3-timer@https://registry.npmjs.org/@types/d3-timer/-/d3-timer-3.0.2.tgz. Extracting by manifest.
3299 silly tarball no local data for @types/d3-shape@https://registry.npmjs.org/@types/d3-shape/-/d3-shape-3.2.0.tgz. Extracting by manifest.
3300 silly tarball no local data for @types/d3-interpolate@https://registry.npmjs.org/@types/d3-interpolate/-/d3-interpolate-3.0.4.tgz. Extracting by manifest.
3301 silly tarball no local data for @types/d3-scale@https://registry.npmjs.org/@types/d3-scale/-/d3-scale-4.0.9.tgz. Extracting by manifest.
3302 silly tarball no local data for punycode@https://registry.npmjs.org/punycode/-/punycode-2.3.1.tgz. Extracting by manifest.
3303 silly tarball no local data for @types/d3-ease@https://registry.npmjs.org/@types/d3-ease/-/d3-ease-3.0.2.tgz. Extracting by manifest.
3304 silly tarball no local data for @types/d3-array@https://registry.npmjs.org/@types/d3-array/-/d3-array-3.2.2.tgz. Extracting by manifest.
3305 silly tarball no local data for @unrs/resolver-binding-win32-x64-msvc@https://registry.npmjs.org/@unrs/resolver-binding-win32-x64-msvc/-/resolver-binding-win32-x64-msvc-1.12.2.tgz. Extracting by manifest.
3306 silly tarball no local data for escalade@https://registry.npmjs.org/escalade/-/escalade-3.2.0.tgz. Extracting by manifest.
3307 silly tarball no local data for napi-postinstall@https://registry.npmjs.org/napi-postinstall/-/napi-postinstall-0.3.4.tgz. Extracting by manifest.
3308 silly tarball no local data for which-boxed-primitive@https://registry.npmjs.org/which-boxed-primitive/-/which-boxed-primitive-1.1.1.tgz. Extracting by manifest.
3309 silly tarball no local data for has-bigints@https://registry.npmjs.org/has-bigints/-/has-bigints-1.1.0.tgz. Extracting by manifest.
3310 silly tarball no local data for which-builtin-type@https://registry.npmjs.org/which-builtin-type/-/which-builtin-type-1.2.1.tgz. Extracting by manifest.
3311 silly tarball no local data for reflect.getprototypeof@https://registry.npmjs.org/reflect.getprototypeof/-/reflect.getprototypeof-1.0.10.tgz. Extracting by manifest.
3312 silly tarball no local data for strip-bom@https://registry.npmjs.org/strip-bom/-/strip-bom-3.0.0.tgz. Extracting by manifest.
3313 silly tarball no local data for for-each@https://registry.npmjs.org/for-each/-/for-each-0.3.5.tgz. Extracting by manifest.
3314 silly tarball no local data for @types/json5@https://registry.npmjs.org/@types/json5/-/json5-0.0.29.tgz. Extracting by manifest.
3315 silly tarball no local data for minimist@https://registry.npmjs.org/minimist/-/minimist-1.2.8.tgz. Extracting by manifest.
3316 silly tarball no local data for json5@https://registry.npmjs.org/json5/-/json5-1.0.2.tgz. Extracting by manifest.
3317 silly tarball no local data for thenify@https://registry.npmjs.org/thenify/-/thenify-3.3.1.tgz. Extracting by manifest.
3318 silly tarball no local data for is-number@https://registry.npmjs.org/is-number/-/is-number-7.0.0.tgz. Extracting by manifest.
3319 silly tarball no local data for thenify-all@https://registry.npmjs.org/thenify-all/-/thenify-all-1.6.0.tgz. Extracting by manifest.
3320 silly tarball no local data for pirates@https://registry.npmjs.org/pirates/-/pirates-4.0.7.tgz. Extracting by manifest.
3321 silly tarball no local data for @jridgewell/trace-mapping@https://registry.npmjs.org/@jridgewell/trace-mapping/-/trace-mapping-0.3.31.tgz. Extracting by manifest.
3322 silly tarball no local data for @jridgewell/sourcemap-codec@https://registry.npmjs.org/@jridgewell/sourcemap-codec/-/sourcemap-codec-1.6.0.tgz. Extracting by manifest.
3323 silly tarball no local data for any-promise@https://registry.npmjs.org/any-promise/-/any-promise-1.3.0.tgz. Extracting by manifest.
3324 silly tarball no local data for @jridgewell/resolve-uri@https://registry.npmjs.org/@jridgewell/resolve-uri/-/resolve-uri-3.1.2.tgz. Extracting by manifest.
3325 silly tarball no local data for ts-interface-checker@https://registry.npmjs.org/ts-interface-checker/-/ts-interface-checker-0.1.13.tgz. Extracting by manifest.
3326 silly tarball no local data for @jridgewell/gen-mapping@https://registry.npmjs.org/@jridgewell/gen-mapping/-/gen-mapping-0.3.13.tgz. Extracting by manifest.
3327 silly tarball no local data for mz@https://registry.npmjs.org/mz/-/mz-2.7.0.tgz. Extracting by manifest.
3328 silly tarball no local data for lines-and-columns@https://registry.npmjs.org/lines-and-columns/-/lines-and-columns-1.2.4.tgz. Extracting by manifest.
3329 silly tarball no local data for commander@https://registry.npmjs.org/commander/-/commander-4.1.1.tgz. Extracting by manifest.
3330 silly tarball no local data for util-deprecate@https://registry.npmjs.org/util-deprecate/-/util-deprecate-1.0.2.tgz. Extracting by manifest.
3331 silly tarball no local data for cssesc@https://registry.npmjs.org/cssesc/-/cssesc-3.0.0.tgz. Extracting by manifest.
3332 silly tarball no local data for camelcase-css@https://registry.npmjs.org/camelcase-css/-/camelcase-css-2.0.1.tgz. Extracting by manifest.
3333 silly tarball no local data for read-cache@https://registry.npmjs.org/read-cache/-/read-cache-1.0.2.tgz. Extracting by manifest.
3334 silly tarball no local data for binary-extensions@https://registry.npmjs.org/binary-extensions/-/binary-extensions-2.3.0.tgz. Extracting by manifest.
3335 silly tarball no local data for is-binary-path@https://registry.npmjs.org/is-binary-path/-/is-binary-path-2.1.0.tgz. Extracting by manifest.
3336 silly tarball no local data for anymatch@https://registry.npmjs.org/anymatch/-/anymatch-3.1.3.tgz. Extracting by manifest.
3337 silly tarball no local data for readdirp@https://registry.npmjs.org/readdirp/-/readdirp-3.6.0.tgz. Extracting by manifest.
3338 silly tarball no local data for sucrase@https://registry.npmjs.org/sucrase/-/sucrase-3.35.1.tgz. Extracting by manifest.
3339 silly tarball no local data for postcss-selector-parser@https://registry.npmjs.org/postcss-selector-parser/-/postcss-selector-parser-6.1.4.tgz. Extracting by manifest.
3340 silly tarball no local data for postcss-load-config@https://registry.npmjs.org/postcss-load-config/-/postcss-load-config-6.0.1.tgz. Extracting by manifest.
3341 silly tarball no local data for postcss-nested@https://registry.npmjs.org/postcss-nested/-/postcss-nested-6.2.0.tgz. Extracting by manifest.
3342 silly tarball no local data for postcss-js@https://registry.npmjs.org/postcss-js/-/postcss-js-4.1.0.tgz. Extracting by manifest.
3343 silly tarball no local data for postcss-import@https://registry.npmjs.org/postcss-import/-/postcss-import-15.1.0.tgz. Extracting by manifest.
3344 silly tarball no local data for object-hash@https://registry.npmjs.org/object-hash/-/object-hash-3.0.0.tgz. Extracting by manifest.
3345 silly tarball no local data for normalize-path@https://registry.npmjs.org/normalize-path/-/normalize-path-3.0.0.tgz. Extracting by manifest.
3346 silly tarball no local data for lilconfig@https://registry.npmjs.org/lilconfig/-/lilconfig-3.1.3.tgz. Extracting by manifest.
3347 silly tarball no local data for jiti@https://registry.npmjs.org/jiti/-/jiti-1.21.7.tgz. Extracting by manifest.
3348 silly tarball no local data for didyoumean@https://registry.npmjs.org/didyoumean/-/didyoumean-1.2.2.tgz. Extracting by manifest.
3349 silly tarball no local data for dlv@https://registry.npmjs.org/dlv/-/dlv-1.1.3.tgz. Extracting by manifest.
3350 silly tarball no local data for @alloc/quick-lru@https://registry.npmjs.org/@alloc/quick-lru/-/quick-lru-5.3.0.tgz. Extracting by manifest.
3351 silly tarball no local data for chokidar@https://registry.npmjs.org/chokidar/-/chokidar-3.6.0.tgz. Extracting by manifest.
3352 silly tarball no local data for arg@https://registry.npmjs.org/arg/-/arg-5.0.2.tgz. Extracting by manifest.
3353 silly tarball no local data for has-flag@https://registry.npmjs.org/has-flag/-/has-flag-4.0.0.tgz. Extracting by manifest.
3354 silly tarball no local data for ansi-regex@https://registry.npmjs.org/ansi-regex/-/ansi-regex-5.0.1.tgz. Extracting by manifest.
3355 silly tarball no local data for side-channel-map@https://registry.npmjs.org/side-channel-map/-/side-channel-map-1.0.1.tgz. Extracting by manifest.
3356 silly tarball no local data for side-channel-weakmap@https://registry.npmjs.org/side-channel-weakmap/-/side-channel-weakmap-1.0.2.tgz. Extracting by manifest.
3357 silly tarball no local data for client-only@https://registry.npmjs.org/client-only/-/client-only-0.0.1.tgz. Extracting by manifest.
3358 silly tarball no local data for side-channel-list@https://registry.npmjs.org/side-channel-list/-/side-channel-list-1.0.1.tgz. Extracting by manifest.
3359 silly tarball no local data for @img/sharp-win32-x64@https://registry.npmjs.org/@img/sharp-win32-x64/-/sharp-win32-x64-0.35.5.tgz. Extracting by manifest.
3360 silly tarball no local data for @img/colour@https://registry.npmjs.org/@img/colour/-/colour-1.1.0.tgz. Extracting by manifest.
3361 silly tarball no local data for shebang-regex@https://registry.npmjs.org/shebang-regex/-/shebang-regex-3.0.0.tgz. Extracting by manifest.
3362 silly tarball no local data for detect-libc@https://registry.npmjs.org/detect-libc/-/detect-libc-2.1.2.tgz. Extracting by manifest.
3363 silly tarball no local data for isarray@https://registry.npmjs.org/isarray/-/isarray-2.0.5.tgz. Extracting by manifest.
3364 silly tarball no local data for wrappy@https://registry.npmjs.org/wrappy/-/wrappy-1.0.2.tgz. Extracting by manifest.
3365 silly tarball no local data for queue-microtask@https://registry.npmjs.org/queue-microtask/-/queue-microtask-1.2.3.tgz. Extracting by manifest.
3366 silly tarball no local data for path-is-absolute@https://registry.npmjs.org/path-is-absolute/-/path-is-absolute-1.0.1.tgz. Extracting by manifest.
3367 silly tarball no local data for once@https://registry.npmjs.org/once/-/once-1.4.0.tgz. Extracting by manifest.
3368 silly tarball no local data for inherits@https://registry.npmjs.org/inherits/-/inherits-2.0.4.tgz. Extracting by manifest.
3369 silly tarball no local data for inflight@https://registry.npmjs.org/inflight/-/inflight-1.0.6.tgz. Extracting by manifest.
3370 silly tarball no local data for fs.realpath@https://registry.npmjs.org/fs.realpath/-/fs.realpath-1.0.0.tgz. Extracting by manifest.
3371 silly tarball no local data for supports-preserve-symlinks-flag@https://registry.npmjs.org/supports-preserve-symlinks-flag/-/supports-preserve-symlinks-flag-1.0.0.tgz. Extracting by manifest.
3372 silly tarball no local data for path-parse@https://registry.npmjs.org/path-parse/-/path-parse-1.0.7.tgz. Extracting by manifest.
3373 silly tarball no local data for glob@https://registry.npmjs.org/glob/-/glob-7.2.3.tgz. Extracting by manifest.
3374 silly tarball no local data for node-exports-info@https://registry.npmjs.org/node-exports-info/-/node-exports-info-1.6.2.tgz. Extracting by manifest.
3375 silly tarball no local data for decimal.js-light@https://registry.npmjs.org/decimal.js-light/-/decimal.js-light-2.5.1.tgz. Extracting by manifest.
3376 silly tarball no local data for @babel/runtime@https://registry.npmjs.org/@babel/runtime/-/runtime-7.29.7.tgz. Extracting by manifest.
3377 silly tarball no local data for react-transition-group@https://registry.npmjs.org/react-transition-group/-/react-transition-group-4.4.5.tgz. Extracting by manifest.
3378 silly tarball no local data for fast-equals@https://registry.npmjs.org/fast-equals/-/fast-equals-5.4.3.tgz. Extracting by manifest.
3379 silly tarball no local data for victory-vendor@https://registry.npmjs.org/victory-vendor/-/victory-vendor-36.9.2.tgz. Extracting by manifest.
3380 silly tarball no local data for dom-helpers@https://registry.npmjs.org/dom-helpers/-/dom-helpers-5.2.1.tgz. Extracting by manifest.
3381 silly tarball no local data for tiny-invariant@https://registry.npmjs.org/tiny-invariant/-/tiny-invariant-1.3.3.tgz. Extracting by manifest.
3382 silly tarball no local data for recharts-scale@https://registry.npmjs.org/recharts-scale/-/recharts-scale-0.4.5.tgz. Extracting by manifest.
3383 silly tarball no local data for react-smooth@https://registry.npmjs.org/react-smooth/-/react-smooth-4.0.4.tgz. Extracting by manifest.
3384 silly tarball no local data for eventemitter3@https://registry.npmjs.org/eventemitter3/-/eventemitter3-4.0.7.tgz. Extracting by manifest.
3385 silly tarball no local data for lodash@https://registry.npmjs.org/lodash/-/lodash-4.18.1.tgz. Extracting by manifest.
3386 silly tarball no local data for clsx@https://registry.npmjs.org/clsx/-/clsx-2.1.1.tgz. Extracting by manifest.
3387 silly tarball no local data for scheduler@https://registry.npmjs.org/scheduler/-/scheduler-0.28.0.tgz. Extracting by manifest.
3388 silly tarball no local data for yargs@https://registry.npmjs.org/yargs/-/yargs-15.4.1.tgz. Extracting by manifest.
3389 silly tarball no local data for dijkstrajs@https://registry.npmjs.org/dijkstrajs/-/dijkstrajs-1.0.3.tgz. Extracting by manifest.
3390 silly tarball no local data for pngjs@https://registry.npmjs.org/pngjs/-/pngjs-5.0.0.tgz. Extracting by manifest.
3391 silly tarball no local data for js-tokens@https://registry.npmjs.org/js-tokens/-/js-tokens-4.0.0.tgz. Extracting by manifest.
3392 silly tarball no local data for loose-envify@https://registry.npmjs.org/loose-envify/-/loose-envify-1.4.0.tgz. Extracting by manifest.
3393 silly tarball no local data for object-assign@https://registry.npmjs.org/object-assign/-/object-assign-4.1.1.tgz. Extracting by manifest.
3394 silly tarball no local data for source-map-js@https://registry.npmjs.org/source-map-js/-/source-map-js-1.2.1.tgz. Extracting by manifest.
3395 silly tarball no local data for react-is@https://registry.npmjs.org/react-is/-/react-is-16.13.1.tgz. Extracting by manifest.
3396 silly tarball no local data for callsites@https://registry.npmjs.org/callsites/-/callsites-3.1.0.tgz. Extracting by manifest.
3397 silly tarball no local data for yocto-queue@https://registry.npmjs.org/yocto-queue/-/yocto-queue-0.1.0.tgz. Extracting by manifest.
3398 silly tarball no local data for word-wrap@https://registry.npmjs.org/word-wrap/-/word-wrap-1.2.5.tgz. Extracting by manifest.
3399 silly tarball no local data for deep-is@https://registry.npmjs.org/deep-is/-/deep-is-0.1.4.tgz. Extracting by manifest.
3400 silly tarball no local data for fast-levenshtein@https://registry.npmjs.org/fast-levenshtein/-/fast-levenshtein-2.0.6.tgz. Extracting by manifest.
3401 silly tarball no local data for p-limit@https://registry.npmjs.org/p-limit/-/p-limit-3.1.0.tgz. Extracting by manifest.
3402 silly tarball no local data for @swc/helpers@https://registry.npmjs.org/@swc/helpers/-/helpers-0.5.15.tgz. Extracting by manifest.
3403 silly tarball no local data for @next/swc-win32-x64-msvc@https://registry.npmjs.org/@next/swc-win32-x64-msvc/-/swc-win32-x64-msvc-15.5.26.tgz. Extracting by manifest.
3404 silly tarball no local data for sharp@https://registry.npmjs.org/sharp/-/sharp-0.35.5.tgz. Extracting by manifest.
3405 silly tarball no local data for styled-jsx@https://registry.npmjs.org/styled-jsx/-/styled-jsx-5.1.6.tgz. Extracting by manifest.
3406 silly tarball no local data for @next/env@https://registry.npmjs.org/@next/env/-/env-15.5.26.tgz. Extracting by manifest.
3407 silly tarball no local data for concat-map@https://registry.npmjs.org/concat-map/-/concat-map-0.0.1.tgz. Extracting by manifest.
3408 silly tarball no local data for balanced-match@https://registry.npmjs.org/balanced-match/-/balanced-match-1.0.2.tgz. Extracting by manifest.
3409 silly tarball no local data for fill-range@https://registry.npmjs.org/fill-range/-/fill-range-7.1.1.tgz. Extracting by manifest.
3410 silly tarball no local data for to-regex-range@https://registry.npmjs.org/to-regex-range/-/to-regex-range-5.0.1.tgz. Extracting by manifest.
3411 silly tarball no local data for brace-expansion@https://registry.npmjs.org/brace-expansion/-/brace-expansion-1.1.21.tgz. Extracting by manifest.
3412 silly tarball no local data for braces@https://registry.npmjs.org/braces/-/braces-3.0.3.tgz. Extracting by manifest.
3413 silly tarball no local data for picomatch@https://registry.npmjs.org/picomatch/-/picomatch-2.3.2.tgz. Extracting by manifest.
3414 silly tarball no local data for p-locate@https://registry.npmjs.org/p-locate/-/p-locate-5.0.0.tgz. Extracting by manifest.
3415 silly tarball no local data for prelude-ls@https://registry.npmjs.org/prelude-ls/-/prelude-ls-1.2.1.tgz. Extracting by manifest.
3416 silly tarball no local data for type-check@https://registry.npmjs.org/type-check/-/type-check-0.4.0.tgz. Extracting by manifest.
3417 silly tarball no local data for language-subtag-registry@https://registry.npmjs.org/language-subtag-registry/-/language-subtag-registry-0.3.23.tgz. Extracting by manifest.
3418 silly tarball no local data for argparse@https://registry.npmjs.org/argparse/-/argparse-2.0.1.tgz. Extracting by manifest.
3419 silly tarball no local data for json-buffer@https://registry.npmjs.org/json-buffer/-/json-buffer-3.0.1.tgz. Extracting by manifest.
3420 silly tarball no local data for set-function-name@https://registry.npmjs.org/set-function-name/-/set-function-name-2.0.2.tgz. Extracting by manifest.
3421 silly tarball no local data for side-channel@https://registry.npmjs.org/side-channel/-/side-channel-1.1.1.tgz. Extracting by manifest.
3422 silly tarball no local data for is-extglob@https://registry.npmjs.org/is-extglob/-/is-extglob-2.1.1.tgz. Extracting by manifest.
3423 silly tarball no local data for type-fest@https://registry.npmjs.org/type-fest/-/type-fest-0.20.2.tgz. Extracting by manifest.
3424 silly tarball no local data for resolve-from@https://registry.npmjs.org/resolve-from/-/resolve-from-4.0.0.tgz. Extracting by manifest.
3425 silly tarball no local data for parent-module@https://registry.npmjs.org/parent-module/-/parent-module-1.0.1.tgz. Extracting by manifest.
3426 silly tarball no local data for resolve-pkg-maps@https://registry.npmjs.org/resolve-pkg-maps/-/resolve-pkg-maps-1.0.0.tgz. Extracting by manifest.
3427 silly tarball no local data for is-document.all@https://registry.npmjs.org/is-document.all/-/is-document.all-1.0.0.tgz. Extracting by manifest.
3428 silly tarball no local data for dunder-proto@https://registry.npmjs.org/dunder-proto/-/dunder-proto-1.0.1.tgz. Extracting by manifest.
3429 silly tarball no local data for rimraf@https://registry.npmjs.org/rimraf/-/rimraf-3.0.2.tgz. Extracting by manifest.
3430 silly tarball no local data for functions-have-names@https://registry.npmjs.org/functions-have-names/-/functions-have-names-1.2.3.tgz. Extracting by manifest.
3431 silly tarball no local data for path-exists@https://registry.npmjs.org/path-exists/-/path-exists-4.0.0.tgz. Extracting by manifest.
3432 silly tarball no local data for flatted@https://registry.npmjs.org/flatted/-/flatted-3.4.4.tgz. Extracting by manifest.
3433 silly tarball no local data for flat-cache@https://registry.npmjs.org/flat-cache/-/flat-cache-3.2.0.tgz. Extracting by manifest.
3434 silly tarball no local data for keyv@https://registry.npmjs.org/keyv/-/keyv-4.5.4.tgz. Extracting by manifest.
3435 silly tarball no local data for locate-path@https://registry.npmjs.org/locate-path/-/locate-path-6.0.0.tgz. Extracting by manifest.
3436 silly tarball no local data for micromatch@https://registry.npmjs.org/micromatch/-/micromatch-4.0.8.tgz. Extracting by manifest.
3437 silly tarball no local data for reusify@https://registry.npmjs.org/reusify/-/reusify-1.1.0.tgz. Extracting by manifest.
3438 silly tarball no local data for merge2@https://registry.npmjs.org/merge2/-/merge2-1.4.1.tgz. Extracting by manifest.
3439 silly tarball no local data for acorn-jsx@https://registry.npmjs.org/acorn-jsx/-/acorn-jsx-5.3.2.tgz. Extracting by manifest.
3440 silly tarball no local data for acorn@https://registry.npmjs.org/acorn/-/acorn-8.18.0.tgz. Extracting by manifest.
3441 silly tarball no local data for prop-types@https://registry.npmjs.org/prop-types/-/prop-types-15.8.1.tgz. Extracting by manifest.
3442 silly tarball no local data for string.prototype.repeat@https://registry.npmjs.org/string.prototype.repeat/-/string.prototype.repeat-1.0.0.tgz. Extracting by manifest.
3443 silly tarball no local data for esrecurse@https://registry.npmjs.org/esrecurse/-/esrecurse-4.3.0.tgz. Extracting by manifest.
3444 silly tarball no local data for iterator.prototype@https://registry.npmjs.org/iterator.prototype/-/iterator.prototype-1.1.5.tgz. Extracting by manifest.
3445 silly tarball no local data for object.entries@https://registry.npmjs.org/object.entries/-/object.entries-1.1.9.tgz. Extracting by manifest.
3446 silly tarball no local data for string.prototype.matchall@https://registry.npmjs.org/string.prototype.matchall/-/string.prototype.matchall-4.1.0.tgz. Extracting by manifest.
3447 silly tarball no local data for estraverse@https://registry.npmjs.org/estraverse/-/estraverse-5.3.0.tgz. Extracting by manifest.
3448 silly tarball no local data for array.prototype.tosorted@https://registry.npmjs.org/array.prototype.tosorted/-/array.prototype.tosorted-1.1.4.tgz. Extracting by manifest.
3449 silly tarball no local data for es-iterator-helpers@https://registry.npmjs.org/es-iterator-helpers/-/es-iterator-helpers-1.4.0.tgz. Extracting by manifest.
3450 silly tarball no local data for array.prototype.findlast@https://registry.npmjs.org/array.prototype.findlast/-/array.prototype.findlast-1.2.5.tgz. Extracting by manifest.
3451 silly tarball no local data for language-tags@https://registry.npmjs.org/language-tags/-/language-tags-1.0.9.tgz. Extracting by manifest.
3452 silly tarball no local data for string.prototype.includes@https://registry.npmjs.org/string.prototype.includes/-/string.prototype.includes-2.0.1.tgz. Extracting by manifest.
3453 silly tarball no local data for jsx-ast-utils@https://registry.npmjs.org/jsx-ast-utils/-/jsx-ast-utils-3.3.5.tgz. Extracting by manifest.
3454 silly tarball no local data for emoji-regex@https://registry.npmjs.org/emoji-regex/-/emoji-regex-9.2.2.tgz. Extracting by manifest.
3455 silly tarball no local data for damerau-levenshtein@https://registry.npmjs.org/damerau-levenshtein/-/damerau-levenshtein-1.0.8.tgz. Extracting by manifest.
3456 silly tarball no local data for ast-types-flow@https://registry.npmjs.org/ast-types-flow/-/ast-types-flow-0.0.8.tgz. Extracting by manifest.
3457 silly tarball no local data for axobject-query@https://registry.npmjs.org/axobject-query/-/axobject-query-4.1.0.tgz. Extracting by manifest.
3458 silly tarball no local data for aria-query@https://registry.npmjs.org/aria-query/-/aria-query-5.3.2.tgz. Extracting by manifest.
3459 silly tarball no local data for axe-core@https://registry.npmjs.org/axe-core/-/axe-core-4.13.0.tgz. Extracting by manifest.
3460 silly tarball no local data for is-symbol@https://registry.npmjs.org/is-symbol/-/is-symbol-1.1.1.tgz. Extracting by manifest.
3461 silly tarball no local data for is-date-object@https://registry.npmjs.org/is-date-object/-/is-date-object-1.1.0.tgz. Extracting by manifest.
3462 silly tarball no local data for es-abstract-get@https://registry.npmjs.org/es-abstract-get/-/es-abstract-get-1.0.0.tgz. Extracting by manifest.
3463 silly tarball no local data for possible-typed-array-names@https://registry.npmjs.org/possible-typed-array-names/-/possible-typed-array-names-1.1.0.tgz. Extracting by manifest.
3464 silly tarball no local data for has-tostringtag@https://registry.npmjs.org/has-tostringtag/-/has-tostringtag-1.0.2.tgz. Extracting by manifest.
3465 silly tarball no local data for which-typed-array@https://registry.npmjs.org/which-typed-array/-/which-typed-array-1.1.24.tgz. Extracting by manifest.
3466 silly tarball no local data for unbox-primitive@https://registry.npmjs.org/unbox-primitive/-/unbox-primitive-1.1.0.tgz. Extracting by manifest.
3467 silly tarball no local data for typed-array-length@https://registry.npmjs.org/typed-array-length/-/typed-array-length-1.0.8.tgz. Extracting by manifest.
3468 silly tarball no local data for typed-array-byte-offset@https://registry.npmjs.org/typed-array-byte-offset/-/typed-array-byte-offset-1.0.5.tgz. Extracting by manifest.
3469 silly tarball no local data for typed-array-byte-length@https://registry.npmjs.org/typed-array-byte-length/-/typed-array-byte-length-1.0.3.tgz. Extracting by manifest.
3470 silly tarball no local data for string.prototype.trimstart@https://registry.npmjs.org/string.prototype.trimstart/-/string.prototype.trimstart-1.0.8.tgz. Extracting by manifest.
3471 silly tarball no local data for typed-array-buffer@https://registry.npmjs.org/typed-array-buffer/-/typed-array-buffer-1.0.3.tgz. Extracting by manifest.
3472 silly tarball no local data for stop-iteration-iterator@https://registry.npmjs.org/stop-iteration-iterator/-/stop-iteration-iterator-1.1.0.tgz. Extracting by manifest.
3473 silly tarball no local data for set-proto@https://registry.npmjs.org/set-proto/-/set-proto-1.0.0.tgz. Extracting by manifest.
3474 silly tarball no local data for string.prototype.trim@https://registry.npmjs.org/string.prototype.trim/-/string.prototype.trim-1.2.11.tgz. Extracting by manifest.
3475 silly tarball no local data for safe-regex-test@https://registry.npmjs.org/safe-regex-test/-/safe-regex-test-1.1.0.tgz. Extracting by manifest.
3476 silly tarball no local data for safe-push-apply@https://registry.npmjs.org/safe-push-apply/-/safe-push-apply-1.0.0.tgz. Extracting by manifest.
3477 silly tarball no local data for safe-array-concat@https://registry.npmjs.org/safe-array-concat/-/safe-array-concat-1.1.4.tgz. Extracting by manifest.
3478 silly tarball no local data for regexp.prototype.flags@https://registry.npmjs.org/regexp.prototype.flags/-/regexp.prototype.flags-1.5.4.tgz. Extracting by manifest.
3479 silly tarball no local data for object.assign@https://registry.npmjs.org/object.assign/-/object.assign-4.1.7.tgz. Extracting by manifest.
3480 silly tarball no local data for object-inspect@https://registry.npmjs.org/object-inspect/-/object-inspect-1.13.4.tgz. Extracting by manifest.
3481 silly tarball no local data for own-keys@https://registry.npmjs.org/own-keys/-/own-keys-1.0.2.tgz. Extracting by manifest.
3482 silly tarball no local data for is-weakref@https://registry.npmjs.org/is-weakref/-/is-weakref-1.1.1.tgz. Extracting by manifest.
3483 silly tarball no local data for is-shared-array-buffer@https://registry.npmjs.org/is-shared-array-buffer/-/is-shared-array-buffer-1.0.4.tgz. Extracting by manifest.
3484 silly tarball no local data for is-typed-array@https://registry.npmjs.org/is-typed-array/-/is-typed-array-1.1.15.tgz. Extracting by manifest.
3485 silly tarball no local data for is-set@https://registry.npmjs.org/is-set/-/is-set-2.0.3.tgz. Extracting by manifest.
3486 silly tarball no local data for is-regex@https://registry.npmjs.org/is-regex/-/is-regex-1.2.1.tgz. Extracting by manifest.
3487 silly tarball no local data for is-negative-zero@https://registry.npmjs.org/is-negative-zero/-/is-negative-zero-2.0.3.tgz. Extracting by manifest.
3488 silly tarball no local data for is-callable@https://registry.npmjs.org/is-callable/-/is-callable-1.2.7.tgz. Extracting by manifest.
3489 silly tarball no local data for is-array-buffer@https://registry.npmjs.org/is-array-buffer/-/is-array-buffer-3.0.5.tgz. Extracting by manifest.
3490 silly tarball no local data for is-data-view@https://registry.npmjs.org/is-data-view/-/is-data-view-1.0.2.tgz. Extracting by manifest.
3491 silly tarball no local data for internal-slot@https://registry.npmjs.org/internal-slot/-/internal-slot-1.1.0.tgz. Extracting by manifest.
3492 silly tarball no local data for has-symbols@https://registry.npmjs.org/has-symbols/-/has-symbols-1.1.0.tgz. Extracting by manifest.
3493 silly tarball no local data for globalthis@https://registry.npmjs.org/globalthis/-/globalthis-1.0.4.tgz. Extracting by manifest.
3494 silly tarball no local data for has-proto@https://registry.npmjs.org/has-proto/-/has-proto-1.2.0.tgz. Extracting by manifest.
3495 silly tarball no local data for get-symbol-description@https://registry.npmjs.org/get-symbol-description/-/get-symbol-description-1.1.0.tgz. Extracting by manifest.
3496 silly tarball no local data for function.prototype.name@https://registry.npmjs.org/function.prototype.name/-/function.prototype.name-1.2.0.tgz. Extracting by manifest.
3497 silly tarball no local data for data-view-byte-offset@https://registry.npmjs.org/data-view-byte-offset/-/data-view-byte-offset-1.0.1.tgz. Extracting by manifest.
3498 silly tarball no local data for get-proto@https://registry.npmjs.org/get-proto/-/get-proto-1.0.1.tgz. Extracting by manifest.
3499 silly tarball no local data for data-view-byte-length@https://registry.npmjs.org/data-view-byte-length/-/data-view-byte-length-1.0.2.tgz. Extracting by manifest.
3500 silly tarball no local data for es-set-tostringtag@https://registry.npmjs.org/es-set-tostringtag/-/es-set-tostringtag-2.1.0.tgz. Extracting by manifest.
3501 silly tarball no local data for data-view-buffer@https://registry.npmjs.org/data-view-buffer/-/data-view-buffer-1.0.2.tgz. Extracting by manifest.
3502 silly tarball no local data for es-to-primitive@https://registry.npmjs.org/es-to-primitive/-/es-to-primitive-1.3.4.tgz. Extracting by manifest.
3503 silly tarball no local data for available-typed-arrays@https://registry.npmjs.org/available-typed-arrays/-/available-typed-arrays-1.0.7.tgz. Extracting by manifest.
3504 silly tarball no local data for array-buffer-byte-length@https://registry.npmjs.org/array-buffer-byte-length/-/array-buffer-byte-length-1.0.2.tgz. Extracting by manifest.
3505 silly tarball no local data for gopd@https://registry.npmjs.org/gopd/-/gopd-1.2.0.tgz. Extracting by manifest.
3506 silly tarball no local data for arraybuffer.prototype.slice@https://registry.npmjs.org/arraybuffer.prototype.slice/-/arraybuffer.prototype.slice-1.0.4.tgz. Extracting by manifest.
3507 silly tarball no local data for object-keys@https://registry.npmjs.org/object-keys/-/object-keys-1.1.1.tgz. Extracting by manifest.
3508 silly tarball no local data for define-data-property@https://registry.npmjs.org/define-data-property/-/define-data-property-1.1.4.tgz. Extracting by manifest.
3509 silly tarball no local data for has-property-descriptors@https://registry.npmjs.org/has-property-descriptors/-/has-property-descriptors-1.0.2.tgz. Extracting by manifest.
3510 silly tarball no local data for set-function-length@https://registry.npmjs.org/set-function-length/-/set-function-length-1.2.2.tgz. Extracting by manifest.
3511 silly tarball no local data for es-define-property@https://registry.npmjs.org/es-define-property/-/es-define-property-1.0.1.tgz. Extracting by manifest.
3512 silly tarball no local data for get-intrinsic@https://registry.npmjs.org/get-intrinsic/-/get-intrinsic-1.3.0.tgz. Extracting by manifest.
3513 silly tarball no local data for function-bind@https://registry.npmjs.org/function-bind/-/function-bind-1.1.2.tgz. Extracting by manifest.
3514 silly tarball no local data for call-bind-apply-helpers@https://registry.npmjs.org/call-bind-apply-helpers/-/call-bind-apply-helpers-1.0.2.tgz. Extracting by manifest.
3515 silly tarball no local data for es-errors@https://registry.npmjs.org/es-errors/-/es-errors-1.3.0.tgz. Extracting by manifest.
3516 silly tarball no local data for is-string@https://registry.npmjs.org/is-string/-/is-string-1.1.1.tgz. Extracting by manifest.
3517 silly tarball no local data for math-intrinsics@https://registry.npmjs.org/math-intrinsics/-/math-intrinsics-1.1.0.tgz. Extracting by manifest.
3518 silly tarball no local data for es-shim-unscopables@https://registry.npmjs.org/es-shim-unscopables/-/es-shim-unscopables-1.1.0.tgz. Extracting by manifest.
3519 silly tarball no local data for es-abstract@https://registry.npmjs.org/es-abstract/-/es-abstract-1.24.2.tgz. Extracting by manifest.
3520 silly tarball no local data for es-object-atoms@https://registry.npmjs.org/es-object-atoms/-/es-object-atoms-1.1.2.tgz. Extracting by manifest.
3521 silly tarball no local data for define-properties@https://registry.npmjs.org/define-properties/-/define-properties-1.2.1.tgz. Extracting by manifest.
3522 silly tarball no local data for call-bind@https://registry.npmjs.org/call-bind/-/call-bind-1.0.9.tgz. Extracting by manifest.
3523 silly tarball no local data for tsconfig-paths@https://registry.npmjs.org/tsconfig-paths/-/tsconfig-paths-3.15.0.tgz. Extracting by manifest.
3524 silly tarball no local data for call-bound@https://registry.npmjs.org/call-bound/-/call-bound-1.0.4.tgz. Extracting by manifest.
3525 silly tarball no local data for object.groupby@https://registry.npmjs.org/object.groupby/-/object.groupby-1.0.3.tgz. Extracting by manifest.
3526 silly tarball no local data for string.prototype.trimend@https://registry.npmjs.org/string.prototype.trimend/-/string.prototype.trimend-1.0.10.tgz. Extracting by manifest.
3527 silly tarball no local data for object.values@https://registry.npmjs.org/object.values/-/object.values-1.2.1.tgz. Extracting by manifest.
3528 silly tarball no local data for object.fromentries@https://registry.npmjs.org/object.fromentries/-/object.fromentries-2.0.8.tgz. Extracting by manifest.
3529 silly tarball no local data for hasown@https://registry.npmjs.org/hasown/-/hasown-2.0.4.tgz. Extracting by manifest.
3530 silly tarball no local data for eslint-module-utils@https://registry.npmjs.org/eslint-module-utils/-/eslint-module-utils-2.14.0.tgz. Extracting by manifest.
3531 silly tarball no local data for array.prototype.flatmap@https://registry.npmjs.org/array.prototype.flatmap/-/array.prototype.flatmap-1.3.3.tgz. Extracting by manifest.
3532 silly tarball no local data for array.prototype.flat@https://registry.npmjs.org/array.prototype.flat/-/array.prototype.flat-1.3.3.tgz. Extracting by manifest.
3533 silly tarball no local data for unrs-resolver@https://registry.npmjs.org/unrs-resolver/-/unrs-resolver-1.12.2.tgz. Extracting by manifest.
3534 silly tarball no local data for array.prototype.findlastindex@https://registry.npmjs.org/array.prototype.findlastindex/-/array.prototype.findlastindex-1.2.6.tgz. Extracting by manifest.
3535 silly tarball no local data for @rtsao/scc@https://registry.npmjs.org/@rtsao/scc/-/scc-1.1.0.tgz. Extracting by manifest.
3536 silly tarball no local data for stable-hash@https://registry.npmjs.org/stable-hash/-/stable-hash-0.0.5.tgz. Extracting by manifest.
3537 silly tarball no local data for array-includes@https://registry.npmjs.org/array-includes/-/array-includes-3.2.0.tgz. Extracting by manifest.
3538 silly tarball no local data for is-bun-module@https://registry.npmjs.org/is-bun-module/-/is-bun-module-2.0.0.tgz. Extracting by manifest.
3539 silly tarball no local data for get-tsconfig@https://registry.npmjs.org/get-tsconfig/-/get-tsconfig-4.14.3.tgz. Extracting by manifest.
3540 silly tarball no local data for @nolyfill/is-core-module@https://registry.npmjs.org/@nolyfill/is-core-module/-/is-core-module-1.0.39.tgz. Extracting by manifest.
3541 silly tarball no local data for resolve@https://registry.npmjs.org/resolve/-/resolve-2.0.0-next.7.tgz. Extracting by manifest.
3542 silly tarball no local data for @typescript-eslint/tsconfig-utils@https://registry.npmjs.org/@typescript-eslint/tsconfig-utils/-/tsconfig-utils-8.71.0.tgz. Extracting by manifest.
3543 silly tarball no local data for @typescript-eslint/project-service@https://registry.npmjs.org/@typescript-eslint/project-service/-/project-service-8.71.0.tgz. Extracting by manifest.
3544 silly tarball no local data for is-core-module@https://registry.npmjs.org/is-core-module/-/is-core-module-2.17.0.tgz. Extracting by manifest.
3545 silly tarball no local data for tinyglobby@https://registry.npmjs.org/tinyglobby/-/tinyglobby-0.2.17.tgz. Extracting by manifest.
3546 silly tarball no local data for @typescript-eslint/typescript-estree@https://registry.npmjs.org/@typescript-eslint/typescript-estree/-/typescript-estree-8.71.0.tgz. Extracting by manifest.
3547 silly tarball no local data for semver@https://registry.npmjs.org/semver/-/semver-7.8.5.tgz. Extracting by manifest.
3548 silly tarball no local data for @typescript-eslint/types@https://registry.npmjs.org/@typescript-eslint/types/-/types-8.71.0.tgz. Extracting by manifest.
3549 silly tarball no local data for @typescript-eslint/visitor-keys@https://registry.npmjs.org/@typescript-eslint/visitor-keys/-/visitor-keys-8.71.0.tgz. Extracting by manifest.
3550 silly tarball no local data for @typescript-eslint/utils@https://registry.npmjs.org/@typescript-eslint/utils/-/utils-8.71.0.tgz. Extracting by manifest.
3551 silly tarball no local data for @typescript-eslint/type-utils@https://registry.npmjs.org/@typescript-eslint/type-utils/-/type-utils-8.71.0.tgz. Extracting by manifest.
3552 silly tarball no local data for ts-api-utils@https://registry.npmjs.org/ts-api-utils/-/ts-api-utils-2.5.0.tgz. Extracting by manifest.
3553 silly tarball no local data for @typescript-eslint/scope-manager@https://registry.npmjs.org/@typescript-eslint/scope-manager/-/scope-manager-8.71.0.tgz. Extracting by manifest.
3554 silly tarball no local data for fast-glob@https://registry.npmjs.org/fast-glob/-/fast-glob-3.3.1.tgz. Extracting by manifest.
3555 silly tarball no local data for eslint-plugin-jsx-a11y@https://registry.npmjs.org/eslint-plugin-jsx-a11y/-/eslint-plugin-jsx-a11y-6.10.2.tgz. Extracting by manifest.
3556 silly tarball no local data for @typescript-eslint/parser@https://registry.npmjs.org/@typescript-eslint/parser/-/parser-8.71.0.tgz. Extracting by manifest.
3557 silly tarball no local data for eslint-plugin-react-hooks@https://registry.npmjs.org/eslint-plugin-react-hooks/-/eslint-plugin-react-hooks-5.2.0.tgz. Extracting by manifest.
3558 silly tarball no local data for eslint-plugin-react@https://registry.npmjs.org/eslint-plugin-react/-/eslint-plugin-react-7.37.5.tgz. Extracting by manifest.
3559 silly tarball no local data for eslint-import-resolver-typescript@https://registry.npmjs.org/eslint-import-resolver-typescript/-/eslint-import-resolver-typescript-3.10.1.tgz. Extracting by manifest.
3560 silly tarball no local data for eslint-plugin-import@https://registry.npmjs.org/eslint-plugin-import/-/eslint-plugin-import-2.32.0.tgz. Extracting by manifest.
3561 silly tarball no local data for eslint-import-resolver-node@https://registry.npmjs.org/eslint-import-resolver-node/-/eslint-import-resolver-node-0.3.10.tgz. Extracting by manifest.
3562 silly tarball no local data for @next/eslint-plugin-next@https://registry.npmjs.org/@next/eslint-plugin-next/-/eslint-plugin-next-15.5.26.tgz. Extracting by manifest.
3563 silly tarball no local data for @typescript-eslint/eslint-plugin@https://registry.npmjs.org/@typescript-eslint/eslint-plugin/-/eslint-plugin-8.71.0.tgz. Extracting by manifest.
3564 silly tarball no local data for ms@https://registry.npmjs.org/ms/-/ms-2.1.3.tgz. Extracting by manifest.
3565 silly tarball no local data for @rushstack/eslint-patch@https://registry.npmjs.org/@rushstack/eslint-patch/-/eslint-patch-1.16.1.tgz. Extracting by manifest.
3566 silly tarball no local data for which@https://registry.npmjs.org/which/-/which-2.0.2.tgz. Extracting by manifest.
3567 silly tarball no local data for path-key@https://registry.npmjs.org/path-key/-/path-key-3.1.1.tgz. Extracting by manifest.
3568 silly tarball no local data for color-convert@https://registry.npmjs.org/color-convert/-/color-convert-2.0.1.tgz. Extracting by manifest.
3569 silly tarball no local data for color-name@https://registry.npmjs.org/color-name/-/color-name-1.1.4.tgz. Extracting by manifest.
3570 silly tarball no local data for shebang-command@https://registry.npmjs.org/shebang-command/-/shebang-command-2.0.0.tgz. Extracting by manifest.
3571 silly tarball no local data for ansi-styles@https://registry.npmjs.org/ansi-styles/-/ansi-styles-4.3.0.tgz. Extracting by manifest.
3572 silly tarball no local data for supports-color@https://registry.npmjs.org/supports-color/-/supports-color-7.2.0.tgz. Extracting by manifest.
3573 silly tarball no local data for json-schema-traverse@https://registry.npmjs.org/json-schema-traverse/-/json-schema-traverse-0.4.1.tgz. Extracting by manifest.
3574 silly tarball no local data for @nodelib/fs.stat@https://registry.npmjs.org/@nodelib/fs.stat/-/fs.stat-2.0.5.tgz. Extracting by manifest.
3575 silly tarball no local data for uri-js@https://registry.npmjs.org/uri-js/-/uri-js-4.4.1.tgz. Extracting by manifest.
3576 silly tarball no local data for run-parallel@https://registry.npmjs.org/run-parallel/-/run-parallel-1.2.0.tgz. Extracting by manifest.
3577 silly tarball no local data for fastq@https://registry.npmjs.org/fastq/-/fastq-1.20.3.tgz. Extracting by manifest.
3578 silly tarball no local data for @nodelib/fs.scandir@https://registry.npmjs.org/@nodelib/fs.scandir/-/fs.scandir-2.1.5.tgz. Extracting by manifest.
3579 silly tarball no local data for strip-json-comments@https://registry.npmjs.org/strip-json-comments/-/strip-json-comments-3.1.1.tgz. Extracting by manifest.
3580 silly tarball no local data for fast-json-stable-stringify@https://registry.npmjs.org/fast-json-stable-stringify/-/fast-json-stable-stringify-2.1.0.tgz. Extracting by manifest.
3581 silly tarball no local data for @humanwhocodes/object-schema@https://registry.npmjs.org/@humanwhocodes/object-schema/-/object-schema-2.0.3.tgz. Extracting by manifest.
3582 silly tarball no local data for import-fresh@https://registry.npmjs.org/import-fresh/-/import-fresh-3.3.1.tgz. Extracting by manifest.
3583 silly tarball no local data for text-table@https://registry.npmjs.org/text-table/-/text-table-0.2.0.tgz. Extracting by manifest.
3584 silly tarball no local data for strip-ansi@https://registry.npmjs.org/strip-ansi/-/strip-ansi-6.0.1.tgz. Extracting by manifest.
3585 silly tarball no local data for optionator@https://registry.npmjs.org/optionator/-/optionator-0.9.4.tgz. Extracting by manifest.
3586 silly tarball no local data for minimatch@https://registry.npmjs.org/minimatch/-/minimatch-3.1.5.tgz. Extracting by manifest.
3587 silly tarball no local data for natural-compare@https://registry.npmjs.org/natural-compare/-/natural-compare-1.4.0.tgz. Extracting by manifest.
3588 silly tarball no local data for levn@https://registry.npmjs.org/levn/-/levn-0.4.1.tgz. Extracting by manifest.
3589 silly tarball no local data for lodash.merge@https://registry.npmjs.org/lodash.merge/-/lodash.merge-4.6.2.tgz. Extracting by manifest.
3590 silly tarball no local data for js-yaml@https://registry.npmjs.org/js-yaml/-/js-yaml-4.3.2.tgz. Extracting by manifest.
3591 silly tarball no local data for is-path-inside@https://registry.npmjs.org/is-path-inside/-/is-path-inside-3.0.3.tgz. Extracting by manifest.
3592 silly tarball no local data for imurmurhash@https://registry.npmjs.org/imurmurhash/-/imurmurhash-0.1.4.tgz. Extracting by manifest.
3593 silly tarball no local data for is-glob@https://registry.npmjs.org/is-glob/-/is-glob-4.0.3.tgz. Extracting by manifest.
3594 silly tarball no local data for ignore@https://registry.npmjs.org/ignore/-/ignore-5.3.2.tgz. Extracting by manifest.
3595 silly tarball no local data for graphemer@https://registry.npmjs.org/graphemer/-/graphemer-1.4.0.tgz. Extracting by manifest.
3596 silly tarball no local data for json-stable-stringify-without-jsonify@https://registry.npmjs.org/json-stable-stringify-without-jsonify/-/json-stable-stringify-without-jsonify-1.0.1.tgz. Extracting by manifest.
3597 silly tarball no local data for globals@https://registry.npmjs.org/globals/-/globals-13.24.0.tgz. Extracting by manifest.
3598 silly tarball no local data for find-up@https://registry.npmjs.org/find-up/-/find-up-5.0.0.tgz. Extracting by manifest.
3599 silly tarball no local data for glob-parent@https://registry.npmjs.org/glob-parent/-/glob-parent-6.0.2.tgz. Extracting by manifest.
3600 silly tarball no local data for file-entry-cache@https://registry.npmjs.org/file-entry-cache/-/file-entry-cache-6.0.1.tgz. Extracting by manifest.
3601 silly tarball no local data for fast-deep-equal@https://registry.npmjs.org/fast-deep-equal/-/fast-deep-equal-3.1.3.tgz. Extracting by manifest.
3602 silly tarball no local data for esutils@https://registry.npmjs.org/esutils/-/esutils-2.0.3.tgz. Extracting by manifest.
3603 silly tarball no local data for esquery@https://registry.npmjs.org/esquery/-/esquery-1.7.0.tgz. Extracting by manifest.
3604 silly tarball no local data for espree@https://registry.npmjs.org/espree/-/espree-9.6.1.tgz. Extracting by manifest.
3605 silly tarball no local data for eslint-visitor-keys@https://registry.npmjs.org/eslint-visitor-keys/-/eslint-visitor-keys-3.4.3.tgz. Extracting by manifest.
3606 silly tarball no local data for eslint-scope@https://registry.npmjs.org/eslint-scope/-/eslint-scope-7.2.2.tgz. Extracting by manifest.
3607 silly tarball no local data for escape-string-regexp@https://registry.npmjs.org/escape-string-regexp/-/escape-string-regexp-4.0.0.tgz. Extracting by manifest.
3608 silly tarball no local data for doctrine@https://registry.npmjs.org/doctrine/-/doctrine-3.0.0.tgz. Extracting by manifest.
3609 silly tarball no local data for debug@https://registry.npmjs.org/debug/-/debug-4.4.3.tgz. Extracting by manifest.
3610 silly tarball no local data for cross-spawn@https://registry.npmjs.org/cross-spawn/-/cross-spawn-7.0.6.tgz. Extracting by manifest.
3611 silly tarball no local data for chalk@https://registry.npmjs.org/chalk/-/chalk-4.1.2.tgz. Extracting by manifest.
3612 silly tarball no local data for ajv@https://registry.npmjs.org/ajv/-/ajv-6.15.0.tgz. Extracting by manifest.
3613 silly tarball no local data for @ungap/structured-clone@https://registry.npmjs.org/@ungap/structured-clone/-/structured-clone-1.4.0.tgz. Extracting by manifest.
3614 silly tarball no local data for @eslint/js@https://registry.npmjs.org/@eslint/js/-/js-8.57.1.tgz. Extracting by manifest.
3615 silly tarball no local data for @nodelib/fs.walk@https://registry.npmjs.org/@nodelib/fs.walk/-/fs.walk-1.2.8.tgz. Extracting by manifest.
3616 silly tarball no local data for @humanwhocodes/module-importer@https://registry.npmjs.org/@humanwhocodes/module-importer/-/module-importer-1.0.1.tgz. Extracting by manifest.
3617 silly tarball no local data for @eslint-community/regexpp@https://registry.npmjs.org/@eslint-community/regexpp/-/regexpp-4.12.2.tgz. Extracting by manifest.
3618 silly tarball no local data for @humanwhocodes/config-array@https://registry.npmjs.org/@humanwhocodes/config-array/-/config-array-0.13.0.tgz. Extracting by manifest.
3619 silly tarball no local data for @eslint/eslintrc@https://registry.npmjs.org/@eslint/eslintrc/-/eslintrc-2.1.4.tgz. Extracting by manifest.
3620 silly tarball no local data for @eslint-community/eslint-utils@https://registry.npmjs.org/@eslint-community/eslint-utils/-/eslint-utils-4.10.1.tgz. Extracting by manifest.
3621 silly tarball no local data for update-browserslist-db@https://registry.npmjs.org/update-browserslist-db/-/update-browserslist-db-1.3.3.tgz. Extracting by manifest.
3622 silly tarball no local data for node-releases@https://registry.npmjs.org/node-releases/-/node-releases-2.0.57.tgz. Extracting by manifest.
3623 silly tarball no local data for electron-to-chromium@https://registry.npmjs.org/electron-to-chromium/-/electron-to-chromium-1.5.442.tgz. Extracting by manifest.
3624 silly tarball no local data for baseline-browser-mapping@https://registry.npmjs.org/baseline-browser-mapping/-/baseline-browser-mapping-2.11.26.tgz. Extracting by manifest.
3625 silly tarball no local data for postcss-value-parser@https://registry.npmjs.org/postcss-value-parser/-/postcss-value-parser-4.2.0.tgz. Extracting by manifest.
3626 silly tarball no local data for fraction.js@https://registry.npmjs.org/fraction.js/-/fraction.js-5.3.4.tgz. Extracting by manifest.
3627 silly tarball no local data for caniuse-lite@https://registry.npmjs.org/caniuse-lite/-/caniuse-lite-1.0.30001814.tgz. Extracting by manifest.
3628 silly tarball no local data for @supabase/phoenix@https://registry.npmjs.org/@supabase/phoenix/-/phoenix-0.4.5.tgz. Extracting by manifest.
3629 silly tarball no local data for browserslist@https://registry.npmjs.org/browserslist/-/browserslist-4.29.3.tgz. Extracting by manifest.
3630 silly tarball no local data for csstype@https://registry.npmjs.org/csstype/-/csstype-3.2.3.tgz. Extracting by manifest.
3631 silly tarball no local data for undici-types@https://registry.npmjs.org/undici-types/-/undici-types-6.21.0.tgz. Extracting by manifest.
3632 silly tarball no local data for picocolors@https://registry.npmjs.org/picocolors/-/picocolors-1.1.1.tgz. Extracting by manifest.
3633 silly tarball no local data for @supabase/storage-js@https://registry.npmjs.org/@supabase/storage-js/-/storage-js-2.117.2.tgz. Extracting by manifest.
3634 silly tarball no local data for iceberg-js@https://registry.npmjs.org/iceberg-js/-/iceberg-js-0.8.1.tgz. Extracting by manifest.
3635 silly tarball no local data for tslib@https://registry.npmjs.org/tslib/-/tslib-2.8.1.tgz. Extracting by manifest.
3636 silly tarball no local data for @supabase/postgrest-js@https://registry.npmjs.org/@supabase/postgrest-js/-/postgrest-js-2.117.2.tgz. Extracting by manifest.
3637 silly tarball no local data for @supabase/realtime-js@https://registry.npmjs.org/@supabase/realtime-js/-/realtime-js-2.117.2.tgz. Extracting by manifest.
3638 silly tarball no local data for cookie@https://registry.npmjs.org/cookie/-/cookie-0.7.2.tgz. Extracting by manifest.
3639 silly tarball no local data for @supabase/functions-js@https://registry.npmjs.org/@supabase/functions-js/-/functions-js-2.117.2.tgz. Extracting by manifest.
3640 silly tarball no local data for @supabase/auth-js@https://registry.npmjs.org/@supabase/auth-js/-/auth-js-2.117.2.tgz. Extracting by manifest.
3641 silly tarball no local data for @types/cookie@https://registry.npmjs.org/@types/cookie/-/cookie-0.6.0.tgz. Extracting by manifest.
3642 silly tarball no local data for zod@https://registry.npmjs.org/zod/-/zod-3.25.76.tgz. Extracting by manifest.
3643 silly tarball no local data for typescript@https://registry.npmjs.org/typescript/-/typescript-5.9.3.tgz. Extracting by manifest.
3644 silly tarball no local data for tailwindcss@https://registry.npmjs.org/tailwindcss/-/tailwindcss-3.4.19.tgz. Extracting by manifest.
3645 silly tarball no local data for recharts@https://registry.npmjs.org/recharts/-/recharts-2.15.4.tgz. Extracting by manifest.
3646 silly tarball no local data for react-dom@https://registry.npmjs.org/react-dom/-/react-dom-19.3.0.tgz. Extracting by manifest.
3647 silly tarball no local data for qrcode@https://registry.npmjs.org/qrcode/-/qrcode-1.5.4.tgz. Extracting by manifest.
3648 silly tarball no local data for ua-parser-js@https://registry.npmjs.org/ua-parser-js/-/ua-parser-js-1.0.41.tgz. Extracting by manifest.
3649 silly tarball no local data for react@https://registry.npmjs.org/react/-/react-19.3.0.tgz. Extracting by manifest.
3650 silly tarball no local data for next@https://registry.npmjs.org/next/-/next-15.5.26.tgz. Extracting by manifest.
3651 silly tarball no local data for nanoid@https://registry.npmjs.org/nanoid/-/nanoid-5.1.16.tgz. Extracting by manifest.
3652 silly tarball no local data for eslint-config-next@https://registry.npmjs.org/eslint-config-next/-/eslint-config-next-15.5.26.tgz. Extracting by manifest.
3653 silly tarball no local data for eslint@https://registry.npmjs.org/eslint/-/eslint-8.57.1.tgz. Extracting by manifest.
3654 silly tarball no local data for @types/react-dom@https://registry.npmjs.org/@types/react-dom/-/react-dom-19.3.0.tgz. Extracting by manifest.
3655 silly tarball no local data for postcss@https://registry.npmjs.org/postcss/-/postcss-8.5.28.tgz. Extracting by manifest.
3656 silly tarball no local data for autoprefixer@https://registry.npmjs.org/autoprefixer/-/autoprefixer-10.6.1.tgz. Extracting by manifest.
3657 silly tarball no local data for @types/react@https://registry.npmjs.org/@types/react/-/react-19.3.0.tgz. Extracting by manifest.
3658 silly tarball no local data for @types/node@https://registry.npmjs.org/@types/node/-/node-20.19.43.tgz. Extracting by manifest.
3659 silly tarball no local data for @supabase/supabase-js@https://registry.npmjs.org/@supabase/supabase-js/-/supabase-js-2.117.2.tgz. Extracting by manifest.
3660 silly tarball no local data for @types/qrcode@https://registry.npmjs.org/@types/qrcode/-/qrcode-1.5.6.tgz. Extracting by manifest.
3661 silly tarball no local data for @supabase/ssr@https://registry.npmjs.org/@supabase/ssr/-/ssr-0.5.2.tgz. Extracting by manifest.
3662 silly tarball no local data for emoji-regex@https://registry.npmjs.org/emoji-regex/-/emoji-regex-8.0.0.tgz. Extracting by manifest.
3663 silly tarball no local data for glob-parent@https://registry.npmjs.org/glob-parent/-/glob-parent-5.1.2.tgz. Extracting by manifest.
3664 silly tarball no local data for resolve@https://registry.npmjs.org/resolve/-/resolve-1.22.12.tgz. Extracting by manifest.
3665 silly tarball no local data for semver@https://registry.npmjs.org/semver/-/semver-6.3.1.tgz. Extracting by manifest.
3666 silly tarball no local data for p-limit@https://registry.npmjs.org/p-limit/-/p-limit-2.3.0.tgz. Extracting by manifest.
3667 silly tarball no local data for p-locate@https://registry.npmjs.org/p-locate/-/p-locate-4.1.0.tgz. Extracting by manifest.
3668 silly tarball no local data for locate-path@https://registry.npmjs.org/locate-path/-/locate-path-5.0.0.tgz. Extracting by manifest.
3669 silly tarball no local data for find-up@https://registry.npmjs.org/find-up/-/find-up-4.1.0.tgz. Extracting by manifest.
3670 silly tarball no local data for debug@https://registry.npmjs.org/debug/-/debug-3.2.7.tgz. Extracting by manifest.
3671 silly tarball no local data for balanced-match@https://registry.npmjs.org/balanced-match/-/balanced-match-4.0.4.tgz. Extracting by manifest.
3672 silly tarball no local data for picomatch@https://registry.npmjs.org/picomatch/-/picomatch-4.0.7.tgz. Extracting by manifest.
3673 silly tarball no local data for eslint-visitor-keys@https://registry.npmjs.org/eslint-visitor-keys/-/eslint-visitor-keys-5.0.1.tgz. Extracting by manifest.
3674 silly tarball no local data for fdir@https://registry.npmjs.org/fdir/-/fdir-6.5.0.tgz. Extracting by manifest.
3675 silly tarball no local data for minimatch@https://registry.npmjs.org/minimatch/-/minimatch-10.2.6.tgz. Extracting by manifest.
3676 silly tarball no local data for glob-parent@https://registry.npmjs.org/glob-parent/-/glob-parent-5.1.2.tgz. Extracting by manifest.
3677 silly tarball no local data for doctrine@https://registry.npmjs.org/doctrine/-/doctrine-2.1.0.tgz. Extracting by manifest.
3678 silly tarball no local data for semver@https://registry.npmjs.org/semver/-/semver-6.3.1.tgz. Extracting by manifest.
3679 silly tarball no local data for brace-expansion@https://registry.npmjs.org/brace-expansion/-/brace-expansion-5.0.12.tgz. Extracting by manifest.
3680 silly tarball no local data for debug@https://registry.npmjs.org/debug/-/debug-3.2.7.tgz. Extracting by manifest.
3681 silly tarball no local data for ignore@https://registry.npmjs.org/ignore/-/ignore-7.0.10.tgz. Extracting by manifest.
3682 silly tarball no local data for semver@https://registry.npmjs.org/semver/-/semver-6.3.1.tgz. Extracting by manifest.
3683 silly tarball no local data for doctrine@https://registry.npmjs.org/doctrine/-/doctrine-2.1.0.tgz. Extracting by manifest.
3684 silly tarball no local data for debug@https://registry.npmjs.org/debug/-/debug-3.2.7.tgz. Extracting by manifest.
3685 silly tarball no local data for resolve@https://registry.npmjs.org/resolve/-/resolve-1.22.12.tgz. Extracting by manifest.
3686 silly tarball no local data for glob-parent@https://registry.npmjs.org/glob-parent/-/glob-parent-5.1.2.tgz. Extracting by manifest.
3687 silly tarball no local data for react-is@https://registry.npmjs.org/react-is/-/react-is-18.3.1.tgz. Extracting by manifest.
3688 silly tarball no local data for fast-glob@https://registry.npmjs.org/fast-glob/-/fast-glob-3.3.3.tgz. Extracting by manifest.
3689 silly tarball no local data for nanoid@https://registry.npmjs.org/nanoid/-/nanoid-3.3.19.tgz. Extracting by manifest.
3690 silly tarball no local data for nanoid@https://registry.npmjs.org/nanoid/-/nanoid-3.3.19.tgz. Extracting by manifest.
3691 silly tarball no local data for postcss@https://registry.npmjs.org/postcss/-/postcss-8.4.31.tgz. Extracting by manifest.
3692 http fetch POST 200 https://registry.npmjs.org/-/npm/v1/security/advisories/bulk 1217ms
3693 silly audit report {
3693 silly audit report   postcss: [
3693 silly audit report     {
3693 silly audit report       id: 1130709,
3693 silly audit report       url: 'https://github.com/advisories/GHSA-fxqj-rqcc-2cmp',
3693 silly audit report       title: 'PostCSS: incomplete fix of GHSA-6g55-p6wh-862q — attacker-controlled sourceMappingURL reads arbitrary .map files when `from` is unset',
3693 silly audit report       severity: 'moderate',
3693 silly audit report       vulnerable_versions: '<=8.5.22',
3693 silly audit report       cwe: [Array],
3693 silly audit report       cvss: [Object]
3693 silly audit report     },
3693 silly audit report     {
3693 silly audit report       id: 1117015,
3693 silly audit report       url: 'https://github.com/advisories/GHSA-qx2v-qp2m-jg93',
3693 silly audit report       title: 'PostCSS has XSS via Unescaped </style> in its CSS Stringify Output',
3693 silly audit report       severity: 'moderate',
3693 silly audit report       vulnerable_versions: '<8.5.10',
3693 silly audit report       cwe: [Array],
3693 silly audit report       cvss: [Object]
3693 silly audit report     },
3693 silly audit report     {
3693 silly audit report       id: 1124252,
3693 silly audit report       url: 'https://github.com/advisories/GHSA-6g55-p6wh-862q',
3693 silly audit report       title: 'PostCSS: Arbitrary file read and information disclosure via attacker-controlled sourceMappingURL in CSS comments',
3693 silly audit report       severity: 'high',
3693 silly audit report       vulnerable_versions: '<=8.5.11',
3693 silly audit report       cwe: [Array],
3693 silly audit report       cvss: [Object]
3693 silly audit report     },
3693 silly audit report     {
3693 silly audit report       id: 1139510,
3693 silly audit report       url: 'https://github.com/advisories/GHSA-r28c-9q8g-f849',
3693 silly audit report       title: 'PostCSS: Path Traversal in Previous Source Map Auto-Loading (sourceMappingURL) leads to Arbitrary .map File Disclosure',
3693 silly audit report       severity: 'high',
3693 silly audit report       vulnerable_versions: '<=8.5.17',
3693 silly audit report       cwe: [Array],
3693 silly audit report       cvss: [Object]
3693 silly audit report     }
3693 silly audit report   ]
3693 silly audit report }
3694 silly packumentCache corgi:https://registry.npmjs.org/postcss cache-miss
3695 http fetch GET 200 https://registry.npmjs.org/wrap-ansi/-/wrap-ansi-6.2.0.tgz 597ms (cache miss)
3696 http fetch GET 200 https://registry.npmjs.org/camelcase/-/camelcase-5.3.1.tgz 601ms (cache miss)
3697 http fetch GET 200 https://registry.npmjs.org/y18n/-/y18n-4.0.3.tgz 597ms (cache miss)
3698 http fetch GET 200 https://registry.npmjs.org/is-fullwidth-code-point/-/is-fullwidth-code-point-3.0.0.tgz 602ms (cache miss)
3699 http fetch GET 200 https://registry.npmjs.org/string-width/-/string-width-4.2.3.tgz 603ms (cache miss)
3700 http fetch GET 200 https://registry.npmjs.org/p-try/-/p-try-2.2.0.tgz 610ms (cache miss)
3701 http fetch GET 200 https://registry.npmjs.org/yargs-parser/-/yargs-parser-18.1.3.tgz 609ms (cache miss)
3702 http fetch GET 200 https://registry.npmjs.org/is-weakset/-/is-weakset-2.0.4.tgz 638ms (cache miss)
3703 http fetch GET 200 https://registry.npmjs.org/async-function/-/async-function-1.0.0.tgz 685ms (cache miss)
3704 http fetch GET 200 https://registry.npmjs.org/is-finalizationregistry/-/is-finalizationregistry-1.1.1.tgz 768ms (cache miss)
3705 http fetch GET 200 https://registry.npmjs.org/generator-function/-/generator-function-2.0.1.tgz 772ms (cache miss)
3706 http fetch GET 200 https://registry.npmjs.org/which-collection/-/which-collection-1.0.2.tgz 776ms (cache miss)
3707 http fetch GET 200 https://registry.npmjs.org/is-map/-/is-map-2.0.3.tgz 785ms (cache miss)
3708 http fetch GET 200 https://registry.npmjs.org/is-generator-function/-/is-generator-function-1.1.2.tgz 815ms (cache miss)
3709 http fetch GET 200 https://registry.npmjs.org/is-async-function/-/is-async-function-2.1.1.tgz 912ms (cache miss)
3710 http fetch GET 200 https://registry.npmjs.org/is-number-object/-/is-number-object-1.1.1.tgz 923ms (cache miss)
3711 http fetch GET 200 https://registry.npmjs.org/isexe/-/isexe-2.0.0.tgz 980ms (cache miss)
3712 http fetch GET 200 https://registry.npmjs.org/is-bigint/-/is-bigint-1.1.0.tgz 1020ms (cache miss)
3713 http fetch GET 200 https://registry.npmjs.org/is-boolean-object/-/is-boolean-object-1.2.2.tgz 1026ms (cache miss)
3714 http fetch GET 200 https://registry.npmjs.org/@types/d3-color/-/d3-color-3.1.3.tgz 1022ms (cache miss)
3715 http fetch GET 200 https://registry.npmjs.org/d3-path/-/d3-path-3.1.0.tgz 1028ms (cache miss)
3716 http fetch GET 200 https://registry.npmjs.org/internmap/-/internmap-2.0.3.tgz 1072ms (cache miss)
3717 http fetch GET 200 https://registry.npmjs.org/d3-color/-/d3-color-3.1.0.tgz 1085ms (cache miss)
3718 http fetch GET 200 https://registry.npmjs.org/d3-timer/-/d3-timer-3.0.1.tgz 1093ms (cache miss)
3719 http fetch GET 200 https://registry.npmjs.org/d3-time-format/-/d3-time-format-4.1.0.tgz 1133ms (cache miss)
3720 http fetch GET 200 https://registry.npmjs.org/is-weakmap/-/is-weakmap-2.0.2.tgz 1149ms (cache miss)
3721 http fetch GET 200 https://registry.npmjs.org/d3-time/-/d3-time-3.1.0.tgz 1133ms (cache miss)
3722 http fetch GET 200 https://registry.npmjs.org/d3-ease/-/d3-ease-3.0.1.tgz 1179ms (cache miss)
3723 http fetch GET 200 https://registry.npmjs.org/d3-scale/-/d3-scale-4.0.2.tgz 1190ms (cache miss)
3724 http fetch GET 200 https://registry.npmjs.org/@types/d3-timer/-/d3-timer-3.0.2.tgz 1219ms (cache miss)
3725 http fetch GET 200 https://registry.npmjs.org/@types/d3-time/-/d3-time-3.0.4.tgz 1229ms (cache miss)
3726 http fetch GET 200 https://registry.npmjs.org/d3-interpolate/-/d3-interpolate-3.0.1.tgz 1272ms (cache miss)
3727 http fetch GET 200 https://registry.npmjs.org/d3-format/-/d3-format-3.1.2.tgz 1289ms (cache miss)
3728 http fetch GET 200 https://registry.npmjs.org/punycode/-/punycode-2.3.1.tgz 1288ms (cache miss)
3729 http fetch GET 200 https://registry.npmjs.org/@types/d3-interpolate/-/d3-interpolate-3.0.4.tgz 1307ms (cache miss)
3730 http fetch GET 200 https://registry.npmjs.org/@types/d3-scale/-/d3-scale-4.0.9.tgz 1316ms (cache miss)
3731 http fetch GET 200 https://registry.npmjs.org/@types/d3-ease/-/d3-ease-3.0.2.tgz 1330ms (cache miss)
3732 http fetch GET 200 https://registry.npmjs.org/@types/d3-shape/-/d3-shape-3.2.0.tgz 1337ms (cache miss)
3733 http fetch GET 200 https://registry.npmjs.org/@types/d3-array/-/d3-array-3.2.2.tgz 1335ms (cache miss)
3734 http fetch GET 200 https://registry.npmjs.org/d3-shape/-/d3-shape-3.2.0.tgz 1373ms (cache miss)
3735 http fetch GET 200 https://registry.npmjs.org/d3-array/-/d3-array-3.2.4.tgz 1391ms (cache miss)
3736 http fetch GET 200 https://registry.npmjs.org/escalade/-/escalade-3.2.0.tgz 1379ms (cache miss)
3737 http fetch GET 200 https://registry.npmjs.org/which-boxed-primitive/-/which-boxed-primitive-1.1.1.tgz 1390ms (cache miss)
3738 http fetch GET 200 https://registry.npmjs.org/set-blocking/-/set-blocking-2.0.0.tgz 1446ms (cache miss)
3739 http fetch GET 200 https://registry.npmjs.org/has-bigints/-/has-bigints-1.1.0.tgz 1410ms (cache miss)
3740 http fetch GET 200 https://registry.npmjs.org/which-builtin-type/-/which-builtin-type-1.2.1.tgz 1410ms (cache miss)
3741 http fetch GET 200 https://registry.npmjs.org/@types/d3-path/-/d3-path-3.1.1.tgz 1455ms (cache miss)
3742 http fetch GET 200 https://registry.npmjs.org/reflect.getprototypeof/-/reflect.getprototypeof-1.0.10.tgz 1437ms (cache miss)
3743 http fetch GET 200 https://registry.npmjs.org/napi-postinstall/-/napi-postinstall-0.3.4.tgz 1443ms (cache miss)
3744 http fetch GET 200 https://registry.npmjs.org/for-each/-/for-each-0.3.5.tgz 1463ms (cache miss)
3745 http fetch GET 200 https://registry.npmjs.org/strip-bom/-/strip-bom-3.0.0.tgz 1465ms (cache miss)
3746 http fetch GET 200 https://registry.npmjs.org/thenify/-/thenify-3.3.1.tgz 1519ms (cache miss)
3747 http fetch GET 200 https://registry.npmjs.org/@types/json5/-/json5-0.0.29.tgz 1523ms (cache miss)
3748 http fetch GET 200 https://registry.npmjs.org/is-number/-/is-number-7.0.0.tgz 1532ms (cache miss)
3749 http fetch GET 200 https://registry.npmjs.org/pirates/-/pirates-4.0.7.tgz 1533ms (cache miss)
3750 http fetch GET 200 https://registry.npmjs.org/any-promise/-/any-promise-1.3.0.tgz 1613ms (cache miss)
3751 http fetch GET 200 https://registry.npmjs.org/ts-interface-checker/-/ts-interface-checker-0.1.13.tgz 1670ms (cache miss)
3752 http fetch GET 200 https://registry.npmjs.org/@jridgewell/trace-mapping/-/trace-mapping-0.3.31.tgz 1690ms (cache miss)
3753 http fetch GET 200 https://registry.npmjs.org/@jridgewell/resolve-uri/-/resolve-uri-3.1.2.tgz 1708ms (cache miss)
3754 http fetch GET 200 https://registry.npmjs.org/mz/-/mz-2.7.0.tgz 1708ms (cache miss)
3755 http fetch GET 200 https://registry.npmjs.org/@jridgewell/sourcemap-codec/-/sourcemap-codec-1.6.0.tgz 1740ms (cache miss)
3756 http fetch GET 200 https://registry.npmjs.org/lines-and-columns/-/lines-and-columns-1.2.4.tgz 1741ms (cache miss)
3757 http fetch GET 200 https://registry.npmjs.org/commander/-/commander-4.1.1.tgz 1765ms (cache miss)
3758 http fetch GET 200 https://registry.npmjs.org/util-deprecate/-/util-deprecate-1.0.2.tgz 1794ms (cache miss)
3759 http fetch GET 200 https://registry.npmjs.org/cssesc/-/cssesc-3.0.0.tgz 1797ms (cache miss)
3760 http fetch GET 200 https://registry.npmjs.org/thenify-all/-/thenify-all-1.6.0.tgz 1852ms (cache miss)
3761 http fetch GET 200 https://registry.npmjs.org/minimist/-/minimist-1.2.8.tgz 1900ms (cache miss)
3762 http fetch GET 200 https://registry.npmjs.org/camelcase-css/-/camelcase-css-2.0.1.tgz 1955ms (cache miss)
3763 http fetch GET 200 https://registry.npmjs.org/read-cache/-/read-cache-1.0.2.tgz 1989ms (cache miss)
3764 http fetch GET 200 https://registry.npmjs.org/is-binary-path/-/is-binary-path-2.1.0.tgz 1989ms (cache miss)
3765 http fetch GET 200 https://registry.npmjs.org/binary-extensions/-/binary-extensions-2.3.0.tgz 2005ms (cache miss)
3766 http fetch GET 200 https://registry.npmjs.org/postcss-load-config/-/postcss-load-config-6.0.1.tgz 2100ms (cache miss)
3767 http fetch GET 200 https://registry.npmjs.org/@jridgewell/gen-mapping/-/gen-mapping-0.3.13.tgz 2165ms (cache miss)
3768 http fetch GET 200 https://registry.npmjs.org/postcss-nested/-/postcss-nested-6.2.0.tgz 2200ms (cache miss)
3769 http fetch GET 200 https://registry.npmjs.org/postcss-js/-/postcss-js-4.1.0.tgz 2220ms (cache miss)
3770 http fetch GET 200 https://registry.npmjs.org/anymatch/-/anymatch-3.1.3.tgz 2252ms (cache miss)
3771 http fetch GET 200 https://registry.npmjs.org/readdirp/-/readdirp-3.6.0.tgz 2263ms (cache miss)
3772 http fetch GET 200 https://registry.npmjs.org/postcss-import/-/postcss-import-15.1.0.tgz 2267ms (cache miss)
3773 http fetch GET 200 https://registry.npmjs.org/postcss-selector-parser/-/postcss-selector-parser-6.1.4.tgz 2272ms (cache miss)
3774 http fetch GET 200 https://registry.npmjs.org/object-hash/-/object-hash-3.0.0.tgz 2284ms (cache miss)
3775 http fetch GET 200 https://registry.npmjs.org/json5/-/json5-1.0.2.tgz 2340ms (cache miss)
3776 http fetch GET 200 https://registry.npmjs.org/normalize-path/-/normalize-path-3.0.0.tgz 2344ms (cache miss)
3777 http fetch GET 200 https://registry.npmjs.org/lilconfig/-/lilconfig-3.1.3.tgz 2371ms (cache miss)
3778 http fetch GET 200 https://registry.npmjs.org/@alloc/quick-lru/-/quick-lru-5.3.0.tgz 2444ms (cache miss)
3779 http fetch GET 200 https://registry.npmjs.org/has-flag/-/has-flag-4.0.0.tgz 2487ms (cache miss)
3780 http fetch GET 200 https://registry.npmjs.org/arg/-/arg-5.0.2.tgz 2494ms (cache miss)
3781 http fetch GET 200 https://registry.npmjs.org/side-channel-map/-/side-channel-map-1.0.1.tgz 2539ms (cache miss)
3782 http fetch GET 200 https://registry.npmjs.org/client-only/-/client-only-0.0.1.tgz 2566ms (cache miss)
3783 http fetch GET 200 https://registry.npmjs.org/dlv/-/dlv-1.1.3.tgz 2623ms (cache miss)
3784 http fetch GET 200 https://registry.npmjs.org/didyoumean/-/didyoumean-1.2.2.tgz 2631ms (cache miss)
3785 http fetch GET 200 https://registry.npmjs.org/side-channel-list/-/side-channel-list-1.0.1.tgz 2643ms (cache miss)
3786 http fetch GET 200 https://registry.npmjs.org/detect-libc/-/detect-libc-2.1.2.tgz 2737ms (cache miss)
3787 http fetch GET 200 https://registry.npmjs.org/isarray/-/isarray-2.0.5.tgz 2830ms (cache miss)
3788 http fetch GET 200 https://registry.npmjs.org/sucrase/-/sucrase-3.35.1.tgz 2915ms (cache miss)
3789 http fetch GET 200 https://registry.npmjs.org/shebang-regex/-/shebang-regex-3.0.0.tgz 2926ms (cache miss)
3790 http fetch GET 200 https://registry.npmjs.org/wrappy/-/wrappy-1.0.2.tgz 2954ms (cache miss)
3791 http fetch GET 200 https://registry.npmjs.org/side-channel-weakmap/-/side-channel-weakmap-1.0.2.tgz 3031ms (cache miss)
3792 http fetch GET 200 https://registry.npmjs.org/path-is-absolute/-/path-is-absolute-1.0.1.tgz 3049ms (cache miss)
3793 http fetch GET 200 https://registry.npmjs.org/once/-/once-1.4.0.tgz 3099ms (cache miss)
3794 http fetch GET 200 https://registry.npmjs.org/@img/colour/-/colour-1.1.0.tgz 3202ms (cache miss)
3795 http fetch GET 200 https://registry.npmjs.org/inherits/-/inherits-2.0.4.tgz 3232ms (cache miss)
3796 http fetch GET 200 https://registry.npmjs.org/chokidar/-/chokidar-3.6.0.tgz 3251ms (cache miss)
3797 http fetch GET 200 https://registry.npmjs.org/jiti/-/jiti-1.21.7.tgz 3262ms (cache miss)
3798 http fetch GET 200 https://registry.npmjs.org/inflight/-/inflight-1.0.6.tgz 3266ms (cache miss)
3799 warn deprecated inflight@1.0.6: This module is not supported, and leaks memory. Do not use it. Check out lru-cache if you want a good and tested way to coalesce async requests by a key value, which is much more comprehensive and powerful.
3800 http fetch GET 200 https://registry.npmjs.org/queue-microtask/-/queue-microtask-1.2.3.tgz 3300ms (cache miss)
3801 http fetch GET 200 https://registry.npmjs.org/supports-preserve-symlinks-flag/-/supports-preserve-symlinks-flag-1.0.0.tgz 3349ms (cache miss)
3802 http fetch GET 200 https://registry.npmjs.org/path-parse/-/path-parse-1.0.7.tgz 3359ms (cache miss)
3803 http fetch GET 200 https://registry.npmjs.org/glob/-/glob-7.2.3.tgz 3383ms (cache miss)
3804 warn deprecated glob@7.2.3: Old versions of glob are not supported, and contain widely publicized security vulnerabilities, which have been fixed in the current version. Please update. Support for old versions may be purchased (at exorbitant rates) by contacting i@izs.me
3805 http fetch GET 200 https://registry.npmjs.org/node-exports-info/-/node-exports-info-1.6.2.tgz 3556ms (cache miss)
3806 http fetch GET 200 https://registry.npmjs.org/fs.realpath/-/fs.realpath-1.0.0.tgz 3628ms (cache miss)
3807 http fetch GET 200 https://registry.npmjs.org/ansi-regex/-/ansi-regex-5.0.1.tgz 3784ms (cache miss)
3808 http fetch GET 200 https://registry.npmjs.org/fast-equals/-/fast-equals-5.4.3.tgz 3779ms (cache miss)
3809 http fetch GET 200 https://registry.npmjs.org/decimal.js-light/-/decimal.js-light-2.5.1.tgz 3935ms (cache miss)
3810 http fetch GET 200 https://registry.npmjs.org/eventemitter3/-/eventemitter3-4.0.7.tgz 3976ms (cache miss)
3811 http fetch GET 200 https://registry.npmjs.org/clsx/-/clsx-2.1.1.tgz 4284ms (cache miss)
3812 http fetch GET 200 https://registry.npmjs.org/@babel/runtime/-/runtime-7.29.7.tgz 4393ms (cache miss)
3813 http fetch GET 200 https://registry.npmjs.org/react-transition-group/-/react-transition-group-4.4.5.tgz 4420ms (cache miss)
3814 http fetch GET 200 https://registry.npmjs.org/scheduler/-/scheduler-0.28.0.tgz 4463ms (cache miss)
3815 http fetch GET 200 https://registry.npmjs.org/tiny-invariant/-/tiny-invariant-1.3.3.tgz 4585ms (cache miss)
3816 http fetch GET 200 https://registry.npmjs.org/dijkstrajs/-/dijkstrajs-1.0.3.tgz 4681ms (cache miss)
3817 http fetch GET 200 https://registry.npmjs.org/js-tokens/-/js-tokens-4.0.0.tgz 4711ms (cache miss)
3818 http fetch GET 200 https://registry.npmjs.org/loose-envify/-/loose-envify-1.4.0.tgz 4713ms (cache miss)
3819 http fetch GET 200 https://registry.npmjs.org/yargs/-/yargs-15.4.1.tgz 4744ms (cache miss)
3820 http fetch GET 200 https://registry.npmjs.org/object-assign/-/object-assign-4.1.1.tgz 4807ms (cache miss)
3821 http fetch GET 200 https://registry.npmjs.org/react-smooth/-/react-smooth-4.0.4.tgz 4822ms (cache miss)
3822 http fetch GET 200 https://registry.npmjs.org/dom-helpers/-/dom-helpers-5.2.1.tgz 4827ms (cache miss)
3823 http fetch GET 200 https://registry.npmjs.org/react-is/-/react-is-16.13.1.tgz 4913ms (cache miss)
3824 http fetch GET 200 https://registry.npmjs.org/source-map-js/-/source-map-js-1.2.1.tgz 4941ms (cache miss)
3825 http fetch GET 200 https://registry.npmjs.org/callsites/-/callsites-3.1.0.tgz 5019ms (cache miss)
3826 http fetch GET 200 https://registry.npmjs.org/yocto-queue/-/yocto-queue-0.1.0.tgz 5021ms (cache miss)
3827 http fetch GET 200 https://registry.npmjs.org/word-wrap/-/word-wrap-1.2.5.tgz 5131ms (cache miss)
3828 http fetch GET 200 https://registry.npmjs.org/deep-is/-/deep-is-0.1.4.tgz 5153ms (cache miss)
3829 http fetch GET 200 https://registry.npmjs.org/victory-vendor/-/victory-vendor-36.9.2.tgz 5285ms (cache miss)
3830 http fetch GET 200 https://registry.npmjs.org/p-limit/-/p-limit-3.1.0.tgz 5320ms (cache miss)
3831 http fetch GET 200 https://registry.npmjs.org/fast-levenshtein/-/fast-levenshtein-2.0.6.tgz 5325ms (cache miss)
3832 http fetch GET 200 https://registry.npmjs.org/recharts-scale/-/recharts-scale-0.4.5.tgz 6232ms (cache miss)
3833 http fetch GET 200 https://registry.npmjs.org/@unrs/resolver-binding-win32-x64-msvc/-/resolver-binding-win32-x64-msvc-1.12.2.tgz 6313ms (cache miss)
3834 http fetch GET 200 https://registry.npmjs.org/concat-map/-/concat-map-0.0.1.tgz 6524ms (cache miss)
3835 http fetch GET 200 https://registry.npmjs.org/balanced-match/-/balanced-match-1.0.2.tgz 6566ms (cache miss)
3836 http fetch GET 200 https://registry.npmjs.org/pngjs/-/pngjs-5.0.0.tgz 6582ms (cache miss)
3837 http fetch GET 200 https://registry.npmjs.org/@next/env/-/env-15.5.26.tgz 6681ms (cache miss)
3838 http fetch GET 200 https://registry.npmjs.org/to-regex-range/-/to-regex-range-5.0.1.tgz 6802ms (cache miss)
3839 http fetch GET 200 https://registry.npmjs.org/brace-expansion/-/brace-expansion-1.1.21.tgz 6876ms (cache miss)
3840 http fetch GET 200 https://registry.npmjs.org/picomatch/-/picomatch-2.3.2.tgz 7085ms (cache miss)
3841 http fetch GET 200 https://registry.npmjs.org/p-locate/-/p-locate-5.0.0.tgz 7156ms (cache miss)
3842 http fetch GET 200 https://registry.npmjs.org/prelude-ls/-/prelude-ls-1.2.1.tgz 7368ms (cache miss)
3843 http fetch GET 200 https://registry.npmjs.org/type-check/-/type-check-0.4.0.tgz 7481ms (cache miss)
3844 http fetch GET 200 https://registry.npmjs.org/sharp/-/sharp-0.35.5.tgz 7548ms (cache miss)
3845 http fetch GET 200 https://registry.npmjs.org/@swc/helpers/-/helpers-0.5.15.tgz 7614ms (cache miss)
3846 http fetch GET 200 https://registry.npmjs.org/json-buffer/-/json-buffer-3.0.1.tgz 7810ms (cache miss)
3847 http fetch GET 200 https://registry.npmjs.org/set-function-name/-/set-function-name-2.0.2.tgz 7856ms (cache miss)
3848 http fetch GET 200 https://registry.npmjs.org/styled-jsx/-/styled-jsx-5.1.6.tgz 7985ms (cache miss)
3849 http fetch GET 200 https://registry.npmjs.org/argparse/-/argparse-2.0.1.tgz 8092ms (cache miss)
3850 http fetch GET 200 https://registry.npmjs.org/braces/-/braces-3.0.3.tgz 8124ms (cache miss)
3851 http fetch GET 200 https://registry.npmjs.org/is-extglob/-/is-extglob-2.1.1.tgz 8142ms (cache miss)
3852 http fetch GET 200 https://registry.npmjs.org/side-channel/-/side-channel-1.1.1.tgz 8206ms (cache miss)
3853 http fetch GET 200 https://registry.npmjs.org/lodash/-/lodash-4.18.1.tgz 8348ms (cache miss)
3854 http fetch GET 200 https://registry.npmjs.org/fill-range/-/fill-range-7.1.1.tgz 8361ms (cache miss)
3855 http fetch GET 200 https://registry.npmjs.org/resolve-from/-/resolve-from-4.0.0.tgz 9069ms (cache miss)
3856 http fetch GET 200 https://registry.npmjs.org/resolve-pkg-maps/-/resolve-pkg-maps-1.0.0.tgz 9113ms (cache miss)
3857 http fetch GET 200 https://registry.npmjs.org/is-document.all/-/is-document.all-1.0.0.tgz 9142ms (cache miss)
3858 http fetch GET 200 https://registry.npmjs.org/parent-module/-/parent-module-1.0.1.tgz 9205ms (cache miss)
3859 http fetch GET 200 https://registry.npmjs.org/dunder-proto/-/dunder-proto-1.0.1.tgz 9254ms (cache miss)
3860 http fetch GET 200 https://registry.npmjs.org/rimraf/-/rimraf-3.0.2.tgz 9418ms (cache miss)
3861 http fetch GET 200 https://registry.npmjs.org/functions-have-names/-/functions-have-names-1.2.3.tgz 9437ms (cache miss)
3862 warn deprecated rimraf@3.0.2: Rimraf versions prior to v4 are no longer supported
3863 http fetch GET 200 https://registry.npmjs.org/path-exists/-/path-exists-4.0.0.tgz 9456ms (cache miss)
3864 http fetch GET 200 https://registry.npmjs.org/language-subtag-registry/-/language-subtag-registry-0.3.23.tgz 9490ms (cache miss)
3865 http fetch GET 200 https://registry.npmjs.org/flat-cache/-/flat-cache-3.2.0.tgz 9587ms (cache miss)
3866 http fetch GET 200 https://registry.npmjs.org/keyv/-/keyv-4.5.4.tgz 9759ms (cache miss)
3867 http fetch GET 200 https://registry.npmjs.org/locate-path/-/locate-path-6.0.0.tgz 9777ms (cache miss)
3868 http fetch GET 200 https://registry.npmjs.org/micromatch/-/micromatch-4.0.8.tgz 9798ms (cache miss)
3869 http fetch GET 200 https://registry.npmjs.org/reusify/-/reusify-1.1.0.tgz 9805ms (cache miss)
3870 http fetch GET 200 https://registry.npmjs.org/merge2/-/merge2-1.4.1.tgz 9900ms (cache miss)
3871 http fetch GET 200 https://registry.npmjs.org/acorn-jsx/-/acorn-jsx-5.3.2.tgz 10154ms (cache miss)
3872 http fetch GET 200 https://registry.npmjs.org/string.prototype.repeat/-/string.prototype.repeat-1.0.0.tgz 10241ms (cache miss)
3873 http fetch GET 200 https://registry.npmjs.org/esrecurse/-/esrecurse-4.3.0.tgz 10278ms (cache miss)
3874 http fetch GET 200 https://registry.npmjs.org/flatted/-/flatted-3.4.4.tgz 10295ms (cache miss)
3875 http fetch GET 200 https://registry.npmjs.org/iterator.prototype/-/iterator.prototype-1.1.5.tgz 10577ms (cache miss)
3876 http fetch GET 200 https://registry.npmjs.org/object.entries/-/object.entries-1.1.9.tgz 10742ms (cache miss)
3877 http fetch GET 200 https://registry.npmjs.org/string.prototype.matchall/-/string.prototype.matchall-4.1.0.tgz 10755ms (cache miss)
3878 http fetch GET 200 https://registry.npmjs.org/prop-types/-/prop-types-15.8.1.tgz 10777ms (cache miss)
3879 http fetch GET 200 https://registry.npmjs.org/array.prototype.tosorted/-/array.prototype.tosorted-1.1.4.tgz 10909ms (cache miss)
3880 http fetch GET 200 https://registry.npmjs.org/array.prototype.findlast/-/array.prototype.findlast-1.2.5.tgz 11067ms (cache miss)
3881 http fetch GET 200 https://registry.npmjs.org/estraverse/-/estraverse-5.3.0.tgz 11086ms (cache miss)
3882 http fetch GET 200 https://registry.npmjs.org/language-tags/-/language-tags-1.0.9.tgz 11125ms (cache miss)
3883 http fetch GET 200 https://registry.npmjs.org/string.prototype.includes/-/string.prototype.includes-2.0.1.tgz 11209ms (cache miss)
3884 http fetch GET https://registry.npmjs.org/require-directory/-/require-directory-2.1.1.tgz attempt 1 failed with ECONNRESET
3885 http fetch GET https://registry.npmjs.org/which-module/-/which-module-2.0.1.tgz attempt 1 failed with ECONNRESET
3886 http fetch GET https://registry.npmjs.org/get-caller-file/-/get-caller-file-2.0.5.tgz attempt 1 failed with ECONNRESET
3887 http fetch GET https://registry.npmjs.org/cliui/-/cliui-6.0.0.tgz attempt 1 failed with ECONNRESET
3888 http fetch GET https://registry.npmjs.org/decamelize/-/decamelize-1.2.0.tgz attempt 1 failed with ECONNRESET
3889 http fetch GET https://registry.npmjs.org/require-main-filename/-/require-main-filename-2.0.0.tgz attempt 1 failed with ECONNRESET
3890 http fetch GET 200 https://registry.npmjs.org/type-fest/-/type-fest-0.20.2.tgz 11528ms (cache miss)
3891 http fetch GET 200 https://registry.npmjs.org/damerau-levenshtein/-/damerau-levenshtein-1.0.8.tgz 11503ms (cache miss)
3892 http fetch GET 200 https://registry.npmjs.org/ast-types-flow/-/ast-types-flow-0.0.8.tgz 11552ms (cache miss)
3893 http fetch GET 200 https://registry.npmjs.org/es-iterator-helpers/-/es-iterator-helpers-1.4.0.tgz 11832ms (cache miss)
3894 http fetch GET 200 https://registry.npmjs.org/unbox-primitive/-/unbox-primitive-1.1.0.tgz 11884ms (cache miss)
3895 http fetch GET 200 https://registry.npmjs.org/which-typed-array/-/which-typed-array-1.1.24.tgz 11961ms (cache miss)
3896 http fetch GET 200 https://registry.npmjs.org/typed-array-length/-/typed-array-length-1.0.8.tgz 12080ms (cache miss)
3897 http fetch GET 200 https://registry.npmjs.org/typed-array-byte-length/-/typed-array-byte-length-1.0.3.tgz 12262ms (cache miss)
3898 http fetch GET 200 https://registry.npmjs.org/typed-array-byte-offset/-/typed-array-byte-offset-1.0.5.tgz 12307ms (cache miss)
3899 http fetch GET 200 https://registry.npmjs.org/jsx-ast-utils/-/jsx-ast-utils-3.3.5.tgz 12353ms (cache miss)
3900 http fetch GET 200 https://registry.npmjs.org/string.prototype.trimstart/-/string.prototype.trimstart-1.0.8.tgz 12367ms (cache miss)
3901 http fetch GET 200 https://registry.npmjs.org/emoji-regex/-/emoji-regex-9.2.2.tgz 12386ms (cache miss)
3902 http fetch GET 200 https://registry.npmjs.org/axobject-query/-/axobject-query-4.1.0.tgz 13006ms (cache miss)
3903 http fetch GET 200 https://registry.npmjs.org/set-proto/-/set-proto-1.0.0.tgz 13051ms (cache miss)
3904 http fetch GET 200 https://registry.npmjs.org/typed-array-buffer/-/typed-array-buffer-1.0.3.tgz 13067ms (cache miss)
3905 http fetch GET 200 https://registry.npmjs.org/safe-regex-test/-/safe-regex-test-1.1.0.tgz 13202ms (cache miss)
3906 http fetch GET 200 https://registry.npmjs.org/string.prototype.trim/-/string.prototype.trim-1.2.11.tgz 13253ms (cache miss)
3907 http fetch GET 200 https://registry.npmjs.org/safe-push-apply/-/safe-push-apply-1.0.0.tgz 13272ms (cache miss)
3908 http fetch GET 200 https://registry.npmjs.org/stop-iteration-iterator/-/stop-iteration-iterator-1.1.0.tgz 13278ms (cache miss)
3909 http fetch GET 200 https://registry.npmjs.org/safe-array-concat/-/safe-array-concat-1.1.4.tgz 13285ms (cache miss)
3910 http fetch GET 200 https://registry.npmjs.org/aria-query/-/aria-query-5.3.2.tgz 13325ms (cache miss)
3911 http fetch GET 200 https://registry.npmjs.org/is-shared-array-buffer/-/is-shared-array-buffer-1.0.4.tgz 13391ms (cache miss)
3912 http fetch GET 200 https://registry.npmjs.org/is-weakref/-/is-weakref-1.1.1.tgz 13437ms (cache miss)
3913 http fetch GET 200 https://registry.npmjs.org/regexp.prototype.flags/-/regexp.prototype.flags-1.5.4.tgz 13571ms (cache miss)
3914 http fetch GET 200 https://registry.npmjs.org/is-set/-/is-set-2.0.3.tgz 13634ms (cache miss)
3915 http fetch GET 200 https://registry.npmjs.org/own-keys/-/own-keys-1.0.2.tgz 13650ms (cache miss)
3916 http fetch GET 200 https://registry.npmjs.org/object-inspect/-/object-inspect-1.13.4.tgz 13717ms (cache miss)
3917 http fetch GET 200 https://registry.npmjs.org/is-negative-zero/-/is-negative-zero-2.0.3.tgz 13935ms (cache miss)
3918 http fetch GET 200 https://registry.npmjs.org/object.assign/-/object.assign-4.1.7.tgz 13978ms (cache miss)
3919 http fetch GET 200 https://registry.npmjs.org/is-array-buffer/-/is-array-buffer-3.0.5.tgz 13985ms (cache miss)
3920 http fetch GET 200 https://registry.npmjs.org/es-abstract-get/-/es-abstract-get-1.0.0.tgz 14011ms (cache miss)
3921 http fetch GET 200 https://registry.npmjs.org/is-regex/-/is-regex-1.2.1.tgz 14003ms (cache miss)
3922 http fetch GET 200 https://registry.npmjs.org/internal-slot/-/internal-slot-1.1.0.tgz 14120ms (cache miss)
3923 http fetch GET 200 https://registry.npmjs.org/acorn/-/acorn-8.18.0.tgz 14218ms (cache miss)
3924 http fetch GET 200 https://registry.npmjs.org/globalthis/-/globalthis-1.0.4.tgz 14225ms (cache miss)
3925 http fetch GET 200 https://registry.npmjs.org/has-symbols/-/has-symbols-1.1.0.tgz 14233ms (cache miss)
3926 http fetch GET 200 https://registry.npmjs.org/data-view-byte-offset/-/data-view-byte-offset-1.0.1.tgz 14251ms (cache miss)
3927 http fetch GET 200 https://registry.npmjs.org/has-proto/-/has-proto-1.2.0.tgz 14258ms (cache miss)
3928 http fetch GET 200 https://registry.npmjs.org/is-callable/-/is-callable-1.2.7.tgz 14282ms (cache miss)
3929 http fetch GET 200 https://registry.npmjs.org/get-symbol-description/-/get-symbol-description-1.1.0.tgz 14344ms (cache miss)
3930 http fetch GET 200 https://registry.npmjs.org/es-set-tostringtag/-/es-set-tostringtag-2.1.0.tgz 14382ms (cache miss)
3931 http fetch GET 200 https://registry.npmjs.org/is-symbol/-/is-symbol-1.1.1.tgz 14454ms (cache miss)
3932 http fetch GET 200 https://registry.npmjs.org/get-proto/-/get-proto-1.0.1.tgz 14439ms (cache miss)
3933 http fetch GET 200 https://registry.npmjs.org/gopd/-/gopd-1.2.0.tgz 14514ms (cache miss)
3934 http fetch GET 200 https://registry.npmjs.org/available-typed-arrays/-/available-typed-arrays-1.0.7.tgz 14518ms (cache miss)
3935 http fetch GET 200 https://registry.npmjs.org/function.prototype.name/-/function.prototype.name-1.2.0.tgz 14527ms (cache miss)
3936 http fetch GET 200 https://registry.npmjs.org/data-view-byte-length/-/data-view-byte-length-1.0.2.tgz 14563ms (cache miss)
3937 http fetch GET 200 https://registry.npmjs.org/data-view-buffer/-/data-view-buffer-1.0.2.tgz 14580ms (cache miss)
3938 http fetch GET 200 https://registry.npmjs.org/array-buffer-byte-length/-/array-buffer-byte-length-1.0.2.tgz 14626ms (cache miss)
3939 http fetch GET 200 https://registry.npmjs.org/arraybuffer.prototype.slice/-/arraybuffer.prototype.slice-1.0.4.tgz 14643ms (cache miss)
3940 http fetch GET 200 https://registry.npmjs.org/define-data-property/-/define-data-property-1.1.4.tgz 14688ms (cache miss)
3941 http fetch GET 200 https://registry.npmjs.org/object-keys/-/object-keys-1.1.1.tgz 14705ms (cache miss)
3942 http fetch GET 200 https://registry.npmjs.org/is-data-view/-/is-data-view-1.0.2.tgz 14803ms (cache miss)
3943 http fetch GET 200 https://registry.npmjs.org/has-property-descriptors/-/has-property-descriptors-1.0.2.tgz 14874ms (cache miss)
3944 http fetch GET 200 https://registry.npmjs.org/set-function-length/-/set-function-length-1.2.2.tgz 14996ms (cache miss)
3945 http fetch GET 200 https://registry.npmjs.org/call-bind-apply-helpers/-/call-bind-apply-helpers-1.0.2.tgz 14999ms (cache miss)
3946 http fetch GET 200 https://registry.npmjs.org/es-define-property/-/es-define-property-1.0.1.tgz 15034ms (cache miss)
3947 http fetch GET 200 https://registry.npmjs.org/function-bind/-/function-bind-1.1.2.tgz 15047ms (cache miss)
3948 http fetch GET 200 https://registry.npmjs.org/es-to-primitive/-/es-to-primitive-1.3.4.tgz 15102ms (cache miss)
3949 http fetch GET 200 https://registry.npmjs.org/es-errors/-/es-errors-1.3.0.tgz 15201ms (cache miss)
3950 http fetch GET 200 https://registry.npmjs.org/is-string/-/is-string-1.1.1.tgz 15216ms (cache miss)
3951 http fetch GET 200 https://registry.npmjs.org/get-intrinsic/-/get-intrinsic-1.3.0.tgz 15237ms (cache miss)
3952 http fetch GET 200 https://registry.npmjs.org/es-shim-unscopables/-/es-shim-unscopables-1.1.0.tgz 15286ms (cache miss)
3953 http fetch GET 200 https://registry.npmjs.org/es-object-atoms/-/es-object-atoms-1.1.2.tgz 15405ms (cache miss)
3954 http fetch GET 200 https://registry.npmjs.org/math-intrinsics/-/math-intrinsics-1.1.0.tgz 15455ms (cache miss)
3955 http fetch GET 200 https://registry.npmjs.org/object.groupby/-/object.groupby-1.0.3.tgz 15676ms (cache miss)
3956 http fetch GET 200 https://registry.npmjs.org/string.prototype.trimend/-/string.prototype.trimend-1.0.10.tgz 15676ms (cache miss)
3957 http fetch GET 200 https://registry.npmjs.org/call-bind/-/call-bind-1.0.9.tgz 15768ms (cache miss)
3958 http fetch GET 200 https://registry.npmjs.org/call-bound/-/call-bound-1.0.4.tgz 15785ms (cache miss)
3959 http fetch GET 200 https://registry.npmjs.org/hasown/-/hasown-2.0.4.tgz 16030ms (cache miss)
3960 http fetch GET 200 https://registry.npmjs.org/object.fromentries/-/object.fromentries-2.0.8.tgz 16097ms (cache miss)
3961 http fetch GET 200 https://registry.npmjs.org/tsconfig-paths/-/tsconfig-paths-3.15.0.tgz 16149ms (cache miss)
3962 http fetch GET 200 https://registry.npmjs.org/array.prototype.flat/-/array.prototype.flat-1.3.3.tgz 16269ms (cache miss)
3963 http fetch GET 200 https://registry.npmjs.org/array.prototype.findlastindex/-/array.prototype.findlastindex-1.2.6.tgz 16402ms (cache miss)
3964 http fetch GET 200 https://registry.npmjs.org/is-typed-array/-/is-typed-array-1.1.15.tgz 16511ms (cache miss)
3965 http fetch GET 200 https://registry.npmjs.org/stable-hash/-/stable-hash-0.0.5.tgz 16697ms (cache miss)
3966 http fetch GET 200 https://registry.npmjs.org/unrs-resolver/-/unrs-resolver-1.12.2.tgz 16952ms (cache miss)
3967 http fetch GET 200 https://registry.npmjs.org/@rtsao/scc/-/scc-1.1.0.tgz 17112ms (cache miss)
3968 http fetch GET 200 https://registry.npmjs.org/is-bun-module/-/is-bun-module-2.0.0.tgz 17120ms (cache miss)
3969 http fetch GET 200 https://registry.npmjs.org/eslint-module-utils/-/eslint-module-utils-2.14.0.tgz 17285ms (cache miss)
3970 http fetch GET 200 https://registry.npmjs.org/@typescript-eslint/tsconfig-utils/-/tsconfig-utils-8.71.0.tgz 18267ms (cache miss)
3971 http fetch GET 200 https://registry.npmjs.org/@nolyfill/is-core-module/-/is-core-module-1.0.39.tgz 18520ms (cache miss)
3972 http fetch GET 200 https://registry.npmjs.org/define-properties/-/define-properties-1.2.1.tgz 18667ms (cache miss)
3973 http fetch GET 200 https://registry.npmjs.org/tinyglobby/-/tinyglobby-0.2.17.tgz 18982ms (cache miss)
3974 http fetch GET 200 https://registry.npmjs.org/resolve/-/resolve-2.0.0-next.7.tgz 19127ms (cache miss)
3975 http fetch GET 200 https://registry.npmjs.org/is-core-module/-/is-core-module-2.17.0.tgz 19135ms (cache miss)
3976 http fetch GET 200 https://registry.npmjs.org/@typescript-eslint/project-service/-/project-service-8.71.0.tgz 19263ms (cache miss)
3977 http fetch GET 200 https://registry.npmjs.org/get-tsconfig/-/get-tsconfig-4.14.3.tgz 19324ms (cache miss)
3978 http fetch GET 200 https://registry.npmjs.org/array-includes/-/array-includes-3.2.0.tgz 19997ms (cache miss)
3979 http fetch GET 200 https://registry.npmjs.org/@typescript-eslint/visitor-keys/-/visitor-keys-8.71.0.tgz 20028ms (cache miss)
3980 http fetch GET 200 https://registry.npmjs.org/semver/-/semver-7.8.5.tgz 20530ms (cache miss)
3981 http fetch GET 200 https://registry.npmjs.org/object.values/-/object.values-1.2.1.tgz 21211ms (cache miss)
3982 http fetch GET 200 https://registry.npmjs.org/array.prototype.flatmap/-/array.prototype.flatmap-1.3.3.tgz 21752ms (cache miss)
3983 http fetch GET 200 https://registry.npmjs.org/@typescript-eslint/parser/-/parser-8.71.0.tgz 22080ms (cache miss)
3984 http fetch GET 200 https://registry.npmjs.org/fast-glob/-/fast-glob-3.3.1.tgz 22161ms (cache miss)
3985 http fetch GET 200 https://registry.npmjs.org/eslint-plugin-react-hooks/-/eslint-plugin-react-hooks-5.2.0.tgz 22414ms (cache miss)
3986 http fetch GET 200 https://registry.npmjs.org/@typescript-eslint/types/-/types-8.71.0.tgz 22935ms (cache miss)
3987 http fetch GET 200 https://registry.npmjs.org/eslint-import-resolver-node/-/eslint-import-resolver-node-0.3.10.tgz 23217ms (cache miss)
3988 http fetch GET 200 https://registry.npmjs.org/@typescript-eslint/type-utils/-/type-utils-8.71.0.tgz 23400ms (cache miss)
3989 http fetch GET 200 https://registry.npmjs.org/@typescript-eslint/scope-manager/-/scope-manager-8.71.0.tgz 23500ms (cache miss)
3990 http fetch GET 200 https://registry.npmjs.org/ts-api-utils/-/ts-api-utils-2.5.0.tgz 23787ms (cache miss)
3991 http fetch GET 200 https://registry.npmjs.org/eslint-import-resolver-typescript/-/eslint-import-resolver-typescript-3.10.1.tgz 23979ms (cache miss)
3992 http fetch GET 200 https://registry.npmjs.org/ms/-/ms-2.1.3.tgz 23978ms (cache miss)
3993 http fetch GET 200 https://registry.npmjs.org/which/-/which-2.0.2.tgz 24239ms (cache miss)
3994 http fetch GET 200 https://registry.npmjs.org/@typescript-eslint/typescript-estree/-/typescript-estree-8.71.0.tgz 24329ms (cache miss)
3995 http fetch GET 200 https://registry.npmjs.org/path-key/-/path-key-3.1.1.tgz 24381ms (cache miss)
3996 http fetch GET 200 https://registry.npmjs.org/color-convert/-/color-convert-2.0.1.tgz 24442ms (cache miss)
3997 http fetch GET https://registry.npmjs.org/is-date-object/-/is-date-object-1.1.0.tgz attempt 1 failed with ECONNRESET
3998 http fetch GET https://registry.npmjs.org/possible-typed-array-names/-/possible-typed-array-names-1.1.0.tgz attempt 1 failed with ECONNRESET
3999 http fetch GET 200 https://registry.npmjs.org/shebang-command/-/shebang-command-2.0.0.tgz 24531ms (cache miss)
4000 http fetch GET 200 https://registry.npmjs.org/color-name/-/color-name-1.1.4.tgz 24586ms (cache miss)
4001 http fetch GET 200 https://registry.npmjs.org/json-schema-traverse/-/json-schema-traverse-0.4.1.tgz 24628ms (cache miss)
4002 http fetch GET https://registry.npmjs.org/axe-core/-/axe-core-4.13.0.tgz attempt 1 failed with ECONNRESET
4003 http fetch GET 200 https://registry.npmjs.org/@nodelib/fs.stat/-/fs.stat-2.0.5.tgz 25230ms (cache miss)
4004 http fetch GET 200 https://registry.npmjs.org/@next/eslint-plugin-next/-/eslint-plugin-next-15.5.26.tgz 25592ms (cache miss)
4005 http fetch GET 200 https://registry.npmjs.org/@typescript-eslint/utils/-/utils-8.71.0.tgz 26729ms (cache miss)
4006 http fetch GET 200 https://registry.npmjs.org/@nodelib/fs.scandir/-/fs.scandir-2.1.5.tgz 27055ms (cache miss)
4007 http fetch GET 200 https://registry.npmjs.org/strip-json-comments/-/strip-json-comments-3.1.1.tgz 27102ms (cache miss)
4008 http fetch GET 200 https://registry.npmjs.org/uri-js/-/uri-js-4.4.1.tgz 27257ms (cache miss)
4009 http fetch GET 200 https://registry.npmjs.org/import-fresh/-/import-fresh-3.3.1.tgz 27266ms (cache miss)
4010 http fetch GET 200 https://registry.npmjs.org/text-table/-/text-table-0.2.0.tgz 27395ms (cache miss)
4011 http fetch GET 200 https://registry.npmjs.org/fastq/-/fastq-1.20.3.tgz 27577ms (cache miss)
4012 http fetch GET 200 https://registry.npmjs.org/strip-ansi/-/strip-ansi-6.0.1.tgz 27943ms (cache miss)
4013 http fetch GET 200 https://registry.npmjs.org/natural-compare/-/natural-compare-1.4.0.tgz 28346ms (cache miss)
4014 http fetch GET 200 https://registry.npmjs.org/optionator/-/optionator-0.9.4.tgz 28366ms (cache miss)
4015 http fetch GET 200 https://registry.npmjs.org/@humanwhocodes/object-schema/-/object-schema-2.0.3.tgz 28704ms (cache miss)
4016 warn deprecated @humanwhocodes/object-schema@2.0.3: Use @eslint/object-schema instead
4017 http fetch GET 200 https://registry.npmjs.org/minimatch/-/minimatch-3.1.5.tgz 28802ms (cache miss)
4018 http fetch GET 200 https://registry.npmjs.org/is-path-inside/-/is-path-inside-3.0.3.tgz 28945ms (cache miss)
4019 http fetch GET 200 https://registry.npmjs.org/lodash.merge/-/lodash.merge-4.6.2.tgz 28950ms (cache miss)
4020 http fetch GET 200 https://registry.npmjs.org/levn/-/levn-0.4.1.tgz 29010ms (cache miss)
4021 http fetch GET 200 https://registry.npmjs.org/imurmurhash/-/imurmurhash-0.1.4.tgz 29079ms (cache miss)
4022 http fetch GET 200 https://registry.npmjs.org/is-glob/-/is-glob-4.0.3.tgz 29274ms (cache miss)
4023 http fetch GET 200 https://registry.npmjs.org/json-stable-stringify-without-jsonify/-/json-stable-stringify-without-jsonify-1.0.1.tgz 29550ms (cache miss)
4024 http fetch GET 200 https://registry.npmjs.org/fast-json-stable-stringify/-/fast-json-stable-stringify-2.1.0.tgz 29599ms (cache miss)
4025 http fetch GET 200 https://registry.npmjs.org/ignore/-/ignore-5.3.2.tgz 29759ms (cache miss)
4026 http fetch GET 200 https://registry.npmjs.org/eslint-plugin-react/-/eslint-plugin-react-7.37.5.tgz 29845ms (cache miss)
4027 http fetch GET 200 https://registry.npmjs.org/es-abstract/-/es-abstract-1.24.2.tgz 30075ms (cache miss)
4028 http fetch GET 200 https://registry.npmjs.org/graphemer/-/graphemer-1.4.0.tgz 30145ms (cache miss)
4029 http fetch GET 200 https://registry.npmjs.org/glob-parent/-/glob-parent-6.0.2.tgz 30144ms (cache miss)
4030 http fetch GET 200 https://registry.npmjs.org/globals/-/globals-13.24.0.tgz 30231ms (cache miss)
4031 http fetch GET 200 https://registry.npmjs.org/file-entry-cache/-/file-entry-cache-6.0.1.tgz 30230ms (cache miss)
4032 http fetch GET 200 https://registry.npmjs.org/@rushstack/eslint-patch/-/eslint-patch-1.16.1.tgz 30488ms (cache miss)
4033 http fetch GET 200 https://registry.npmjs.org/find-up/-/find-up-5.0.0.tgz 30512ms (cache miss)
4034 http fetch GET 200 https://registry.npmjs.org/fast-deep-equal/-/fast-deep-equal-3.1.3.tgz 30585ms (cache miss)
4035 http fetch GET 200 https://registry.npmjs.org/eslint-plugin-import/-/eslint-plugin-import-2.32.0.tgz 30653ms (cache miss)
4036 http fetch GET 200 https://registry.npmjs.org/escape-string-regexp/-/escape-string-regexp-4.0.0.tgz 30639ms (cache miss)
4037 http fetch GET 200 https://registry.npmjs.org/esutils/-/esutils-2.0.3.tgz 30920ms (cache miss)
4038 http fetch GET 200 https://registry.npmjs.org/eslint-visitor-keys/-/eslint-visitor-keys-3.4.3.tgz 30974ms (cache miss)
4039 http fetch GET 200 https://registry.npmjs.org/debug/-/debug-4.4.3.tgz 30978ms (cache miss)
4040 http fetch GET 200 https://registry.npmjs.org/cross-spawn/-/cross-spawn-7.0.6.tgz 31108ms (cache miss)
4041 http fetch GET 200 https://registry.npmjs.org/chalk/-/chalk-4.1.2.tgz 31187ms (cache miss)
4042 http fetch GET 200 https://registry.npmjs.org/espree/-/espree-9.6.1.tgz 31246ms (cache miss)
4043 http fetch GET 200 https://registry.npmjs.org/@eslint/js/-/js-8.57.1.tgz 31403ms (cache miss)
4044 http fetch GET 200 https://registry.npmjs.org/doctrine/-/doctrine-3.0.0.tgz 31535ms (cache miss)
4045 http fetch GET 200 https://registry.npmjs.org/@typescript-eslint/eslint-plugin/-/eslint-plugin-8.71.0.tgz 31883ms (cache miss)
4046 http fetch GET 200 https://registry.npmjs.org/@ungap/structured-clone/-/structured-clone-1.4.0.tgz 31906ms (cache miss)
4047 http fetch GET 200 https://registry.npmjs.org/@humanwhocodes/module-importer/-/module-importer-1.0.1.tgz 31920ms (cache miss)
4048 http fetch GET https://registry.npmjs.org/has-tostringtag/-/has-tostringtag-1.0.2.tgz attempt 1 failed with ECONNRESET
4049 http fetch GET 200 https://registry.npmjs.org/@nodelib/fs.walk/-/fs.walk-1.2.8.tgz 32250ms (cache miss)
4050 http fetch GET 200 https://registry.npmjs.org/@humanwhocodes/config-array/-/config-array-0.13.0.tgz 32837ms (cache miss)
4051 warn deprecated @humanwhocodes/config-array@0.13.0: Use @eslint/config-array instead
4052 http fetch GET 200 https://registry.npmjs.org/eslint-scope/-/eslint-scope-7.2.2.tgz 33223ms (cache miss)
4053 http fetch GET 200 https://registry.npmjs.org/node-releases/-/node-releases-2.0.57.tgz 33364ms (cache miss)
4054 http fetch GET 200 https://registry.npmjs.org/@eslint-community/regexpp/-/regexpp-4.12.2.tgz 34598ms (cache miss)
4055 http fetch GET 200 https://registry.npmjs.org/esquery/-/esquery-1.7.0.tgz 34791ms (cache miss)
4056 http fetch GET 200 https://registry.npmjs.org/@eslint-community/eslint-utils/-/eslint-utils-4.10.1.tgz 35008ms (cache miss)
4057 http fetch GET 200 https://registry.npmjs.org/postcss-value-parser/-/postcss-value-parser-4.2.0.tgz 35340ms (cache miss)
4058 http fetch GET 200 https://registry.npmjs.org/baseline-browser-mapping/-/baseline-browser-mapping-2.11.26.tgz 35460ms (cache miss)
4059 http fetch GET https://registry.npmjs.org/ansi-styles/-/ansi-styles-4.3.0.tgz attempt 1 failed with ECONNRESET
4060 http fetch GET https://registry.npmjs.org/supports-color/-/supports-color-7.2.0.tgz attempt 1 failed with ECONNRESET
4061 http fetch GET 200 https://registry.npmjs.org/ajv/-/ajv-6.15.0.tgz 35842ms (cache miss)
4062 http fetch GET 200 https://registry.npmjs.org/picocolors/-/picocolors-1.1.1.tgz 35980ms (cache miss)
4063 http fetch GET https://registry.npmjs.org/run-parallel/-/run-parallel-1.2.0.tgz attempt 1 failed with ECONNRESET
4064 http fetch GET 200 https://registry.npmjs.org/electron-to-chromium/-/electron-to-chromium-1.5.442.tgz 36891ms (cache miss)
4065 http fetch GET 200 https://registry.npmjs.org/fraction.js/-/fraction.js-5.3.4.tgz 37209ms (cache miss)
4066 http fetch GET 200 https://registry.npmjs.org/iceberg-js/-/iceberg-js-0.8.1.tgz 37790ms (cache miss)
4067 http fetch GET 200 https://registry.npmjs.org/tslib/-/tslib-2.8.1.tgz 38188ms (cache miss)
4068 http fetch GET 200 https://registry.npmjs.org/@eslint/eslintrc/-/eslintrc-2.1.4.tgz 38704ms (cache miss)
4069 http fetch GET 200 https://registry.npmjs.org/cookie/-/cookie-0.7.2.tgz 38727ms (cache miss)
4070 http fetch GET 200 https://registry.npmjs.org/@supabase/phoenix/-/phoenix-0.4.5.tgz 38913ms (cache miss)
4071 http fetch GET 200 https://registry.npmjs.org/browserslist/-/browserslist-4.29.3.tgz 39149ms (cache miss)
4072 http fetch GET 200 https://registry.npmjs.org/@types/cookie/-/cookie-0.6.0.tgz 39351ms (cache miss)
4073 http fetch GET 200 https://registry.npmjs.org/@supabase/functions-js/-/functions-js-2.117.2.tgz 39363ms (cache miss)
4074 http fetch GET 200 https://registry.npmjs.org/@supabase/realtime-js/-/realtime-js-2.117.2.tgz 40037ms (cache miss)
4075 http fetch GET 200 https://registry.npmjs.org/@supabase/storage-js/-/storage-js-2.117.2.tgz 40487ms (cache miss)
4076 http fetch GET 200 https://registry.npmjs.org/js-yaml/-/js-yaml-4.3.2.tgz 42062ms (cache miss)
4077 http fetch GET https://registry.npmjs.org/update-browserslist-db/-/update-browserslist-db-1.3.3.tgz attempt 1 failed with ECONNRESET
4078 http fetch GET 200 https://registry.npmjs.org/qrcode/-/qrcode-1.5.4.tgz 46153ms (cache miss)
4079 http fetch GET 200 https://registry.npmjs.org/eslint-config-next/-/eslint-config-next-15.5.26.tgz 46332ms (cache miss)
4080 http fetch GET 200 https://registry.npmjs.org/nanoid/-/nanoid-5.1.16.tgz 46350ms (cache miss)
4081 http fetch GET 200 https://registry.npmjs.org/react/-/react-19.3.0.tgz 46538ms (cache miss)
4082 http fetch GET 200 https://registry.npmjs.org/typescript/-/typescript-5.9.3.tgz 46559ms (cache miss)
4083 http fetch GET https://registry.npmjs.org/undici-types/-/undici-types-6.21.0.tgz attempt 1 failed with ECONNRESET
4084 http fetch GET https://registry.npmjs.org/csstype/-/csstype-3.2.3.tgz attempt 1 failed with ECONNRESET
4085 http fetch GET 200 https://registry.npmjs.org/@types/qrcode/-/qrcode-1.5.6.tgz 48607ms (cache miss)
4086 http fetch GET 200 https://registry.npmjs.org/eslint-plugin-jsx-a11y/-/eslint-plugin-jsx-a11y-6.10.2.tgz 48740ms (cache miss)
4087 http fetch GET 200 https://registry.npmjs.org/@types/react/-/react-19.3.0.tgz 48759ms (cache miss)
4088 http fetch GET 200 https://registry.npmjs.org/emoji-regex/-/emoji-regex-8.0.0.tgz 48974ms (cache miss)
4089 http fetch GET 200 https://registry.npmjs.org/glob-parent/-/glob-parent-5.1.2.tgz 49047ms (cache miss)
4090 http fetch GET 200 https://registry.npmjs.org/p-limit/-/p-limit-2.3.0.tgz 49438ms (cache miss)
4091 http fetch GET 200 https://registry.npmjs.org/semver/-/semver-6.3.1.tgz 49466ms (cache miss)
4092 http fetch GET 200 https://registry.npmjs.org/p-locate/-/p-locate-4.1.0.tgz 49535ms (cache miss)
4093 http fetch GET 200 https://registry.npmjs.org/locate-path/-/locate-path-5.0.0.tgz 49730ms (cache miss)
4094 http fetch GET 200 https://registry.npmjs.org/postcss/-/postcss-8.5.28.tgz 49747ms (cache miss)
4095 http fetch GET 200 https://registry.npmjs.org/find-up/-/find-up-4.1.0.tgz 50183ms (cache miss)
4096 http fetch GET 200 https://registry.npmjs.org/fdir/-/fdir-6.5.0.tgz 50369ms (cache miss)
4097 http fetch GET 200 https://registry.npmjs.org/glob-parent/-/glob-parent-5.1.2.tgz 50588ms (cache miss)
4098 http fetch GET 200 https://registry.npmjs.org/debug/-/debug-3.2.7.tgz 50703ms (cache miss)
4099 http fetch GET 200 https://registry.npmjs.org/eslint-visitor-keys/-/eslint-visitor-keys-5.0.1.tgz 50774ms (cache miss)
4100 http fetch GET 200 https://registry.npmjs.org/brace-expansion/-/brace-expansion-5.0.12.tgz 51007ms (cache miss)
4101 http fetch GET 200 https://registry.npmjs.org/semver/-/semver-6.3.1.tgz 51061ms (cache miss)
4102 http fetch GET 200 https://registry.npmjs.org/@supabase/supabase-js/-/supabase-js-2.117.2.tgz 51117ms (cache miss)
4103 http fetch GET 200 https://registry.npmjs.org/picomatch/-/picomatch-4.0.7.tgz 51110ms (cache miss)
4104 http fetch GET 200 https://registry.npmjs.org/balanced-match/-/balanced-match-4.0.4.tgz 51170ms (cache miss)
4105 http fetch GET 200 https://registry.npmjs.org/semver/-/semver-6.3.1.tgz 51256ms (cache miss)
4106 http fetch GET 200 https://registry.npmjs.org/doctrine/-/doctrine-2.1.0.tgz 51304ms (cache miss)
4107 http fetch GET 200 https://registry.npmjs.org/react-is/-/react-is-18.3.1.tgz 51298ms (cache miss)
4108 http fetch GET 200 https://registry.npmjs.org/doctrine/-/doctrine-2.1.0.tgz 51498ms (cache miss)
4109 http fetch GET 200 https://registry.npmjs.org/nanoid/-/nanoid-3.3.19.tgz 51493ms (cache miss)
4110 http fetch GET 200 https://registry.npmjs.org/glob-parent/-/glob-parent-5.1.2.tgz 51516ms (cache miss)
4111 http fetch GET 200 https://registry.npmjs.org/debug/-/debug-3.2.7.tgz 51576ms (cache miss)
4112 http fetch GET 200 https://registry.npmjs.org/nanoid/-/nanoid-3.3.19.tgz 51755ms (cache miss)
4113 http fetch GET 200 https://registry.npmjs.org/debug/-/debug-3.2.7.tgz 51836ms (cache miss)
4114 http fetch GET 200 https://registry.npmjs.org/ignore/-/ignore-7.0.10.tgz 51839ms (cache miss)
4115 http fetch GET 200 https://registry.npmjs.org/which-module/-/which-module-2.0.1.tgz 52326ms attempt #2 (cache miss)
4116 http fetch GET 200 https://registry.npmjs.org/get-caller-file/-/get-caller-file-2.0.5.tgz 52344ms attempt #2 (cache miss)
4117 http fetch GET 200 https://registry.npmjs.org/cliui/-/cliui-6.0.0.tgz 52593ms attempt #2 (cache miss)
4118 http fetch GET 200 https://registry.npmjs.org/require-main-filename/-/require-main-filename-2.0.0.tgz 53274ms attempt #2 (cache miss)
4119 http fetch GET 200 https://registry.npmjs.org/decamelize/-/decamelize-1.2.0.tgz 53504ms attempt #2 (cache miss)
4120 http fetch GET 200 https://registry.npmjs.org/require-directory/-/require-directory-2.1.1.tgz 53526ms attempt #2 (cache miss)
4121 http fetch GET 200 https://registry.npmjs.org/postcss 53341ms (cache miss)
4122 silly packumentCache corgi:https://registry.npmjs.org/postcss set size:undefined disposed:false
4123 http fetch GET 200 https://registry.npmjs.org/ansi-styles/-/ansi-styles-4.3.0.tgz 53990ms attempt #2 (cache miss)
4124 http fetch GET 200 https://registry.npmjs.org/supports-color/-/supports-color-7.2.0.tgz 54055ms attempt #2 (cache miss)
4125 http fetch GET 200 https://registry.npmjs.org/possible-typed-array-names/-/possible-typed-array-names-1.1.0.tgz 54255ms attempt #2 (cache miss)
4126 http fetch GET 200 https://registry.npmjs.org/has-tostringtag/-/has-tostringtag-1.0.2.tgz 54293ms attempt #2 (cache miss)
4127 http fetch GET 200 https://registry.npmjs.org/run-parallel/-/run-parallel-1.2.0.tgz 54670ms attempt #2 (cache miss)
4128 silly packumentCache corgi:https://registry.npmjs.org/next cache-miss
4129 http fetch GET 200 https://registry.npmjs.org/update-browserslist-db/-/update-browserslist-db-1.3.3.tgz 55114ms attempt #2 (cache miss)
4130 http fetch GET 200 https://registry.npmjs.org/is-date-object/-/is-date-object-1.1.0.tgz 56300ms attempt #2 (cache miss)
4131 http fetch GET 200 https://registry.npmjs.org/zod/-/zod-3.25.76.tgz 57207ms (cache miss)
4132 http fetch GET 200 https://registry.npmjs.org/@supabase/postgrest-js/-/postgrest-js-2.117.2.tgz 57493ms (cache miss)
4133 http fetch GET 200 https://registry.npmjs.org/autoprefixer/-/autoprefixer-10.6.1.tgz 57777ms (cache miss)
4134 http fetch GET 200 https://registry.npmjs.org/minimatch/-/minimatch-10.2.6.tgz 57869ms (cache miss)
4135 http fetch GET 200 https://registry.npmjs.org/postcss/-/postcss-8.4.31.tgz 57923ms (cache miss)
4136 http fetch GET 200 https://registry.npmjs.org/react-dom/-/react-dom-19.3.0.tgz 57960ms (cache miss)
4137 http fetch GET 200 https://registry.npmjs.org/axe-core/-/axe-core-4.13.0.tgz 58180ms attempt #2 (cache miss)
4138 http fetch GET 200 https://registry.npmjs.org/fast-glob/-/fast-glob-3.3.3.tgz 58245ms (cache miss)
4139 http fetch GET https://registry.npmjs.org/@types/react-dom/-/react-dom-19.3.0.tgz attempt 1 failed with ECONNRESET
4140 http fetch GET 200 https://registry.npmjs.org/undici-types/-/undici-types-6.21.0.tgz 58561ms attempt #2 (cache miss)
4141 http fetch GET 200 https://registry.npmjs.org/@supabase/ssr/-/ssr-0.5.2.tgz 58550ms (cache miss)
4142 http fetch GET 200 https://registry.npmjs.org/@supabase/auth-js/-/auth-js-2.117.2.tgz 59078ms (cache miss)
4143 http fetch GET 200 https://registry.npmjs.org/csstype/-/csstype-3.2.3.tgz 59146ms attempt #2 (cache miss)
4144 http fetch GET 200 https://registry.npmjs.org/resolve/-/resolve-1.22.12.tgz 59567ms (cache miss)
4145 http fetch GET https://registry.npmjs.org/@types/node/-/node-20.19.43.tgz attempt 1 failed with ECONNRESET
4146 http fetch GET 200 https://registry.npmjs.org/resolve/-/resolve-1.22.12.tgz 60721ms (cache miss)
4147 http fetch GET 200 https://registry.npmjs.org/recharts/-/recharts-2.15.4.tgz 66457ms (cache miss)
4148 warn deprecated recharts@2.15.4: 1.x and 2.x branches are no longer active. Bump to Recharts v3 to receive latest features and bugfixes. See https://github.com/recharts/recharts/wiki/3.0-migration-guide
4149 http fetch GET 200 https://registry.npmjs.org/caniuse-lite/-/caniuse-lite-1.0.30001814.tgz 67864ms (cache miss)
4150 http fetch GET 200 https://registry.npmjs.org/@types/react-dom/-/react-dom-19.3.0.tgz 69076ms attempt #2 (cache miss)
4151 http fetch GET 200 https://registry.npmjs.org/next 16608ms (cache miss)
4152 silly packumentCache corgi:https://registry.npmjs.org/next set size:undefined disposed:false
4153 http fetch GET 200 https://registry.npmjs.org/@next/swc-win32-x64-msvc/-/swc-win32-x64-msvc-15.5.26.tgz 75706ms (cache miss)
4154 http fetch GET 200 https://registry.npmjs.org/tailwindcss/-/tailwindcss-3.4.19.tgz 77161ms (cache miss)
4155 http fetch GET 200 https://registry.npmjs.org/@types/node/-/node-20.19.43.tgz 77176ms attempt #2 (cache miss)
4156 http fetch GET 200 https://registry.npmjs.org/eslint/-/eslint-8.57.1.tgz 79482ms (cache miss)
4157 warn deprecated eslint@8.57.1: This version is no longer supported. Please see https://eslint.org/version-support for other options.
4158 http fetch GET https://registry.npmjs.org/ua-parser-js/-/ua-parser-js-1.0.41.tgz attempt 1 failed with ECONNRESET
4159 http fetch GET 200 https://registry.npmjs.org/ua-parser-js/-/ua-parser-js-1.0.41.tgz 91158ms attempt #2 (cache miss)
4160 http fetch GET 200 https://registry.npmjs.org/@img/sharp-win32-x64/-/sharp-win32-x64-0.35.5.tgz 96344ms (cache miss)
4161 http fetch GET 200 https://registry.npmjs.org/next/-/next-15.5.26.tgz 242866ms (cache miss)
4162 info run unrs-resolver@1.12.2 postinstall node_modules/unrs-resolver node postinstall.js
4163 info run unrs-resolver@1.12.2 postinstall { code: 0, signal: null }
4164 silly ADD node_modules/p-try
4165 silly ADD node_modules/camelcase
4166 silly ADD node_modules/is-fullwidth-code-point
4167 silly ADD node_modules/wrap-ansi
4168 silly ADD node_modules/yargs-parser
4169 silly ADD node_modules/y18n
4170 silly ADD node_modules/which-module
4171 silly ADD node_modules/string-width
4172 silly ADD node_modules/string-width/node_modules/emoji-regex
4173 silly ADD node_modules/set-blocking
4174 silly ADD node_modules/require-main-filename
4175 silly ADD node_modules/require-directory
4176 silly ADD node_modules/get-caller-file
4177 silly ADD node_modules/decamelize
4178 silly ADD node_modules/cliui
4179 silly ADD node_modules/is-weakset
4180 silly ADD node_modules/is-weakmap
4181 silly ADD node_modules/is-map
4182 silly ADD node_modules/generator-function
4183 silly ADD node_modules/async-function
4184 silly ADD node_modules/which-collection
4185 silly ADD node_modules/is-generator-function
4186 silly ADD node_modules/is-finalizationregistry
4187 silly ADD node_modules/is-async-function
4188 silly ADD node_modules/is-number-object
4189 silly ADD node_modules/is-boolean-object
4190 silly ADD node_modules/is-bigint
4191 silly ADD node_modules/isexe
4192 silly ADD node_modules/d3-path
4193 silly ADD node_modules/d3-time-format
4194 silly ADD node_modules/d3-format
4195 silly ADD node_modules/d3-color
4196 silly ADD node_modules/internmap
4197 silly ADD node_modules/@types/d3-path
4198 silly ADD node_modules/@types/d3-color
4199 silly ADD node_modules/d3-timer
4200 silly ADD node_modules/d3-time
4201 silly ADD node_modules/d3-shape
4202 silly ADD node_modules/d3-scale
4203 silly ADD node_modules/d3-interpolate
4204 silly ADD node_modules/d3-ease
4205 silly ADD node_modules/d3-array
4206 silly ADD node_modules/@types/d3-timer
4207 silly ADD node_modules/@types/d3-time
4208 silly ADD node_modules/@types/d3-shape
4209 silly ADD node_modules/@types/d3-scale
4210 silly ADD node_modules/@types/d3-interpolate
4211 silly ADD node_modules/@types/d3-ease
4212 silly ADD node_modules/@types/d3-array
4213 silly ADD node_modules/punycode
4214 silly ADD node_modules/escalade
4215 silly ADD node_modules/napi-postinstall
4216 silly ADD node_modules/@unrs/resolver-binding-win32-x64-msvc
4217 silly ADD node_modules/which-boxed-primitive
4218 silly ADD node_modules/has-bigints
4219 silly ADD node_modules/which-builtin-type
4220 silly ADD node_modules/reflect.getprototypeof
4221 silly ADD node_modules/for-each
4222 silly ADD node_modules/strip-bom
4223 silly ADD node_modules/minimist
4224 silly ADD node_modules/json5
4225 silly ADD node_modules/@types/json5
4226 silly ADD node_modules/is-number
4227 silly ADD node_modules/thenify
4228 silly ADD node_modules/thenify-all
4229 silly ADD node_modules/any-promise
4230 silly ADD node_modules/@jridgewell/resolve-uri
4231 silly ADD node_modules/@jridgewell/trace-mapping
4232 silly ADD node_modules/@jridgewell/sourcemap-codec
4233 silly ADD node_modules/ts-interface-checker
4234 silly ADD node_modules/pirates
4235 silly ADD node_modules/mz
4236 silly ADD node_modules/lines-and-columns
4237 silly ADD node_modules/commander
4238 silly ADD node_modules/@jridgewell/gen-mapping
4239 silly ADD node_modules/util-deprecate
4240 silly ADD node_modules/cssesc
4241 silly ADD node_modules/camelcase-css
4242 silly ADD node_modules/read-cache
4243 silly ADD node_modules/binary-extensions
4244 silly ADD node_modules/readdirp
4245 silly ADD node_modules/is-binary-path
4246 silly ADD node_modules/anymatch
4247 silly ADD node_modules/sucrase
4248 silly ADD node_modules/postcss-selector-parser
4249 silly ADD node_modules/postcss-nested
4250 silly ADD node_modules/postcss-load-config
4251 silly ADD node_modules/postcss-js
4252 silly ADD node_modules/postcss-import
4253 silly ADD node_modules/postcss-import/node_modules/resolve
4254 silly ADD node_modules/object-hash
4255 silly ADD node_modules/normalize-path
4256 silly ADD node_modules/lilconfig
4257 silly ADD node_modules/jiti
4258 silly ADD node_modules/dlv
4259 silly ADD node_modules/didyoumean
4260 silly ADD node_modules/chokidar
4261 silly ADD node_modules/chokidar/node_modules/glob-parent
4262 silly ADD node_modules/arg
4263 silly ADD node_modules/@alloc/quick-lru
4264 silly ADD node_modules/has-flag
4265 silly ADD node_modules/client-only
4266 silly ADD node_modules/ansi-regex
4267 silly ADD node_modules/side-channel-weakmap
4268 silly ADD node_modules/side-channel-map
4269 silly ADD node_modules/side-channel-list
4270 silly ADD node_modules/shebang-regex
4271 silly ADD node_modules/detect-libc
4272 silly ADD node_modules/@img/sharp-win32-x64
4273 silly ADD node_modules/@img/colour
4274 silly ADD node_modules/isarray
4275 silly ADD node_modules/queue-microtask
4276 silly ADD node_modules/wrappy
4277 silly ADD node_modules/path-is-absolute
4278 silly ADD node_modules/once
4279 silly ADD node_modules/inherits
4280 silly ADD node_modules/inflight
4281 silly ADD node_modules/fs.realpath
4282 silly ADD node_modules/glob
4283 silly ADD node_modules/supports-preserve-symlinks-flag
4284 silly ADD node_modules/path-parse
4285 silly ADD node_modules/node-exports-info
4286 silly ADD node_modules/node-exports-info/node_modules/semver
4287 silly ADD node_modules/decimal.js-light
4288 silly ADD node_modules/dom-helpers
4289 silly ADD node_modules/@babel/runtime
4290 silly ADD node_modules/react-transition-group
4291 silly ADD node_modules/fast-equals
4292 silly ADD node_modules/victory-vendor
4293 silly ADD node_modules/tiny-invariant
4294 silly ADD node_modules/recharts-scale
4295 silly ADD node_modules/react-smooth
4296 silly ADD node_modules/lodash
4297 silly ADD node_modules/eventemitter3
4298 silly ADD node_modules/clsx
4299 silly ADD node_modules/scheduler
4300 silly ADD node_modules/yargs
4301 silly ADD node_modules/yargs/node_modules/p-limit
4302 silly ADD node_modules/yargs/node_modules/p-locate
4303 silly ADD node_modules/yargs/node_modules/locate-path
4304 silly ADD node_modules/yargs/node_modules/find-up
4305 silly ADD node_modules/pngjs
4306 silly ADD node_modules/dijkstrajs
4307 silly ADD node_modules/js-tokens
4308 silly ADD node_modules/react-is
4309 silly ADD node_modules/object-assign
4310 silly ADD node_modules/loose-envify
4311 silly ADD node_modules/source-map-js
4312 silly ADD node_modules/callsites
4313 silly ADD node_modules/yocto-queue
4314 silly ADD node_modules/p-limit
4315 silly ADD node_modules/word-wrap
4316 silly ADD node_modules/fast-levenshtein
4317 silly ADD node_modules/deep-is
4318 silly ADD node_modules/styled-jsx
4319 silly ADD node_modules/sharp
4320 silly ADD node_modules/@swc/helpers
4321 silly ADD node_modules/@next/swc-win32-x64-msvc
4322 silly ADD node_modules/@next/env
4323 silly ADD node_modules/concat-map
4324 silly ADD node_modules/balanced-match
4325 silly ADD node_modules/brace-expansion
4326 silly ADD node_modules/to-regex-range
4327 silly ADD node_modules/fill-range
4328 silly ADD node_modules/picomatch
4329 silly ADD node_modules/braces
4330 silly ADD node_modules/p-locate
4331 silly ADD node_modules/type-check
4332 silly ADD node_modules/prelude-ls
4333 silly ADD node_modules/language-subtag-registry
4334 silly ADD node_modules/json-buffer
4335 silly ADD node_modules/argparse
4336 silly ADD node_modules/set-function-name
4337 silly ADD node_modules/is-extglob
4338 silly ADD node_modules/side-channel
4339 silly ADD node_modules/resolve-from
4340 silly ADD node_modules/parent-module
4341 silly ADD node_modules/type-fest
4342 silly ADD node_modules/resolve-pkg-maps
4343 silly ADD node_modules/dunder-proto
4344 silly ADD node_modules/is-document.all
4345 silly ADD node_modules/functions-have-names
4346 silly ADD node_modules/rimraf
4347 silly ADD node_modules/keyv
4348 silly ADD node_modules/flatted
4349 silly ADD node_modules/path-exists
4350 silly ADD node_modules/locate-path
4351 silly ADD node_modules/flat-cache
4352 silly ADD node_modules/reusify
4353 silly ADD node_modules/micromatch
4354 silly ADD node_modules/merge2
4355 silly ADD node_modules/acorn-jsx
4356 silly ADD node_modules/acorn
4357 silly ADD node_modules/esrecurse
4358 silly ADD node_modules/iterator.prototype
4359 silly ADD node_modules/string.prototype.repeat
4360 silly ADD node_modules/string.prototype.matchall
4361 silly ADD node_modules/prop-types
4362 silly ADD node_modules/object.entries
4363 silly ADD node_modules/estraverse
4364 silly ADD node_modules/es-iterator-helpers
4365 silly ADD node_modules/array.prototype.tosorted
4366 silly ADD node_modules/array.prototype.findlast
4367 silly ADD node_modules/string.prototype.includes
4368 silly ADD node_modules/language-tags
4369 silly ADD node_modules/jsx-ast-utils
4370 silly ADD node_modules/emoji-regex
4371 silly ADD node_modules/damerau-levenshtein
4372 silly ADD node_modules/axobject-query
4373 silly ADD node_modules/axe-core
4374 silly ADD node_modules/ast-types-flow
4375 silly ADD node_modules/aria-query
4376 silly ADD node_modules/is-symbol
4377 silly ADD node_modules/is-date-object
4378 silly ADD node_modules/es-abstract-get
4379 silly ADD node_modules/has-tostringtag
4380 silly ADD node_modules/possible-typed-array-names
4381 silly ADD node_modules/which-typed-array
4382 silly ADD node_modules/unbox-primitive
4383 silly ADD node_modules/typed-array-length
4384 silly ADD node_modules/typed-array-byte-offset
4385 silly ADD node_modules/typed-array-byte-length
4386 silly ADD node_modules/typed-array-buffer
4387 silly ADD node_modules/string.prototype.trimstart
4388 silly ADD node_modules/string.prototype.trim
4389 silly ADD node_modules/stop-iteration-iterator
4390 silly ADD node_modules/set-proto
4391 silly ADD node_modules/safe-regex-test
4392 silly ADD node_modules/safe-push-apply
4393 silly ADD node_modules/safe-array-concat
4394 silly ADD node_modules/regexp.prototype.flags
4395 silly ADD node_modules/own-keys
4396 silly ADD node_modules/object.assign
4397 silly ADD node_modules/object-inspect
4398 silly ADD node_modules/is-weakref
4399 silly ADD node_modules/is-typed-array
4400 silly ADD node_modules/is-shared-array-buffer
4401 silly ADD node_modules/is-set
4402 silly ADD node_modules/is-regex
4403 silly ADD node_modules/is-negative-zero
4404 silly ADD node_modules/is-data-view
4405 silly ADD node_modules/is-callable
4406 silly ADD node_modules/is-array-buffer
4407 silly ADD node_modules/internal-slot
4408 silly ADD node_modules/has-symbols
4409 silly ADD node_modules/has-proto
4410 silly ADD node_modules/globalthis
4411 silly ADD node_modules/get-symbol-description
4412 silly ADD node_modules/get-proto
4413 silly ADD node_modules/function.prototype.name
4414 silly ADD node_modules/es-to-primitive
4415 silly ADD node_modules/es-set-tostringtag
4416 silly ADD node_modules/data-view-byte-offset
4417 silly ADD node_modules/data-view-byte-length
4418 silly ADD node_modules/data-view-buffer
4419 silly ADD node_modules/available-typed-arrays
4420 silly ADD node_modules/arraybuffer.prototype.slice
4421 silly ADD node_modules/array-buffer-byte-length
4422 silly ADD node_modules/gopd
4423 silly ADD node_modules/object-keys
4424 silly ADD node_modules/has-property-descriptors
4425 silly ADD node_modules/define-data-property
4426 silly ADD node_modules/function-bind
4427 silly ADD node_modules/set-function-length
4428 silly ADD node_modules/get-intrinsic
4429 silly ADD node_modules/es-define-property
4430 silly ADD node_modules/call-bind-apply-helpers
4431 silly ADD node_modules/es-errors
4432 silly ADD node_modules/math-intrinsics
4433 silly ADD node_modules/is-string
4434 silly ADD node_modules/es-shim-unscopables
4435 silly ADD node_modules/es-object-atoms
4436 silly ADD node_modules/es-abstract
4437 silly ADD node_modules/define-properties
4438 silly ADD node_modules/call-bound
4439 silly ADD node_modules/call-bind
4440 silly ADD node_modules/tsconfig-paths
4441 silly ADD node_modules/string.prototype.trimend
4442 silly ADD node_modules/object.values
4443 silly ADD node_modules/object.groupby
4444 silly ADD node_modules/object.fromentries
4445 silly ADD node_modules/hasown
4446 silly ADD node_modules/eslint-module-utils
4447 silly ADD node_modules/eslint-module-utils/node_modules/debug
4448 silly ADD node_modules/array.prototype.flatmap
4449 silly ADD node_modules/array.prototype.flat
4450 silly ADD node_modules/array.prototype.findlastindex
4451 silly ADD node_modules/array-includes
4452 silly ADD node_modules/@rtsao/scc
4453 silly ADD node_modules/unrs-resolver
4454 silly ADD node_modules/stable-hash
4455 silly ADD node_modules/is-bun-module
4456 silly ADD node_modules/get-tsconfig
4457 silly ADD node_modules/@nolyfill/is-core-module
4458 silly ADD node_modules/resolve
4459 silly ADD node_modules/is-core-module
4460 silly ADD node_modules/tinyglobby
4461 silly ADD node_modules/tinyglobby/node_modules/picomatch
4462 silly ADD node_modules/tinyglobby/node_modules/fdir
4463 silly ADD node_modules/semver
4464 silly ADD node_modules/@typescript-eslint/tsconfig-utils
4465 silly ADD node_modules/@typescript-eslint/project-service
4466 silly ADD node_modules/@typescript-eslint/typescript-estree
4467 silly ADD node_modules/@typescript-eslint/typescript-estree/node_modules/balanced-match
4468 silly ADD node_modules/@typescript-eslint/typescript-estree/node_modules/brace-expansion
4469 silly ADD node_modules/@typescript-eslint/typescript-estree/node_modules/minimatch
4470 silly ADD node_modules/@typescript-eslint/types
4471 silly ADD node_modules/ts-api-utils
4472 silly ADD node_modules/@typescript-eslint/visitor-keys
4473 silly ADD node_modules/@typescript-eslint/visitor-keys/node_modules/eslint-visitor-keys
4474 silly ADD node_modules/@typescript-eslint/utils
4475 silly ADD node_modules/@typescript-eslint/type-utils
4476 silly ADD node_modules/@typescript-eslint/scope-manager
4477 silly ADD node_modules/fast-glob
4478 silly ADD node_modules/fast-glob/node_modules/glob-parent
4479 silly ADD node_modules/eslint-plugin-react-hooks
4480 silly ADD node_modules/eslint-plugin-react
4481 silly ADD node_modules/eslint-plugin-react/node_modules/semver
4482 silly ADD node_modules/eslint-plugin-react/node_modules/doctrine
4483 silly ADD node_modules/eslint-plugin-jsx-a11y
4484 silly ADD node_modules/eslint-plugin-import
4485 silly ADD node_modules/eslint-plugin-import/node_modules/semver
4486 silly ADD node_modules/eslint-plugin-import/node_modules/doctrine
4487 silly ADD node_modules/eslint-plugin-import/node_modules/debug
4488 silly ADD node_modules/eslint-import-resolver-typescript
4489 silly ADD node_modules/eslint-import-resolver-node
4490 silly ADD node_modules/eslint-import-resolver-node/node_modules/debug
4491 silly ADD node_modules/@typescript-eslint/parser
4492 silly ADD node_modules/@typescript-eslint/eslint-plugin
4493 silly ADD node_modules/@typescript-eslint/eslint-plugin/node_modules/ignore
4494 silly ADD node_modules/@rushstack/eslint-patch
4495 silly ADD node_modules/@next/eslint-plugin-next
4496 silly ADD node_modules/ms
4497 silly ADD node_modules/which
4498 silly ADD node_modules/shebang-command
4499 silly ADD node_modules/path-key
4500 silly ADD node_modules/color-name
4501 silly ADD node_modules/color-convert
4502 silly ADD node_modules/supports-color
4503 silly ADD node_modules/ansi-styles
4504 silly ADD node_modules/uri-js
4505 silly ADD node_modules/json-schema-traverse
4506 silly ADD node_modules/fast-json-stable-stringify
4507 silly ADD node_modules/run-parallel
4508 silly ADD node_modules/@nodelib/fs.stat
4509 silly ADD node_modules/fastq
4510 silly ADD node_modules/@nodelib/fs.scandir
4511 silly ADD node_modules/@humanwhocodes/object-schema
4512 silly ADD node_modules/strip-json-comments
4513 silly ADD node_modules/import-fresh
4514 silly ADD node_modules/text-table
4515 silly ADD node_modules/strip-ansi
4516 silly ADD node_modules/optionator
4517 silly ADD node_modules/natural-compare
4518 silly ADD node_modules/minimatch
4519 silly ADD node_modules/lodash.merge
4520 silly ADD node_modules/levn
4521 silly ADD node_modules/json-stable-stringify-without-jsonify
4522 silly ADD node_modules/js-yaml
4523 silly ADD node_modules/is-path-inside
4524 silly ADD node_modules/is-glob
4525 silly ADD node_modules/imurmurhash
4526 silly ADD node_modules/ignore
4527 silly ADD node_modules/graphemer
4528 silly ADD node_modules/globals
4529 silly ADD node_modules/glob-parent
4530 silly ADD node_modules/find-up
4531 silly ADD node_modules/file-entry-cache
4532 silly ADD node_modules/fast-deep-equal
4533 silly ADD node_modules/esutils
4534 silly ADD node_modules/esquery
4535 silly ADD node_modules/espree
4536 silly ADD node_modules/eslint-visitor-keys
4537 silly ADD node_modules/eslint-scope
4538 silly ADD node_modules/escape-string-regexp
4539 silly ADD node_modules/doctrine
4540 silly ADD node_modules/debug
4541 silly ADD node_modules/cross-spawn
4542 silly ADD node_modules/chalk
4543 silly ADD node_modules/ajv
4544 silly ADD node_modules/@ungap/structured-clone
4545 silly ADD node_modules/@nodelib/fs.walk
4546 silly ADD node_modules/@humanwhocodes/module-importer
4547 silly ADD node_modules/@humanwhocodes/config-array
4548 silly ADD node_modules/@eslint/js
4549 silly ADD node_modules/@eslint/eslintrc
4550 silly ADD node_modules/@eslint-community/regexpp
4551 silly ADD node_modules/@eslint-community/eslint-utils
4552 silly ADD node_modules/update-browserslist-db
4553 silly ADD node_modules/node-releases
4554 silly ADD node_modules/electron-to-chromium
4555 silly ADD node_modules/baseline-browser-mapping
4556 silly ADD node_modules/postcss-value-parser
4557 silly ADD node_modules/picocolors
4558 silly ADD node_modules/fraction.js
4559 silly ADD node_modules/caniuse-lite
4560 silly ADD node_modules/browserslist
4561 silly ADD node_modules/csstype
4562 silly ADD node_modules/undici-types
4563 silly ADD node_modules/iceberg-js
4564 silly ADD node_modules/@supabase/phoenix
4565 silly ADD node_modules/tslib
4566 silly ADD node_modules/@supabase/storage-js
4567 silly ADD node_modules/@supabase/realtime-js
4568 silly ADD node_modules/@supabase/postgrest-js
4569 silly ADD node_modules/@supabase/functions-js
4570 silly ADD node_modules/@supabase/auth-js
4571 silly ADD node_modules/cookie
4572 silly ADD node_modules/@types/cookie
4573 silly ADD node_modules/zod
4574 silly ADD node_modules/ua-parser-js
4575 silly ADD node_modules/typescript
4576 silly ADD node_modules/tailwindcss
4577 silly ADD node_modules/tailwindcss/node_modules/resolve
4578 silly ADD node_modules/tailwindcss/node_modules/fast-glob
4579 silly ADD node_modules/tailwindcss/node_modules/fast-glob/node_modules/glob-parent
4580 silly ADD node_modules/recharts
4581 silly ADD node_modules/recharts/node_modules/react-is
4582 silly ADD node_modules/qrcode
4583 silly ADD node_modules/react-dom
4584 silly ADD node_modules/react
4585 silly ADD node_modules/next
4586 silly ADD node_modules/next/node_modules/nanoid
4587 silly ADD node_modules/next/node_modules/postcss
4588 silly ADD node_modules/nanoid
4589 silly ADD node_modules/eslint-config-next
4590 silly ADD node_modules/eslint
4591 silly ADD node_modules/postcss
4592 silly ADD node_modules/postcss/node_modules/nanoid
4593 silly ADD node_modules/autoprefixer
4594 silly ADD node_modules/@types/react-dom
4595 silly ADD node_modules/@types/react
4596 silly ADD node_modules/@types/qrcode
4597 silly ADD node_modules/@types/node
4598 silly ADD node_modules/@supabase/supabase-js
4599 silly ADD node_modules/@supabase/ssr
4600 warn allow-scripts 1 package has install scripts not yet covered by allowScripts:
4600 warn allow-scripts   unrs-resolver@1.12.2 (postinstall: node postinstall.js)
4600 warn allow-scripts
4600 warn allow-scripts Run `npm approve-scripts --allow-scripts-pending` to review, or `npm approve-scripts <pkg>` to allow.
4601 verbose cwd C:\Users\ricar\Documents\Codex\2026-09-30\build-a-link-shortener-with-click
4602 verbose os Windows_NT 10.0.26200
4603 verbose node v24.19.0
4604 verbose npm  v11.17.0
4605 notice
4605 notice New major version of npm available! 11.17.0 -> 12.1.0
4605 notice Changelog: https://github.com/npm/cli/releases/tag/v12.1.0
4605 notice To update run: npm install -g npm@12.1.0
4605 notice  { force: true, Symbol(proc-log.meta): true }
4606 verbose exit 0
4607 info ok
