0 verbose cli C:\Program Files\nodejs\node.exe C:\Program Files\nodejs\node_modules\npm\bin\npm-cli.js
1 info using npm@11.17.0
2 info using node@v24.19.0
3 silly config load:file:C:\Program Files\nodejs\node_modules\npm\npmrc
4 silly config load:file:C:\Users\ricar\Documents\Codex\2026-09-30\build-a-link-shortener-with-click\.npmrc
5 silly config load:file:C:\Users\ricar\.npmrc
6 silly config load:file:C:\Users\ricar\AppData\Roaming\npm\etc\npmrc
7 verbose title npm install
8 verbose argv "install" "--fetch-retries" "4" "--fetch-retry-mintimeout" "100"
9 verbose logfile logs-max:10 dir:C:\Users\ricar\Documents\Codex\2026-09-30\build-a-link-shortener-with-click\work\npm-cache\_logs\2026-09-30T11_09_16_759Z-
10 verbose logfile C:\Users\ricar\Documents\Codex\2026-09-30\build-a-link-shortener-with-click\work\npm-cache\_logs\2026-09-30T11_09_16_759Z-debug-0.log
11 silly logfile done cleaning log files
12 silly packumentCache heap:4496293888 maxSize:1124073472 maxEntrySize:562036736
13 silly idealTree buildDeps
14 silly fetch manifest @supabase/ssr@^0.5.2
15 silly packumentCache full:https://registry.npmjs.org/@supabase%2fssr cache-miss
16 http cache https://registry.npmjs.org/@supabase%2fssr 16ms (cache hit)
17 silly packumentCache full:https://registry.npmjs.org/@supabase%2fssr set size:261164 disposed:false
18 silly fetch manifest @supabase/supabase-js@^2.45.4
19 silly packumentCache full:https://registry.npmjs.org/@supabase%2fsupabase-js cache-miss
20 http cache https://registry.npmjs.org/@supabase%2fsupabase-js 13ms (cache hit)
21 silly packumentCache full:https://registry.npmjs.org/@supabase%2fsupabase-js set size:4066375 disposed:false
22 silly fetch manifest @opentelemetry/api@>=1.0.0
23 silly packumentCache full:https://registry.npmjs.org/@opentelemetry%2fapi cache-miss
24 http cache https://registry.npmjs.org/@opentelemetry%2fapi 11ms (cache hit)
25 silly packumentCache full:https://registry.npmjs.org/@opentelemetry%2fapi set size:272967 disposed:false
26 silly fetch manifest next@^15.1.0
27 silly packumentCache full:https://registry.npmjs.org/next cache-miss
28 http cache https://registry.npmjs.org/next 62ms (cache hit)
29 silly packumentCache full:https://registry.npmjs.org/next set size:31333372 disposed:false
30 silly fetch manifest @opentelemetry/api@^1.1.0
31 silly packumentCache full:https://registry.npmjs.org/@opentelemetry%2fapi cache-hit
32 silly fetch manifest @playwright/test@^1.51.1
33 silly packumentCache full:https://registry.npmjs.org/@playwright%2ftest cache-miss
34 http cache https://registry.npmjs.org/@playwright%2ftest 32ms (cache hit)
35 silly packumentCache full:https://registry.npmjs.org/@playwright%2ftest set size:9576275 disposed:false
36 silly fetch manifest babel-plugin-react-compiler@*
37 silly packumentCache full:https://registry.npmjs.org/babel-plugin-react-compiler cache-miss
38 http cache https://registry.npmjs.org/babel-plugin-react-compiler 9ms (cache hit)
39 silly packumentCache full:https://registry.npmjs.org/babel-plugin-react-compiler set size:1356999 disposed:false
40 silly fetch manifest react@^19.0.0
41 silly packumentCache full:https://registry.npmjs.org/react cache-miss
42 http cache https://registry.npmjs.org/react 19ms (cache hit)
43 silly packumentCache full:https://registry.npmjs.org/react set size:7011585 disposed:false
44 silly fetch manifest react-dom@^19.0.0
45 silly packumentCache full:https://registry.npmjs.org/react-dom cache-miss
46 http cache https://registry.npmjs.org/react-dom 22ms (cache hit)
47 silly packumentCache full:https://registry.npmjs.org/react-dom set size:9447690 disposed:false
48 silly fetch manifest sass@^1.3.0
49 silly packumentCache full:https://registry.npmjs.org/sass cache-miss
50 http cache https://registry.npmjs.org/sass 8ms (cache hit)
51 silly packumentCache full:https://registry.npmjs.org/sass set size:756819 disposed:false
52 silly fetch manifest nanoid@^5.0.7
53 silly packumentCache full:https://registry.npmjs.org/nanoid cache-miss
54 http cache https://registry.npmjs.org/nanoid 7ms (cache hit)
55 silly packumentCache full:https://registry.npmjs.org/nanoid set size:345858 disposed:false
56 silly fetch manifest qrcode@^1.5.4
57 silly packumentCache full:https://registry.npmjs.org/qrcode cache-miss
58 http cache https://registry.npmjs.org/qrcode 6ms (cache hit)
59 silly packumentCache full:https://registry.npmjs.org/qrcode set size:131489 disposed:false
60 silly fetch manifest recharts@^2.12.7
61 silly packumentCache full:https://registry.npmjs.org/recharts cache-miss
62 http cache https://registry.npmjs.org/recharts 9ms (cache hit)
63 silly packumentCache full:https://registry.npmjs.org/recharts set size:1480357 disposed:false
64 silly fetch manifest ua-parser-js@^1.0.39
65 silly packumentCache full:https://registry.npmjs.org/ua-parser-js cache-miss
66 http cache https://registry.npmjs.org/ua-parser-js 6ms (cache hit)
67 silly packumentCache full:https://registry.npmjs.org/ua-parser-js set size:719507 disposed:false
68 silly fetch manifest zod@^3.23.8
69 silly packumentCache full:https://registry.npmjs.org/zod cache-miss
70 http cache https://registry.npmjs.org/zod 13ms (cache hit)
71 silly packumentCache full:https://registry.npmjs.org/zod set size:4166672 disposed:false
72 silly fetch manifest @types/node@^20.14.15
73 silly packumentCache full:https://registry.npmjs.org/@types%2fnode cache-miss
74 http cache https://registry.npmjs.org/@types%2fnode 26ms (cache hit)
75 silly packumentCache full:https://registry.npmjs.org/@types%2fnode set size:11157642 disposed:false
76 silly fetch manifest @types/qrcode@^1.5.5
77 silly packumentCache full:https://registry.npmjs.org/@types%2fqrcode cache-miss
78 http cache https://registry.npmjs.org/@types%2fqrcode 8ms (cache hit)
79 silly packumentCache full:https://registry.npmjs.org/@types%2fqrcode set size:46163 disposed:false
80 silly fetch manifest @types/react@^19.0.0
81 silly packumentCache full:https://registry.npmjs.org/@types%2freact cache-miss
82 http cache https://registry.npmjs.org/@types%2freact 10ms (cache hit)
83 silly packumentCache full:https://registry.npmjs.org/@types%2freact set size:2642161 disposed:false
84 silly fetch manifest @types/react-dom@^19.0.0
85 silly packumentCache full:https://registry.npmjs.org/@types%2freact-dom cache-miss
86 http cache https://registry.npmjs.org/@types%2freact-dom 7ms (cache hit)
87 silly packumentCache full:https://registry.npmjs.org/@types%2freact-dom set size:444872 disposed:false
88 silly fetch manifest autoprefixer@^10.4.20
89 silly packumentCache full:https://registry.npmjs.org/autoprefixer cache-miss
90 http cache https://registry.npmjs.org/autoprefixer 16ms (cache hit)
91 silly packumentCache full:https://registry.npmjs.org/autoprefixer set size:1414323 disposed:false
92 silly fetch manifest postcss@^8.4.40
93 silly packumentCache full:https://registry.npmjs.org/postcss cache-miss
94 http cache https://registry.npmjs.org/postcss 7ms (cache hit)
95 silly packumentCache full:https://registry.npmjs.org/postcss set size:766699 disposed:false
96 silly fetch manifest eslint@^8.57.0
97 silly packumentCache full:https://registry.npmjs.org/eslint cache-miss
98 http cache https://registry.npmjs.org/eslint 9ms (cache hit)
99 silly packumentCache full:https://registry.npmjs.org/eslint set size:2085131 disposed:false
100 silly fetch manifest eslint-config-next@^15.1.0
101 silly packumentCache full:https://registry.npmjs.org/eslint-config-next cache-miss
102 http cache https://registry.npmjs.org/eslint-config-next 18ms (cache hit)
103 silly packumentCache full:https://registry.npmjs.org/eslint-config-next set size:7294052 disposed:false
104 silly fetch manifest typescript@^5.5.4
105 silly packumentCache full:https://registry.npmjs.org/typescript cache-miss
106 http cache https://registry.npmjs.org/typescript 31ms (cache hit)
107 silly packumentCache full:https://registry.npmjs.org/typescript set size:15735824 disposed:false
108 silly fetch manifest tailwindcss@^3.4.7
109 silly packumentCache full:https://registry.npmjs.org/tailwindcss cache-miss
110 http cache https://registry.npmjs.org/tailwindcss 27ms (cache hit)
111 silly packumentCache full:https://registry.npmjs.org/tailwindcss set size:10893093 disposed:false
112 silly placeDep ROOT @supabase/ssr@0.5.2 OK for: shortly-analytics@1.0.0 want: ^0.5.2
113 silly placeDep ROOT @supabase/supabase-js@2.117.2 OK for: @supabase/ssr@0.5.2 want: ^2.43.4
114 silly placeDep ROOT @types/node@20.19.43 OK for: shortly-analytics@1.0.0 want: ^20.14.15
115 silly placeDep ROOT @types/qrcode@1.5.6 OK for: shortly-analytics@1.0.0 want: ^1.5.5
116 silly placeDep ROOT @types/react@19.3.0 OK for: shortly-analytics@1.0.0 want: ^19.0.0
117 silly placeDep ROOT @types/react-dom@19.3.0 OK for: shortly-analytics@1.0.0 want: ^19.0.0
118 silly placeDep ROOT autoprefixer@10.6.1 OK for: shortly-analytics@1.0.0 want: ^10.4.20
119 silly placeDep ROOT postcss@8.5.28 OK for: autoprefixer@10.6.1 want: ^8.1.0
120 silly placeDep ROOT eslint@8.57.1 OK for: shortly-analytics@1.0.0 want: ^8.57.0
121 silly placeDep ROOT eslint-config-next@15.5.26 OK for: shortly-analytics@1.0.0 want: ^15.1.0
122 silly placeDep ROOT nanoid@5.1.16 OK for: shortly-analytics@1.0.0 want: ^5.0.7
123 silly placeDep ROOT next@15.5.26 OK for: shortly-analytics@1.0.0 want: ^15.1.0
124 silly placeDep ROOT react@19.3.0 OK for: next@15.5.26 want: ^18.2.0 || 19.0.0-rc-de68d2f4-20241204 || ^19.0.0
125 silly placeDep ROOT react-dom@19.3.0 OK for: next@15.5.26 want: ^18.2.0 || 19.0.0-rc-de68d2f4-20241204 || ^19.0.0
126 silly placeDep ROOT qrcode@1.5.4 OK for: shortly-analytics@1.0.0 want: ^1.5.4
127 silly placeDep ROOT recharts@2.15.4 OK for: shortly-analytics@1.0.0 want: ^2.12.7
128 silly placeDep ROOT tailwindcss@3.4.19 OK for: shortly-analytics@1.0.0 want: ^3.4.7
129 silly placeDep ROOT typescript@5.9.3 OK for: shortly-analytics@1.0.0 want: ^5.5.4
130 silly placeDep ROOT ua-parser-js@1.0.41 OK for: shortly-analytics@1.0.0 want: ^1.0.39
131 silly placeDep ROOT zod@3.25.76 OK for: shortly-analytics@1.0.0 want: ^3.23.8
132 silly fetch manifest cookie@^0.7.0
133 silly packumentCache full:https://registry.npmjs.org/cookie cache-miss
134 silly fetch manifest @types/cookie@^0.6.0
135 silly packumentCache full:https://registry.npmjs.org/@types%2fcookie cache-miss
136 silly fetch manifest @supabase/auth-js@2.117.2
137 silly packumentCache full:https://registry.npmjs.org/@supabase%2fauth-js cache-miss
138 silly fetch manifest @supabase/storage-js@2.117.2
139 silly packumentCache full:https://registry.npmjs.org/@supabase%2fstorage-js cache-miss
140 silly fetch manifest @supabase/realtime-js@2.117.2
141 silly packumentCache full:https://registry.npmjs.org/@supabase%2frealtime-js cache-miss
142 silly fetch manifest @supabase/functions-js@2.117.2
143 silly packumentCache full:https://registry.npmjs.org/@supabase%2ffunctions-js cache-miss
144 silly fetch manifest @supabase/postgrest-js@2.117.2
145 silly packumentCache full:https://registry.npmjs.org/@supabase%2fpostgrest-js cache-miss
146 silly fetch manifest undici-types@~6.21.0
147 silly packumentCache full:https://registry.npmjs.org/undici-types cache-miss
148 silly fetch manifest csstype@^3.2.2
149 silly packumentCache full:https://registry.npmjs.org/csstype cache-miss
150 silly fetch manifest picocolors@^1.1.1
151 silly packumentCache full:https://registry.npmjs.org/picocolors cache-miss
152 silly fetch manifest fraction.js@^5.3.4
153 silly packumentCache full:https://registry.npmjs.org/fraction.js cache-miss
154 http cache https://registry.npmjs.org/cookie 54ms (cache hit)
155 silly packumentCache full:https://registry.npmjs.org/cookie set size:78274 disposed:false
156 silly fetch manifest browserslist@^4.28.9
157 silly packumentCache full:https://registry.npmjs.org/browserslist cache-miss
158 http cache https://registry.npmjs.org/@types%2fcookie 57ms (cache hit)
159 silly packumentCache full:https://registry.npmjs.org/@types%2fcookie set size:39348 disposed:false
160 silly fetch manifest caniuse-lite@^1.0.30001810
161 silly packumentCache full:https://registry.npmjs.org/caniuse-lite cache-miss
162 http cache https://registry.npmjs.org/@supabase%2fauth-js 60ms (cache hit)
163 silly packumentCache full:https://registry.npmjs.org/@supabase%2fauth-js set size:1668327 disposed:false
164 silly fetch manifest postcss-value-parser@^4.2.0
165 silly packumentCache full:https://registry.npmjs.org/postcss-value-parser cache-miss
166 http cache https://registry.npmjs.org/@supabase%2fstorage-js 72ms (cache hit)
167 silly packumentCache full:https://registry.npmjs.org/@supabase%2fstorage-js set size:1667362 disposed:false
168 silly fetch manifest nanoid@^3.3.18
169 silly packumentCache full:https://registry.npmjs.org/nanoid cache-hit
170 silly fetch manifest picocolors@^1.1.1
171 silly packumentCache full:https://registry.npmjs.org/picocolors cache-miss
172 http cache https://registry.npmjs.org/@supabase%2frealtime-js 86ms (cache hit)
173 silly packumentCache full:https://registry.npmjs.org/@supabase%2frealtime-js set size:1916268 disposed:false
174 silly fetch manifest source-map-js@^1.2.1
175 silly packumentCache full:https://registry.npmjs.org/source-map-js cache-miss
176 http cache https://registry.npmjs.org/@supabase%2ffunctions-js 98ms (cache hit)
177 silly packumentCache full:https://registry.npmjs.org/@supabase%2ffunctions-js set size:1388523 disposed:false
178 silly fetch manifest ajv@^6.12.4
179 silly packumentCache full:https://registry.npmjs.org/ajv cache-miss
180 http cache https://registry.npmjs.org/@supabase%2fpostgrest-js 110ms (cache hit)
181 silly packumentCache full:https://registry.npmjs.org/@supabase%2fpostgrest-js set size:2122913 disposed:false
182 silly fetch manifest levn@^0.4.1
183 silly packumentCache full:https://registry.npmjs.org/levn cache-miss
184 http cache https://registry.npmjs.org/undici-types 122ms (cache hit)
185 silly packumentCache full:https://registry.npmjs.org/undici-types set size:270043 disposed:false
186 silly fetch manifest chalk@^4.0.0
187 silly packumentCache full:https://registry.npmjs.org/chalk cache-miss
188 http cache https://registry.npmjs.org/picocolors 125ms (cache hit)
189 silly packumentCache full:https://registry.npmjs.org/picocolors set size:16648 disposed:false
190 silly fetch manifest debug@^4.3.2
191 silly packumentCache full:https://registry.npmjs.org/debug cache-miss
192 http cache https://registry.npmjs.org/fraction.js 128ms (cache hit)
193 silly packumentCache full:https://registry.npmjs.org/fraction.js set size:149386 disposed:false
194 silly fetch manifest espree@^9.6.1
195 silly packumentCache full:https://registry.npmjs.org/espree cache-miss
196 http cache https://registry.npmjs.org/csstype 133ms (cache hit)
197 silly packumentCache full:https://registry.npmjs.org/csstype set size:274189 disposed:false
198 silly fetch manifest ignore@^5.2.0
199 silly packumentCache full:https://registry.npmjs.org/ignore cache-miss
200 http cache https://registry.npmjs.org/browserslist 108ms (cache hit)
201 silly packumentCache full:https://registry.npmjs.org/browserslist set size:530436 disposed:false
202 silly fetch manifest esquery@^1.4.2
203 silly packumentCache full:https://registry.npmjs.org/esquery cache-miss
204 http cache https://registry.npmjs.org/ajv 64ms (cache hit)
205 silly packumentCache full:https://registry.npmjs.org/ajv set size:1142658 disposed:false
206 silly fetch manifest esutils@^2.0.2
207 silly packumentCache full:https://registry.npmjs.org/esutils cache-miss
208 http cache https://registry.npmjs.org/caniuse-lite 129ms (cache hit)
209 silly packumentCache full:https://registry.npmjs.org/caniuse-lite set size:2319807 disposed:false
210 silly fetch manifest find-up@^5.0.0
211 silly packumentCache full:https://registry.npmjs.org/find-up cache-miss
212 http cache https://registry.npmjs.org/source-map-js 104ms (cache hit)
213 silly packumentCache full:https://registry.npmjs.org/source-map-js set size:62640 disposed:false
214 silly fetch manifest globals@^13.19.0
215 silly packumentCache full:https://registry.npmjs.org/globals cache-miss
216 http cache https://registry.npmjs.org/picocolors 121ms (cache hit)
217 silly packumentCache full:https://registry.npmjs.org/picocolors set size:16648 disposed:false
218 silly packumentCache full:https://registry.npmjs.org/picocolors dispose
219 silly fetch manifest is-glob@^4.0.0
220 silly packumentCache full:https://registry.npmjs.org/is-glob cache-miss
221 http cache https://registry.npmjs.org/postcss-value-parser 138ms (cache hit)
222 silly packumentCache full:https://registry.npmjs.org/postcss-value-parser set size:73526 disposed:false
223 silly fetch manifest js-yaml@^4.1.0
224 silly packumentCache full:https://registry.npmjs.org/js-yaml cache-miss
225 http cache https://registry.npmjs.org/chalk 84ms (cache hit)
226 silly packumentCache full:https://registry.npmjs.org/chalk set size:137439 disposed:false
227 silly fetch manifest doctrine@^3.0.0
228 silly packumentCache full:https://registry.npmjs.org/doctrine cache-miss
229 http cache https://registry.npmjs.org/levn 91ms (cache hit)
230 silly packumentCache full:https://registry.npmjs.org/levn set size:28223 disposed:false
231 silly fetch manifest graphemer@^1.4.0
232 silly packumentCache full:https://registry.npmjs.org/graphemer cache-miss
233 http cache https://registry.npmjs.org/debug 87ms (cache hit)
234 silly packumentCache full:https://registry.npmjs.org/debug set size:195840 disposed:false
235 silly fetch manifest minimatch@^3.1.2
236 silly packumentCache full:https://registry.npmjs.org/minimatch cache-miss
237 http cache https://registry.npmjs.org/espree 85ms (cache hit)
238 silly packumentCache full:https://registry.npmjs.org/espree set size:326080 disposed:false
239 silly fetch manifest @eslint/js@8.57.1
240 silly packumentCache full:https://registry.npmjs.org/@eslint%2fjs cache-miss
241 http cache https://registry.npmjs.org/ignore 85ms (cache hit)
242 silly packumentCache full:https://registry.npmjs.org/ignore set size:259019 disposed:false
243 silly fetch manifest optionator@^0.9.3
244 silly packumentCache full:https://registry.npmjs.org/optionator cache-miss
245 http cache https://registry.npmjs.org/esquery 72ms (cache hit)
246 silly packumentCache full:https://registry.npmjs.org/esquery set size:48888 disposed:false
247 silly fetch manifest strip-ansi@^6.0.1
248 silly packumentCache full:https://registry.npmjs.org/strip-ansi cache-miss
249 http cache https://registry.npmjs.org/esutils 63ms (cache hit)
250 silly packumentCache full:https://registry.npmjs.org/esutils set size:29522 disposed:false
251 silly fetch manifest text-table@^0.2.0
252 silly packumentCache full:https://registry.npmjs.org/text-table cache-miss
253 http cache https://registry.npmjs.org/find-up 46ms (cache hit)
254 silly packumentCache full:https://registry.npmjs.org/find-up set size:42620 disposed:false
255 silly fetch manifest cross-spawn@^7.0.2
256 silly packumentCache full:https://registry.npmjs.org/cross-spawn cache-miss
257 http cache https://registry.npmjs.org/globals 46ms (cache hit)
258 silly packumentCache full:https://registry.npmjs.org/globals set size:338968 disposed:false
259 silly fetch manifest glob-parent@^6.0.2
260 silly packumentCache full:https://registry.npmjs.org/glob-parent cache-miss
261 http cache https://registry.npmjs.org/is-glob 45ms (cache hit)
262 silly packumentCache full:https://registry.npmjs.org/is-glob set size:40530 disposed:false
263 silly fetch manifest imurmurhash@^0.1.4
264 silly packumentCache full:https://registry.npmjs.org/imurmurhash cache-miss
265 http cache https://registry.npmjs.org/js-yaml 44ms (cache hit)
266 silly packumentCache full:https://registry.npmjs.org/js-yaml set size:198692 disposed:false
267 silly fetch manifest eslint-scope@^7.2.2
268 silly packumentCache full:https://registry.npmjs.org/eslint-scope cache-miss
269 http cache https://registry.npmjs.org/doctrine 43ms (cache hit)
270 silly packumentCache full:https://registry.npmjs.org/doctrine set size:64052 disposed:false
271 silly fetch manifest lodash.merge@^4.6.2
272 silly packumentCache full:https://registry.npmjs.org/lodash.merge cache-miss
273 http cache https://registry.npmjs.org/graphemer 44ms (cache hit)
274 silly packumentCache full:https://registry.npmjs.org/graphemer set size:25853 disposed:false
275 silly fetch manifest is-path-inside@^3.0.3
276 silly packumentCache full:https://registry.npmjs.org/is-path-inside cache-miss
277 http cache https://registry.npmjs.org/minimatch 42ms (cache hit)
278 silly packumentCache full:https://registry.npmjs.org/minimatch set size:377924 disposed:false
279 silly fetch manifest fast-deep-equal@^3.1.3
280 silly packumentCache full:https://registry.npmjs.org/fast-deep-equal cache-miss
281 http cache https://registry.npmjs.org/@eslint%2fjs 44ms (cache hit)
282 silly packumentCache full:https://registry.npmjs.org/@eslint%2fjs set size:141633 disposed:false
283 silly fetch manifest natural-compare@^1.4.0
284 silly packumentCache full:https://registry.npmjs.org/natural-compare cache-miss
285 http cache https://registry.npmjs.org/optionator 43ms (cache hit)
286 silly packumentCache full:https://registry.npmjs.org/optionator set size:49651 disposed:false
287 silly fetch manifest @eslint/eslintrc@^2.1.4
288 silly packumentCache full:https://registry.npmjs.org/@eslint%2feslintrc cache-miss
289 http cache https://registry.npmjs.org/text-table 39ms (cache hit)
290 silly packumentCache full:https://registry.npmjs.org/text-table set size:20701 disposed:false
291 silly fetch manifest @nodelib/fs.walk@^1.2.8
292 silly packumentCache full:https://registry.npmjs.org/@nodelib%2ffs.walk cache-miss
293 http cache https://registry.npmjs.org/strip-ansi 42ms (cache hit)
294 silly packumentCache full:https://registry.npmjs.org/strip-ansi set size:44998 disposed:false
295 silly fetch manifest file-entry-cache@^6.0.1
296 silly packumentCache full:https://registry.npmjs.org/file-entry-cache cache-miss
297 http cache https://registry.npmjs.org/imurmurhash 34ms (cache hit)
298 silly packumentCache full:https://registry.npmjs.org/imurmurhash set size:35819 disposed:false
299 silly fetch manifest eslint-visitor-keys@^3.4.3
300 silly packumentCache full:https://registry.npmjs.org/eslint-visitor-keys cache-miss
301 http cache https://registry.npmjs.org/cross-spawn 42ms (cache hit)
302 silly packumentCache full:https://registry.npmjs.org/cross-spawn set size:109066 disposed:false
303 silly fetch manifest escape-string-regexp@^4.0.0
304 silly packumentCache full:https://registry.npmjs.org/escape-string-regexp cache-miss
305 http cache https://registry.npmjs.org/glob-parent 40ms (cache hit)
306 silly packumentCache full:https://registry.npmjs.org/glob-parent set size:42445 disposed:false
307 silly fetch manifest @ungap/structured-clone@^1.2.0
308 silly packumentCache full:https://registry.npmjs.org/@ungap%2fstructured-clone cache-miss
309 http cache https://registry.npmjs.org/eslint-scope 37ms (cache hit)
310 silly packumentCache full:https://registry.npmjs.org/eslint-scope set size:98867 disposed:false
311 silly fetch manifest @eslint-community/regexpp@^4.6.1
312 silly packumentCache full:https://registry.npmjs.org/@eslint-community%2fregexpp cache-miss
313 http cache https://registry.npmjs.org/is-path-inside 37ms (cache hit)
314 silly packumentCache full:https://registry.npmjs.org/is-path-inside set size:23585 disposed:false
315 silly fetch manifest @humanwhocodes/config-array@^0.13.0
316 silly packumentCache full:https://registry.npmjs.org/@humanwhocodes%2fconfig-array cache-miss
317 http cache https://registry.npmjs.org/lodash.merge 39ms (cache hit)
318 silly packumentCache full:https://registry.npmjs.org/lodash.merge set size:78575 disposed:false
319 silly fetch manifest @eslint-community/eslint-utils@^4.2.0
320 silly packumentCache full:https://registry.npmjs.org/@eslint-community%2feslint-utils cache-miss
321 http cache https://registry.npmjs.org/fast-deep-equal 36ms (cache hit)
322 silly packumentCache full:https://registry.npmjs.org/fast-deep-equal set size:48634 disposed:false
323 silly fetch manifest @humanwhocodes/module-importer@^1.0.1
324 silly packumentCache full:https://registry.npmjs.org/@humanwhocodes%2fmodule-importer cache-miss
325 http cache https://registry.npmjs.org/natural-compare 34ms (cache hit)
326 silly packumentCache full:https://registry.npmjs.org/natural-compare set size:7852 disposed:false
327 silly fetch manifest json-stable-stringify-without-jsonify@^1.0.1
328 silly packumentCache full:https://registry.npmjs.org/json-stable-stringify-without-jsonify cache-miss
329 http cache https://registry.npmjs.org/@eslint%2feslintrc 34ms (cache hit)
330 silly packumentCache full:https://registry.npmjs.org/@eslint%2feslintrc set size:174680 disposed:false
331 silly fetch manifest eslint-plugin-react@^7.37.0
332 silly packumentCache full:https://registry.npmjs.org/eslint-plugin-react cache-miss
333 http cache https://registry.npmjs.org/@nodelib%2ffs.walk 35ms (cache hit)
334 silly packumentCache full:https://registry.npmjs.org/@nodelib%2ffs.walk set size:41589 disposed:false
335 silly fetch manifest eslint-plugin-import@^2.31.0
336 silly packumentCache full:https://registry.npmjs.org/eslint-plugin-import cache-miss
337 http cache https://registry.npmjs.org/eslint-visitor-keys 35ms (cache hit)
338 silly packumentCache full:https://registry.npmjs.org/eslint-visitor-keys set size:69949 disposed:false
339 silly fetch manifest eslint-plugin-jsx-a11y@^6.10.0
340 silly packumentCache full:https://registry.npmjs.org/eslint-plugin-jsx-a11y cache-miss
341 http cache https://registry.npmjs.org/file-entry-cache 40ms (cache hit)
342 silly packumentCache full:https://registry.npmjs.org/file-entry-cache set size:127681 disposed:false
343 silly fetch manifest @rushstack/eslint-patch@^1.10.3
344 silly packumentCache full:https://registry.npmjs.org/@rushstack%2feslint-patch cache-miss
345 http cache https://registry.npmjs.org/@ungap%2fstructured-clone 37ms (cache hit)
346 silly packumentCache full:https://registry.npmjs.org/@ungap%2fstructured-clone set size:68313 disposed:false
347 silly fetch manifest @next/eslint-plugin-next@15.5.26
348 silly packumentCache full:https://registry.npmjs.org/@next%2feslint-plugin-next cache-miss
349 http cache https://registry.npmjs.org/escape-string-regexp 40ms (cache hit)
350 silly packumentCache full:https://registry.npmjs.org/escape-string-regexp set size:22244 disposed:false
351 silly fetch manifest @typescript-eslint/parser@^5.4.2 || ^6.0.0 || ^7.0.0 || ^8.0.0
352 silly packumentCache full:https://registry.npmjs.org/@typescript-eslint%2fparser cache-miss
353 http cache https://registry.npmjs.org/@humanwhocodes%2fconfig-array 36ms (cache hit)
354 silly packumentCache full:https://registry.npmjs.org/@humanwhocodes%2fconfig-array set size:139493 disposed:false
355 silly fetch manifest eslint-plugin-react-hooks@^5.0.0
356 silly packumentCache full:https://registry.npmjs.org/eslint-plugin-react-hooks cache-miss
357 http cache https://registry.npmjs.org/@eslint-community%2fregexpp 42ms (cache hit)
358 silly packumentCache full:https://registry.npmjs.org/@eslint-community%2fregexpp set size:106609 disposed:false
359 silly fetch manifest eslint-import-resolver-node@^0.3.6
360 silly packumentCache full:https://registry.npmjs.org/eslint-import-resolver-node cache-miss
361 http cache https://registry.npmjs.org/@humanwhocodes%2fmodule-importer 37ms (cache hit)
362 silly packumentCache full:https://registry.npmjs.org/@humanwhocodes%2fmodule-importer set size:9516 disposed:false
363 silly fetch manifest @typescript-eslint/eslint-plugin@^5.4.2 || ^6.0.0 || ^7.0.0 || ^8.0.0
364 silly packumentCache full:https://registry.npmjs.org/@typescript-eslint%2feslint-plugin cache-miss
365 http cache https://registry.npmjs.org/@eslint-community%2feslint-utils 40ms (cache hit)
366 silly packumentCache full:https://registry.npmjs.org/@eslint-community%2feslint-utils set size:108339 disposed:false
367 silly fetch manifest eslint-import-resolver-typescript@^3.5.2
368 silly packumentCache full:https://registry.npmjs.org/eslint-import-resolver-typescript cache-miss
369 http cache https://registry.npmjs.org/json-stable-stringify-without-jsonify 40ms (cache hit)
370 silly packumentCache full:https://registry.npmjs.org/json-stable-stringify-without-jsonify set size:5808 disposed:false
371 silly fetch manifest postcss@8.4.31
372 silly packumentCache full:https://registry.npmjs.org/postcss cache-hit
373 silly fetch manifest @next/env@15.5.26
374 silly packumentCache full:https://registry.npmjs.org/@next%2fenv cache-miss
375 http cache https://registry.npmjs.org/eslint-plugin-react 39ms (cache hit)
376 silly packumentCache full:https://registry.npmjs.org/eslint-plugin-react set size:646827 disposed:false
377 silly fetch manifest styled-jsx@5.1.6
378 silly packumentCache full:https://registry.npmjs.org/styled-jsx cache-miss
379 http cache https://registry.npmjs.org/eslint-plugin-import 42ms (cache hit)
380 silly packumentCache full:https://registry.npmjs.org/eslint-plugin-import set size:484928 disposed:false
381 silly fetch manifest @swc/helpers@0.5.15
382 silly packumentCache full:https://registry.npmjs.org/@swc%2fhelpers cache-miss
383 http cache https://registry.npmjs.org/@rushstack%2feslint-patch 43ms (cache hit)
384 silly packumentCache full:https://registry.npmjs.org/@rushstack%2feslint-patch set size:114289 disposed:false
385 silly fetch manifest caniuse-lite@^1.0.30001579
386 silly packumentCache full:https://registry.npmjs.org/caniuse-lite cache-miss
387 http cache https://registry.npmjs.org/eslint-plugin-jsx-a11y 49ms (cache hit)
388 silly packumentCache full:https://registry.npmjs.org/eslint-plugin-jsx-a11y set size:280052 disposed:false
389 silly fetch manifest sharp@^0.34.3 || ^0.35.4
390 silly packumentCache full:https://registry.npmjs.org/sharp cache-miss
391 http cache https://registry.npmjs.org/@next%2feslint-plugin-next 68ms (cache hit)
392 silly packumentCache full:https://registry.npmjs.org/@next%2feslint-plugin-next set size:7246967 disposed:false
393 silly fetch manifest @next/swc-darwin-x64@15.5.26
394 silly packumentCache full:https://registry.npmjs.org/@next%2fswc-darwin-x64 cache-miss
395 http cache https://registry.npmjs.org/eslint-import-resolver-node 117ms (cache hit)
396 silly packumentCache full:https://registry.npmjs.org/eslint-import-resolver-node set size:39118 disposed:false
397 silly fetch manifest @next/swc-darwin-arm64@15.5.26
398 silly packumentCache full:https://registry.npmjs.org/@next%2fswc-darwin-arm64 cache-miss
399 http cache https://registry.npmjs.org/eslint-plugin-react-hooks 133ms (cache hit)
400 silly packumentCache full:https://registry.npmjs.org/eslint-plugin-react-hooks set size:7843679 disposed:false
401 silly fetch manifest @next/swc-linux-x64-gnu@15.5.26
402 silly packumentCache full:https://registry.npmjs.org/@next%2fswc-linux-x64-gnu cache-miss
403 http cache https://registry.npmjs.org/@typescript-eslint%2fparser 222ms (cache hit)
404 silly packumentCache full:https://registry.npmjs.org/@typescript-eslint%2fparser set size:15937189 disposed:false
405 silly fetch manifest @next/swc-linux-x64-musl@15.5.26
406 silly packumentCache full:https://registry.npmjs.org/@next%2fswc-linux-x64-musl cache-miss
407 http cache https://registry.npmjs.org/@typescript-eslint%2feslint-plugin 338ms (cache hit)
408 silly packumentCache full:https://registry.npmjs.org/@typescript-eslint%2feslint-plugin set size:18972727 disposed:false
409 silly fetch manifest @next/swc-win32-x64-msvc@15.5.26
410 silly packumentCache full:https://registry.npmjs.org/@next%2fswc-win32-x64-msvc cache-miss
411 http cache https://registry.npmjs.org/eslint-import-resolver-typescript 444ms (cache hit)
412 silly packumentCache full:https://registry.npmjs.org/eslint-import-resolver-typescript set size:337167 disposed:false
413 silly fetch manifest @next/swc-linux-arm64-gnu@15.5.26
414 silly packumentCache full:https://registry.npmjs.org/@next%2fswc-linux-arm64-gnu cache-miss
415 http cache https://registry.npmjs.org/@next%2fenv 457ms (cache hit)
416 silly packumentCache full:https://registry.npmjs.org/@next%2fenv set size:7745539 disposed:false
417 silly fetch manifest @next/swc-linux-arm64-musl@15.5.26
418 silly packumentCache full:https://registry.npmjs.org/@next%2fswc-linux-arm64-musl cache-miss
419 http cache https://registry.npmjs.org/styled-jsx 496ms (cache hit)
420 silly packumentCache full:https://registry.npmjs.org/styled-jsx set size:436113 disposed:false
421 silly fetch manifest @next/swc-win32-arm64-msvc@15.5.26
422 silly packumentCache full:https://registry.npmjs.org/@next%2fswc-win32-arm64-msvc cache-miss
423 http cache https://registry.npmjs.org/@swc%2fhelpers 500ms (cache hit)
424 silly packumentCache full:https://registry.npmjs.org/@swc%2fhelpers set size:775458 disposed:false
425 silly fetch manifest scheduler@^0.28.0
426 silly packumentCache full:https://registry.npmjs.org/scheduler cache-miss
427 http cache https://registry.npmjs.org/caniuse-lite 509ms (cache hit)
428 silly packumentCache full:https://registry.npmjs.org/caniuse-lite set size:2319807 disposed:false
429 silly fetch manifest pngjs@^5.0.0
430 silly packumentCache full:https://registry.npmjs.org/pngjs cache-miss
431 http cache https://registry.npmjs.org/sharp 518ms (cache hit)
432 silly packumentCache full:https://registry.npmjs.org/sharp set size:1250806 disposed:false
433 silly fetch manifest yargs@^15.3.1
434 silly packumentCache full:https://registry.npmjs.org/yargs cache-miss
435 http cache https://registry.npmjs.org/@next%2fswc-linux-x64-gnu 398ms (cache hit)
436 silly packumentCache full:https://registry.npmjs.org/@next%2fswc-linux-x64-gnu set size:5737426 disposed:false
437 silly fetch manifest dijkstrajs@^1.0.1
438 silly packumentCache full:https://registry.npmjs.org/dijkstrajs cache-miss
439 http cache https://registry.npmjs.org/@next%2fswc-darwin-x64 509ms (cache hit)
440 silly packumentCache full:https://registry.npmjs.org/@next%2fswc-darwin-x64 set size:5621621 disposed:false
441 silly fetch manifest clsx@^2.0.0
442 silly packumentCache full:https://registry.npmjs.org/clsx cache-miss
443 http cache https://registry.npmjs.org/@next%2fswc-linux-x64-musl 389ms (cache hit)
444 silly packumentCache full:https://registry.npmjs.org/@next%2fswc-linux-x64-musl set size:5492988 disposed:false
445 silly fetch manifest lodash@^4.17.21
446 silly packumentCache full:https://registry.npmjs.org/lodash cache-miss
447 http cache https://registry.npmjs.org/@next%2fswc-darwin-arm64 622ms (cache hit)
448 silly packumentCache full:https://registry.npmjs.org/@next%2fswc-darwin-arm64 set size:5682777 disposed:false
449 silly fetch manifest react-is@^18.3.1
450 silly packumentCache full:https://registry.npmjs.org/react-is cache-miss
451 http cache https://registry.npmjs.org/@next%2fswc-win32-x64-msvc 349ms (cache hit)
452 silly packumentCache full:https://registry.npmjs.org/@next%2fswc-win32-x64-msvc set size:5707673 disposed:false
453 silly fetch manifest react-smooth@^4.0.4
454 silly packumentCache full:https://registry.npmjs.org/react-smooth cache-miss
455 http cache https://registry.npmjs.org/@next%2fswc-linux-arm64-gnu 416ms (cache hit)
456 silly packumentCache full:https://registry.npmjs.org/@next%2fswc-linux-arm64-gnu set size:5542791 disposed:false
457 silly fetch manifest eventemitter3@^4.0.1
458 silly packumentCache full:https://registry.npmjs.org/eventemitter3 cache-miss
459 http cache https://registry.npmjs.org/@next%2fswc-linux-arm64-musl 404ms (cache hit)
460 silly packumentCache full:https://registry.npmjs.org/@next%2fswc-linux-arm64-musl set size:5562703 disposed:false
461 silly fetch manifest recharts-scale@^0.4.4
462 silly packumentCache full:https://registry.npmjs.org/recharts-scale cache-miss
463 http cache https://registry.npmjs.org/@next%2fswc-win32-arm64-msvc 441ms (cache hit)
464 silly packumentCache full:https://registry.npmjs.org/@next%2fswc-win32-arm64-msvc set size:5523684 disposed:false
465 silly fetch manifest tiny-invariant@^1.3.1
466 silly packumentCache full:https://registry.npmjs.org/tiny-invariant cache-miss
467 http cache https://registry.npmjs.org/pngjs 448ms (cache hit)
468 silly packumentCache full:https://registry.npmjs.org/pngjs set size:70154 disposed:false
469 silly fetch manifest victory-vendor@^36.6.8
470 silly packumentCache full:https://registry.npmjs.org/victory-vendor cache-miss
471 http cache https://registry.npmjs.org/dijkstrajs 395ms (cache hit)
472 silly packumentCache full:https://registry.npmjs.org/dijkstrajs set size:10832 disposed:false
473 silly fetch manifest arg@^5.0.2
474 silly packumentCache full:https://registry.npmjs.org/arg cache-miss
475 http cache https://registry.npmjs.org/yargs 447ms (cache hit)
476 silly packumentCache full:https://registry.npmjs.org/yargs set size:763370 disposed:false
477 silly fetch manifest dlv@^1.1.3
478 silly packumentCache full:https://registry.npmjs.org/dlv cache-miss
479 http cache https://registry.npmjs.org/scheduler 500ms (cache hit)
480 silly packumentCache full:https://registry.npmjs.org/scheduler set size:5788143 disposed:false
481 silly fetch manifest jiti@^1.21.7
482 silly packumentCache full:https://registry.npmjs.org/jiti cache-miss
483 http cache https://registry.npmjs.org/clsx 396ms (cache hit)
484 silly packumentCache full:https://registry.npmjs.org/clsx set size:42531 disposed:false
485 silly fetch manifest is-glob@^4.0.3
486 silly packumentCache full:https://registry.npmjs.org/is-glob cache-hit
487 silly fetch manifest resolve@^1.22.8
488 silly packumentCache full:https://registry.npmjs.org/resolve cache-miss
489 http cache https://registry.npmjs.org/react-is 323ms (cache hit)
490 silly packumentCache full:https://registry.npmjs.org/react-is set size:5675314 disposed:false
491 silly fetch manifest sucrase@^3.35.0
492 silly packumentCache full:https://registry.npmjs.org/sucrase cache-miss
493 http cache https://registry.npmjs.org/lodash 431ms (cache hit)
494 silly packumentCache full:https://registry.npmjs.org/lodash set size:247678 disposed:false
495 silly fetch manifest chokidar@^3.6.0
496 silly packumentCache full:https://registry.npmjs.org/chokidar cache-miss
497 http cache https://registry.npmjs.org/react-smooth 312ms (cache hit)
498 silly packumentCache full:https://registry.npmjs.org/react-smooth set size:197810 disposed:false
499 silly fetch manifest fast-glob@^3.3.2
500 silly packumentCache full:https://registry.npmjs.org/fast-glob cache-miss
501 http cache https://registry.npmjs.org/eventemitter3 271ms (cache hit)
502 silly packumentCache full:https://registry.npmjs.org/eventemitter3 set size:92292 disposed:false
503 silly fetch manifest lilconfig@^3.1.3
504 silly packumentCache full:https://registry.npmjs.org/lilconfig cache-miss
505 http cache https://registry.npmjs.org/recharts-scale 230ms (cache hit)
506 silly packumentCache full:https://registry.npmjs.org/recharts-scale set size:62529 disposed:false
507 silly fetch manifest didyoumean@^1.2.2
508 silly packumentCache full:https://registry.npmjs.org/didyoumean cache-miss
509 http cache https://registry.npmjs.org/tiny-invariant 189ms (cache hit)
510 silly packumentCache full:https://registry.npmjs.org/tiny-invariant set size:98310 disposed:false
511 silly fetch manifest micromatch@^4.0.8
512 silly packumentCache full:https://registry.npmjs.org/micromatch cache-miss
513 http cache https://registry.npmjs.org/arg 182ms (cache hit)
514 silly packumentCache full:https://registry.npmjs.org/arg set size:67036 disposed:false
515 silly fetch manifest postcss-js@^4.0.1
516 silly packumentCache full:https://registry.npmjs.org/postcss-js cache-miss
517 http cache https://registry.npmjs.org/dlv 170ms (cache hit)
518 silly packumentCache full:https://registry.npmjs.org/dlv set size:16709 disposed:false
519 silly fetch manifest object-hash@^3.0.0
520 silly packumentCache full:https://registry.npmjs.org/object-hash cache-miss
521 http cache https://registry.npmjs.org/victory-vendor 193ms (cache hit)
522 silly packumentCache full:https://registry.npmjs.org/victory-vendor set size:249209 disposed:false
523 silly fetch manifest normalize-path@^3.0.0
524 silly packumentCache full:https://registry.npmjs.org/normalize-path cache-miss
525 http cache https://registry.npmjs.org/jiti 127ms (cache hit)
526 silly packumentCache full:https://registry.npmjs.org/jiti set size:387989 disposed:false
527 silly fetch manifest postcss-import@^15.1.0
528 silly packumentCache full:https://registry.npmjs.org/postcss-import cache-miss
529 http cache https://registry.npmjs.org/resolve 130ms (cache hit)
530 silly packumentCache full:https://registry.npmjs.org/resolve set size:244568 disposed:false
531 silly fetch manifest postcss-nested@^6.2.0
532 silly packumentCache full:https://registry.npmjs.org/postcss-nested cache-miss
533 http cache https://registry.npmjs.org/chokidar 57ms (cache hit)
534 silly packumentCache full:https://registry.npmjs.org/chokidar set size:255902 disposed:false
535 silly fetch manifest @alloc/quick-lru@^5.2.0
536 silly packumentCache full:https://registry.npmjs.org/@alloc%2fquick-lru cache-miss
537 http cache https://registry.npmjs.org/sucrase 68ms (cache hit)
538 silly packumentCache full:https://registry.npmjs.org/sucrase set size:449399 disposed:false
539 silly fetch manifest postcss-load-config@^4.0.2 || ^5.0 || ^6.0
540 silly packumentCache full:https://registry.npmjs.org/postcss-load-config cache-miss
541 http cache https://registry.npmjs.org/fast-glob 68ms (cache hit)
542 silly packumentCache full:https://registry.npmjs.org/fast-glob set size:220556 disposed:false
543 silly fetch manifest postcss-selector-parser@^6.1.2
544 silly packumentCache full:https://registry.npmjs.org/postcss-selector-parser cache-miss
545 http cache https://registry.npmjs.org/lilconfig 72ms (cache hit)
546 silly packumentCache full:https://registry.npmjs.org/lilconfig set size:45636 disposed:false
547 http cache https://registry.npmjs.org/didyoumean 72ms (cache hit)
548 silly packumentCache full:https://registry.npmjs.org/didyoumean set size:11446 disposed:false
549 http cache https://registry.npmjs.org/micromatch 70ms (cache hit)
550 silly packumentCache full:https://registry.npmjs.org/micromatch set size:240630 disposed:false
551 http cache https://registry.npmjs.org/postcss-js 65ms (cache hit)
552 silly packumentCache full:https://registry.npmjs.org/postcss-js set size:51308 disposed:false
553 http cache https://registry.npmjs.org/object-hash 66ms (cache hit)
554 silly packumentCache full:https://registry.npmjs.org/object-hash set size:100564 disposed:false
555 http cache https://registry.npmjs.org/normalize-path 65ms (cache hit)
556 silly packumentCache full:https://registry.npmjs.org/normalize-path set size:28713 disposed:false
557 http cache https://registry.npmjs.org/postcss-import 61ms (cache hit)
558 silly packumentCache full:https://registry.npmjs.org/postcss-import set size:125042 disposed:false
559 http cache https://registry.npmjs.org/postcss-nested 56ms (cache hit)
560 silly packumentCache full:https://registry.npmjs.org/postcss-nested set size:83321 disposed:false
561 http cache https://registry.npmjs.org/@alloc%2fquick-lru 50ms (cache hit)
562 silly packumentCache full:https://registry.npmjs.org/@alloc%2fquick-lru set size:10833 disposed:false
563 http cache https://registry.npmjs.org/postcss-load-config 42ms (cache hit)
564 silly packumentCache full:https://registry.npmjs.org/postcss-load-config set size:86425 disposed:false
565 http cache https://registry.npmjs.org/postcss-selector-parser 37ms (cache hit)
566 silly packumentCache full:https://registry.npmjs.org/postcss-selector-parser set size:199901 disposed:false
567 silly placeDep ROOT @types/cookie@0.6.0 OK for: @supabase/ssr@0.5.2 want: ^0.6.0
568 silly placeDep ROOT cookie@0.7.2 OK for: @supabase/ssr@0.5.2 want: ^0.7.0
569 silly placeDep ROOT @supabase/auth-js@2.117.2 OK for: @supabase/supabase-js@2.117.2 want: 2.117.2
570 silly placeDep ROOT @supabase/functions-js@2.117.2 OK for: @supabase/supabase-js@2.117.2 want: 2.117.2
571 silly placeDep ROOT @supabase/postgrest-js@2.117.2 OK for: @supabase/supabase-js@2.117.2 want: 2.117.2
572 silly placeDep ROOT @supabase/realtime-js@2.117.2 OK for: @supabase/supabase-js@2.117.2 want: 2.117.2
573 silly placeDep ROOT @supabase/storage-js@2.117.2 OK for: @supabase/supabase-js@2.117.2 want: 2.117.2
574 silly fetch manifest tslib@2.8.1
575 silly packumentCache full:https://registry.npmjs.org/tslib cache-miss
576 silly fetch manifest tslib@2.8.1
577 silly packumentCache full:https://registry.npmjs.org/tslib cache-miss
578 silly fetch manifest tslib@2.8.1
579 silly packumentCache full:https://registry.npmjs.org/tslib cache-miss
580 silly fetch manifest tslib@2.8.1
581 silly packumentCache full:https://registry.npmjs.org/tslib cache-miss
582 silly fetch manifest @supabase/phoenix@0.4.5
583 silly packumentCache full:https://registry.npmjs.org/@supabase%2fphoenix cache-miss
584 silly fetch manifest tslib@2.8.1
585 silly packumentCache full:https://registry.npmjs.org/tslib cache-miss
586 silly fetch manifest iceberg-js@^0.8.1
587 silly packumentCache full:https://registry.npmjs.org/iceberg-js cache-miss
588 http cache https://registry.npmjs.org/tslib 32ms (cache hit)
589 silly packumentCache full:https://registry.npmjs.org/tslib set size:108843 disposed:false
590 http cache https://registry.npmjs.org/tslib 33ms (cache hit)
591 silly packumentCache full:https://registry.npmjs.org/tslib set size:108843 disposed:false
592 silly packumentCache full:https://registry.npmjs.org/tslib dispose
593 http cache https://registry.npmjs.org/@supabase%2fphoenix 35ms (cache hit)
594 silly packumentCache full:https://registry.npmjs.org/@supabase%2fphoenix set size:32329 disposed:false
595 http cache https://registry.npmjs.org/tslib 37ms (cache hit)
596 silly packumentCache full:https://registry.npmjs.org/tslib set size:108843 disposed:true
597 silly packumentCache full:https://registry.npmjs.org/tslib dispose
598 http cache https://registry.npmjs.org/iceberg-js 36ms (cache hit)
599 silly packumentCache full:https://registry.npmjs.org/iceberg-js set size:44071 disposed:false
600 http cache https://registry.npmjs.org/tslib 37ms (cache hit)
601 silly packumentCache full:https://registry.npmjs.org/tslib set size:108843 disposed:true
602 silly packumentCache full:https://registry.npmjs.org/tslib dispose
603 http cache https://registry.npmjs.org/tslib 40ms (cache hit)
604 silly packumentCache full:https://registry.npmjs.org/tslib set size:108843 disposed:true
605 silly packumentCache full:https://registry.npmjs.org/tslib dispose
606 silly placeDep ROOT tslib@2.8.1 OK for: @supabase/auth-js@2.117.2 want: 2.8.1
607 silly placeDep ROOT @supabase/phoenix@0.4.5 OK for: @supabase/realtime-js@2.117.2 want: 0.4.5
608 silly placeDep ROOT iceberg-js@0.8.1 OK for: @supabase/storage-js@2.117.2 want: ^0.8.1
609 silly placeDep ROOT undici-types@6.21.0 OK for: @types/node@20.19.43 want: ~6.21.0
610 silly placeDep ROOT csstype@3.2.3 OK for: @types/react@19.3.0 want: ^3.2.2
611 silly placeDep ROOT browserslist@4.29.3 OK for: autoprefixer@10.6.1 want: ^4.28.9
612 silly placeDep ROOT caniuse-lite@1.0.30001814 OK for: autoprefixer@10.6.1 want: ^1.0.30001810
613 silly placeDep ROOT fraction.js@5.3.4 OK for: autoprefixer@10.6.1 want: ^5.3.4
614 silly placeDep ROOT picocolors@1.1.1 OK for: autoprefixer@10.6.1 want: ^1.1.1
615 silly placeDep ROOT postcss-value-parser@4.2.0 OK for: autoprefixer@10.6.1 want: ^4.2.0
616 silly fetch manifest caniuse-lite@^1.0.30001813
617 silly packumentCache full:https://registry.npmjs.org/caniuse-lite cache-miss
618 silly fetch manifest node-releases@^2.0.57
619 silly packumentCache full:https://registry.npmjs.org/node-releases cache-miss
620 silly fetch manifest electron-to-chromium@^1.5.439
621 silly packumentCache full:https://registry.npmjs.org/electron-to-chromium cache-miss
622 silly fetch manifest update-browserslist-db@^1.3.3
623 silly packumentCache full:https://registry.npmjs.org/update-browserslist-db cache-miss
624 silly fetch manifest baseline-browser-mapping@^2.11.26
625 silly packumentCache full:https://registry.npmjs.org/baseline-browser-mapping cache-miss
626 http cache https://registry.npmjs.org/node-releases 10ms (cache hit)
627 silly packumentCache full:https://registry.npmjs.org/node-releases set size:301779 disposed:false
628 http cache https://registry.npmjs.org/update-browserslist-db 15ms (cache hit)
629 silly packumentCache full:https://registry.npmjs.org/update-browserslist-db set size:71185 disposed:false
630 http cache https://registry.npmjs.org/baseline-browser-mapping 17ms (cache hit)
631 silly packumentCache full:https://registry.npmjs.org/baseline-browser-mapping set size:645799 disposed:false
632 http cache https://registry.npmjs.org/caniuse-lite 27ms (cache hit)
633 silly packumentCache full:https://registry.npmjs.org/caniuse-lite set size:2319807 disposed:false
634 http cache https://registry.npmjs.org/electron-to-chromium 46ms (cache hit)
635 silly packumentCache full:https://registry.npmjs.org/electron-to-chromium set size:4977051 disposed:false
636 silly fetch manifest browserslist@>= 4.21.0
637 silly packumentCache full:https://registry.npmjs.org/browserslist cache-hit
638 silly placeDep ROOT baseline-browser-mapping@2.11.26 OK for: browserslist@4.29.3 want: ^2.11.26
639 silly placeDep ROOT electron-to-chromium@1.5.442 OK for: browserslist@4.29.3 want: ^1.5.439
640 silly placeDep ROOT node-releases@2.0.57 OK for: browserslist@4.29.3 want: ^2.0.57
641 silly placeDep ROOT update-browserslist-db@1.3.3 OK for: browserslist@4.29.3 want: ^1.3.3
642 silly fetch manifest escalade@^3.2.0
643 silly packumentCache full:https://registry.npmjs.org/escalade cache-miss
644 http cache https://registry.npmjs.org/escalade 5ms (cache hit)
645 silly packumentCache full:https://registry.npmjs.org/escalade set size:33724 disposed:false
646 silly fetch manifest eslint@^6.0.0 || ^7.0.0 || >=8.0.0
647 silly packumentCache full:https://registry.npmjs.org/eslint cache-miss
648 http cache https://registry.npmjs.org/eslint 22ms (cache hit)
649 silly packumentCache full:https://registry.npmjs.org/eslint set size:2085131 disposed:false
650 silly fetch manifest jiti@*
651 silly packumentCache full:https://registry.npmjs.org/jiti cache-hit
652 silly placeDep ROOT @eslint-community/eslint-utils@4.10.1 OK for: eslint@8.57.1 want: ^4.2.0
653 silly placeDep ROOT @eslint-community/regexpp@4.12.2 OK for: eslint@8.57.1 want: ^4.6.1
654 silly placeDep ROOT @eslint/eslintrc@2.1.4 OK for: eslint@8.57.1 want: ^2.1.4
655 silly placeDep ROOT @eslint/js@8.57.1 OK for: eslint@8.57.1 want: 8.57.1
656 silly placeDep ROOT @humanwhocodes/config-array@0.13.0 OK for: eslint@8.57.1 want: ^0.13.0
657 silly placeDep ROOT @humanwhocodes/module-importer@1.0.1 OK for: eslint@8.57.1 want: ^1.0.1
658 silly placeDep ROOT @nodelib/fs.walk@1.2.8 OK for: eslint@8.57.1 want: ^1.2.8
659 silly placeDep ROOT @ungap/structured-clone@1.4.0 OK for: eslint@8.57.1 want: ^1.2.0
660 silly placeDep ROOT ajv@6.15.0 OK for: eslint@8.57.1 want: ^6.12.4
661 silly placeDep ROOT chalk@4.1.2 OK for: eslint@8.57.1 want: ^4.0.0
662 silly placeDep ROOT cross-spawn@7.0.6 OK for: eslint@8.57.1 want: ^7.0.2
663 silly placeDep ROOT debug@4.4.3 OK for: eslint@8.57.1 want: ^4.3.2
664 silly placeDep ROOT doctrine@3.0.0 OK for: eslint@8.57.1 want: ^3.0.0
665 silly placeDep ROOT escape-string-regexp@4.0.0 OK for: eslint@8.57.1 want: ^4.0.0
666 silly placeDep ROOT eslint-scope@7.2.2 OK for: eslint@8.57.1 want: ^7.2.2
667 silly placeDep ROOT eslint-visitor-keys@3.4.3 OK for: eslint@8.57.1 want: ^3.4.3
668 silly placeDep ROOT espree@9.6.1 OK for: eslint@8.57.1 want: ^9.6.1
669 silly placeDep ROOT esquery@1.7.0 OK for: eslint@8.57.1 want: ^1.4.2
670 silly placeDep ROOT esutils@2.0.3 OK for: eslint@8.57.1 want: ^2.0.2
671 silly placeDep ROOT fast-deep-equal@3.1.3 OK for: eslint@8.57.1 want: ^3.1.3
672 silly placeDep ROOT file-entry-cache@6.0.1 OK for: eslint@8.57.1 want: ^6.0.1
673 silly placeDep ROOT find-up@5.0.0 OK for: eslint@8.57.1 want: ^5.0.0
674 silly placeDep ROOT glob-parent@6.0.2 OK for: eslint@8.57.1 want: ^6.0.2
675 silly placeDep ROOT globals@13.24.0 OK for: eslint@8.57.1 want: ^13.19.0
676 silly placeDep ROOT graphemer@1.4.0 OK for: eslint@8.57.1 want: ^1.4.0
677 silly placeDep ROOT ignore@5.3.2 OK for: eslint@8.57.1 want: ^5.2.0
678 silly placeDep ROOT imurmurhash@0.1.4 OK for: eslint@8.57.1 want: ^0.1.4
679 silly placeDep ROOT is-glob@4.0.3 OK for: eslint@8.57.1 want: ^4.0.0
680 silly placeDep ROOT is-path-inside@3.0.3 OK for: eslint@8.57.1 want: ^3.0.3
681 silly placeDep ROOT js-yaml@4.3.2 OK for: eslint@8.57.1 want: ^4.1.0
682 silly placeDep ROOT json-stable-stringify-without-jsonify@1.0.1 OK for: eslint@8.57.1 want: ^1.0.1
683 silly placeDep ROOT levn@0.4.1 OK for: eslint@8.57.1 want: ^0.4.1
684 silly placeDep ROOT lodash.merge@4.6.2 OK for: eslint@8.57.1 want: ^4.6.2
685 silly placeDep ROOT minimatch@3.1.5 OK for: eslint@8.57.1 want: ^3.1.2
686 silly placeDep ROOT natural-compare@1.4.0 OK for: eslint@8.57.1 want: ^1.4.0
687 silly placeDep ROOT optionator@0.9.4 OK for: eslint@8.57.1 want: ^0.9.3
688 silly placeDep ROOT strip-ansi@6.0.1 OK for: eslint@8.57.1 want: ^6.0.1
689 silly placeDep ROOT text-table@0.2.0 OK for: eslint@8.57.1 want: ^0.2.0
690 silly fetch manifest espree@^9.6.0
691 silly packumentCache full:https://registry.npmjs.org/espree cache-hit
692 silly fetch manifest import-fresh@^3.2.1
693 silly packumentCache full:https://registry.npmjs.org/import-fresh cache-miss
694 silly fetch manifest strip-json-comments@^3.1.1
695 silly packumentCache full:https://registry.npmjs.org/strip-json-comments cache-miss
696 silly fetch manifest debug@^4.3.1
697 silly packumentCache full:https://registry.npmjs.org/debug cache-hit
698 silly fetch manifest minimatch@^3.0.5
699 silly packumentCache full:https://registry.npmjs.org/minimatch cache-hit
700 silly fetch manifest @humanwhocodes/object-schema@^2.0.3
701 silly packumentCache full:https://registry.npmjs.org/@humanwhocodes%2fobject-schema cache-miss
702 silly fetch manifest fastq@^1.6.0
703 silly packumentCache full:https://registry.npmjs.org/fastq cache-miss
704 silly fetch manifest @nodelib/fs.scandir@2.1.5
705 silly packumentCache full:https://registry.npmjs.org/@nodelib%2ffs.scandir cache-miss
706 silly fetch manifest uri-js@^4.2.2
707 silly packumentCache full:https://registry.npmjs.org/uri-js cache-miss
708 silly fetch manifest fast-deep-equal@^3.1.1
709 silly packumentCache full:https://registry.npmjs.org/fast-deep-equal cache-hit
710 silly fetch manifest json-schema-traverse@^0.4.1
711 silly packumentCache full:https://registry.npmjs.org/json-schema-traverse cache-miss
712 silly fetch manifest fast-json-stable-stringify@^2.0.0
713 silly packumentCache full:https://registry.npmjs.org/fast-json-stable-stringify cache-miss
714 silly fetch manifest ansi-styles@^4.1.0
715 silly packumentCache full:https://registry.npmjs.org/ansi-styles cache-miss
716 silly fetch manifest supports-color@^7.1.0
717 silly packumentCache full:https://registry.npmjs.org/supports-color cache-miss
718 silly fetch manifest which@^2.0.1
719 silly packumentCache full:https://registry.npmjs.org/which cache-miss
720 http cache https://registry.npmjs.org/fastq 21ms (cache hit)
721 silly packumentCache full:https://registry.npmjs.org/fastq set size:82997 disposed:false
722 silly fetch manifest path-key@^3.1.0
723 silly packumentCache full:https://registry.npmjs.org/path-key cache-miss
724 http cache https://registry.npmjs.org/strip-json-comments 26ms (cache hit)
725 silly packumentCache full:https://registry.npmjs.org/strip-json-comments set size:43569 disposed:false
726 silly fetch manifest shebang-command@^2.0.0
727 silly packumentCache full:https://registry.npmjs.org/shebang-command cache-miss
728 http cache https://registry.npmjs.org/import-fresh 29ms (cache hit)
729 silly packumentCache full:https://registry.npmjs.org/import-fresh set size:26738 disposed:false
730 silly fetch manifest ms@^2.1.3
731 silly packumentCache full:https://registry.npmjs.org/ms cache-miss
732 http cache https://registry.npmjs.org/@nodelib%2ffs.scandir 27ms (cache hit)
733 silly packumentCache full:https://registry.npmjs.org/@nodelib%2ffs.scandir set size:49256 disposed:false
734 silly fetch manifest esrecurse@^4.3.0
735 silly packumentCache full:https://registry.npmjs.org/esrecurse cache-miss
736 http cache https://registry.npmjs.org/fast-json-stable-stringify 24ms (cache hit)
737 silly packumentCache full:https://registry.npmjs.org/fast-json-stable-stringify set size:11337 disposed:false
738 silly fetch manifest estraverse@^5.2.0
739 silly packumentCache full:https://registry.npmjs.org/estraverse cache-miss
740 http cache https://registry.npmjs.org/json-schema-traverse 30ms (cache hit)
741 silly packumentCache full:https://registry.npmjs.org/json-schema-traverse set size:23537 disposed:false
742 silly fetch manifest acorn@^8.9.0
743 silly packumentCache full:https://registry.npmjs.org/acorn cache-miss
744 http cache https://registry.npmjs.org/@humanwhocodes%2fobject-schema 33ms (cache hit)
745 silly packumentCache full:https://registry.npmjs.org/@humanwhocodes%2fobject-schema set size:30629 disposed:false
746 silly fetch manifest acorn-jsx@^5.3.2
747 silly packumentCache full:https://registry.npmjs.org/acorn-jsx cache-miss
748 http cache https://registry.npmjs.org/uri-js 34ms (cache hit)
749 silly packumentCache full:https://registry.npmjs.org/uri-js set size:42559 disposed:false
750 silly fetch manifest estraverse@^5.1.0
751 silly packumentCache full:https://registry.npmjs.org/estraverse cache-miss
752 http cache https://registry.npmjs.org/ansi-styles 32ms (cache hit)
753 silly packumentCache full:https://registry.npmjs.org/ansi-styles set size:71772 disposed:false
754 silly fetch manifest flat-cache@^3.0.4
755 silly packumentCache full:https://registry.npmjs.org/flat-cache cache-miss
756 http cache https://registry.npmjs.org/supports-color 36ms (cache hit)
757 silly packumentCache full:https://registry.npmjs.org/supports-color set size:124169 disposed:false
758 silly fetch manifest locate-path@^6.0.0
759 silly packumentCache full:https://registry.npmjs.org/locate-path cache-miss
760 http cache https://registry.npmjs.org/which 39ms (cache hit)
761 silly packumentCache full:https://registry.npmjs.org/which set size:70147 disposed:false
762 silly fetch manifest path-exists@^4.0.0
763 silly packumentCache full:https://registry.npmjs.org/path-exists cache-miss
764 http cache https://registry.npmjs.org/shebang-command 32ms (cache hit)
765 silly packumentCache full:https://registry.npmjs.org/shebang-command set size:8525 disposed:false
766 silly fetch manifest type-fest@^0.20.2
767 silly packumentCache full:https://registry.npmjs.org/type-fest cache-miss
768 http cache https://registry.npmjs.org/path-key 36ms (cache hit)
769 silly packumentCache full:https://registry.npmjs.org/path-key set size:16975 disposed:false
770 silly fetch manifest is-extglob@^2.1.1
771 silly packumentCache full:https://registry.npmjs.org/is-extglob cache-miss
772 http cache https://registry.npmjs.org/esrecurse 32ms (cache hit)
773 silly packumentCache full:https://registry.npmjs.org/esrecurse set size:29005 disposed:false
774 silly fetch manifest argparse@^2.0.1
775 silly packumentCache full:https://registry.npmjs.org/argparse cache-miss
776 http cache https://registry.npmjs.org/ms 37ms (cache hit)
777 silly packumentCache full:https://registry.npmjs.org/ms set size:92208 disposed:false
778 silly fetch manifest prelude-ls@^1.2.1
779 silly packumentCache full:https://registry.npmjs.org/prelude-ls cache-miss
780 http cache https://registry.npmjs.org/estraverse 37ms (cache hit)
781 silly packumentCache full:https://registry.npmjs.org/estraverse set size:62412 disposed:false
782 silly fetch manifest type-check@~0.4.0
783 silly packumentCache full:https://registry.npmjs.org/type-check cache-miss
784 http cache https://registry.npmjs.org/estraverse 35ms (cache hit)
785 silly packumentCache full:https://registry.npmjs.org/estraverse set size:62412 disposed:false
786 silly packumentCache full:https://registry.npmjs.org/estraverse dispose
787 silly fetch manifest brace-expansion@^1.1.7
788 silly packumentCache full:https://registry.npmjs.org/brace-expansion cache-miss
789 http cache https://registry.npmjs.org/acorn-jsx 38ms (cache hit)
790 silly packumentCache full:https://registry.npmjs.org/acorn-jsx set size:71068 disposed:false
791 silly fetch manifest prelude-ls@^1.2.1
792 silly packumentCache full:https://registry.npmjs.org/prelude-ls cache-miss
793 http cache https://registry.npmjs.org/acorn 42ms (cache hit)
794 silly packumentCache full:https://registry.npmjs.org/acorn set size:383439 disposed:false
795 silly fetch manifest deep-is@^0.1.3
796 silly packumentCache full:https://registry.npmjs.org/deep-is cache-miss
797 http cache https://registry.npmjs.org/flat-cache 42ms (cache hit)
798 silly packumentCache full:https://registry.npmjs.org/flat-cache set size:160097 disposed:false
799 silly fetch manifest word-wrap@^1.2.5
800 silly packumentCache full:https://registry.npmjs.org/word-wrap cache-miss
801 http cache https://registry.npmjs.org/locate-path 41ms (cache hit)
802 silly packumentCache full:https://registry.npmjs.org/locate-path set size:31329 disposed:false
803 silly fetch manifest type-check@^0.4.0
804 silly packumentCache full:https://registry.npmjs.org/type-check cache-miss
805 http cache https://registry.npmjs.org/path-exists 41ms (cache hit)
806 silly packumentCache full:https://registry.npmjs.org/path-exists set size:13704 disposed:false
807 silly fetch manifest fast-levenshtein@^2.0.6
808 silly packumentCache full:https://registry.npmjs.org/fast-levenshtein cache-miss
809 http cache https://registry.npmjs.org/type-fest 40ms (cache hit)
810 silly packumentCache full:https://registry.npmjs.org/type-fest set size:571296 disposed:false
811 silly fetch manifest ansi-regex@^5.0.1
812 silly packumentCache full:https://registry.npmjs.org/ansi-regex cache-miss
813 http cache https://registry.npmjs.org/is-extglob 47ms (cache hit)
814 silly packumentCache full:https://registry.npmjs.org/is-extglob set size:11766 disposed:false
815 http cache https://registry.npmjs.org/argparse 46ms (cache hit)
816 silly packumentCache full:https://registry.npmjs.org/argparse set size:55000 disposed:false
817 http cache https://registry.npmjs.org/prelude-ls 42ms (cache hit)
818 silly packumentCache full:https://registry.npmjs.org/prelude-ls set size:25777 disposed:false
819 http cache https://registry.npmjs.org/type-check 41ms (cache hit)
820 silly packumentCache full:https://registry.npmjs.org/type-check set size:21221 disposed:false
821 http cache https://registry.npmjs.org/prelude-ls 38ms (cache hit)
822 silly packumentCache full:https://registry.npmjs.org/prelude-ls set size:25777 disposed:false
823 silly packumentCache full:https://registry.npmjs.org/prelude-ls dispose
824 http cache https://registry.npmjs.org/brace-expansion 41ms (cache hit)
825 silly packumentCache full:https://registry.npmjs.org/brace-expansion set size:128514 disposed:false
826 http cache https://registry.npmjs.org/deep-is 35ms (cache hit)
827 silly packumentCache full:https://registry.npmjs.org/deep-is set size:10205 disposed:false
828 http cache https://registry.npmjs.org/word-wrap 34ms (cache hit)
829 silly packumentCache full:https://registry.npmjs.org/word-wrap set size:37835 disposed:false
830 http cache https://registry.npmjs.org/type-check 33ms (cache hit)
831 silly packumentCache full:https://registry.npmjs.org/type-check set size:21221 disposed:false
832 silly packumentCache full:https://registry.npmjs.org/type-check dispose
833 http cache https://registry.npmjs.org/fast-levenshtein 32ms (cache hit)
834 silly packumentCache full:https://registry.npmjs.org/fast-levenshtein set size:39317 disposed:false
835 http cache https://registry.npmjs.org/ansi-regex 22ms (cache hit)
836 silly packumentCache full:https://registry.npmjs.org/ansi-regex set size:50305 disposed:false
837 silly placeDep ROOT import-fresh@3.3.1 OK for: @eslint/eslintrc@2.1.4 want: ^3.2.1
838 silly placeDep ROOT strip-json-comments@3.1.1 OK for: @eslint/eslintrc@2.1.4 want: ^3.1.1
839 silly fetch manifest resolve-from@^4.0.0
840 silly packumentCache full:https://registry.npmjs.org/resolve-from cache-miss
841 silly fetch manifest parent-module@^1.0.0
842 silly packumentCache full:https://registry.npmjs.org/parent-module cache-miss
843 http cache https://registry.npmjs.org/resolve-from 7ms (cache hit)
844 silly packumentCache full:https://registry.npmjs.org/resolve-from set size:12911 disposed:false
845 http cache https://registry.npmjs.org/parent-module 8ms (cache hit)
846 silly packumentCache full:https://registry.npmjs.org/parent-module set size:18255 disposed:false
847 silly placeDep ROOT @humanwhocodes/object-schema@2.0.3 OK for: @humanwhocodes/config-array@0.13.0 want: ^2.0.3
848 silly placeDep ROOT @nodelib/fs.scandir@2.1.5 OK for: @nodelib/fs.walk@1.2.8 want: 2.1.5
849 silly placeDep ROOT fastq@1.20.3 OK for: @nodelib/fs.walk@1.2.8 want: ^1.6.0
850 silly fetch manifest run-parallel@^1.1.9
851 silly packumentCache full:https://registry.npmjs.org/run-parallel cache-miss
852 silly fetch manifest @nodelib/fs.stat@2.0.5
853 silly packumentCache full:https://registry.npmjs.org/@nodelib%2ffs.stat cache-miss
854 silly fetch manifest reusify@^1.0.4
855 silly packumentCache full:https://registry.npmjs.org/reusify cache-miss
856 http cache https://registry.npmjs.org/run-parallel 7ms (cache hit)
857 silly packumentCache full:https://registry.npmjs.org/run-parallel set size:35172 disposed:false
858 http cache https://registry.npmjs.org/@nodelib%2ffs.stat 9ms (cache hit)
859 silly packumentCache full:https://registry.npmjs.org/@nodelib%2ffs.stat set size:36993 disposed:false
860 http cache https://registry.npmjs.org/reusify 10ms (cache hit)
861 silly packumentCache full:https://registry.npmjs.org/reusify set size:14249 disposed:false
862 silly placeDep ROOT @nodelib/fs.stat@2.0.5 OK for: @nodelib/fs.scandir@2.1.5 want: 2.0.5
863 silly placeDep ROOT run-parallel@1.2.0 OK for: @nodelib/fs.scandir@2.1.5 want: ^1.1.9
864 silly fetch manifest queue-microtask@^1.2.2
865 silly packumentCache full:https://registry.npmjs.org/queue-microtask cache-miss
866 http cache https://registry.npmjs.org/queue-microtask 6ms (cache hit)
867 silly packumentCache full:https://registry.npmjs.org/queue-microtask set size:36088 disposed:false
868 silly placeDep ROOT fast-json-stable-stringify@2.1.0 OK for: ajv@6.15.0 want: ^2.0.0
869 silly placeDep ROOT json-schema-traverse@0.4.1 OK for: ajv@6.15.0 want: ^0.4.1
870 silly placeDep ROOT uri-js@4.4.1 OK for: ajv@6.15.0 want: ^4.2.2
871 silly fetch manifest punycode@^2.1.0
872 silly packumentCache full:https://registry.npmjs.org/punycode cache-miss
873 http cache https://registry.npmjs.org/punycode 6ms (cache hit)
874 silly packumentCache full:https://registry.npmjs.org/punycode set size:61278 disposed:false
875 silly placeDep ROOT ansi-styles@4.3.0 OK for: chalk@4.1.2 want: ^4.1.0
876 silly placeDep ROOT supports-color@7.2.0 OK for: chalk@4.1.2 want: ^7.1.0
877 silly fetch manifest color-convert@^2.0.1
878 silly packumentCache full:https://registry.npmjs.org/color-convert cache-miss
879 silly fetch manifest has-flag@^4.0.0
880 silly packumentCache full:https://registry.npmjs.org/has-flag cache-miss
881 http cache https://registry.npmjs.org/has-flag 6ms (cache hit)
882 silly packumentCache full:https://registry.npmjs.org/has-flag set size:15180 disposed:false
883 http cache https://registry.npmjs.org/color-convert 7ms (cache hit)
884 silly packumentCache full:https://registry.npmjs.org/color-convert set size:72663 disposed:false
885 silly placeDep ROOT color-convert@2.0.1 OK for: ansi-styles@4.3.0 want: ^2.0.1
886 silly fetch manifest color-name@~1.1.4
887 silly packumentCache full:https://registry.npmjs.org/color-name cache-miss
888 http cache https://registry.npmjs.org/color-name 5ms (cache hit)
889 silly packumentCache full:https://registry.npmjs.org/color-name set size:20968 disposed:false
890 silly placeDep ROOT color-name@1.1.4 OK for: color-convert@2.0.1 want: ~1.1.4
891 silly placeDep ROOT path-key@3.1.1 OK for: cross-spawn@7.0.6 want: ^3.1.0
892 silly placeDep ROOT shebang-command@2.0.0 OK for: cross-spawn@7.0.6 want: ^2.0.0
893 silly placeDep ROOT which@2.0.2 OK for: cross-spawn@7.0.6 want: ^2.0.1
894 silly fetch manifest shebang-regex@^3.0.0
895 silly packumentCache full:https://registry.npmjs.org/shebang-regex cache-miss
896 silly fetch manifest isexe@^2.0.0
897 silly packumentCache full:https://registry.npmjs.org/isexe cache-miss
898 http cache https://registry.npmjs.org/shebang-regex 15ms (cache hit)
899 silly packumentCache full:https://registry.npmjs.org/shebang-regex set size:9763 disposed:false
900 http cache https://registry.npmjs.org/isexe 15ms (cache hit)
901 silly packumentCache full:https://registry.npmjs.org/isexe set size:31756 disposed:false
902 silly placeDep ROOT ms@2.1.3 OK for: debug@4.4.3 want: ^2.1.3
903 silly fetch manifest eslint@^7.23.0 || ^8.0.0 || ^9.0.0
904 silly packumentCache full:https://registry.npmjs.org/eslint cache-miss
905 http cache https://registry.npmjs.org/eslint 10ms (cache hit)
906 silly packumentCache full:https://registry.npmjs.org/eslint set size:2085131 disposed:false
907 silly fetch manifest typescript@>=3.3.1
908 silly packumentCache full:https://registry.npmjs.org/typescript cache-miss
909 http cache https://registry.npmjs.org/typescript 42ms (cache hit)
910 silly packumentCache full:https://registry.npmjs.org/typescript set size:15735824 disposed:false
911 silly fetch manifest typescript@>=4.8.4 <6.1.0
912 silly packumentCache full:https://registry.npmjs.org/typescript cache-miss
913 http cache https://registry.npmjs.org/typescript 45ms (cache hit)
914 silly packumentCache full:https://registry.npmjs.org/typescript set size:15735824 disposed:false
915 silly fetch manifest eslint-plugin-import-x@*
916 silly packumentCache full:https://registry.npmjs.org/eslint-plugin-import-x cache-miss
917 http cache https://registry.npmjs.org/eslint-plugin-import-x 5ms (cache hit)
918 silly packumentCache full:https://registry.npmjs.org/eslint-plugin-import-x set size:276235 disposed:false
919 silly fetch manifest @typescript-eslint/utils@^8.56.0
920 silly packumentCache full:https://registry.npmjs.org/@typescript-eslint%2futils cache-miss
921 http cache https://registry.npmjs.org/@typescript-eslint%2futils 25ms (cache hit)
922 silly packumentCache full:https://registry.npmjs.org/@typescript-eslint%2futils set size:11003338 disposed:false
923 silly placeDep ROOT @next/eslint-plugin-next@15.5.26 OK for: eslint-config-next@15.5.26 want: 15.5.26
924 silly placeDep ROOT @rushstack/eslint-patch@1.16.1 OK for: eslint-config-next@15.5.26 want: ^1.10.3
925 silly placeDep ROOT @typescript-eslint/eslint-plugin@8.71.0 OK for: eslint-config-next@15.5.26 want: ^5.4.2 || ^6.0.0 || ^7.0.0 || ^8.0.0
926 silly placeDep ROOT @typescript-eslint/parser@8.71.0 OK for: @typescript-eslint/eslint-plugin@8.71.0 want: ^8.71.0
927 silly placeDep ROOT eslint-import-resolver-node@0.3.10 OK for: eslint-config-next@15.5.26 want: ^0.3.6
928 silly placeDep ROOT eslint-import-resolver-typescript@3.10.1 OK for: eslint-config-next@15.5.26 want: ^3.5.2
929 silly placeDep ROOT eslint-plugin-import@2.32.0 OK for: eslint-config-next@15.5.26 want: ^2.31.0
930 silly placeDep ROOT eslint-plugin-jsx-a11y@6.10.2 OK for: eslint-config-next@15.5.26 want: ^6.10.0
931 silly placeDep ROOT eslint-plugin-react@7.37.5 OK for: eslint-config-next@15.5.26 want: ^7.37.0
932 silly placeDep ROOT eslint-plugin-react-hooks@5.2.0 OK for: eslint-config-next@15.5.26 want: ^5.0.0
933 silly fetch manifest fast-glob@3.3.1
934 silly packumentCache full:https://registry.npmjs.org/fast-glob cache-hit
935 silly fetch manifest ignore@^7.0.5
936 silly packumentCache full:https://registry.npmjs.org/ignore cache-hit
937 silly fetch manifest ts-api-utils@^2.5.0
938 silly packumentCache full:https://registry.npmjs.org/ts-api-utils cache-miss
939 silly fetch manifest @typescript-eslint/utils@8.71.0
940 silly packumentCache full:https://registry.npmjs.org/@typescript-eslint%2futils cache-miss
941 silly fetch manifest @typescript-eslint/type-utils@8.71.0
942 silly packumentCache full:https://registry.npmjs.org/@typescript-eslint%2ftype-utils cache-miss
943 silly fetch manifest @typescript-eslint/visitor-keys@8.71.0
944 silly packumentCache full:https://registry.npmjs.org/@typescript-eslint%2fvisitor-keys cache-miss
945 silly fetch manifest @typescript-eslint/scope-manager@8.71.0
946 silly packumentCache full:https://registry.npmjs.org/@typescript-eslint%2fscope-manager cache-miss
947 silly fetch manifest @typescript-eslint/types@8.71.0
948 silly packumentCache full:https://registry.npmjs.org/@typescript-eslint%2ftypes cache-miss
949 silly fetch manifest @typescript-eslint/visitor-keys@8.71.0
950 silly packumentCache full:https://registry.npmjs.org/@typescript-eslint%2fvisitor-keys cache-miss
951 silly fetch manifest @typescript-eslint/scope-manager@8.71.0
952 silly packumentCache full:https://registry.npmjs.org/@typescript-eslint%2fscope-manager cache-miss
953 silly fetch manifest @typescript-eslint/typescript-estree@8.71.0
954 silly packumentCache full:https://registry.npmjs.org/@typescript-eslint%2ftypescript-estree cache-miss
955 silly fetch manifest debug@^3.2.7
956 silly packumentCache full:https://registry.npmjs.org/debug cache-hit
957 silly fetch manifest resolve@^2.0.0-next.6
958 silly packumentCache full:https://registry.npmjs.org/resolve cache-hit
959 silly fetch manifest is-core-module@^2.16.1
960 silly packumentCache full:https://registry.npmjs.org/is-core-module cache-miss
961 silly fetch manifest tinyglobby@^0.2.13
962 silly packumentCache full:https://registry.npmjs.org/tinyglobby cache-miss
963 http cache https://registry.npmjs.org/ts-api-utils 36ms (cache hit)
964 silly packumentCache full:https://registry.npmjs.org/ts-api-utils set size:226785 disposed:false
965 silly fetch manifest stable-hash@^0.0.5
966 silly packumentCache full:https://registry.npmjs.org/stable-hash cache-miss
967 http cache https://registry.npmjs.org/@typescript-eslint%2futils 63ms (cache hit)
968 silly packumentCache full:https://registry.npmjs.org/@typescript-eslint%2futils set size:11003338 disposed:false
969 silly fetch manifest get-tsconfig@^4.10.0
970 silly packumentCache full:https://registry.npmjs.org/get-tsconfig cache-miss
971 http cache https://registry.npmjs.org/@typescript-eslint%2ftype-utils 152ms (cache hit)
972 silly packumentCache full:https://registry.npmjs.org/@typescript-eslint%2ftype-utils set size:10066389 disposed:false
973 silly fetch manifest is-bun-module@^2.0.0
974 silly packumentCache full:https://registry.npmjs.org/is-bun-module cache-miss
975 http cache https://registry.npmjs.org/@typescript-eslint%2fvisitor-keys 217ms (cache hit)
976 silly packumentCache full:https://registry.npmjs.org/@typescript-eslint%2fvisitor-keys set size:12535307 disposed:false
977 silly fetch manifest unrs-resolver@^1.6.2
978 silly packumentCache full:https://registry.npmjs.org/unrs-resolver cache-miss
979 http cache https://registry.npmjs.org/@typescript-eslint%2fscope-manager 286ms (cache hit)
980 silly packumentCache full:https://registry.npmjs.org/@typescript-eslint%2fscope-manager set size:13194309 disposed:false
981 silly fetch manifest @nolyfill/is-core-module@1.0.39
982 silly packumentCache full:https://registry.npmjs.org/@nolyfill%2fis-core-module cache-miss
983 http cache https://registry.npmjs.org/@typescript-eslint%2ftypes 387ms (cache hit)
984 silly packumentCache full:https://registry.npmjs.org/@typescript-eslint%2ftypes set size:13017922 disposed:false
985 silly fetch manifest @rtsao/scc@^1.1.0
986 silly packumentCache full:https://registry.npmjs.org/@rtsao%2fscc cache-miss
987 http cache https://registry.npmjs.org/@typescript-eslint%2fvisitor-keys 467ms (cache hit)
988 silly packumentCache full:https://registry.npmjs.org/@typescript-eslint%2fvisitor-keys set size:12535307 disposed:false
989 silly fetch manifest array-includes@^3.1.9
990 silly packumentCache full:https://registry.npmjs.org/array-includes cache-miss
991 http cache https://registry.npmjs.org/@typescript-eslint%2fscope-manager 538ms (cache hit)
992 silly packumentCache full:https://registry.npmjs.org/@typescript-eslint%2fscope-manager set size:13194309 disposed:false
993 silly fetch manifest array.prototype.findlastindex@^1.2.6
994 silly packumentCache full:https://registry.npmjs.org/array.prototype.findlastindex cache-miss
995 http cache https://registry.npmjs.org/tinyglobby 614ms (cache hit)
996 silly packumentCache full:https://registry.npmjs.org/tinyglobby set size:54291 disposed:false
997 silly fetch manifest array.prototype.flat@^1.3.3
998 silly packumentCache full:https://registry.npmjs.org/array.prototype.flat cache-miss
999 http cache https://registry.npmjs.org/is-core-module 616ms (cache hit)
1000 silly packumentCache full:https://registry.npmjs.org/is-core-module set size:78502 disposed:false
1001 silly fetch manifest array.prototype.flatmap@^1.3.3
1002 silly packumentCache full:https://registry.npmjs.org/array.prototype.flatmap cache-miss
1003 http cache https://registry.npmjs.org/stable-hash 594ms (cache hit)
1004 silly packumentCache full:https://registry.npmjs.org/stable-hash set size:18359 disposed:false
1005 silly fetch manifest doctrine@^2.1.0
1006 silly packumentCache full:https://registry.npmjs.org/doctrine cache-hit
1007 silly fetch manifest eslint-module-utils@^2.12.1
1008 silly packumentCache full:https://registry.npmjs.org/eslint-module-utils cache-miss
1009 http cache https://registry.npmjs.org/is-bun-module 439ms (cache hit)
1010 silly packumentCache full:https://registry.npmjs.org/is-bun-module set size:19768 disposed:false
1011 silly fetch manifest hasown@^2.0.2
1012 silly packumentCache full:https://registry.npmjs.org/hasown cache-miss
1013 http cache https://registry.npmjs.org/get-tsconfig 504ms (cache hit)
1014 silly packumentCache full:https://registry.npmjs.org/get-tsconfig set size:146232 disposed:false
1015 silly fetch manifest object.fromentries@^2.0.8
1016 silly packumentCache full:https://registry.npmjs.org/object.fromentries cache-miss
1017 http cache https://registry.npmjs.org/@rtsao%2fscc 193ms (cache hit)
1018 silly packumentCache full:https://registry.npmjs.org/@rtsao%2fscc set size:6332 disposed:false
1019 silly fetch manifest object.groupby@^1.0.3
1020 silly packumentCache full:https://registry.npmjs.org/object.groupby cache-miss
1021 http cache https://registry.npmjs.org/unrs-resolver 374ms (cache hit)
1022 silly packumentCache full:https://registry.npmjs.org/unrs-resolver set size:151128 disposed:false
1023 silly fetch manifest object.values@^1.2.1
1024 silly packumentCache full:https://registry.npmjs.org/object.values cache-miss
1025 http cache https://registry.npmjs.org/@nolyfill%2fis-core-module 276ms (cache hit)
1026 silly packumentCache full:https://registry.npmjs.org/@nolyfill%2fis-core-module set size:10461 disposed:false
1027 silly fetch manifest semver@^6.3.1
1028 silly packumentCache full:https://registry.npmjs.org/semver cache-miss
1029 http cache https://registry.npmjs.org/array-includes 127ms (cache hit)
1030 silly packumentCache full:https://registry.npmjs.org/array-includes set size:80888 disposed:false
1031 silly fetch manifest string.prototype.trimend@^1.0.9
1032 silly packumentCache full:https://registry.npmjs.org/string.prototype.trimend cache-miss
1033 http cache https://registry.npmjs.org/array.prototype.findlastindex 31ms (cache hit)
1034 silly packumentCache full:https://registry.npmjs.org/array.prototype.findlastindex set size:44828 disposed:false
1035 silly fetch manifest tsconfig-paths@^3.15.0
1036 silly packumentCache full:https://registry.npmjs.org/tsconfig-paths cache-miss
1037 http cache https://registry.npmjs.org/array.prototype.flat 29ms (cache hit)
1038 silly packumentCache full:https://registry.npmjs.org/array.prototype.flat set size:38327 disposed:false
1039 silly fetch manifest aria-query@^5.3.2
1040 silly packumentCache full:https://registry.npmjs.org/aria-query cache-miss
1041 http cache https://registry.npmjs.org/array.prototype.flatmap 29ms (cache hit)
1042 silly packumentCache full:https://registry.npmjs.org/array.prototype.flatmap set size:51458 disposed:false
1043 silly fetch manifest array-includes@^3.1.8
1044 silly packumentCache full:https://registry.npmjs.org/array-includes cache-hit
1045 silly fetch manifest array.prototype.flatmap@^1.3.2
1046 silly packumentCache full:https://registry.npmjs.org/array.prototype.flatmap cache-hit
1047 silly fetch manifest ast-types-flow@^0.0.8
1048 silly packumentCache full:https://registry.npmjs.org/ast-types-flow cache-miss
1049 http cache https://registry.npmjs.org/eslint-module-utils 29ms (cache hit)
1050 silly packumentCache full:https://registry.npmjs.org/eslint-module-utils set size:83654 disposed:false
1051 silly fetch manifest axe-core@^4.10.0
1052 silly packumentCache full:https://registry.npmjs.org/axe-core cache-miss
1053 http cache https://registry.npmjs.org/object.groupby 26ms (cache hit)
1054 silly packumentCache full:https://registry.npmjs.org/object.groupby set size:15504 disposed:false
1055 silly fetch manifest axobject-query@^4.1.0
1056 silly packumentCache full:https://registry.npmjs.org/axobject-query cache-miss
1057 http cache https://registry.npmjs.org/hasown 32ms (cache hit)
1058 silly packumentCache full:https://registry.npmjs.org/hasown set size:18361 disposed:false
1059 silly fetch manifest damerau-levenshtein@^1.0.8
1060 silly packumentCache full:https://registry.npmjs.org/damerau-levenshtein cache-miss
1061 http cache https://registry.npmjs.org/object.values 27ms (cache hit)
1062 silly packumentCache full:https://registry.npmjs.org/object.values set size:49009 disposed:false
1063 silly fetch manifest emoji-regex@^9.2.2
1064 silly packumentCache full:https://registry.npmjs.org/emoji-regex cache-miss
1065 http cache https://registry.npmjs.org/semver 28ms (cache hit)
1066 silly packumentCache full:https://registry.npmjs.org/semver set size:246128 disposed:false
1067 silly fetch manifest jsx-ast-utils@^3.3.5
1068 silly packumentCache full:https://registry.npmjs.org/jsx-ast-utils cache-miss
1069 http cache https://registry.npmjs.org/object.fromentries 36ms (cache hit)
1070 silly packumentCache full:https://registry.npmjs.org/object.fromentries set size:37686 disposed:false
1071 silly fetch manifest language-tags@^1.0.9
1072 silly packumentCache full:https://registry.npmjs.org/language-tags cache-miss
1073 http cache https://registry.npmjs.org/string.prototype.trimend 32ms (cache hit)
1074 silly packumentCache full:https://registry.npmjs.org/string.prototype.trimend set size:44009 disposed:false
1075 silly fetch manifest safe-regex-test@^1.0.3
1076 silly packumentCache full:https://registry.npmjs.org/safe-regex-test cache-miss
1077 http cache https://registry.npmjs.org/tsconfig-paths 31ms (cache hit)
1078 silly packumentCache full:https://registry.npmjs.org/tsconfig-paths set size:192565 disposed:false
1079 silly fetch manifest string.prototype.includes@^2.0.1
1080 silly packumentCache full:https://registry.npmjs.org/string.prototype.includes cache-miss
1081 http cache https://registry.npmjs.org/ast-types-flow 30ms (cache hit)
1082 silly packumentCache full:https://registry.npmjs.org/ast-types-flow set size:15144 disposed:false
1083 silly fetch manifest array.prototype.findlast@^1.2.5
1084 silly packumentCache full:https://registry.npmjs.org/array.prototype.findlast cache-miss
1085 http cache https://registry.npmjs.org/aria-query 34ms (cache hit)
1086 silly packumentCache full:https://registry.npmjs.org/aria-query set size:98864 disposed:false
1087 silly fetch manifest array.prototype.tosorted@^1.1.4
1088 silly packumentCache full:https://registry.npmjs.org/array.prototype.tosorted cache-miss
1089 http cache https://registry.npmjs.org/axobject-query 27ms (cache hit)
1090 silly packumentCache full:https://registry.npmjs.org/axobject-query set size:75032 disposed:false
1091 silly fetch manifest es-iterator-helpers@^1.2.1
1092 silly packumentCache full:https://registry.npmjs.org/es-iterator-helpers cache-miss
1093 http cache https://registry.npmjs.org/damerau-levenshtein 29ms (cache hit)
1094 silly packumentCache full:https://registry.npmjs.org/damerau-levenshtein set size:23390 disposed:false
1095 silly fetch manifest estraverse@^5.3.0
1096 silly packumentCache full:https://registry.npmjs.org/estraverse cache-hit
1097 silly fetch manifest jsx-ast-utils@^2.4.1 || ^3.0.0
1098 silly packumentCache full:https://registry.npmjs.org/jsx-ast-utils cache-miss
1099 http cache https://registry.npmjs.org/emoji-regex 30ms (cache hit)
1100 silly packumentCache full:https://registry.npmjs.org/emoji-regex set size:91540 disposed:false
1101 silly fetch manifest object.entries@^1.1.9
1102 silly packumentCache full:https://registry.npmjs.org/object.entries cache-miss
1103 http cache https://registry.npmjs.org/jsx-ast-utils 28ms (cache hit)
1104 silly packumentCache full:https://registry.npmjs.org/jsx-ast-utils set size:115998 disposed:false
1105 silly fetch manifest prop-types@^15.8.1
1106 silly packumentCache full:https://registry.npmjs.org/prop-types cache-miss
1107 http cache https://registry.npmjs.org/axe-core 55ms (cache hit)
1108 silly packumentCache full:https://registry.npmjs.org/axe-core set size:10204257 disposed:false
1109 silly fetch manifest resolve@^2.0.0-next.5
1110 silly packumentCache full:https://registry.npmjs.org/resolve cache-hit
1111 silly fetch manifest string.prototype.matchall@^4.0.12
1112 silly packumentCache full:https://registry.npmjs.org/string.prototype.matchall cache-miss
1113 http cache https://registry.npmjs.org/string.prototype.includes 97ms (cache hit)
1114 silly packumentCache full:https://registry.npmjs.org/string.prototype.includes set size:10217 disposed:false
1115 silly fetch manifest string.prototype.repeat@^1.0.0
1116 silly packumentCache full:https://registry.npmjs.org/string.prototype.repeat cache-miss
1117 http cache https://registry.npmjs.org/language-tags 102ms (cache hit)
1118 silly packumentCache full:https://registry.npmjs.org/language-tags set size:38675 disposed:false
1119 http cache https://registry.npmjs.org/safe-regex-test 101ms (cache hit)
1120 silly packumentCache full:https://registry.npmjs.org/safe-regex-test set size:17412 disposed:false
1121 http cache https://registry.npmjs.org/array.prototype.tosorted 96ms (cache hit)
1122 silly packumentCache full:https://registry.npmjs.org/array.prototype.tosorted set size:24661 disposed:false
1123 http cache https://registry.npmjs.org/array.prototype.findlast 99ms (cache hit)
1124 silly packumentCache full:https://registry.npmjs.org/array.prototype.findlast set size:40323 disposed:false
1125 http cache https://registry.npmjs.org/es-iterator-helpers 94ms (cache hit)
1126 silly packumentCache full:https://registry.npmjs.org/es-iterator-helpers set size:281513 disposed:false
1127 http cache https://registry.npmjs.org/object.entries 91ms (cache hit)
1128 silly packumentCache full:https://registry.npmjs.org/object.entries set size:50037 disposed:false
1129 http cache https://registry.npmjs.org/prop-types 90ms (cache hit)
1130 silly packumentCache full:https://registry.npmjs.org/prop-types set size:76747 disposed:false
1131 http cache https://registry.npmjs.org/jsx-ast-utils 96ms (cache hit)
1132 silly packumentCache full:https://registry.npmjs.org/jsx-ast-utils set size:115998 disposed:false
1133 silly packumentCache full:https://registry.npmjs.org/jsx-ast-utils dispose
1134 http cache https://registry.npmjs.org/string.prototype.repeat 19ms (cache hit)
1135 silly packumentCache full:https://registry.npmjs.org/string.prototype.repeat set size:8608 disposed:false
1136 http cache https://registry.npmjs.org/string.prototype.matchall 22ms (cache hit)
1137 silly packumentCache full:https://registry.npmjs.org/string.prototype.matchall set size:66531 disposed:false
1138 http fetch GET https://registry.npmjs.org/@typescript-eslint%2ftypescript-estree attempt 1 failed with ECONNRESET
1139 http fetch GET https://registry.npmjs.org/@typescript-eslint%2ftypescript-estree attempt 2 failed with ECONNRESET
1140 http fetch GET https://registry.npmjs.org/@typescript-eslint%2ftypescript-estree attempt 3 failed with ECONNRESET
1141 http fetch GET https://registry.npmjs.org/@typescript-eslint%2ftypescript-estree attempt 4 failed with ECONNRESET
1142 http fetch GET https://registry.npmjs.org/@typescript-eslint%2ftypescript-estree attempt 5 failed with ECONNRESET
1143 silly placeDep ROOT fast-glob@3.3.1 OK for: @next/eslint-plugin-next@15.5.26 want: 3.3.1
1144 silly fetch manifest merge2@^1.3.0
1145 silly packumentCache full:https://registry.npmjs.org/merge2 cache-miss
1146 silly fetch manifest micromatch@^4.0.4
1147 silly packumentCache full:https://registry.npmjs.org/micromatch cache-hit
1148 silly fetch manifest glob-parent@^5.1.2
1149 silly packumentCache full:https://registry.npmjs.org/glob-parent cache-hit
1150 http cache https://registry.npmjs.org/merge2 67ms (cache hit)
1151 silly packumentCache full:https://registry.npmjs.org/merge2 set size:46159 disposed:false
1152 silly fetch manifest eslint@^8.57.0 || ^9.0.0 || ^10.0.0
1153 silly packumentCache full:https://registry.npmjs.org/eslint cache-miss
1154 http cache https://registry.npmjs.org/eslint 68ms (cache hit)
1155 silly packumentCache full:https://registry.npmjs.org/eslint set size:2085131 disposed:false
1156 silly placeDep ROOT @typescript-eslint/scope-manager@8.71.0 OK for: @typescript-eslint/eslint-plugin@8.71.0 want: 8.71.0
1157 silly placeDep ROOT @typescript-eslint/type-utils@8.71.0 OK for: @typescript-eslint/eslint-plugin@8.71.0 want: 8.71.0
1158 silly placeDep ROOT @typescript-eslint/utils@8.71.0 OK for: @typescript-eslint/eslint-plugin@8.71.0 want: 8.71.0
1159 silly placeDep ROOT @typescript-eslint/visitor-keys@8.71.0 OK for: @typescript-eslint/eslint-plugin@8.71.0 want: 8.71.0
1160 silly placeDep node_modules/@typescript-eslint/eslint-plugin ignore@7.0.10 OK for: @typescript-eslint/eslint-plugin@8.71.0 want: ^7.0.5
1161 silly placeDep ROOT ts-api-utils@2.5.0 OK for: @typescript-eslint/eslint-plugin@8.71.0 want: ^2.5.0
1162 silly fetch manifest @typescript-eslint/typescript-estree@8.71.0
1163 silly packumentCache full:https://registry.npmjs.org/@typescript-eslint%2ftypescript-estree cache-miss
1164 silly fetch manifest @typescript-eslint/typescript-estree@8.71.0
1165 silly packumentCache full:https://registry.npmjs.org/@typescript-eslint%2ftypescript-estree cache-miss
1166 silly fetch manifest eslint-visitor-keys@^5.0.0
1167 silly packumentCache full:https://registry.npmjs.org/eslint-visitor-keys cache-hit
1168 http cache https://registry.npmjs.org/@typescript-eslint%2ftypescript-estree 148ms (cache hit)
1169 silly packumentCache full:https://registry.npmjs.org/@typescript-eslint%2ftypescript-estree set size:17215985 disposed:false
1170 http cache https://registry.npmjs.org/@typescript-eslint%2ftypescript-estree 1075ms (cache hit)
1171 silly packumentCache full:https://registry.npmjs.org/@typescript-eslint%2ftypescript-estree set size:17215985 disposed:false
1172 silly placeDep ROOT @typescript-eslint/types@8.71.0 OK for: @typescript-eslint/parser@8.71.0 want: 8.71.0
1173 silly placeDep ROOT @typescript-eslint/typescript-estree@8.71.0 OK for: @typescript-eslint/parser@8.71.0 want: 8.71.0
1174 silly fetch manifest semver@^7.7.3
1175 silly packumentCache full:https://registry.npmjs.org/semver cache-hit
1176 silly fetch manifest minimatch@^10.2.2
1177 silly packumentCache full:https://registry.npmjs.org/minimatch cache-hit
1178 silly fetch manifest tinyglobby@^0.2.15
1179 silly packumentCache full:https://registry.npmjs.org/tinyglobby cache-hit
1180 silly fetch manifest @typescript-eslint/tsconfig-utils@8.71.0
1181 silly packumentCache full:https://registry.npmjs.org/@typescript-eslint%2ftsconfig-utils cache-miss
1182 silly fetch manifest @typescript-eslint/project-service@8.71.0
1183 silly packumentCache full:https://registry.npmjs.org/@typescript-eslint%2fproject-service cache-miss
1184 http cache https://registry.npmjs.org/@typescript-eslint%2fproject-service 158ms (cache hit)
1185 silly packumentCache full:https://registry.npmjs.org/@typescript-eslint%2fproject-service set size:2080244 disposed:false
1186 http cache https://registry.npmjs.org/@typescript-eslint%2ftsconfig-utils 290ms (cache hit)
1187 silly packumentCache full:https://registry.npmjs.org/@typescript-eslint%2ftsconfig-utils set size:1956843 disposed:false
1188 silly placeDep ROOT @typescript-eslint/project-service@8.71.0 OK for: @typescript-eslint/typescript-estree@8.71.0 want: 8.71.0
1189 silly placeDep ROOT @typescript-eslint/tsconfig-utils@8.71.0 OK for: @typescript-eslint/typescript-estree@8.71.0 want: 8.71.0
1190 silly placeDep node_modules/@typescript-eslint/typescript-estree minimatch@10.2.6 OK for: @typescript-eslint/typescript-estree@8.71.0 want: ^10.2.2
1191 silly placeDep ROOT semver@7.8.5 OK for: @typescript-eslint/typescript-estree@8.71.0 want: ^7.7.3
1192 silly placeDep ROOT tinyglobby@0.2.17 OK for: @typescript-eslint/typescript-estree@8.71.0 want: ^0.2.15
1193 silly fetch manifest @typescript-eslint/tsconfig-utils@^8.71.0
1194 silly packumentCache full:https://registry.npmjs.org/@typescript-eslint%2ftsconfig-utils cache-miss
1195 silly fetch manifest brace-expansion@^5.0.8
1196 silly packumentCache full:https://registry.npmjs.org/brace-expansion cache-hit
1197 silly fetch manifest fdir@^6.5.0
1198 silly packumentCache full:https://registry.npmjs.org/fdir cache-miss
1199 silly fetch manifest picomatch@^4.0.4
1200 silly packumentCache full:https://registry.npmjs.org/picomatch cache-miss
1201 http cache https://registry.npmjs.org/@typescript-eslint%2ftsconfig-utils 103ms (cache hit)
1202 silly packumentCache full:https://registry.npmjs.org/@typescript-eslint%2ftsconfig-utils set size:1956843 disposed:false
1203 http cache https://registry.npmjs.org/picomatch 138ms (cache hit)
1204 silly packumentCache full:https://registry.npmjs.org/picomatch set size:134451 disposed:false
1205 http cache https://registry.npmjs.org/fdir 148ms (cache hit)
1206 silly packumentCache full:https://registry.npmjs.org/fdir set size:136182 disposed:false
1207 silly placeDep node_modules/@typescript-eslint/visitor-keys eslint-visitor-keys@5.0.1 OK for: @typescript-eslint/visitor-keys@8.71.0 want: ^5.0.0
1208 silly placeDep node_modules/eslint-import-resolver-node debug@3.2.7 OK for: eslint-import-resolver-node@0.3.10 want: ^3.2.7
1209 silly placeDep ROOT is-core-module@2.17.0 OK for: eslint-import-resolver-node@0.3.10 want: ^2.16.1
1210 silly placeDep ROOT resolve@2.0.0-next.7 OK for: eslint-import-resolver-node@0.3.10 want: ^2.0.0-next.6
1211 silly fetch manifest hasown@^2.0.4
1212 silly packumentCache full:https://registry.npmjs.org/hasown cache-hit
1213 silly fetch manifest es-errors@^1.3.0
1214 silly packumentCache full:https://registry.npmjs.org/es-errors cache-miss
1215 silly fetch manifest node-exports-info@^1.6.0
1216 silly packumentCache full:https://registry.npmjs.org/node-exports-info cache-miss
1217 silly fetch manifest object-keys@^1.1.1
1218 silly packumentCache full:https://registry.npmjs.org/object-keys cache-miss
1219 silly fetch manifest path-parse@^1.0.7
1220 silly packumentCache full:https://registry.npmjs.org/path-parse cache-miss
1221 silly fetch manifest supports-preserve-symlinks-flag@^1.0.0
1222 silly packumentCache full:https://registry.npmjs.org/supports-preserve-symlinks-flag cache-miss
1223 http cache https://registry.npmjs.org/es-errors 90ms (cache hit)
1224 silly packumentCache full:https://registry.npmjs.org/es-errors set size:16918 disposed:false
1225 http cache https://registry.npmjs.org/node-exports-info 103ms (cache hit)
1226 silly packumentCache full:https://registry.npmjs.org/node-exports-info set size:69480 disposed:false
1227 http cache https://registry.npmjs.org/object-keys 108ms (cache hit)
1228 silly packumentCache full:https://registry.npmjs.org/object-keys set size:67744 disposed:false
1229 http cache https://registry.npmjs.org/path-parse 122ms (cache hit)
1230 silly packumentCache full:https://registry.npmjs.org/path-parse set size:14523 disposed:false
1231 http cache https://registry.npmjs.org/supports-preserve-symlinks-flag 125ms (cache hit)
1232 silly packumentCache full:https://registry.npmjs.org/supports-preserve-symlinks-flag set size:6802 disposed:false
1233 silly placeDep ROOT @nolyfill/is-core-module@1.0.39 OK for: eslint-import-resolver-typescript@3.10.1 want: 1.0.39
1234 silly placeDep ROOT get-tsconfig@4.14.3 OK for: eslint-import-resolver-typescript@3.10.1 want: ^4.10.0
1235 silly placeDep ROOT is-bun-module@2.0.0 OK for: eslint-import-resolver-typescript@3.10.1 want: ^2.0.0
1236 silly placeDep ROOT stable-hash@0.0.5 OK for: eslint-import-resolver-typescript@3.10.1 want: ^0.0.5
1237 silly placeDep ROOT unrs-resolver@1.12.2 OK for: eslint-import-resolver-typescript@3.10.1 want: ^1.6.2
1238 silly fetch manifest resolve-pkg-maps@^1.0.0
1239 silly packumentCache full:https://registry.npmjs.org/resolve-pkg-maps cache-miss
1240 silly fetch manifest napi-postinstall@^0.3.4
1241 silly packumentCache full:https://registry.npmjs.org/napi-postinstall cache-miss
1242 silly fetch manifest @unrs/resolver-binding-darwin-arm64@1.12.2
1243 silly packumentCache full:https://registry.npmjs.org/@unrs%2fresolver-binding-darwin-arm64 cache-miss
1244 silly fetch manifest @unrs/resolver-binding-android-arm64@1.12.2
1245 silly packumentCache full:https://registry.npmjs.org/@unrs%2fresolver-binding-android-arm64 cache-miss
1246 silly fetch manifest @unrs/resolver-binding-win32-arm64-msvc@1.12.2
1247 silly packumentCache full:https://registry.npmjs.org/@unrs%2fresolver-binding-win32-arm64-msvc cache-miss
1248 silly fetch manifest @unrs/resolver-binding-linux-arm64-gnu@1.12.2
1249 silly packumentCache full:https://registry.npmjs.org/@unrs%2fresolver-binding-linux-arm64-gnu cache-miss
1250 silly fetch manifest @unrs/resolver-binding-linux-arm64-musl@1.12.2
1251 silly packumentCache full:https://registry.npmjs.org/@unrs%2fresolver-binding-linux-arm64-musl cache-miss
1252 silly fetch manifest @unrs/resolver-binding-openharmony-arm64@1.12.2
1253 silly packumentCache full:https://registry.npmjs.org/@unrs%2fresolver-binding-openharmony-arm64 cache-miss
1254 silly fetch manifest @unrs/resolver-binding-android-arm-eabi@1.12.2
1255 silly packumentCache full:https://registry.npmjs.org/@unrs%2fresolver-binding-android-arm-eabi cache-miss
1256 silly fetch manifest @unrs/resolver-binding-linux-arm-gnueabihf@1.12.2
1257 silly packumentCache full:https://registry.npmjs.org/@unrs%2fresolver-binding-linux-arm-gnueabihf cache-miss
1258 silly fetch manifest @unrs/resolver-binding-linux-arm-musleabihf@1.12.2
1259 silly packumentCache full:https://registry.npmjs.org/@unrs%2fresolver-binding-linux-arm-musleabihf cache-miss
1260 http cache https://registry.npmjs.org/napi-postinstall 156ms (cache hit)
1261 silly packumentCache full:https://registry.npmjs.org/napi-postinstall set size:41400 disposed:false
1262 silly fetch manifest @unrs/resolver-binding-win32-ia32-msvc@1.12.2
1263 silly packumentCache full:https://registry.npmjs.org/@unrs%2fresolver-binding-win32-ia32-msvc cache-miss
1264 http cache https://registry.npmjs.org/resolve-pkg-maps 163ms (cache hit)
1265 silly packumentCache full:https://registry.npmjs.org/resolve-pkg-maps set size:11615 disposed:false
1266 silly fetch manifest @unrs/resolver-binding-linux-loong64-gnu@1.12.2
1267 silly packumentCache full:https://registry.npmjs.org/@unrs%2fresolver-binding-linux-loong64-gnu cache-miss
1268 http cache https://registry.npmjs.org/@unrs%2fresolver-binding-darwin-arm64 165ms (cache hit)
1269 silly packumentCache full:https://registry.npmjs.org/@unrs%2fresolver-binding-darwin-arm64 set size:63676 disposed:false
1270 silly fetch manifest @unrs/resolver-binding-linux-loong64-musl@1.12.2
1271 silly packumentCache full:https://registry.npmjs.org/@unrs%2fresolver-binding-linux-loong64-musl cache-miss
1272 http cache https://registry.npmjs.org/@unrs%2fresolver-binding-android-arm64 171ms (cache hit)
1273 silly packumentCache full:https://registry.npmjs.org/@unrs%2fresolver-binding-android-arm64 set size:17616 disposed:false
1274 silly fetch manifest @unrs/resolver-binding-linux-ppc64-gnu@1.12.2
1275 silly packumentCache full:https://registry.npmjs.org/@unrs%2fresolver-binding-linux-ppc64-gnu cache-miss
1276 http cache https://registry.npmjs.org/@unrs%2fresolver-binding-linux-arm64-musl 172ms (cache hit)
1277 silly packumentCache full:https://registry.npmjs.org/@unrs%2fresolver-binding-linux-arm64-musl set size:65257 disposed:false
1278 silly fetch manifest @unrs/resolver-binding-linux-riscv64-gnu@1.12.2
1279 silly packumentCache full:https://registry.npmjs.org/@unrs%2fresolver-binding-linux-riscv64-gnu cache-miss
1280 http cache https://registry.npmjs.org/@unrs%2fresolver-binding-linux-arm64-gnu 177ms (cache hit)
1281 silly packumentCache full:https://registry.npmjs.org/@unrs%2fresolver-binding-linux-arm64-gnu set size:65047 disposed:false
1282 silly fetch manifest @unrs/resolver-binding-linux-riscv64-musl@1.12.2
1283 silly packumentCache full:https://registry.npmjs.org/@unrs%2fresolver-binding-linux-riscv64-musl cache-miss
1284 http cache https://registry.npmjs.org/@unrs%2fresolver-binding-win32-arm64-msvc 189ms (cache hit)
1285 silly packumentCache full:https://registry.npmjs.org/@unrs%2fresolver-binding-win32-arm64-msvc set size:64613 disposed:false
1286 silly fetch manifest @unrs/resolver-binding-linux-s390x-gnu@1.12.2
1287 silly packumentCache full:https://registry.npmjs.org/@unrs%2fresolver-binding-linux-s390x-gnu cache-miss
1288 http cache https://registry.npmjs.org/@unrs%2fresolver-binding-linux-arm-gnueabihf 193ms (cache hit)
1289 silly packumentCache full:https://registry.npmjs.org/@unrs%2fresolver-binding-linux-arm-gnueabihf set size:65279 disposed:false
1290 silly fetch manifest @unrs/resolver-binding-wasm32-wasi@1.12.2
1291 silly packumentCache full:https://registry.npmjs.org/@unrs%2fresolver-binding-wasm32-wasi cache-miss
1292 http cache https://registry.npmjs.org/@unrs%2fresolver-binding-android-arm-eabi 202ms (cache hit)
1293 silly packumentCache full:https://registry.npmjs.org/@unrs%2fresolver-binding-android-arm-eabi set size:17797 disposed:false
1294 silly fetch manifest @unrs/resolver-binding-darwin-x64@1.12.2
1295 silly packumentCache full:https://registry.npmjs.org/@unrs%2fresolver-binding-darwin-x64 cache-miss
1296 http cache https://registry.npmjs.org/@unrs%2fresolver-binding-openharmony-arm64 206ms (cache hit)
1297 silly packumentCache full:https://registry.npmjs.org/@unrs%2fresolver-binding-openharmony-arm64 set size:7350 disposed:false
1298 silly fetch manifest @unrs/resolver-binding-win32-x64-msvc@1.12.2
1299 silly packumentCache full:https://registry.npmjs.org/@unrs%2fresolver-binding-win32-x64-msvc cache-miss
1300 http cache https://registry.npmjs.org/@unrs%2fresolver-binding-linux-arm-musleabihf 210ms (cache hit)
1301 silly packumentCache full:https://registry.npmjs.org/@unrs%2fresolver-binding-linux-arm-musleabihf set size:65533 disposed:false
1302 silly fetch manifest @unrs/resolver-binding-freebsd-x64@1.12.2
1303 silly packumentCache full:https://registry.npmjs.org/@unrs%2fresolver-binding-freebsd-x64 cache-miss
1304 http cache https://registry.npmjs.org/@unrs%2fresolver-binding-linux-loong64-gnu 175ms (cache hit)
1305 silly packumentCache full:https://registry.npmjs.org/@unrs%2fresolver-binding-linux-loong64-gnu set size:4107 disposed:false
1306 silly fetch manifest @unrs/resolver-binding-linux-x64-gnu@1.12.2
1307 silly packumentCache full:https://registry.npmjs.org/@unrs%2fresolver-binding-linux-x64-gnu cache-miss
1308 http cache https://registry.npmjs.org/@unrs%2fresolver-binding-win32-ia32-msvc 188ms (cache hit)
1309 silly packumentCache full:https://registry.npmjs.org/@unrs%2fresolver-binding-win32-ia32-msvc set size:64317 disposed:false
1310 silly fetch manifest @unrs/resolver-binding-linux-x64-musl@1.12.2
1311 silly packumentCache full:https://registry.npmjs.org/@unrs%2fresolver-binding-linux-x64-musl cache-miss
1312 http cache https://registry.npmjs.org/@unrs%2fresolver-binding-linux-loong64-musl 186ms (cache hit)
1313 silly packumentCache full:https://registry.npmjs.org/@unrs%2fresolver-binding-linux-loong64-musl set size:4124 disposed:false
1314 http cache https://registry.npmjs.org/@unrs%2fresolver-binding-linux-riscv64-gnu 177ms (cache hit)
1315 silly packumentCache full:https://registry.npmjs.org/@unrs%2fresolver-binding-linux-riscv64-gnu set size:56387 disposed:false
1316 http cache https://registry.npmjs.org/@unrs%2fresolver-binding-linux-ppc64-gnu 187ms (cache hit)
1317 silly packumentCache full:https://registry.npmjs.org/@unrs%2fresolver-binding-linux-ppc64-gnu set size:65057 disposed:false
1318 http cache https://registry.npmjs.org/@unrs%2fresolver-binding-linux-s390x-gnu 168ms (cache hit)
1319 silly packumentCache full:https://registry.npmjs.org/@unrs%2fresolver-binding-linux-s390x-gnu set size:65047 disposed:false
1320 http cache https://registry.npmjs.org/@unrs%2fresolver-binding-linux-riscv64-musl 183ms (cache hit)
1321 silly packumentCache full:https://registry.npmjs.org/@unrs%2fresolver-binding-linux-riscv64-musl set size:45710 disposed:false
1322 http cache https://registry.npmjs.org/@unrs%2fresolver-binding-wasm32-wasi 168ms (cache hit)
1323 silly packumentCache full:https://registry.npmjs.org/@unrs%2fresolver-binding-wasm32-wasi set size:67358 disposed:false
1324 http cache https://registry.npmjs.org/@unrs%2fresolver-binding-darwin-x64 165ms (cache hit)
1325 silly packumentCache full:https://registry.npmjs.org/@unrs%2fresolver-binding-darwin-x64 set size:63092 disposed:false
1326 http cache https://registry.npmjs.org/@unrs%2fresolver-binding-win32-x64-msvc 172ms (cache hit)
1327 silly packumentCache full:https://registry.npmjs.org/@unrs%2fresolver-binding-win32-x64-msvc set size:64034 disposed:false
1328 http cache https://registry.npmjs.org/@unrs%2fresolver-binding-freebsd-x64 172ms (cache hit)
1329 silly packumentCache full:https://registry.npmjs.org/@unrs%2fresolver-binding-freebsd-x64 set size:63388 disposed:false
1330 http cache https://registry.npmjs.org/@unrs%2fresolver-binding-linux-x64-musl 98ms (cache hit)
1331 silly packumentCache full:https://registry.npmjs.org/@unrs%2fresolver-binding-linux-x64-musl set size:64685 disposed:false
1332 http cache https://registry.npmjs.org/@unrs%2fresolver-binding-linux-x64-gnu 118ms (cache hit)
1333 silly packumentCache full:https://registry.npmjs.org/@unrs%2fresolver-binding-linux-x64-gnu set size:64469 disposed:false
1334 silly placeDep ROOT @rtsao/scc@1.1.0 OK for: eslint-plugin-import@2.32.0 want: ^1.1.0
1335 silly placeDep ROOT array-includes@3.2.0 OK for: eslint-plugin-import@2.32.0 want: ^3.1.9
1336 silly placeDep ROOT array.prototype.findlastindex@1.2.6 OK for: eslint-plugin-import@2.32.0 want: ^1.2.6
1337 silly placeDep ROOT array.prototype.flat@1.3.3 OK for: eslint-plugin-import@2.32.0 want: ^1.3.3
1338 silly placeDep ROOT array.prototype.flatmap@1.3.3 OK for: eslint-plugin-import@2.32.0 want: ^1.3.3
1339 silly placeDep node_modules/eslint-plugin-import debug@3.2.7 OK for: eslint-plugin-import@2.32.0 want: ^3.2.7
1340 silly placeDep node_modules/eslint-plugin-import doctrine@2.1.0 OK for: eslint-plugin-import@2.32.0 want: ^2.1.0
1341 silly placeDep ROOT eslint-module-utils@2.14.0 OK for: eslint-plugin-import@2.32.0 want: ^2.12.1
1342 silly placeDep ROOT hasown@2.0.4 OK for: eslint-plugin-import@2.32.0 want: ^2.0.2
1343 silly placeDep ROOT object.fromentries@2.0.8 OK for: eslint-plugin-import@2.32.0 want: ^2.0.8
1344 silly placeDep ROOT object.groupby@1.0.3 OK for: eslint-plugin-import@2.32.0 want: ^1.0.3
1345 silly placeDep ROOT object.values@1.2.1 OK for: eslint-plugin-import@2.32.0 want: ^1.2.1
1346 silly placeDep node_modules/eslint-plugin-import semver@6.3.1 OK for: eslint-plugin-import@2.32.0 want: ^6.3.1
1347 silly placeDep ROOT string.prototype.trimend@1.0.10 OK for: eslint-plugin-import@2.32.0 want: ^1.0.9
1348 silly placeDep ROOT tsconfig-paths@3.15.0 OK for: eslint-plugin-import@2.32.0 want: ^3.15.0
1349 silly fetch manifest call-bind@^1.0.9
1350 silly packumentCache full:https://registry.npmjs.org/call-bind cache-miss
1351 silly fetch manifest is-string@^1.1.1
1352 silly packumentCache full:https://registry.npmjs.org/is-string cache-miss
1353 silly fetch manifest call-bound@^1.0.4
1354 silly packumentCache full:https://registry.npmjs.org/call-bound cache-miss
1355 silly fetch manifest es-abstract@^1.24.2
1356 silly packumentCache full:https://registry.npmjs.org/es-abstract cache-miss
1357 silly fetch manifest es-object-atoms@^1.1.2
1358 silly packumentCache full:https://registry.npmjs.org/es-object-atoms cache-miss
1359 silly fetch manifest math-intrinsics@^1.1.0
1360 silly packumentCache full:https://registry.npmjs.org/math-intrinsics cache-miss
1361 silly fetch manifest define-properties@^1.2.1
1362 silly packumentCache full:https://registry.npmjs.org/define-properties cache-miss
1363 silly fetch manifest es-shim-unscopables@^1.1.0
1364 silly packumentCache full:https://registry.npmjs.org/es-shim-unscopables cache-miss
1365 silly fetch manifest call-bind@^1.0.8
1366 silly packumentCache full:https://registry.npmjs.org/call-bind cache-miss
1367 silly fetch manifest call-bound@^1.0.4
1368 silly packumentCache full:https://registry.npmjs.org/call-bound cache-miss
1369 silly fetch manifest define-properties@^1.2.1
1370 silly packumentCache full:https://registry.npmjs.org/define-properties cache-miss
1371 http cache https://registry.npmjs.org/es-object-atoms 218ms (cache hit)
1372 silly packumentCache full:https://registry.npmjs.org/es-object-atoms set size:18278 disposed:false
1373 silly fetch manifest es-abstract@^1.23.9
1374 silly packumentCache full:https://registry.npmjs.org/es-abstract cache-miss
1375 http cache https://registry.npmjs.org/is-string 232ms (cache hit)
1376 silly packumentCache full:https://registry.npmjs.org/is-string set size:29636 disposed:false
1377 silly fetch manifest es-object-atoms@^1.1.1
1378 silly packumentCache full:https://registry.npmjs.org/es-object-atoms cache-hit
1379 silly fetch manifest es-shim-unscopables@^1.1.0
1380 silly packumentCache full:https://registry.npmjs.org/es-shim-unscopables cache-miss
1381 http cache https://registry.npmjs.org/call-bind 254ms (cache hit)
1382 silly packumentCache full:https://registry.npmjs.org/call-bind set size:32985 disposed:false
1383 silly fetch manifest call-bind@^1.0.8
1384 silly packumentCache full:https://registry.npmjs.org/call-bind cache-hit
1385 silly fetch manifest define-properties@^1.2.1
1386 silly packumentCache full:https://registry.npmjs.org/define-properties cache-miss
1387 http cache https://registry.npmjs.org/es-abstract 257ms (cache hit)
1388 silly packumentCache full:https://registry.npmjs.org/es-abstract set size:384124 disposed:false
1389 silly fetch manifest es-abstract@^1.23.5
1390 silly packumentCache full:https://registry.npmjs.org/es-abstract cache-hit
1391 silly fetch manifest es-shim-unscopables@^1.0.2
1392 silly packumentCache full:https://registry.npmjs.org/es-shim-unscopables cache-miss
1393 http cache https://registry.npmjs.org/call-bound 304ms (cache hit)
1394 silly packumentCache full:https://registry.npmjs.org/call-bound set size:15317 disposed:false
1395 silly fetch manifest define-properties@^1.2.1
1396 silly packumentCache full:https://registry.npmjs.org/define-properties cache-miss
1397 http cache https://registry.npmjs.org/define-properties 303ms (cache hit)
1398 silly packumentCache full:https://registry.npmjs.org/define-properties set size:31491 disposed:false
1399 silly fetch manifest es-shim-unscopables@^1.0.2
1400 silly packumentCache full:https://registry.npmjs.org/es-shim-unscopables cache-miss
1401 http cache https://registry.npmjs.org/es-shim-unscopables 305ms (cache hit)
1402 silly packumentCache full:https://registry.npmjs.org/es-shim-unscopables set size:13965 disposed:false
1403 silly fetch manifest function-bind@^1.1.2
1404 silly packumentCache full:https://registry.npmjs.org/function-bind cache-miss
1405 http cache https://registry.npmjs.org/call-bind 310ms (cache hit)
1406 silly packumentCache full:https://registry.npmjs.org/call-bind set size:32985 disposed:false
1407 silly packumentCache full:https://registry.npmjs.org/call-bind dispose
1408 silly fetch manifest call-bind@^1.0.7
1409 silly packumentCache full:https://registry.npmjs.org/call-bind cache-hit
1410 silly fetch manifest es-abstract@^1.23.2
1411 silly packumentCache full:https://registry.npmjs.org/es-abstract cache-hit
1412 silly fetch manifest es-object-atoms@^1.0.0
1413 silly packumentCache full:https://registry.npmjs.org/es-object-atoms cache-hit
1414 silly fetch manifest call-bound@^1.0.3
1415 silly packumentCache full:https://registry.npmjs.org/call-bound cache-hit
1416 silly fetch manifest json5@^1.0.2
1417 silly packumentCache full:https://registry.npmjs.org/json5 cache-miss
1418 http cache https://registry.npmjs.org/call-bound 331ms (cache hit)
1419 silly packumentCache full:https://registry.npmjs.org/call-bound set size:15317 disposed:false
1420 silly packumentCache full:https://registry.npmjs.org/call-bound dispose
1421 silly fetch manifest minimist@^1.2.6
1422 silly packumentCache full:https://registry.npmjs.org/minimist cache-miss
1423 http cache https://registry.npmjs.org/define-properties 363ms (cache hit)
1424 silly packumentCache full:https://registry.npmjs.org/define-properties set size:31491 disposed:false
1425 silly packumentCache full:https://registry.npmjs.org/define-properties dispose
1426 silly fetch manifest strip-bom@^3.0.0
1427 silly packumentCache full:https://registry.npmjs.org/strip-bom cache-miss
1428 http cache https://registry.npmjs.org/math-intrinsics 375ms (cache hit)
1429 silly packumentCache full:https://registry.npmjs.org/math-intrinsics set size:9265 disposed:false
1430 silly fetch manifest @types/json5@^0.0.29
1431 silly packumentCache full:https://registry.npmjs.org/@types%2fjson5 cache-miss
1432 http cache https://registry.npmjs.org/es-abstract 302ms (cache hit)
1433 silly packumentCache full:https://registry.npmjs.org/es-abstract set size:384124 disposed:false
1434 silly packumentCache full:https://registry.npmjs.org/es-abstract dispose
1435 http cache https://registry.npmjs.org/es-shim-unscopables 299ms (cache hit)
1436 silly packumentCache full:https://registry.npmjs.org/es-shim-unscopables set size:13965 disposed:false
1437 silly packumentCache full:https://registry.npmjs.org/es-shim-unscopables dispose
1438 http cache https://registry.npmjs.org/define-properties 293ms (cache hit)
1439 silly packumentCache full:https://registry.npmjs.org/define-properties set size:31491 disposed:true
1440 silly packumentCache full:https://registry.npmjs.org/define-properties dispose
1441 http cache https://registry.npmjs.org/es-shim-unscopables 238ms (cache hit)
1442 silly packumentCache full:https://registry.npmjs.org/es-shim-unscopables set size:13965 disposed:true
1443 silly packumentCache full:https://registry.npmjs.org/es-shim-unscopables dispose
1444 http cache https://registry.npmjs.org/function-bind 245ms (cache hit)
1445 silly packumentCache full:https://registry.npmjs.org/function-bind set size:15733 disposed:false
1446 http cache https://registry.npmjs.org/define-properties 259ms (cache hit)
1447 silly packumentCache full:https://registry.npmjs.org/define-properties set size:31491 disposed:true
1448 silly packumentCache full:https://registry.npmjs.org/define-properties dispose
1449 http cache https://registry.npmjs.org/es-shim-unscopables 299ms (cache hit)
1450 silly packumentCache full:https://registry.npmjs.org/es-shim-unscopables set size:13965 disposed:true
1451 silly packumentCache full:https://registry.npmjs.org/es-shim-unscopables dispose
1452 http cache https://registry.npmjs.org/minimist 208ms (cache hit)
1453 silly packumentCache full:https://registry.npmjs.org/minimist set size:77063 disposed:false
1454 http cache https://registry.npmjs.org/json5 252ms (cache hit)
1455 silly packumentCache full:https://registry.npmjs.org/json5 set size:86136 disposed:false
1456 http cache https://registry.npmjs.org/strip-bom 217ms (cache hit)
1457 silly packumentCache full:https://registry.npmjs.org/strip-bom set size:19359 disposed:false
1458 http cache https://registry.npmjs.org/@types%2fjson5 220ms (cache hit)
1459 silly packumentCache full:https://registry.npmjs.org/@types%2fjson5 set size:19581 disposed:false
1460 silly placeDep ROOT call-bind@1.0.9 OK for: array-includes@3.2.0 want: ^1.0.9
1461 silly placeDep ROOT call-bound@1.0.4 OK for: array-includes@3.2.0 want: ^1.0.4
1462 silly placeDep ROOT define-properties@1.2.1 OK for: array-includes@3.2.0 want: ^1.2.1
1463 silly placeDep ROOT es-abstract@1.24.2 OK for: array-includes@3.2.0 want: ^1.24.2
1464 silly placeDep ROOT es-object-atoms@1.1.2 OK for: array-includes@3.2.0 want: ^1.1.2
1465 silly placeDep ROOT es-shim-unscopables@1.1.0 OK for: array-includes@3.2.0 want: ^1.1.0
1466 silly placeDep ROOT is-string@1.1.1 OK for: array-includes@3.2.0 want: ^1.1.1
1467 silly placeDep ROOT math-intrinsics@1.1.0 OK for: array-includes@3.2.0 want: ^1.1.0
1468 silly fetch manifest call-bind-apply-helpers@^1.0.2
1469 silly packumentCache full:https://registry.npmjs.org/call-bind-apply-helpers cache-miss
1470 silly fetch manifest es-define-property@^1.0.1
1471 silly packumentCache full:https://registry.npmjs.org/es-define-property cache-miss
1472 silly fetch manifest get-intrinsic@^1.3.0
1473 silly packumentCache full:https://registry.npmjs.org/get-intrinsic cache-miss
1474 silly fetch manifest set-function-length@^1.2.2
1475 silly packumentCache full:https://registry.npmjs.org/set-function-length cache-miss
1476 silly fetch manifest call-bind-apply-helpers@^1.0.2
1477 silly packumentCache full:https://registry.npmjs.org/call-bind-apply-helpers cache-miss
1478 silly fetch manifest get-intrinsic@^1.3.0
1479 silly packumentCache full:https://registry.npmjs.org/get-intrinsic cache-miss
1480 silly fetch manifest define-data-property@^1.0.1
1481 silly packumentCache full:https://registry.npmjs.org/define-data-property cache-miss
1482 silly fetch manifest has-property-descriptors@^1.0.0
1483 silly packumentCache full:https://registry.npmjs.org/has-property-descriptors cache-miss
1484 silly fetch manifest array-buffer-byte-length@^1.0.2
1485 silly packumentCache full:https://registry.npmjs.org/array-buffer-byte-length cache-miss
1486 silly fetch manifest arraybuffer.prototype.slice@^1.0.4
1487 silly packumentCache full:https://registry.npmjs.org/arraybuffer.prototype.slice cache-miss
1488 silly fetch manifest available-typed-arrays@^1.0.7
1489 silly packumentCache full:https://registry.npmjs.org/available-typed-arrays cache-miss
1490 http cache https://registry.npmjs.org/es-define-property 190ms (cache hit)
1491 silly packumentCache full:https://registry.npmjs.org/es-define-property set size:8542 disposed:false
1492 silly fetch manifest data-view-buffer@^1.0.2
1493 silly packumentCache full:https://registry.npmjs.org/data-view-buffer cache-miss
1494 http cache https://registry.npmjs.org/set-function-length 205ms (cache hit)
1495 silly packumentCache full:https://registry.npmjs.org/set-function-length set size:24261 disposed:false
1496 silly fetch manifest data-view-byte-length@^1.0.2
1497 silly packumentCache full:https://registry.npmjs.org/data-view-byte-length cache-miss
1498 http cache https://registry.npmjs.org/array-buffer-byte-length 269ms (cache hit)
1499 silly packumentCache full:https://registry.npmjs.org/array-buffer-byte-length set size:13099 disposed:false
1500 silly fetch manifest data-view-byte-offset@^1.0.1
1501 silly packumentCache full:https://registry.npmjs.org/data-view-byte-offset cache-miss
1502 http cache https://registry.npmjs.org/get-intrinsic 417ms (cache hit)
1503 silly packumentCache full:https://registry.npmjs.org/get-intrinsic set size:60985 disposed:false
1504 silly fetch manifest es-set-tostringtag@^2.1.0
1505 silly packumentCache full:https://registry.npmjs.org/es-set-tostringtag cache-miss
1506 http cache https://registry.npmjs.org/define-data-property 455ms (cache hit)
1507 silly packumentCache full:https://registry.npmjs.org/define-data-property set size:28048 disposed:false
1508 silly fetch manifest es-to-primitive@^1.3.0
1509 silly packumentCache full:https://registry.npmjs.org/es-to-primitive cache-miss
1510 http cache https://registry.npmjs.org/has-property-descriptors 478ms (cache hit)
1511 silly packumentCache full:https://registry.npmjs.org/has-property-descriptors set size:12452 disposed:false
1512 silly fetch manifest function.prototype.name@^1.1.8
1513 silly packumentCache full:https://registry.npmjs.org/function.prototype.name cache-miss
1514 http cache https://registry.npmjs.org/call-bind-apply-helpers 520ms (cache hit)
1515 silly packumentCache full:https://registry.npmjs.org/call-bind-apply-helpers set size:12744 disposed:false
1516 silly fetch manifest get-proto@^1.0.1
1517 silly packumentCache full:https://registry.npmjs.org/get-proto cache-miss
1518 http cache https://registry.npmjs.org/arraybuffer.prototype.slice 542ms (cache hit)
1519 silly packumentCache full:https://registry.npmjs.org/arraybuffer.prototype.slice set size:20917 disposed:false
1520 silly fetch manifest get-symbol-description@^1.1.0
1521 silly packumentCache full:https://registry.npmjs.org/get-symbol-description cache-miss
1522 http cache https://registry.npmjs.org/available-typed-arrays 582ms (cache hit)
1523 silly packumentCache full:https://registry.npmjs.org/available-typed-arrays set size:31390 disposed:false
1524 silly fetch manifest globalthis@^1.0.4
1525 silly packumentCache full:https://registry.npmjs.org/globalthis cache-miss
1526 http cache https://registry.npmjs.org/get-intrinsic 660ms (cache hit)
1527 silly packumentCache full:https://registry.npmjs.org/get-intrinsic set size:60985 disposed:false
1528 silly packumentCache full:https://registry.npmjs.org/get-intrinsic dispose
1529 silly fetch manifest gopd@^1.2.0
1530 silly packumentCache full:https://registry.npmjs.org/gopd cache-miss
1531 http cache https://registry.npmjs.org/call-bind-apply-helpers 668ms (cache hit)
1532 silly packumentCache full:https://registry.npmjs.org/call-bind-apply-helpers set size:12744 disposed:false
1533 silly packumentCache full:https://registry.npmjs.org/call-bind-apply-helpers dispose
1534 silly fetch manifest has-property-descriptors@^1.0.2
1535 silly packumentCache full:https://registry.npmjs.org/has-property-descriptors cache-hit
1536 silly fetch manifest has-proto@^1.2.0
1537 silly packumentCache full:https://registry.npmjs.org/has-proto cache-miss
1538 http cache https://registry.npmjs.org/data-view-buffer 636ms (cache hit)
1539 silly packumentCache full:https://registry.npmjs.org/data-view-buffer set size:11789 disposed:false
1540 silly fetch manifest has-symbols@^1.1.0
1541 silly packumentCache full:https://registry.npmjs.org/has-symbols cache-miss
1542 http cache https://registry.npmjs.org/data-view-byte-offset 556ms (cache hit)
1543 silly packumentCache full:https://registry.npmjs.org/data-view-byte-offset set size:9200 disposed:false
1544 silly fetch manifest internal-slot@^1.1.0
1545 silly packumentCache full:https://registry.npmjs.org/internal-slot cache-miss
1546 http cache https://registry.npmjs.org/data-view-byte-length 692ms (cache hit)
1547 silly packumentCache full:https://registry.npmjs.org/data-view-byte-length set size:12269 disposed:false
1548 silly fetch manifest is-array-buffer@^3.0.5
1549 silly packumentCache full:https://registry.npmjs.org/is-array-buffer cache-miss
1550 http cache https://registry.npmjs.org/es-to-primitive 515ms (cache hit)
1551 silly packumentCache full:https://registry.npmjs.org/es-to-primitive set size:35315 disposed:false
1552 silly fetch manifest is-callable@^1.2.7
1553 silly packumentCache full:https://registry.npmjs.org/is-callable cache-miss
1554 http cache https://registry.npmjs.org/es-set-tostringtag 578ms (cache hit)
1555 silly packumentCache full:https://registry.npmjs.org/es-set-tostringtag set size:22094 disposed:false
1556 silly fetch manifest is-data-view@^1.0.2
1557 silly packumentCache full:https://registry.npmjs.org/is-data-view cache-miss
1558 http cache https://registry.npmjs.org/get-proto 525ms (cache hit)
1559 silly packumentCache full:https://registry.npmjs.org/get-proto set size:8300 disposed:false
1560 silly fetch manifest is-negative-zero@^2.0.3
1561 silly packumentCache full:https://registry.npmjs.org/is-negative-zero cache-miss
1562 http cache https://registry.npmjs.org/get-symbol-description 493ms (cache hit)
1563 silly packumentCache full:https://registry.npmjs.org/get-symbol-description set size:15540 disposed:false
1564 silly fetch manifest is-regex@^1.2.1
1565 silly packumentCache full:https://registry.npmjs.org/is-regex cache-miss
1566 http cache https://registry.npmjs.org/function.prototype.name 669ms (cache hit)
1567 silly packumentCache full:https://registry.npmjs.org/function.prototype.name set size:48566 disposed:false
1568 silly fetch manifest is-set@^2.0.3
1569 silly packumentCache full:https://registry.npmjs.org/is-set cache-miss
1570 http cache https://registry.npmjs.org/gopd 599ms (cache hit)
1571 silly packumentCache full:https://registry.npmjs.org/gopd set size:11483 disposed:false
1572 silly fetch manifest is-shared-array-buffer@^1.0.4
1573 silly packumentCache full:https://registry.npmjs.org/is-shared-array-buffer cache-miss
1574 http cache https://registry.npmjs.org/has-proto 642ms (cache hit)
1575 silly packumentCache full:https://registry.npmjs.org/has-proto set size:21527 disposed:false
1576 silly fetch manifest is-typed-array@^1.1.15
1577 silly packumentCache full:https://registry.npmjs.org/is-typed-array cache-miss
1578 http cache https://registry.npmjs.org/globalthis 707ms (cache hit)
1579 silly packumentCache full:https://registry.npmjs.org/globalthis set size:22522 disposed:false
1580 silly fetch manifest is-weakref@^1.1.1
1581 silly packumentCache full:https://registry.npmjs.org/is-weakref cache-miss
1582 http cache https://registry.npmjs.org/internal-slot 841ms (cache hit)
1583 silly packumentCache full:https://registry.npmjs.org/internal-slot set size:30267 disposed:false
1584 silly fetch manifest object-inspect@^1.13.4
1585 silly packumentCache full:https://registry.npmjs.org/object-inspect cache-miss
1586 http cache https://registry.npmjs.org/has-symbols 927ms (cache hit)
1587 silly packumentCache full:https://registry.npmjs.org/has-symbols set size:21550 disposed:false
1588 silly fetch manifest object.assign@^4.1.7
1589 silly packumentCache full:https://registry.npmjs.org/object.assign cache-miss
1590 http cache https://registry.npmjs.org/is-callable 803ms (cache hit)
1591 silly packumentCache full:https://registry.npmjs.org/is-callable set size:66606 disposed:false
1592 silly fetch manifest own-keys@^1.0.1
1593 silly packumentCache full:https://registry.npmjs.org/own-keys cache-miss
1594 http cache https://registry.npmjs.org/is-data-view 903ms (cache hit)
1595 silly packumentCache full:https://registry.npmjs.org/is-data-view set size:13756 disposed:false
1596 silly fetch manifest regexp.prototype.flags@^1.5.4
1597 silly packumentCache full:https://registry.npmjs.org/regexp.prototype.flags cache-miss
1598 http cache https://registry.npmjs.org/is-set 743ms (cache hit)
1599 silly packumentCache full:https://registry.npmjs.org/is-set set size:16614 disposed:false
1600 silly fetch manifest safe-array-concat@^1.1.3
1601 silly packumentCache full:https://registry.npmjs.org/safe-array-concat cache-miss
1602 http cache https://registry.npmjs.org/is-array-buffer 1087ms (cache hit)
1603 silly packumentCache full:https://registry.npmjs.org/is-array-buffer set size:33562 disposed:false
1604 silly fetch manifest safe-push-apply@^1.0.0
1605 silly packumentCache full:https://registry.npmjs.org/safe-push-apply cache-miss
1606 http cache https://registry.npmjs.org/is-negative-zero 1031ms (cache hit)
1607 silly packumentCache full:https://registry.npmjs.org/is-negative-zero set size:22152 disposed:false
1608 silly fetch manifest safe-regex-test@^1.1.0
1609 silly packumentCache full:https://registry.npmjs.org/safe-regex-test cache-hit
1610 silly fetch manifest set-proto@^1.0.0
1611 silly packumentCache full:https://registry.npmjs.org/set-proto cache-miss
1612 http cache https://registry.npmjs.org/is-shared-array-buffer 927ms (cache hit)
1613 silly packumentCache full:https://registry.npmjs.org/is-shared-array-buffer set size:19880 disposed:false
1614 silly fetch manifest stop-iteration-iterator@^1.1.0
1615 silly packumentCache full:https://registry.npmjs.org/stop-iteration-iterator cache-miss
1616 http cache https://registry.npmjs.org/is-regex 1178ms (cache hit)
1617 silly packumentCache full:https://registry.npmjs.org/is-regex set size:42924 disposed:false
1618 silly fetch manifest string.prototype.trim@^1.2.10
1619 silly packumentCache full:https://registry.npmjs.org/string.prototype.trim cache-miss
1620 http cache https://registry.npmjs.org/is-typed-array 1150ms (cache hit)
1621 silly packumentCache full:https://registry.npmjs.org/is-typed-array set size:79965 disposed:false
1622 silly fetch manifest string.prototype.trimstart@^1.0.8
1623 silly packumentCache full:https://registry.npmjs.org/string.prototype.trimstart cache-miss
1624 http cache https://registry.npmjs.org/is-weakref 1204ms (cache hit)
1625 silly packumentCache full:https://registry.npmjs.org/is-weakref set size:18473 disposed:false
1626 silly fetch manifest typed-array-buffer@^1.0.3
1627 silly packumentCache full:https://registry.npmjs.org/typed-array-buffer cache-miss
1628 http cache https://registry.npmjs.org/object-inspect 1204ms (cache hit)
1629 silly packumentCache full:https://registry.npmjs.org/object-inspect set size:101927 disposed:false
1630 silly fetch manifest typed-array-byte-length@^1.0.3
1631 silly packumentCache full:https://registry.npmjs.org/typed-array-byte-length cache-miss
1632 http cache https://registry.npmjs.org/object.assign 1169ms (cache hit)
1633 silly packumentCache full:https://registry.npmjs.org/object.assign set size:85907 disposed:false
1634 silly fetch manifest typed-array-byte-offset@^1.0.4
1635 silly packumentCache full:https://registry.npmjs.org/typed-array-byte-offset cache-miss
1636 http cache https://registry.npmjs.org/regexp.prototype.flags 1014ms (cache hit)
1637 silly packumentCache full:https://registry.npmjs.org/regexp.prototype.flags set size:60621 disposed:false
1638 silly fetch manifest typed-array-length@^1.0.7
1639 silly packumentCache full:https://registry.npmjs.org/typed-array-length cache-miss
1640 http cache https://registry.npmjs.org/own-keys 1165ms (cache hit)
1641 silly packumentCache full:https://registry.npmjs.org/own-keys set size:11888 disposed:false
1642 silly fetch manifest unbox-primitive@^1.1.0
1643 silly packumentCache full:https://registry.npmjs.org/unbox-primitive cache-miss
1644 http cache https://registry.npmjs.org/safe-array-concat 1032ms (cache hit)
1645 silly packumentCache full:https://registry.npmjs.org/safe-array-concat set size:25516 disposed:false
1646 silly fetch manifest which-typed-array@^1.1.19
1647 silly packumentCache full:https://registry.npmjs.org/which-typed-array cache-miss
1648 http cache https://registry.npmjs.org/safe-push-apply 976ms (cache hit)
1649 silly packumentCache full:https://registry.npmjs.org/safe-push-apply set size:5759 disposed:false
1650 silly fetch manifest has-tostringtag@^1.0.2
1651 silly packumentCache full:https://registry.npmjs.org/has-tostringtag cache-miss
1652 http cache https://registry.npmjs.org/set-proto 916ms (cache hit)
1653 silly packumentCache full:https://registry.npmjs.org/set-proto set size:5334 disposed:false
1654 http cache https://registry.npmjs.org/stop-iteration-iterator 824ms (cache hit)
1655 silly packumentCache full:https://registry.npmjs.org/stop-iteration-iterator set size:9160 disposed:false
1656 http cache https://registry.npmjs.org/string.prototype.trim 835ms (cache hit)
1657 silly packumentCache full:https://registry.npmjs.org/string.prototype.trim set size:57416 disposed:false
1658 http cache https://registry.npmjs.org/string.prototype.trimstart 678ms (cache hit)
1659 silly packumentCache full:https://registry.npmjs.org/string.prototype.trimstart set size:38291 disposed:false
1660 http cache https://registry.npmjs.org/typed-array-buffer 702ms (cache hit)
1661 silly packumentCache full:https://registry.npmjs.org/typed-array-buffer set size:14045 disposed:false
1662 http cache https://registry.npmjs.org/typed-array-length 443ms (cache hit)
1663 silly packumentCache full:https://registry.npmjs.org/typed-array-length set size:35665 disposed:false
1664 http cache https://registry.npmjs.org/typed-array-byte-length 547ms (cache hit)
1665 silly packumentCache full:https://registry.npmjs.org/typed-array-byte-length set size:18382 disposed:false
1666 http cache https://registry.npmjs.org/typed-array-byte-offset 545ms (cache hit)
1667 silly packumentCache full:https://registry.npmjs.org/typed-array-byte-offset set size:25416 disposed:false
1668 http cache https://registry.npmjs.org/unbox-primitive 480ms (cache hit)
1669 silly packumentCache full:https://registry.npmjs.org/unbox-primitive set size:15669 disposed:false
1670 http cache https://registry.npmjs.org/which-typed-array 473ms (cache hit)
1671 silly packumentCache full:https://registry.npmjs.org/which-typed-array set size:109574 disposed:false
1672 http cache https://registry.npmjs.org/has-tostringtag 475ms (cache hit)
1673 silly packumentCache full:https://registry.npmjs.org/has-tostringtag set size:13945 disposed:false
1674 silly placeDep ROOT es-errors@1.3.0 OK for: array.prototype.findlastindex@1.2.6 want: ^1.3.0
1675 silly placeDep ROOT call-bind-apply-helpers@1.0.2 OK for: call-bind@1.0.9 want: ^1.0.2
1676 silly placeDep ROOT es-define-property@1.0.1 OK for: call-bind@1.0.9 want: ^1.0.1
1677 silly placeDep ROOT get-intrinsic@1.3.0 OK for: call-bind@1.0.9 want: ^1.3.0
1678 silly placeDep ROOT set-function-length@1.2.2 OK for: call-bind@1.0.9 want: ^1.2.2
1679 silly fetch manifest define-data-property@^1.1.4
1680 silly packumentCache full:https://registry.npmjs.org/define-data-property cache-hit
1681 silly fetch manifest gopd@^1.0.1
1682 silly packumentCache full:https://registry.npmjs.org/gopd cache-hit
1683 silly placeDep ROOT function-bind@1.1.2 OK for: call-bind-apply-helpers@1.0.2 want: ^1.1.2
1684 silly placeDep ROOT define-data-property@1.1.4 OK for: define-properties@1.2.1 want: ^1.0.1
1685 silly placeDep ROOT has-property-descriptors@1.0.2 OK for: define-properties@1.2.1 want: ^1.0.0
1686 silly placeDep ROOT object-keys@1.1.1 OK for: define-properties@1.2.1 want: ^1.1.1
1687 silly placeDep ROOT gopd@1.2.0 OK for: define-data-property@1.1.4 want: ^1.0.1
1688 silly placeDep ROOT array-buffer-byte-length@1.0.2 OK for: es-abstract@1.24.2 want: ^1.0.2
1689 silly placeDep ROOT arraybuffer.prototype.slice@1.0.4 OK for: es-abstract@1.24.2 want: ^1.0.4
1690 silly placeDep ROOT available-typed-arrays@1.0.7 OK for: es-abstract@1.24.2 want: ^1.0.7
1691 silly placeDep ROOT data-view-buffer@1.0.2 OK for: es-abstract@1.24.2 want: ^1.0.2
1692 silly placeDep ROOT data-view-byte-length@1.0.2 OK for: es-abstract@1.24.2 want: ^1.0.2
1693 silly placeDep ROOT data-view-byte-offset@1.0.1 OK for: es-abstract@1.24.2 want: ^1.0.1
1694 silly placeDep ROOT es-set-tostringtag@2.1.0 OK for: es-abstract@1.24.2 want: ^2.1.0
1695 silly placeDep ROOT es-to-primitive@1.3.4 OK for: es-abstract@1.24.2 want: ^1.3.0
1696 silly placeDep ROOT function.prototype.name@1.2.0 OK for: es-abstract@1.24.2 want: ^1.1.8
1697 silly placeDep ROOT get-proto@1.0.1 OK for: es-abstract@1.24.2 want: ^1.0.1
1698 silly placeDep ROOT get-symbol-description@1.1.0 OK for: es-abstract@1.24.2 want: ^1.1.0
1699 silly placeDep ROOT globalthis@1.0.4 OK for: es-abstract@1.24.2 want: ^1.0.4
1700 silly placeDep ROOT has-proto@1.2.0 OK for: es-abstract@1.24.2 want: ^1.2.0
1701 silly placeDep ROOT has-symbols@1.1.0 OK for: es-abstract@1.24.2 want: ^1.1.0
1702 silly placeDep ROOT internal-slot@1.1.0 OK for: es-abstract@1.24.2 want: ^1.1.0
1703 silly placeDep ROOT is-array-buffer@3.0.5 OK for: es-abstract@1.24.2 want: ^3.0.5
1704 silly placeDep ROOT is-callable@1.2.7 OK for: es-abstract@1.24.2 want: ^1.2.7
1705 silly placeDep ROOT is-data-view@1.0.2 OK for: es-abstract@1.24.2 want: ^1.0.2
1706 silly placeDep ROOT is-negative-zero@2.0.3 OK for: es-abstract@1.24.2 want: ^2.0.3
1707 silly placeDep ROOT is-regex@1.2.1 OK for: es-abstract@1.24.2 want: ^1.2.1
1708 silly placeDep ROOT is-set@2.0.3 OK for: es-abstract@1.24.2 want: ^2.0.3
1709 silly placeDep ROOT is-shared-array-buffer@1.0.4 OK for: es-abstract@1.24.2 want: ^1.0.4
1710 silly placeDep ROOT is-typed-array@1.1.15 OK for: es-abstract@1.24.2 want: ^1.1.15
1711 silly placeDep ROOT is-weakref@1.1.1 OK for: es-abstract@1.24.2 want: ^1.1.1
1712 silly placeDep ROOT object-inspect@1.13.4 OK for: es-abstract@1.24.2 want: ^1.13.4
1713 silly placeDep ROOT object.assign@4.1.7 OK for: es-abstract@1.24.2 want: ^4.1.7
1714 silly placeDep ROOT own-keys@1.0.2 OK for: es-abstract@1.24.2 want: ^1.0.1
1715 silly placeDep ROOT regexp.prototype.flags@1.5.4 OK for: es-abstract@1.24.2 want: ^1.5.4
1716 silly placeDep ROOT safe-array-concat@1.1.4 OK for: es-abstract@1.24.2 want: ^1.1.3
1717 silly placeDep ROOT safe-push-apply@1.0.0 OK for: es-abstract@1.24.2 want: ^1.0.0
1718 silly placeDep ROOT safe-regex-test@1.1.0 OK for: es-abstract@1.24.2 want: ^1.1.0
1719 silly placeDep ROOT set-proto@1.0.0 OK for: es-abstract@1.24.2 want: ^1.0.0
1720 silly placeDep ROOT stop-iteration-iterator@1.1.0 OK for: es-abstract@1.24.2 want: ^1.1.0
1721 silly placeDep ROOT string.prototype.trim@1.2.11 OK for: es-abstract@1.24.2 want: ^1.2.10
1722 silly placeDep ROOT string.prototype.trimstart@1.0.8 OK for: es-abstract@1.24.2 want: ^1.0.8
1723 silly placeDep ROOT typed-array-buffer@1.0.3 OK for: es-abstract@1.24.2 want: ^1.0.3
1724 silly placeDep ROOT typed-array-byte-length@1.0.3 OK for: es-abstract@1.24.2 want: ^1.0.3
1725 silly placeDep ROOT typed-array-byte-offset@1.0.5 OK for: es-abstract@1.24.2 want: ^1.0.4
1726 silly placeDep ROOT typed-array-length@1.0.8 OK for: es-abstract@1.24.2 want: ^1.0.7
1727 silly placeDep ROOT unbox-primitive@1.1.0 OK for: es-abstract@1.24.2 want: ^1.1.0
1728 silly placeDep ROOT which-typed-array@1.1.24 OK for: es-abstract@1.24.2 want: ^1.1.19
1729 silly fetch manifest is-array-buffer@^3.0.4
1730 silly packumentCache full:https://registry.npmjs.org/is-array-buffer cache-hit
1731 silly fetch manifest possible-typed-array-names@^1.0.0
1732 silly packumentCache full:https://registry.npmjs.org/possible-typed-array-names cache-miss
1733 silly fetch manifest is-data-view@^1.0.1
1734 silly packumentCache full:https://registry.npmjs.org/is-data-view cache-hit
1735 silly fetch manifest is-symbol@^1.1.1
1736 silly packumentCache full:https://registry.npmjs.org/is-symbol cache-miss
1737 silly fetch manifest is-date-object@^1.1.0
1738 silly packumentCache full:https://registry.npmjs.org/is-date-object cache-miss
1739 silly fetch manifest es-abstract-get@^1.0.0
1740 silly packumentCache full:https://registry.npmjs.org/es-abstract-get cache-miss
1741 silly fetch manifest is-document.all@^1.0.0
1742 silly packumentCache full:https://registry.npmjs.org/is-document.all cache-miss
1743 silly fetch manifest functions-have-names@^1.2.3
1744 silly packumentCache full:https://registry.npmjs.org/functions-have-names cache-miss
1745 silly fetch manifest dunder-proto@^1.0.1
1746 silly packumentCache full:https://registry.npmjs.org/dunder-proto cache-miss
1747 silly fetch manifest dunder-proto@^1.0.0
1748 silly packumentCache full:https://registry.npmjs.org/dunder-proto cache-miss
1749 silly fetch manifest side-channel@^1.1.0
1750 silly packumentCache full:https://registry.npmjs.org/side-channel cache-miss
1751 silly fetch manifest is-typed-array@^1.1.13
1752 silly packumentCache full:https://registry.npmjs.org/is-typed-array cache-hit
1753 silly fetch manifest which-typed-array@^1.1.16
1754 silly packumentCache full:https://registry.npmjs.org/which-typed-array cache-hit
1755 silly fetch manifest set-function-name@^2.0.2
1756 silly packumentCache full:https://registry.npmjs.org/set-function-name cache-miss
1757 silly fetch manifest isarray@^2.0.5
1758 silly packumentCache full:https://registry.npmjs.org/isarray cache-miss
1759 http cache https://registry.npmjs.org/is-symbol 643ms (cache hit)
1760 silly packumentCache full:https://registry.npmjs.org/is-symbol set size:22675 disposed:false
1761 silly fetch manifest isarray@^2.0.5
1762 silly packumentCache full:https://registry.npmjs.org/isarray cache-miss
1763 http cache https://registry.npmjs.org/es-abstract-get 646ms (cache hit)
1764 silly packumentCache full:https://registry.npmjs.org/es-abstract-get set size:7156 disposed:false
1765 silly fetch manifest dunder-proto@^1.0.1
1766 silly packumentCache full:https://registry.npmjs.org/dunder-proto cache-miss
1767 http cache https://registry.npmjs.org/possible-typed-array-names 662ms (cache hit)
1768 silly packumentCache full:https://registry.npmjs.org/possible-typed-array-names set size:9167 disposed:false
1769 silly fetch manifest for-each@^0.3.3
1770 silly packumentCache full:https://registry.npmjs.org/for-each cache-miss
1771 http cache https://registry.npmjs.org/is-date-object 666ms (cache hit)
1772 silly packumentCache full:https://registry.npmjs.org/is-date-object set size:25050 disposed:false
1773 silly fetch manifest for-each@^0.3.5
1774 silly packumentCache full:https://registry.npmjs.org/for-each cache-miss
1775 http cache https://registry.npmjs.org/isarray 579ms (cache hit)
1776 silly packumentCache full:https://registry.npmjs.org/isarray set size:17392 disposed:false
1777 silly fetch manifest reflect.getprototypeof@^1.0.10
1778 silly packumentCache full:https://registry.npmjs.org/reflect.getprototypeof cache-miss
1779 http cache https://registry.npmjs.org/dunder-proto 657ms (cache hit)
1780 silly packumentCache full:https://registry.npmjs.org/dunder-proto set size:8256 disposed:false
1781 silly fetch manifest for-each@^0.3.5
1782 silly packumentCache full:https://registry.npmjs.org/for-each cache-miss
1783 http cache https://registry.npmjs.org/functions-have-names 666ms (cache hit)
1784 silly packumentCache full:https://registry.npmjs.org/functions-have-names set size:24196 disposed:false
1785 silly fetch manifest possible-typed-array-names@^1.1.0
1786 silly packumentCache full:https://registry.npmjs.org/possible-typed-array-names cache-hit
1787 silly fetch manifest reflect.getprototypeof@^1.0.10
1788 silly packumentCache full:https://registry.npmjs.org/reflect.getprototypeof cache-miss
1789 http cache https://registry.npmjs.org/dunder-proto 667ms (cache hit)
1790 silly packumentCache full:https://registry.npmjs.org/dunder-proto set size:8256 disposed:false
1791 silly packumentCache full:https://registry.npmjs.org/dunder-proto dispose
1792 silly fetch manifest has-bigints@^1.0.2
1793 silly packumentCache full:https://registry.npmjs.org/has-bigints cache-miss
1794 http cache https://registry.npmjs.org/side-channel 657ms (cache hit)
1795 silly packumentCache full:https://registry.npmjs.org/side-channel set size:27650 disposed:false
1796 silly fetch manifest which-boxed-primitive@^1.1.1
1797 silly packumentCache full:https://registry.npmjs.org/which-boxed-primitive cache-miss
1798 http cache https://registry.npmjs.org/set-function-name 622ms (cache hit)
1799 silly packumentCache full:https://registry.npmjs.org/set-function-name set size:13766 disposed:false
1800 silly fetch manifest for-each@^0.3.5
1801 silly packumentCache full:https://registry.npmjs.org/for-each cache-miss
1802 http cache https://registry.npmjs.org/is-document.all 708ms (cache hit)
1803 silly packumentCache full:https://registry.npmjs.org/is-document.all set size:5283 disposed:false
1804 http cache https://registry.npmjs.org/for-each 528ms (cache hit)
1805 silly packumentCache full:https://registry.npmjs.org/for-each set size:14327 disposed:false
1806 http cache https://registry.npmjs.org/isarray 548ms (cache hit)
1807 silly packumentCache full:https://registry.npmjs.org/isarray set size:17392 disposed:false
1808 silly packumentCache full:https://registry.npmjs.org/isarray dispose
1809 http cache https://registry.npmjs.org/dunder-proto 544ms (cache hit)
1810 silly packumentCache full:https://registry.npmjs.org/dunder-proto set size:8256 disposed:true
1811 silly packumentCache full:https://registry.npmjs.org/dunder-proto dispose
1812 http cache https://registry.npmjs.org/for-each 495ms (cache hit)
1813 silly packumentCache full:https://registry.npmjs.org/for-each set size:14327 disposed:false
1814 silly packumentCache full:https://registry.npmjs.org/for-each dispose
1815 http cache https://registry.npmjs.org/has-bigints 475ms (cache hit)
1816 silly packumentCache full:https://registry.npmjs.org/has-bigints set size:14176 disposed:false
1817 http cache https://registry.npmjs.org/which-boxed-primitive 468ms (cache hit)
1818 silly packumentCache full:https://registry.npmjs.org/which-boxed-primitive set size:19407 disposed:false
1819 http cache https://registry.npmjs.org/for-each 460ms (cache hit)
1820 silly packumentCache full:https://registry.npmjs.org/for-each set size:14327 disposed:true
1821 silly packumentCache full:https://registry.npmjs.org/for-each dispose
1822 http cache https://registry.npmjs.org/reflect.getprototypeof 506ms (cache hit)
1823 silly packumentCache full:https://registry.npmjs.org/reflect.getprototypeof set size:44083 disposed:false
1824 http cache https://registry.npmjs.org/reflect.getprototypeof 499ms (cache hit)
1825 silly packumentCache full:https://registry.npmjs.org/reflect.getprototypeof set size:44083 disposed:false
1826 silly packumentCache full:https://registry.npmjs.org/reflect.getprototypeof dispose
1827 http cache https://registry.npmjs.org/for-each 553ms (cache hit)
1828 silly packumentCache full:https://registry.npmjs.org/for-each set size:14327 disposed:true
1829 silly packumentCache full:https://registry.npmjs.org/for-each dispose
1830 silly placeDep ROOT possible-typed-array-names@1.1.0 OK for: available-typed-arrays@1.0.7 want: ^1.0.0
1831 silly placeDep ROOT has-tostringtag@1.0.2 OK for: es-set-tostringtag@2.1.0 want: ^1.0.2
1832 silly placeDep ROOT es-abstract-get@1.0.0 OK for: es-to-primitive@1.3.4 want: ^1.0.0
1833 silly placeDep ROOT is-date-object@1.1.0 OK for: es-to-primitive@1.3.4 want: ^1.1.0
1834 silly placeDep ROOT is-symbol@1.1.1 OK for: es-to-primitive@1.3.4 want: ^1.1.1
1835 silly placeDep node_modules/eslint-module-utils debug@3.2.7 OK for: eslint-module-utils@2.14.0 want: ^3.2.7
1836 silly placeDep ROOT aria-query@5.3.2 OK for: eslint-plugin-jsx-a11y@6.10.2 want: ^5.3.2
1837 silly placeDep ROOT ast-types-flow@0.0.8 OK for: eslint-plugin-jsx-a11y@6.10.2 want: ^0.0.8
1838 silly placeDep ROOT axe-core@4.13.0 OK for: eslint-plugin-jsx-a11y@6.10.2 want: ^4.10.0
1839 silly placeDep ROOT axobject-query@4.1.0 OK for: eslint-plugin-jsx-a11y@6.10.2 want: ^4.1.0
1840 silly placeDep ROOT damerau-levenshtein@1.0.8 OK for: eslint-plugin-jsx-a11y@6.10.2 want: ^1.0.8
1841 silly placeDep ROOT emoji-regex@9.2.2 OK for: eslint-plugin-jsx-a11y@6.10.2 want: ^9.2.2
1842 silly placeDep ROOT jsx-ast-utils@3.3.5 OK for: eslint-plugin-jsx-a11y@6.10.2 want: ^3.3.5
1843 silly placeDep ROOT language-tags@1.0.9 OK for: eslint-plugin-jsx-a11y@6.10.2 want: ^1.0.9
1844 silly placeDep ROOT string.prototype.includes@2.0.1 OK for: eslint-plugin-jsx-a11y@6.10.2 want: ^2.0.1
1845 silly fetch manifest language-subtag-registry@^0.3.20
1846 silly packumentCache full:https://registry.npmjs.org/language-subtag-registry cache-miss
1847 http cache https://registry.npmjs.org/language-subtag-registry 338ms (cache hit)
1848 silly packumentCache full:https://registry.npmjs.org/language-subtag-registry set size:46437 disposed:false
1849 silly placeDep ROOT array.prototype.findlast@1.2.5 OK for: eslint-plugin-react@7.37.5 want: ^1.2.5
1850 silly placeDep ROOT array.prototype.tosorted@1.1.4 OK for: eslint-plugin-react@7.37.5 want: ^1.1.4
1851 silly placeDep node_modules/eslint-plugin-react doctrine@2.1.0 OK for: eslint-plugin-react@7.37.5 want: ^2.1.0
1852 silly placeDep ROOT es-iterator-helpers@1.4.0 OK for: eslint-plugin-react@7.37.5 want: ^1.2.1
1853 silly placeDep ROOT estraverse@5.3.0 OK for: eslint-plugin-react@7.37.5 want: ^5.3.0
1854 silly placeDep ROOT object.entries@1.1.9 OK for: eslint-plugin-react@7.37.5 want: ^1.1.9
1855 silly placeDep ROOT prop-types@15.8.1 OK for: eslint-plugin-react@7.37.5 want: ^15.8.1
1856 silly placeDep node_modules/eslint-plugin-react semver@6.3.1 OK for: eslint-plugin-react@7.37.5 want: ^6.3.1
1857 silly placeDep ROOT string.prototype.matchall@4.1.0 OK for: eslint-plugin-react@7.37.5 want: ^4.0.12
1858 silly placeDep ROOT string.prototype.repeat@1.0.0 OK for: eslint-plugin-react@7.37.5 want: ^1.0.0
1859 silly fetch manifest iterator.prototype@^1.1.5
1860 silly packumentCache full:https://registry.npmjs.org/iterator.prototype cache-miss
1861 silly fetch manifest loose-envify@^1.4.0
1862 silly packumentCache full:https://registry.npmjs.org/loose-envify cache-miss
1863 silly fetch manifest object-assign@^4.1.1
1864 silly packumentCache full:https://registry.npmjs.org/object-assign cache-miss
1865 silly fetch manifest react-is@^16.13.1
1866 silly packumentCache full:https://registry.npmjs.org/react-is cache-miss
1867 silly fetch manifest side-channel@^1.1.1
1868 silly packumentCache full:https://registry.npmjs.org/side-channel cache-hit
1869 http cache https://registry.npmjs.org/loose-envify 201ms (cache hit)
1870 silly packumentCache full:https://registry.npmjs.org/loose-envify set size:12559 disposed:false
1871 http cache https://registry.npmjs.org/iterator.prototype 203ms (cache hit)
1872 silly packumentCache full:https://registry.npmjs.org/iterator.prototype set size:26870 disposed:false
1873 http cache https://registry.npmjs.org/object-assign 208ms (cache hit)
1874 silly packumentCache full:https://registry.npmjs.org/object-assign set size:28988 disposed:false
1875 http cache https://registry.npmjs.org/react-is 289ms (cache hit)
1876 silly packumentCache full:https://registry.npmjs.org/react-is set size:5675314 disposed:false
1877 silly placeDep ROOT iterator.prototype@1.1.5 OK for: es-iterator-helpers@1.4.0 want: ^1.1.5
1878 silly placeDep ROOT esrecurse@4.3.0 OK for: eslint-scope@7.2.2 want: ^4.3.0
1879 silly placeDep ROOT acorn@8.18.0 OK for: espree@9.6.1 want: ^8.9.0
1880 silly placeDep ROOT acorn-jsx@5.3.2 OK for: espree@9.6.1 want: ^5.3.2
1881 silly placeDep node_modules/fast-glob glob-parent@5.1.2 OK for: fast-glob@3.3.1 want: ^5.1.2
1882 silly placeDep ROOT merge2@1.4.1 OK for: fast-glob@3.3.1 want: ^1.3.0
1883 silly placeDep ROOT micromatch@4.0.8 OK for: fast-glob@3.3.1 want: ^4.0.4
1884 silly fetch manifest braces@^3.0.3
1885 silly packumentCache full:https://registry.npmjs.org/braces cache-miss
1886 silly fetch manifest picomatch@^2.3.1
1887 silly packumentCache full:https://registry.npmjs.org/picomatch cache-hit
1888 http cache https://registry.npmjs.org/braces 28ms (cache hit)
1889 silly packumentCache full:https://registry.npmjs.org/braces set size:114529 disposed:false
1890 silly placeDep ROOT reusify@1.1.0 OK for: fastq@1.20.3 want: ^1.0.4
1891 silly placeDep ROOT flat-cache@3.2.0 OK for: file-entry-cache@6.0.1 want: ^3.0.4
1892 silly fetch manifest keyv@^4.5.3
1893 silly packumentCache full:https://registry.npmjs.org/keyv cache-miss
1894 silly fetch manifest rimraf@^3.0.2
1895 silly packumentCache full:https://registry.npmjs.org/rimraf cache-miss
1896 silly fetch manifest flatted@^3.2.9
1897 silly packumentCache full:https://registry.npmjs.org/flatted cache-miss
1898 http cache https://registry.npmjs.org/keyv 21ms (cache hit)
1899 silly packumentCache full:https://registry.npmjs.org/keyv set size:227033 disposed:false
1900 http cache https://registry.npmjs.org/rimraf 80ms (cache hit)
1901 silly packumentCache full:https://registry.npmjs.org/rimraf set size:212626 disposed:false
1902 http cache https://registry.npmjs.org/flatted 89ms (cache hit)
1903 silly packumentCache full:https://registry.npmjs.org/flatted set size:143283 disposed:false
1904 silly placeDep ROOT locate-path@6.0.0 OK for: find-up@5.0.0 want: ^6.0.0
1905 silly placeDep ROOT path-exists@4.0.0 OK for: find-up@5.0.0 want: ^4.0.0
1906 silly fetch manifest p-locate@^5.0.0
1907 silly packumentCache full:https://registry.npmjs.org/p-locate cache-miss
1908 http cache https://registry.npmjs.org/p-locate 146ms (cache hit)
1909 silly packumentCache full:https://registry.npmjs.org/p-locate set size:22488 disposed:false
1910 silly placeDep ROOT flatted@3.4.4 OK for: flat-cache@3.2.0 want: ^3.2.9
1911 silly placeDep ROOT keyv@4.5.4 OK for: flat-cache@3.2.0 want: ^4.5.3
1912 silly placeDep ROOT rimraf@3.0.2 OK for: flat-cache@3.2.0 want: ^3.0.2
1913 silly fetch manifest json-buffer@3.0.1
1914 silly packumentCache full:https://registry.npmjs.org/json-buffer cache-miss
1915 silly fetch manifest glob@^7.1.3
1916 silly packumentCache full:https://registry.npmjs.org/glob cache-miss
1917 http cache https://registry.npmjs.org/glob 328ms (cache hit)
1918 silly packumentCache full:https://registry.npmjs.org/glob set size:469465 disposed:false
1919 http cache https://registry.npmjs.org/json-buffer 348ms (cache hit)
1920 silly packumentCache full:https://registry.npmjs.org/json-buffer set size:23474 disposed:false
1921 silly placeDep ROOT functions-have-names@1.2.3 OK for: function.prototype.name@1.2.0 want: ^1.2.3
1922 silly placeDep ROOT is-document.all@1.0.0 OK for: function.prototype.name@1.2.0 want: ^1.0.0
1923 silly placeDep ROOT dunder-proto@1.0.1 OK for: get-proto@1.0.1 want: ^1.0.1
1924 silly placeDep ROOT resolve-pkg-maps@1.0.0 OK for: get-tsconfig@4.14.3 want: ^1.0.0
1925 silly placeDep ROOT type-fest@0.20.2 OK for: globals@13.24.0 want: ^0.20.2
1926 silly placeDep ROOT parent-module@1.0.1 OK for: import-fresh@3.3.1 want: ^1.0.0
1927 silly placeDep ROOT resolve-from@4.0.0 OK for: import-fresh@3.3.1 want: ^4.0.0
1928 silly fetch manifest callsites@^3.0.0
1929 silly packumentCache full:https://registry.npmjs.org/callsites cache-miss
1930 http cache https://registry.npmjs.org/callsites 65ms (cache hit)
1931 silly packumentCache full:https://registry.npmjs.org/callsites set size:21349 disposed:false
1932 silly placeDep ROOT side-channel@1.1.1 OK for: internal-slot@1.1.0 want: ^1.1.0
1933 silly fetch manifest side-channel-list@^1.0.1
1934 silly packumentCache full:https://registry.npmjs.org/side-channel-list cache-miss
1935 silly fetch manifest side-channel-map@^1.0.1
1936 silly packumentCache full:https://registry.npmjs.org/side-channel-map cache-miss
1937 silly fetch manifest side-channel-weakmap@^1.0.2
1938 silly packumentCache full:https://registry.npmjs.org/side-channel-weakmap cache-miss
1939 http cache https://registry.npmjs.org/side-channel-map 158ms (cache hit)
1940 silly packumentCache full:https://registry.npmjs.org/side-channel-map set size:9126 disposed:false
1941 http cache https://registry.npmjs.org/side-channel-weakmap 168ms (cache hit)
1942 silly packumentCache full:https://registry.npmjs.org/side-channel-weakmap set size:12620 disposed:false
1943 http cache https://registry.npmjs.org/side-channel-list 175ms (cache hit)
1944 silly packumentCache full:https://registry.npmjs.org/side-channel-list set size:9021 disposed:false
1945 silly placeDep ROOT is-extglob@2.1.1 OK for: is-glob@4.0.3 want: ^2.1.1
1946 silly placeDep ROOT set-function-name@2.0.2 OK for: iterator.prototype@1.1.5 want: ^2.0.2
1947 silly placeDep ROOT argparse@2.0.1 OK for: js-yaml@4.3.2 want: ^2.0.1
1948 silly placeDep ROOT json-buffer@3.0.1 OK for: keyv@4.5.4 want: 3.0.1
1949 silly placeDep ROOT language-subtag-registry@0.3.23 OK for: language-tags@1.0.9 want: ^0.3.20
1950 silly placeDep ROOT prelude-ls@1.2.1 OK for: levn@0.4.1 want: ^1.2.1
1951 silly placeDep ROOT type-check@0.4.0 OK for: levn@0.4.1 want: ~0.4.0
1952 silly placeDep ROOT p-locate@5.0.0 OK for: locate-path@6.0.0 want: ^5.0.0
1953 silly fetch manifest p-limit@^3.0.2
1954 silly packumentCache full:https://registry.npmjs.org/p-limit cache-miss
1955 http cache https://registry.npmjs.org/p-limit 95ms (cache hit)
1956 silly packumentCache full:https://registry.npmjs.org/p-limit set size:68604 disposed:false
1957 silly placeDep ROOT braces@3.0.3 OK for: micromatch@4.0.8 want: ^3.0.3
1958 silly placeDep ROOT picomatch@2.3.2 OK for: micromatch@4.0.8 want: ^2.3.1
1959 silly fetch manifest fill-range@^7.1.1
1960 silly packumentCache full:https://registry.npmjs.org/fill-range cache-miss
1961 http cache https://registry.npmjs.org/fill-range 567ms (cache hit)
1962 silly packumentCache full:https://registry.npmjs.org/fill-range set size:90162 disposed:false
1963 silly placeDep ROOT fill-range@7.1.1 OK for: braces@3.0.3 want: ^7.1.1
1964 silly fetch manifest to-regex-range@^5.0.1
1965 silly packumentCache full:https://registry.npmjs.org/to-regex-range cache-miss
1966 http cache https://registry.npmjs.org/to-regex-range 292ms (cache hit)
1967 silly packumentCache full:https://registry.npmjs.org/to-regex-range set size:61569 disposed:false
1968 silly placeDep ROOT to-regex-range@5.0.1 OK for: fill-range@7.1.1 want: ^5.0.1
1969 silly fetch manifest is-number@^7.0.0
1970 silly packumentCache full:https://registry.npmjs.org/is-number cache-miss
1971 http cache https://registry.npmjs.org/is-number 315ms (cache hit)
1972 silly packumentCache full:https://registry.npmjs.org/is-number set size:36183 disposed:false
1973 silly placeDep ROOT brace-expansion@1.1.21 OK for: minimatch@3.1.5 want: ^1.1.7
1974 silly fetch manifest concat-map@0.0.1
1975 silly packumentCache full:https://registry.npmjs.org/concat-map cache-miss
1976 silly fetch manifest balanced-match@^1.0.0
1977 silly packumentCache full:https://registry.npmjs.org/balanced-match cache-miss
1978 http cache https://registry.npmjs.org/concat-map 466ms (cache hit)
1979 silly packumentCache full:https://registry.npmjs.org/concat-map set size:9290 disposed:false
1980 http cache https://registry.npmjs.org/balanced-match 472ms (cache hit)
1981 silly packumentCache full:https://registry.npmjs.org/balanced-match set size:39082 disposed:false
1982 silly placeDep ROOT balanced-match@1.0.2 OK for: brace-expansion@1.1.21 want: ^1.0.0
1983 silly placeDep ROOT concat-map@0.0.1 OK for: brace-expansion@1.1.21 want: 0.0.1
1984 silly fetch manifest react@^18.2.0 || 19.0.0-rc-de68d2f4-20241204 || ^19.0.0
1985 silly packumentCache full:https://registry.npmjs.org/react cache-miss
1986 http cache https://registry.npmjs.org/react 405ms (cache hit)
1987 silly packumentCache full:https://registry.npmjs.org/react set size:7011585 disposed:false
1988 silly placeDep ROOT @next/env@15.5.26 OK for: next@15.5.26 want: 15.5.26
1989 silly placeDep ROOT @next/swc-darwin-arm64@15.5.26 OK for: next@15.5.26 want: 15.5.26
1990 silly placeDep ROOT @next/swc-darwin-x64@15.5.26 OK for: next@15.5.26 want: 15.5.26
1991 silly placeDep ROOT @next/swc-linux-arm64-gnu@15.5.26 OK for: next@15.5.26 want: 15.5.26
1992 silly placeDep ROOT @next/swc-linux-arm64-musl@15.5.26 OK for: next@15.5.26 want: 15.5.26
1993 silly placeDep ROOT @next/swc-linux-x64-gnu@15.5.26 OK for: next@15.5.26 want: 15.5.26
1994 silly placeDep ROOT @next/swc-linux-x64-musl@15.5.26 OK for: next@15.5.26 want: 15.5.26
1995 silly placeDep ROOT @next/swc-win32-arm64-msvc@15.5.26 OK for: next@15.5.26 want: 15.5.26
1996 silly placeDep ROOT @next/swc-win32-x64-msvc@15.5.26 OK for: next@15.5.26 want: 15.5.26
1997 silly placeDep ROOT @swc/helpers@0.5.15 OK for: next@15.5.26 want: 0.5.15
1998 silly placeDep node_modules/next postcss@8.4.31 OK for: next@15.5.26 want: 8.4.31
1999 silly placeDep ROOT sharp@0.35.5 OK for: next@15.5.26 want: ^0.34.3 || ^0.35.4
2000 silly placeDep ROOT styled-jsx@5.1.6 OK for: next@15.5.26 want: 5.1.6
2001 silly fetch manifest nanoid@^3.3.6
2002 silly packumentCache full:https://registry.npmjs.org/nanoid cache-hit
2003 silly fetch manifest source-map-js@^1.0.2
2004 silly packumentCache full:https://registry.npmjs.org/source-map-js cache-hit
2005 silly fetch manifest @img/colour@^1.1.0
2006 silly packumentCache full:https://registry.npmjs.org/@img%2fcolour cache-miss
2007 silly fetch manifest detect-libc@^2.1.2
2008 silly packumentCache full:https://registry.npmjs.org/detect-libc cache-miss
2009 silly fetch manifest @img/sharp-linux-arm@0.35.5
2010 silly packumentCache full:https://registry.npmjs.org/@img%2fsharp-linux-arm cache-miss
2011 silly fetch manifest @img/sharp-linux-x64@0.35.5
2012 silly packumentCache full:https://registry.npmjs.org/@img%2fsharp-linux-x64 cache-miss
2013 silly fetch manifest @img/sharp-win32-x64@0.35.5
2014 silly packumentCache full:https://registry.npmjs.org/@img%2fsharp-win32-x64 cache-miss
2015 silly fetch manifest @img/sharp-darwin-x64@0.35.5
2016 silly packumentCache full:https://registry.npmjs.org/@img%2fsharp-darwin-x64 cache-miss
2017 silly fetch manifest @img/sharp-win32-ia32@0.35.5
2018 silly packumentCache full:https://registry.npmjs.org/@img%2fsharp-win32-ia32 cache-miss
2019 silly fetch manifest @img/sharp-linux-arm64@0.35.5
2020 silly packumentCache full:https://registry.npmjs.org/@img%2fsharp-linux-arm64 cache-miss
2021 silly fetch manifest @img/sharp-linux-ppc64@0.35.5
2022 silly packumentCache full:https://registry.npmjs.org/@img%2fsharp-linux-ppc64 cache-miss
2023 silly fetch manifest @img/sharp-linux-s390x@0.35.5
2024 silly packumentCache full:https://registry.npmjs.org/@img%2fsharp-linux-s390x cache-miss
2025 silly fetch manifest @img/sharp-win32-arm64@0.35.5
2026 silly packumentCache full:https://registry.npmjs.org/@img%2fsharp-win32-arm64 cache-miss
2027 http cache https://registry.npmjs.org/detect-libc 1460ms (cache hit)
2028 silly packumentCache full:https://registry.npmjs.org/detect-libc set size:47861 disposed:false
2029 silly fetch manifest @img/sharp-darwin-arm64@0.35.5
2030 silly packumentCache full:https://registry.npmjs.org/@img%2fsharp-darwin-arm64 cache-miss
2031 http cache https://registry.npmjs.org/@img%2fsharp-win32-x64 1476ms (cache hit)
2032 silly packumentCache full:https://registry.npmjs.org/@img%2fsharp-win32-x64 set size:114337 disposed:false
2033 silly fetch manifest @img/sharp-linux-riscv64@0.35.5
2034 silly packumentCache full:https://registry.npmjs.org/@img%2fsharp-linux-riscv64 cache-miss
2035 http cache https://registry.npmjs.org/@img%2fsharp-darwin-x64 1481ms (cache hit)
2036 silly packumentCache full:https://registry.npmjs.org/@img%2fsharp-darwin-x64 set size:115385 disposed:false
2037 silly fetch manifest @img/sharp-linuxmusl-x64@0.35.5
2038 silly packumentCache full:https://registry.npmjs.org/@img%2fsharp-linuxmusl-x64 cache-miss
2039 http cache https://registry.npmjs.org/@img%2fsharp-linux-arm 1491ms (cache hit)
2040 silly packumentCache full:https://registry.npmjs.org/@img%2fsharp-linux-arm set size:113897 disposed:false
2041 silly fetch manifest @img/sharp-freebsd-wasm32@0.35.5
2042 silly packumentCache full:https://registry.npmjs.org/@img%2fsharp-freebsd-wasm32 cache-miss
2043 http cache https://registry.npmjs.org/@img%2fsharp-linux-x64 1508ms (cache hit)
2044 silly packumentCache full:https://registry.npmjs.org/@img%2fsharp-linux-x64 set size:113357 disposed:false
2045 silly fetch manifest @img/sharp-linuxmusl-arm64@0.35.5
2046 silly packumentCache full:https://registry.npmjs.org/@img%2fsharp-linuxmusl-arm64 cache-miss
2047 http cache https://registry.npmjs.org/@img%2fsharp-linux-ppc64 1537ms (cache hit)
2048 silly packumentCache full:https://registry.npmjs.org/@img%2fsharp-linux-ppc64 set size:79407 disposed:false
2049 silly fetch manifest @img/sharp-libvips-linux-arm@1.3.4
2050 silly packumentCache full:https://registry.npmjs.org/@img%2fsharp-libvips-linux-arm cache-miss
2051 http cache https://registry.npmjs.org/@img%2fsharp-linux-arm64 1571ms (cache hit)
2052 silly packumentCache full:https://registry.npmjs.org/@img%2fsharp-linux-arm64 set size:114817 disposed:false
2053 silly fetch manifest @img/sharp-libvips-linux-x64@1.3.4
2054 silly packumentCache full:https://registry.npmjs.org/@img%2fsharp-libvips-linux-x64 cache-miss
2055 http cache https://registry.npmjs.org/@img%2fsharp-win32-ia32 1582ms (cache hit)
2056 silly packumentCache full:https://registry.npmjs.org/@img%2fsharp-win32-ia32 set size:115401 disposed:false
2057 silly fetch manifest @img/sharp-libvips-darwin-x64@1.3.4
2058 silly packumentCache full:https://registry.npmjs.org/@img%2fsharp-libvips-darwin-x64 cache-miss
2059 http cache https://registry.npmjs.org/@img%2fcolour 1619ms (cache hit)
2060 silly packumentCache full:https://registry.npmjs.org/@img%2fcolour set size:9701 disposed:false
2061 silly fetch manifest @img/sharp-libvips-linux-arm64@1.3.4
2062 silly packumentCache full:https://registry.npmjs.org/@img%2fsharp-libvips-linux-arm64 cache-miss
2063 http cache https://registry.npmjs.org/@img%2fsharp-linux-s390x 1643ms (cache hit)
2064 silly packumentCache full:https://registry.npmjs.org/@img%2fsharp-linux-s390x set size:112669 disposed:false
2065 silly fetch manifest @img/sharp-libvips-linux-ppc64@1.3.4
2066 silly packumentCache full:https://registry.npmjs.org/@img%2fsharp-libvips-linux-ppc64 cache-miss
2067 http cache https://registry.npmjs.org/@img%2fsharp-win32-arm64 1659ms (cache hit)
2068 silly packumentCache full:https://registry.npmjs.org/@img%2fsharp-win32-arm64 set size:74401 disposed:false
2069 silly fetch manifest @img/sharp-libvips-linux-s390x@1.3.4
2070 silly packumentCache full:https://registry.npmjs.org/@img%2fsharp-libvips-linux-s390x cache-miss
2071 http cache https://registry.npmjs.org/@img%2fsharp-darwin-arm64 534ms (cache hit)
2072 silly packumentCache full:https://registry.npmjs.org/@img%2fsharp-darwin-arm64 set size:116891 disposed:false
2073 silly fetch manifest @img/sharp-libvips-darwin-arm64@1.3.4
2074 silly packumentCache full:https://registry.npmjs.org/@img%2fsharp-libvips-darwin-arm64 cache-miss
2075 http cache https://registry.npmjs.org/@img%2fsharp-libvips-linux-arm 442ms (cache hit)
2076 silly packumentCache full:https://registry.npmjs.org/@img%2fsharp-libvips-linux-arm set size:101980 disposed:false
2077 silly fetch manifest @img/sharp-webcontainers-wasm32@0.35.5
2078 silly packumentCache full:https://registry.npmjs.org/@img%2fsharp-webcontainers-wasm32 cache-miss
2079 http cache https://registry.npmjs.org/@img%2fsharp-linuxmusl-x64 534ms (cache hit)
2080 silly packumentCache full:https://registry.npmjs.org/@img%2fsharp-linuxmusl-x64 set size:115107 disposed:false
2081 silly fetch manifest @img/sharp-libvips-linux-riscv64@1.3.4
2082 silly packumentCache full:https://registry.npmjs.org/@img%2fsharp-libvips-linux-riscv64 cache-miss
2083 http cache https://registry.npmjs.org/@img%2fsharp-linuxmusl-arm64 509ms (cache hit)
2084 silly packumentCache full:https://registry.npmjs.org/@img%2fsharp-linuxmusl-arm64 set size:116571 disposed:false
2085 silly fetch manifest @img/sharp-libvips-linuxmusl-x64@1.3.4
2086 silly packumentCache full:https://registry.npmjs.org/@img%2fsharp-libvips-linuxmusl-x64 cache-miss
2087 http cache https://registry.npmjs.org/@img%2fsharp-linux-riscv64 688ms (cache hit)
2088 silly packumentCache full:https://registry.npmjs.org/@img%2fsharp-linux-riscv64 set size:57051 disposed:false
2089 silly fetch manifest @img/sharp-libvips-linuxmusl-arm64@1.3.4
2090 silly packumentCache full:https://registry.npmjs.org/@img%2fsharp-libvips-linuxmusl-arm64 cache-miss
2091 http cache https://registry.npmjs.org/@img%2fsharp-freebsd-wasm32 681ms (cache hit)
2092 silly packumentCache full:https://registry.npmjs.org/@img%2fsharp-freebsd-wasm32 set size:54185 disposed:false
2093 silly fetch manifest client-only@0.0.1
2094 silly packumentCache full:https://registry.npmjs.org/client-only cache-miss
2095 http cache https://registry.npmjs.org/@img%2fsharp-libvips-linux-x64 599ms (cache hit)
2096 silly packumentCache full:https://registry.npmjs.org/@img%2fsharp-libvips-linux-x64 set size:97791 disposed:false
2097 http cache https://registry.npmjs.org/@img%2fsharp-libvips-darwin-x64 629ms (cache hit)
2098 silly packumentCache full:https://registry.npmjs.org/@img%2fsharp-libvips-darwin-x64 set size:94351 disposed:false
2099 http cache https://registry.npmjs.org/@img%2fsharp-libvips-linux-arm64 557ms (cache hit)
2100 silly packumentCache full:https://registry.npmjs.org/@img%2fsharp-libvips-linux-arm64 set size:99131 disposed:false
2101 http cache https://registry.npmjs.org/@img%2fsharp-libvips-linux-ppc64 574ms (cache hit)
2102 silly packumentCache full:https://registry.npmjs.org/@img%2fsharp-libvips-linux-ppc64 set size:84165 disposed:false
2103 http cache https://registry.npmjs.org/@img%2fsharp-libvips-linux-s390x 548ms (cache hit)
2104 silly packumentCache full:https://registry.npmjs.org/@img%2fsharp-libvips-linux-s390x set size:93119 disposed:false
2105 http cache https://registry.npmjs.org/@img%2fsharp-libvips-darwin-arm64 458ms (cache hit)
2106 silly packumentCache full:https://registry.npmjs.org/@img%2fsharp-libvips-darwin-arm64 set size:95366 disposed:false
2107 http cache https://registry.npmjs.org/@img%2fsharp-libvips-linux-riscv64 477ms (cache hit)
2108 silly packumentCache full:https://registry.npmjs.org/@img%2fsharp-libvips-linux-riscv64 set size:70477 disposed:false
2109 http cache https://registry.npmjs.org/@img%2fsharp-webcontainers-wasm32 506ms (cache hit)
2110 silly packumentCache full:https://registry.npmjs.org/@img%2fsharp-webcontainers-wasm32 set size:53436 disposed:false
2111 http cache https://registry.npmjs.org/@img%2fsharp-libvips-linuxmusl-x64 469ms (cache hit)
2112 silly packumentCache full:https://registry.npmjs.org/@img%2fsharp-libvips-linuxmusl-x64 set size:95242 disposed:false
2113 http cache https://registry.npmjs.org/client-only 404ms (cache hit)
2114 silly packumentCache full:https://registry.npmjs.org/client-only set size:2750 disposed:false
2115 http cache https://registry.npmjs.org/@img%2fsharp-libvips-linuxmusl-arm64 436ms (cache hit)
2116 silly packumentCache full:https://registry.npmjs.org/@img%2fsharp-libvips-linuxmusl-arm64 set size:98430 disposed:false
2117 silly placeDep ROOT deep-is@0.1.4 OK for: optionator@0.9.4 want: ^0.1.3
2118 silly placeDep ROOT fast-levenshtein@2.0.6 OK for: optionator@0.9.4 want: ^2.0.6
2119 silly placeDep ROOT word-wrap@1.2.5 OK for: optionator@0.9.4 want: ^1.2.5
2120 silly placeDep ROOT p-limit@3.1.0 OK for: p-locate@5.0.0 want: ^3.0.2
2121 silly fetch manifest yocto-queue@^0.1.0
2122 silly packumentCache full:https://registry.npmjs.org/yocto-queue cache-miss
2123 http cache https://registry.npmjs.org/yocto-queue 230ms (cache hit)
2124 silly packumentCache full:https://registry.npmjs.org/yocto-queue set size:20256 disposed:false
2125 silly placeDep ROOT yocto-queue@0.1.0 OK for: p-limit@3.1.0 want: ^0.1.0
2126 silly placeDep ROOT callsites@3.1.0 OK for: parent-module@1.0.1 want: ^3.0.0
2127 silly placeDep node_modules/postcss nanoid@3.3.19 OK for: postcss@8.5.28 want: ^3.3.18
2128 silly placeDep ROOT source-map-js@1.2.1 OK for: postcss@8.5.28 want: ^1.2.1
2129 silly placeDep ROOT loose-envify@1.4.0 OK for: prop-types@15.8.1 want: ^1.4.0
2130 silly placeDep ROOT object-assign@4.1.1 OK for: prop-types@15.8.1 want: ^4.1.1
2131 silly placeDep ROOT react-is@16.13.1 OK for: prop-types@15.8.1 want: ^16.13.1
2132 silly fetch manifest js-tokens@^3.0.0 || ^4.0.0
2133 silly packumentCache full:https://registry.npmjs.org/js-tokens cache-miss
2134 http cache https://registry.npmjs.org/js-tokens 134ms (cache hit)
2135 silly packumentCache full:https://registry.npmjs.org/js-tokens set size:41947 disposed:false
2136 silly placeDep ROOT js-tokens@4.0.0 OK for: loose-envify@1.4.0 want: ^3.0.0 || ^4.0.0
2137 silly placeDep ROOT dijkstrajs@1.0.3 OK for: qrcode@1.5.4 want: ^1.0.1
2138 silly placeDep ROOT pngjs@5.0.0 OK for: qrcode@1.5.4 want: ^5.0.0
2139 silly placeDep ROOT yargs@15.4.1 OK for: qrcode@1.5.4 want: ^15.3.1
2140 silly fetch manifest y18n@^4.0.0
2141 silly packumentCache full:https://registry.npmjs.org/y18n cache-miss
2142 silly fetch manifest cliui@^6.0.0
2143 silly packumentCache full:https://registry.npmjs.org/cliui cache-miss
2144 silly fetch manifest find-up@^4.1.0
2145 silly packumentCache full:https://registry.npmjs.org/find-up cache-hit
2146 silly fetch manifest decamelize@^1.2.0
2147 silly packumentCache full:https://registry.npmjs.org/decamelize cache-miss
2148 silly fetch manifest set-blocking@^2.0.0
2149 silly packumentCache full:https://registry.npmjs.org/set-blocking cache-miss
2150 silly fetch manifest string-width@^4.2.0
2151 silly packumentCache full:https://registry.npmjs.org/string-width cache-miss
2152 silly fetch manifest which-module@^2.0.0
2153 silly packumentCache full:https://registry.npmjs.org/which-module cache-miss
2154 silly fetch manifest yargs-parser@^18.1.2
2155 silly packumentCache full:https://registry.npmjs.org/yargs-parser cache-miss
2156 silly fetch manifest get-caller-file@^2.0.1
2157 silly packumentCache full:https://registry.npmjs.org/get-caller-file cache-miss
2158 silly fetch manifest require-directory@^2.1.1
2159 silly packumentCache full:https://registry.npmjs.org/require-directory cache-miss
2160 silly fetch manifest require-main-filename@^2.0.0
2161 silly packumentCache full:https://registry.npmjs.org/require-main-filename cache-miss
2162 http cache https://registry.npmjs.org/cliui 116ms (cache hit)
2163 silly packumentCache full:https://registry.npmjs.org/cliui set size:69089 disposed:false
2164 http cache https://registry.npmjs.org/y18n 141ms (cache hit)
2165 silly packumentCache full:https://registry.npmjs.org/y18n set size:76206 disposed:false
2166 http cache https://registry.npmjs.org/set-blocking 151ms (cache hit)
2167 silly packumentCache full:https://registry.npmjs.org/set-blocking set size:5763 disposed:false
2168 http cache https://registry.npmjs.org/decamelize 166ms (cache hit)
2169 silly packumentCache full:https://registry.npmjs.org/decamelize set size:34500 disposed:false
2170 http cache https://registry.npmjs.org/string-width 206ms (cache hit)
2171 silly packumentCache full:https://registry.npmjs.org/string-width set size:74702 disposed:false
2172 http cache https://registry.npmjs.org/yargs-parser 210ms (cache hit)
2173 silly packumentCache full:https://registry.npmjs.org/yargs-parser set size:238681 disposed:false
2174 http cache https://registry.npmjs.org/require-main-filename 281ms (cache hit)
2175 silly packumentCache full:https://registry.npmjs.org/require-main-filename set size:7471 disposed:false
2176 http cache https://registry.npmjs.org/get-caller-file 286ms (cache hit)
2177 silly packumentCache full:https://registry.npmjs.org/get-caller-file set size:26456 disposed:false
2178 http cache https://registry.npmjs.org/which-module 307ms (cache hit)
2179 silly packumentCache full:https://registry.npmjs.org/which-module set size:13898 disposed:false
2180 http cache https://registry.npmjs.org/require-directory 364ms (cache hit)
2181 silly packumentCache full:https://registry.npmjs.org/require-directory set size:26866 disposed:false
2182 silly placeDep ROOT scheduler@0.28.0 OK for: react-dom@19.3.0 want: ^0.28.0
2183 silly fetch manifest react@^16.0.0 || ^17.0.0 || ^18.0.0 || ^19.0.0
2184 silly packumentCache full:https://registry.npmjs.org/react cache-miss
2185 http cache https://registry.npmjs.org/react 345ms (cache hit)
2186 silly packumentCache full:https://registry.npmjs.org/react set size:7011585 disposed:false
2187 silly fetch manifest react-dom@^16.0.0 || ^17.0.0 || ^18.0.0 || ^19.0.0
2188 silly packumentCache full:https://registry.npmjs.org/react-dom cache-miss
2189 http cache https://registry.npmjs.org/react-dom 277ms (cache hit)
2190 silly packumentCache full:https://registry.npmjs.org/react-dom set size:9447690 disposed:false
2191 silly placeDep ROOT clsx@2.1.1 OK for: recharts@2.15.4 want: ^2.0.0
2192 silly placeDep ROOT eventemitter3@4.0.7 OK for: recharts@2.15.4 want: ^4.0.1
2193 silly placeDep ROOT lodash@4.18.1 OK for: recharts@2.15.4 want: ^4.17.21
2194 silly placeDep node_modules/recharts react-is@18.3.1 OK for: recharts@2.15.4 want: ^18.3.1
2195 silly placeDep ROOT react-smooth@4.0.4 OK for: recharts@2.15.4 want: ^4.0.4
2196 silly placeDep ROOT recharts-scale@0.4.5 OK for: recharts@2.15.4 want: ^0.4.4
2197 silly placeDep ROOT tiny-invariant@1.3.3 OK for: recharts@2.15.4 want: ^1.3.1
2198 silly placeDep ROOT victory-vendor@36.9.2 OK for: recharts@2.15.4 want: ^36.6.8
2199 silly fetch manifest fast-equals@^5.0.1
2200 silly packumentCache full:https://registry.npmjs.org/fast-equals cache-miss
2201 silly fetch manifest react-transition-group@^4.4.5
2202 silly packumentCache full:https://registry.npmjs.org/react-transition-group cache-miss
2203 silly fetch manifest decimal.js-light@^2.4.1
2204 silly packumentCache full:https://registry.npmjs.org/decimal.js-light cache-miss
2205 silly fetch manifest d3-ease@^3.0.1
2206 silly packumentCache full:https://registry.npmjs.org/d3-ease cache-miss
2207 silly fetch manifest d3-time@^3.0.0
2208 silly packumentCache full:https://registry.npmjs.org/d3-time cache-miss
2209 silly fetch manifest d3-array@^3.1.6
2210 silly packumentCache full:https://registry.npmjs.org/d3-array cache-miss
2211 silly fetch manifest d3-scale@^4.0.2
2212 silly packumentCache full:https://registry.npmjs.org/d3-scale cache-miss
2213 silly fetch manifest d3-shape@^3.1.0
2214 silly packumentCache full:https://registry.npmjs.org/d3-shape cache-miss
2215 silly fetch manifest d3-timer@^3.0.1
2216 silly packumentCache full:https://registry.npmjs.org/d3-timer cache-miss
2217 silly fetch manifest @types/d3-ease@^3.0.0
2218 silly packumentCache full:https://registry.npmjs.org/@types%2fd3-ease cache-miss
2219 silly fetch manifest @types/d3-time@^3.0.0
2220 silly packumentCache full:https://registry.npmjs.org/@types%2fd3-time cache-miss
2221 http cache https://registry.npmjs.org/decimal.js-light 419ms (cache hit)
2222 silly packumentCache full:https://registry.npmjs.org/decimal.js-light set size:38254 disposed:false
2223 silly fetch manifest d3-interpolate@^3.0.1
2224 silly packumentCache full:https://registry.npmjs.org/d3-interpolate cache-miss
2225 http cache https://registry.npmjs.org/fast-equals 434ms (cache hit)
2226 silly packumentCache full:https://registry.npmjs.org/fast-equals set size:343989 disposed:false
2227 silly fetch manifest @types/d3-array@^3.0.3
2228 silly packumentCache full:https://registry.npmjs.org/@types%2fd3-array cache-miss
2229 http cache https://registry.npmjs.org/d3-scale 482ms (cache hit)
2230 silly packumentCache full:https://registry.npmjs.org/d3-scale set size:514172 disposed:false
2231 silly fetch manifest @types/d3-scale@^4.0.2
2232 silly packumentCache full:https://registry.npmjs.org/@types%2fd3-scale cache-miss
2233 http cache https://registry.npmjs.org/d3-shape 498ms (cache hit)
2234 silly packumentCache full:https://registry.npmjs.org/d3-shape set size:275657 disposed:false
2235 silly fetch manifest @types/d3-shape@^3.1.0
2236 silly packumentCache full:https://registry.npmjs.org/@types%2fd3-shape cache-miss
2237 http cache https://registry.npmjs.org/react-transition-group 515ms (cache hit)
2238 silly packumentCache full:https://registry.npmjs.org/react-transition-group set size:110654 disposed:false
2239 silly fetch manifest @types/d3-timer@^3.0.0
2240 silly packumentCache full:https://registry.npmjs.org/@types%2fd3-timer cache-miss
2241 http cache https://registry.npmjs.org/d3-array 516ms (cache hit)
2242 silly packumentCache full:https://registry.npmjs.org/d3-array set size:246308 disposed:false
2243 silly fetch manifest @types/d3-interpolate@^3.0.1
2244 silly packumentCache full:https://registry.npmjs.org/@types%2fd3-interpolate cache-miss
2245 http cache https://registry.npmjs.org/@types%2fd3-ease 519ms (cache hit)
2246 silly packumentCache full:https://registry.npmjs.org/@types%2fd3-ease set size:41281 disposed:false
2247 http cache https://registry.npmjs.org/d3-ease 530ms (cache hit)
2248 silly packumentCache full:https://registry.npmjs.org/d3-ease set size:109490 disposed:false
2249 http cache https://registry.npmjs.org/d3-time 535ms (cache hit)
2250 silly packumentCache full:https://registry.npmjs.org/d3-time set size:150406 disposed:false
2251 http cache https://registry.npmjs.org/@types%2fd3-time 549ms (cache hit)
2252 silly packumentCache full:https://registry.npmjs.org/@types%2fd3-time set size:52652 disposed:false
2253 http cache https://registry.npmjs.org/d3-timer 584ms (cache hit)
2254 silly packumentCache full:https://registry.npmjs.org/d3-timer set size:101516 disposed:false
2255 http cache https://registry.npmjs.org/d3-interpolate 543ms (cache hit)
2256 silly packumentCache full:https://registry.npmjs.org/d3-interpolate set size:162337 disposed:false
2257 http cache https://registry.npmjs.org/@types%2fd3-shape 470ms (cache hit)
2258 silly packumentCache full:https://registry.npmjs.org/@types%2fd3-shape set size:118722 disposed:false
2259 http cache https://registry.npmjs.org/@types%2fd3-timer 480ms (cache hit)
2260 silly packumentCache full:https://registry.npmjs.org/@types%2fd3-timer set size:38776 disposed:false
2261 http cache https://registry.npmjs.org/@types%2fd3-scale 502ms (cache hit)
2262 silly packumentCache full:https://registry.npmjs.org/@types%2fd3-scale set size:131176 disposed:false
2263 http cache https://registry.npmjs.org/@types%2fd3-array 524ms (cache hit)
2264 silly packumentCache full:https://registry.npmjs.org/@types%2fd3-array set size:130543 disposed:false
2265 http cache https://registry.npmjs.org/@types%2fd3-interpolate 485ms (cache hit)
2266 silly packumentCache full:https://registry.npmjs.org/@types%2fd3-interpolate set size:56692 disposed:false
2267 silly fetch manifest react@^16.8.0 || ^17.0.0 || ^18.0.0 || ^19.0.0
2268 silly packumentCache full:https://registry.npmjs.org/react cache-miss
2269 http cache https://registry.npmjs.org/react 332ms (cache hit)
2270 silly packumentCache full:https://registry.npmjs.org/react set size:7011585 disposed:false
2271 silly fetch manifest react-dom@^16.8.0 || ^17.0.0 || ^18.0.0 || ^19.0.0
2272 silly packumentCache full:https://registry.npmjs.org/react-dom cache-miss
2273 http cache https://registry.npmjs.org/react-dom 202ms (cache hit)
2274 silly packumentCache full:https://registry.npmjs.org/react-dom set size:9447690 disposed:false
2275 silly placeDep ROOT fast-equals@5.4.3 OK for: react-smooth@4.0.4 want: ^5.0.1
2276 silly placeDep ROOT react-transition-group@4.4.5 OK for: react-smooth@4.0.4 want: ^4.4.5
2277 silly fetch manifest @babel/runtime@^7.5.5
2278 silly packumentCache full:https://registry.npmjs.org/@babel%2fruntime cache-miss
2279 silly fetch manifest dom-helpers@^5.0.1
2280 silly packumentCache full:https://registry.npmjs.org/dom-helpers cache-miss
2281 http cache https://registry.npmjs.org/dom-helpers 105ms (cache hit)
2282 silly packumentCache full:https://registry.npmjs.org/dom-helpers set size:76331 disposed:false
2283 http cache https://registry.npmjs.org/@babel%2fruntime 146ms (cache hit)
2284 silly packumentCache full:https://registry.npmjs.org/@babel%2fruntime set size:3488363 disposed:false
2285 silly placeDep ROOT @babel/runtime@7.29.7 OK for: react-transition-group@4.4.5 want: ^7.5.5
2286 silly placeDep ROOT dom-helpers@5.2.1 OK for: react-transition-group@4.4.5 want: ^5.0.1
2287 silly placeDep ROOT decimal.js-light@2.5.1 OK for: recharts-scale@0.4.5 want: ^2.4.1
2288 silly placeDep ROOT node-exports-info@1.6.2 OK for: resolve@2.0.0-next.7 want: ^1.6.0
2289 silly placeDep ROOT path-parse@1.0.7 OK for: resolve@2.0.0-next.7 want: ^1.0.7
2290 silly placeDep ROOT supports-preserve-symlinks-flag@1.0.0 OK for: resolve@2.0.0-next.7 want: ^1.0.0
2291 silly placeDep node_modules/node-exports-info semver@6.3.1 OK for: node-exports-info@1.6.2 want: ^6.3.1
2292 silly placeDep ROOT glob@7.2.3 OK for: rimraf@3.0.2 want: ^7.1.3
2293 silly fetch manifest once@^1.3.0
2294 silly packumentCache full:https://registry.npmjs.org/once cache-miss
2295 silly fetch manifest inflight@^1.0.4
2296 silly packumentCache full:https://registry.npmjs.org/inflight cache-miss
2297 silly fetch manifest inherits@2
2298 silly packumentCache full:https://registry.npmjs.org/inherits cache-miss
2299 silly fetch manifest fs.realpath@^1.0.0
2300 silly packumentCache full:https://registry.npmjs.org/fs.realpath cache-miss
2301 silly fetch manifest path-is-absolute@^1.0.0
2302 silly packumentCache full:https://registry.npmjs.org/path-is-absolute cache-miss
2303 http cache https://registry.npmjs.org/once 148ms (cache hit)
2304 silly packumentCache full:https://registry.npmjs.org/once set size:11752 disposed:false
2305 http cache https://registry.npmjs.org/inflight 146ms (cache hit)
2306 silly packumentCache full:https://registry.npmjs.org/inflight set size:13140 disposed:false
2307 http cache https://registry.npmjs.org/inherits 157ms (cache hit)
2308 silly packumentCache full:https://registry.npmjs.org/inherits set size:12925 disposed:false
2309 http cache https://registry.npmjs.org/fs.realpath 163ms (cache hit)
2310 silly packumentCache full:https://registry.npmjs.org/fs.realpath set size:4806 disposed:false
2311 http cache https://registry.npmjs.org/path-is-absolute 178ms (cache hit)
2312 silly packumentCache full:https://registry.npmjs.org/path-is-absolute set size:8253 disposed:false
2313 silly placeDep ROOT fs.realpath@1.0.0 OK for: glob@7.2.3 want: ^1.0.0
2314 silly placeDep ROOT inflight@1.0.6 OK for: glob@7.2.3 want: ^1.0.4
2315 silly placeDep ROOT inherits@2.0.4 OK for: glob@7.2.3 want: 2
2316 silly placeDep ROOT once@1.4.0 OK for: glob@7.2.3 want: ^1.3.0
2317 silly placeDep ROOT path-is-absolute@1.0.1 OK for: glob@7.2.3 want: ^1.0.0
2318 silly fetch manifest wrappy@1
2319 silly packumentCache full:https://registry.npmjs.org/wrappy cache-miss
2320 silly fetch manifest wrappy@1
2321 silly packumentCache full:https://registry.npmjs.org/wrappy cache-miss
2322 http cache https://registry.npmjs.org/wrappy 66ms (cache hit)
2323 silly packumentCache full:https://registry.npmjs.org/wrappy set size:7682 disposed:false
2324 http cache https://registry.npmjs.org/wrappy 72ms (cache hit)
2325 silly packumentCache full:https://registry.npmjs.org/wrappy set size:7682 disposed:false
2326 silly packumentCache full:https://registry.npmjs.org/wrappy dispose
2327 silly placeDep ROOT wrappy@1.0.2 OK for: inflight@1.0.6 want: 1
2328 silly placeDep ROOT queue-microtask@1.2.3 OK for: run-parallel@1.2.0 want: ^1.2.2
2329 silly placeDep ROOT isarray@2.0.5 OK for: safe-array-concat@1.1.4 want: ^2.0.5
2330 silly placeDep ROOT @img/colour@1.1.0 OK for: sharp@0.35.5 want: ^1.1.0
2331 silly placeDep ROOT @img/sharp-darwin-arm64@0.35.5 OK for: sharp@0.35.5 want: 0.35.5
2332 silly placeDep ROOT @img/sharp-darwin-x64@0.35.5 OK for: sharp@0.35.5 want: 0.35.5
2333 silly placeDep ROOT @img/sharp-freebsd-wasm32@0.35.5 OK for: sharp@0.35.5 want: 0.35.5
2334 silly placeDep ROOT @img/sharp-libvips-darwin-arm64@1.3.4 OK for: sharp@0.35.5 want: 1.3.4
2335 silly placeDep ROOT @img/sharp-libvips-darwin-x64@1.3.4 OK for: sharp@0.35.5 want: 1.3.4
2336 silly placeDep ROOT @img/sharp-libvips-linux-arm@1.3.4 OK for: sharp@0.35.5 want: 1.3.4
2337 silly placeDep ROOT @img/sharp-libvips-linux-arm64@1.3.4 OK for: sharp@0.35.5 want: 1.3.4
2338 silly placeDep ROOT @img/sharp-libvips-linux-ppc64@1.3.4 OK for: sharp@0.35.5 want: 1.3.4
2339 silly placeDep ROOT @img/sharp-libvips-linux-riscv64@1.3.4 OK for: sharp@0.35.5 want: 1.3.4
2340 silly placeDep ROOT @img/sharp-libvips-linux-s390x@1.3.4 OK for: sharp@0.35.5 want: 1.3.4
2341 silly placeDep ROOT @img/sharp-libvips-linux-x64@1.3.4 OK for: sharp@0.35.5 want: 1.3.4
2342 silly placeDep ROOT @img/sharp-libvips-linuxmusl-arm64@1.3.4 OK for: sharp@0.35.5 want: 1.3.4
2343 silly placeDep ROOT @img/sharp-libvips-linuxmusl-x64@1.3.4 OK for: sharp@0.35.5 want: 1.3.4
2344 silly placeDep ROOT @img/sharp-linux-arm@0.35.5 OK for: sharp@0.35.5 want: 0.35.5
2345 silly placeDep ROOT @img/sharp-linux-arm64@0.35.5 OK for: sharp@0.35.5 want: 0.35.5
2346 silly placeDep ROOT @img/sharp-linux-ppc64@0.35.5 OK for: sharp@0.35.5 want: 0.35.5
2347 silly placeDep ROOT @img/sharp-linux-riscv64@0.35.5 OK for: sharp@0.35.5 want: 0.35.5
2348 silly placeDep ROOT @img/sharp-linux-s390x@0.35.5 OK for: sharp@0.35.5 want: 0.35.5
2349 silly placeDep ROOT @img/sharp-linux-x64@0.35.5 OK for: sharp@0.35.5 want: 0.35.5
2350 silly placeDep ROOT @img/sharp-linuxmusl-arm64@0.35.5 OK for: sharp@0.35.5 want: 0.35.5
2351 silly placeDep ROOT @img/sharp-linuxmusl-x64@0.35.5 OK for: sharp@0.35.5 want: 0.35.5
2352 silly placeDep ROOT @img/sharp-webcontainers-wasm32@0.35.5 OK for: sharp@0.35.5 want: 0.35.5
2353 silly placeDep ROOT @img/sharp-win32-arm64@0.35.5 OK for: sharp@0.35.5 want: 0.35.5
2354 silly placeDep ROOT @img/sharp-win32-ia32@0.35.5 OK for: sharp@0.35.5 want: 0.35.5
2355 silly placeDep ROOT @img/sharp-win32-x64@0.35.5 OK for: sharp@0.35.5 want: 0.35.5
2356 silly placeDep ROOT detect-libc@2.1.2 OK for: sharp@0.35.5 want: ^2.1.2
2357 silly fetch manifest @img/sharp-wasm32@0.35.5
2358 silly packumentCache full:https://registry.npmjs.org/@img%2fsharp-wasm32 cache-miss
2359 silly fetch manifest @img/sharp-wasm32@0.35.5
2360 silly packumentCache full:https://registry.npmjs.org/@img%2fsharp-wasm32 cache-miss
2361 http cache https://registry.npmjs.org/@img%2fsharp-wasm32 37ms (cache hit)
2362 silly packumentCache full:https://registry.npmjs.org/@img%2fsharp-wasm32 set size:110142 disposed:false
2363 http cache https://registry.npmjs.org/@img%2fsharp-wasm32 51ms (cache hit)
2364 silly packumentCache full:https://registry.npmjs.org/@img%2fsharp-wasm32 set size:110142 disposed:false
2365 silly packumentCache full:https://registry.npmjs.org/@img%2fsharp-wasm32 dispose
2366 silly placeDep ROOT @img/sharp-wasm32@0.35.5 OK for: @img/sharp-freebsd-wasm32@0.35.5 want: 0.35.5
2367 silly fetch manifest @emnapi/runtime@^1.11.3
2368 silly packumentCache full:https://registry.npmjs.org/@emnapi%2fruntime cache-miss
2369 http cache https://registry.npmjs.org/@emnapi%2fruntime 60ms (cache hit)
2370 silly packumentCache full:https://registry.npmjs.org/@emnapi%2fruntime set size:127256 disposed:false
2371 silly placeDep ROOT @emnapi/runtime@1.11.3 OK for: @img/sharp-wasm32@0.35.5 want: ^1.11.3
2372 silly placeDep ROOT shebang-regex@3.0.0 OK for: shebang-command@2.0.0 want: ^3.0.0
2373 silly placeDep ROOT side-channel-list@1.0.1 OK for: side-channel@1.1.1 want: ^1.0.1
2374 silly placeDep ROOT side-channel-map@1.0.1 OK for: side-channel@1.1.1 want: ^1.0.1
2375 silly placeDep ROOT side-channel-weakmap@1.0.2 OK for: side-channel@1.1.1 want: ^1.0.2
2376 silly placeDep ROOT ansi-regex@5.0.1 OK for: strip-ansi@6.0.1 want: ^5.0.1
2377 silly placeDep ROOT client-only@0.0.1 OK for: styled-jsx@5.1.6 want: 0.0.1
2378 silly placeDep ROOT has-flag@4.0.0 OK for: supports-color@7.2.0 want: ^4.0.0
2379 silly fetch manifest postcss@^8.4.47
2380 silly packumentCache full:https://registry.npmjs.org/postcss cache-hit
2381 silly fetch manifest tsx@^4.8.1
2382 silly packumentCache full:https://registry.npmjs.org/tsx cache-miss
2383 http cache https://registry.npmjs.org/tsx 25ms (cache hit)
2384 silly packumentCache full:https://registry.npmjs.org/tsx set size:349770 disposed:false
2385 silly fetch manifest yaml@^2.4.2
2386 silly packumentCache full:https://registry.npmjs.org/yaml cache-miss
2387 http cache https://registry.npmjs.org/yaml 34ms (cache hit)
2388 silly packumentCache full:https://registry.npmjs.org/yaml set size:386415 disposed:false
2389 silly placeDep ROOT @alloc/quick-lru@5.3.0 OK for: tailwindcss@3.4.19 want: ^5.2.0
2390 silly placeDep ROOT arg@5.0.2 OK for: tailwindcss@3.4.19 want: ^5.0.2
2391 silly placeDep ROOT chokidar@3.6.0 OK for: tailwindcss@3.4.19 want: ^3.6.0
2392 silly placeDep ROOT didyoumean@1.2.2 OK for: tailwindcss@3.4.19 want: ^1.2.2
2393 silly placeDep ROOT dlv@1.1.3 OK for: tailwindcss@3.4.19 want: ^1.1.3
2394 silly placeDep node_modules/tailwindcss fast-glob@3.3.3 OK for: tailwindcss@3.4.19 want: ^3.3.2
2395 silly placeDep ROOT jiti@1.21.7 OK for: tailwindcss@3.4.19 want: ^1.21.7
2396 silly placeDep ROOT lilconfig@3.1.3 OK for: tailwindcss@3.4.19 want: ^3.1.3
2397 silly placeDep ROOT normalize-path@3.0.0 OK for: tailwindcss@3.4.19 want: ^3.0.0
2398 silly placeDep ROOT object-hash@3.0.0 OK for: tailwindcss@3.4.19 want: ^3.0.0
2399 silly placeDep ROOT postcss-import@15.1.0 OK for: tailwindcss@3.4.19 want: ^15.1.0
2400 silly placeDep ROOT postcss-js@4.1.0 OK for: tailwindcss@3.4.19 want: ^4.0.1
2401 silly placeDep ROOT postcss-load-config@6.0.1 OK for: tailwindcss@3.4.19 want: ^4.0.2 || ^5.0 || ^6.0
2402 silly placeDep ROOT postcss-nested@6.2.0 OK for: tailwindcss@3.4.19 want: ^6.2.0
2403 silly placeDep ROOT postcss-selector-parser@6.1.4 OK for: tailwindcss@3.4.19 want: ^6.1.2
2404 silly placeDep node_modules/tailwindcss resolve@1.22.12 OK for: tailwindcss@3.4.19 want: ^1.22.8
2405 silly placeDep ROOT sucrase@3.35.1 OK for: tailwindcss@3.4.19 want: ^3.35.0
2406 silly fetch manifest anymatch@~3.1.2
2407 silly packumentCache full:https://registry.npmjs.org/anymatch cache-miss
2408 silly fetch manifest readdirp@~3.6.0
2409 silly packumentCache full:https://registry.npmjs.org/readdirp cache-miss
2410 silly fetch manifest glob-parent@~5.1.2
2411 silly packumentCache full:https://registry.npmjs.org/glob-parent cache-hit
2412 silly fetch manifest is-binary-path@~2.1.0
2413 silly packumentCache full:https://registry.npmjs.org/is-binary-path cache-miss
2414 silly fetch manifest normalize-path@~3.0.0
2415 silly packumentCache full:https://registry.npmjs.org/normalize-path cache-hit
2416 silly fetch manifest fsevents@~2.3.2
2417 silly packumentCache full:https://registry.npmjs.org/fsevents cache-miss
2418 silly fetch manifest resolve@^1.1.7
2419 silly packumentCache full:https://registry.npmjs.org/resolve cache-hit
2420 silly fetch manifest read-cache@^1.0.0
2421 silly packumentCache full:https://registry.npmjs.org/read-cache cache-miss
2422 silly fetch manifest camelcase-css@^2.0.1
2423 silly packumentCache full:https://registry.npmjs.org/camelcase-css cache-miss
2424 silly fetch manifest postcss-selector-parser@^6.1.1
2425 silly packumentCache full:https://registry.npmjs.org/postcss-selector-parser cache-hit
2426 silly fetch manifest cssesc@^3.0.0
2427 silly packumentCache full:https://registry.npmjs.org/cssesc cache-miss
2428 silly fetch manifest util-deprecate@^1.0.2
2429 silly packumentCache full:https://registry.npmjs.org/util-deprecate cache-miss
2430 silly fetch manifest @jridgewell/gen-mapping@^0.3.2
2431 silly packumentCache full:https://registry.npmjs.org/@jridgewell%2fgen-mapping cache-miss
2432 silly fetch manifest commander@^4.0.0
2433 silly packumentCache full:https://registry.npmjs.org/commander cache-miss
2434 silly fetch manifest lines-and-columns@^1.1.6
2435 silly packumentCache full:https://registry.npmjs.org/lines-and-columns cache-miss
2436 http cache https://registry.npmjs.org/anymatch 109ms (cache hit)
2437 silly packumentCache full:https://registry.npmjs.org/anymatch set size:42974 disposed:false
2438 silly fetch manifest mz@^2.7.0
2439 silly packumentCache full:https://registry.npmjs.org/mz cache-miss
2440 http cache https://registry.npmjs.org/camelcase-css 112ms (cache hit)
2441 silly packumentCache full:https://registry.npmjs.org/camelcase-css set size:9392 disposed:false
2442 silly fetch manifest pirates@^4.0.1
2443 silly packumentCache full:https://registry.npmjs.org/pirates cache-miss
2444 http cache https://registry.npmjs.org/readdirp 124ms (cache hit)
2445 silly packumentCache full:https://registry.npmjs.org/readdirp set size:110119 disposed:false
2446 silly fetch manifest ts-interface-checker@^0.1.9
2447 silly packumentCache full:https://registry.npmjs.org/ts-interface-checker cache-miss
2448 http cache https://registry.npmjs.org/fsevents 128ms (cache hit)
2449 silly packumentCache full:https://registry.npmjs.org/fsevents set size:182472 disposed:false
2450 http cache https://registry.npmjs.org/cssesc 124ms (cache hit)
2451 silly packumentCache full:https://registry.npmjs.org/cssesc set size:18815 disposed:false
2452 http cache https://registry.npmjs.org/util-deprecate 126ms (cache hit)
2453 silly packumentCache full:https://registry.npmjs.org/util-deprecate set size:6674 disposed:false
2454 http cache https://registry.npmjs.org/read-cache 142ms (cache hit)
2455 silly packumentCache full:https://registry.npmjs.org/read-cache set size:6739 disposed:false
2456 http cache https://registry.npmjs.org/commander 130ms (cache hit)
2457 silly packumentCache full:https://registry.npmjs.org/commander set size:353104 disposed:false
2458 http cache https://registry.npmjs.org/is-binary-path 161ms (cache hit)
2459 silly packumentCache full:https://registry.npmjs.org/is-binary-path set size:13475 disposed:false
2460 http cache https://registry.npmjs.org/@jridgewell%2fgen-mapping 148ms (cache hit)
2461 silly packumentCache full:https://registry.npmjs.org/@jridgewell%2fgen-mapping set size:75941 disposed:false
2462 http cache https://registry.npmjs.org/lines-and-columns 148ms (cache hit)
2463 silly packumentCache full:https://registry.npmjs.org/lines-and-columns set size:73796 disposed:false
2464 http cache https://registry.npmjs.org/pirates 194ms (cache hit)
2465 silly packumentCache full:https://registry.npmjs.org/pirates set size:51327 disposed:false
2466 http cache https://registry.npmjs.org/mz 226ms (cache hit)
2467 silly packumentCache full:https://registry.npmjs.org/mz set size:42731 disposed:false
2468 http cache https://registry.npmjs.org/ts-interface-checker 216ms (cache hit)
2469 silly packumentCache full:https://registry.npmjs.org/ts-interface-checker set size:58946 disposed:false
2470 silly placeDep ROOT anymatch@3.1.3 OK for: chokidar@3.6.0 want: ~3.1.2
2471 silly placeDep ROOT fsevents@2.3.3 OK for: chokidar@3.6.0 want: ~2.3.2
2472 silly placeDep node_modules/chokidar glob-parent@5.1.2 OK for: chokidar@3.6.0 want: ~5.1.2
2473 silly placeDep ROOT is-binary-path@2.1.0 OK for: chokidar@3.6.0 want: ~2.1.0
2474 silly placeDep ROOT readdirp@3.6.0 OK for: chokidar@3.6.0 want: ~3.6.0
2475 silly fetch manifest binary-extensions@^2.0.0
2476 silly packumentCache full:https://registry.npmjs.org/binary-extensions cache-miss
2477 http cache https://registry.npmjs.org/binary-extensions 49ms (cache hit)
2478 silly packumentCache full:https://registry.npmjs.org/binary-extensions set size:53598 disposed:false
2479 silly placeDep ROOT binary-extensions@2.3.0 OK for: is-binary-path@2.1.0 want: ^2.0.0
2480 silly placeDep ROOT read-cache@1.0.2 OK for: postcss-import@15.1.0 want: ^1.0.0
2481 silly placeDep node_modules/postcss-import resolve@1.22.12 OK for: postcss-import@15.1.0 want: ^1.1.7
2482 silly placeDep ROOT camelcase-css@2.0.1 OK for: postcss-js@4.1.0 want: ^2.0.1
2483 silly placeDep ROOT cssesc@3.0.0 OK for: postcss-selector-parser@6.1.4 want: ^3.0.0
2484 silly placeDep ROOT util-deprecate@1.0.2 OK for: postcss-selector-parser@6.1.4 want: ^1.0.2
2485 silly placeDep ROOT @jridgewell/gen-mapping@0.3.13 OK for: sucrase@3.35.1 want: ^0.3.2
2486 silly placeDep ROOT commander@4.1.1 OK for: sucrase@3.35.1 want: ^4.0.0
2487 silly placeDep ROOT lines-and-columns@1.2.4 OK for: sucrase@3.35.1 want: ^1.1.6
2488 silly placeDep ROOT mz@2.7.0 OK for: sucrase@3.35.1 want: ^2.7.0
2489 silly placeDep ROOT pirates@4.0.7 OK for: sucrase@3.35.1 want: ^4.0.1
2490 silly placeDep ROOT ts-interface-checker@0.1.13 OK for: sucrase@3.35.1 want: ^0.1.9
2491 silly fetch manifest @jridgewell/trace-mapping@^0.3.24
2492 silly packumentCache full:https://registry.npmjs.org/@jridgewell%2ftrace-mapping cache-miss
2493 silly fetch manifest @jridgewell/sourcemap-codec@^1.5.0
2494 silly packumentCache full:https://registry.npmjs.org/@jridgewell%2fsourcemap-codec cache-miss
2495 silly fetch manifest any-promise@^1.0.0
2496 silly packumentCache full:https://registry.npmjs.org/any-promise cache-miss
2497 silly fetch manifest thenify-all@^1.0.0
2498 silly packumentCache full:https://registry.npmjs.org/thenify-all cache-miss
2499 http cache https://registry.npmjs.org/any-promise 25ms (cache hit)
2500 silly packumentCache full:https://registry.npmjs.org/any-promise set size:20233 disposed:false
2501 http cache https://registry.npmjs.org/@jridgewell%2fsourcemap-codec 29ms (cache hit)
2502 silly packumentCache full:https://registry.npmjs.org/@jridgewell%2fsourcemap-codec set size:65255 disposed:false
2503 http cache https://registry.npmjs.org/@jridgewell%2ftrace-mapping 40ms (cache hit)
2504 silly packumentCache full:https://registry.npmjs.org/@jridgewell%2ftrace-mapping set size:170909 disposed:false
2505 http cache https://registry.npmjs.org/thenify-all 46ms (cache hit)
2506 silly packumentCache full:https://registry.npmjs.org/thenify-all set size:18488 disposed:false
2507 silly placeDep ROOT @jridgewell/sourcemap-codec@1.6.0 OK for: @jridgewell/gen-mapping@0.3.13 want: ^1.5.0
2508 silly placeDep ROOT @jridgewell/trace-mapping@0.3.31 OK for: @jridgewell/gen-mapping@0.3.13 want: ^0.3.24
2509 silly fetch manifest @jridgewell/resolve-uri@^3.1.0
2510 silly packumentCache full:https://registry.npmjs.org/@jridgewell%2fresolve-uri cache-miss
2511 http cache https://registry.npmjs.org/@jridgewell%2fresolve-uri 32ms (cache hit)
2512 silly packumentCache full:https://registry.npmjs.org/@jridgewell%2fresolve-uri set size:57361 disposed:false
2513 silly placeDep ROOT @jridgewell/resolve-uri@3.1.2 OK for: @jridgewell/trace-mapping@0.3.31 want: ^3.1.0
2514 silly placeDep ROOT any-promise@1.3.0 OK for: mz@2.7.0 want: ^1.0.0
2515 silly placeDep ROOT thenify-all@1.6.0 OK for: mz@2.7.0 want: ^1.0.0
2516 silly fetch manifest thenify@>= 3.1.0 < 4
2517 silly packumentCache full:https://registry.npmjs.org/thenify cache-miss
2518 http cache https://registry.npmjs.org/thenify 25ms (cache hit)
2519 silly packumentCache full:https://registry.npmjs.org/thenify set size:21379 disposed:false
2520 silly placeDep ROOT thenify@3.3.1 OK for: thenify-all@1.6.0 want: >= 3.1.0 < 4
2521 silly placeDep node_modules/tinyglobby fdir@6.5.0 OK for: tinyglobby@0.2.17 want: ^6.5.0
2522 silly placeDep node_modules/tinyglobby picomatch@4.0.7 OK for: fdir@6.5.0 want: ^3 || ^4
2523 silly placeDep ROOT is-number@7.0.0 OK for: to-regex-range@5.0.1 want: ^7.0.0
2524 silly placeDep ROOT @types/json5@0.0.29 OK for: tsconfig-paths@3.15.0 want: ^0.0.29
2525 silly placeDep ROOT json5@1.0.2 OK for: tsconfig-paths@3.15.0 want: ^1.0.2
2526 silly placeDep ROOT minimist@1.2.8 OK for: tsconfig-paths@3.15.0 want: ^1.2.6
2527 silly placeDep ROOT strip-bom@3.0.0 OK for: tsconfig-paths@3.15.0 want: ^3.0.0
2528 silly fetch manifest minimist@^1.2.0
2529 silly packumentCache full:https://registry.npmjs.org/minimist cache-hit
2530 silly placeDep ROOT for-each@0.3.5 OK for: typed-array-byte-length@1.0.3 want: ^0.3.3
2531 silly placeDep ROOT reflect.getprototypeof@1.0.10 OK for: typed-array-byte-offset@1.0.5 want: ^1.0.10
2532 silly fetch manifest which-builtin-type@^1.2.1
2533 silly packumentCache full:https://registry.npmjs.org/which-builtin-type cache-miss
2534 http cache https://registry.npmjs.org/which-builtin-type 28ms (cache hit)
2535 silly packumentCache full:https://registry.npmjs.org/which-builtin-type set size:39107 disposed:false
2536 silly placeDep ROOT which-builtin-type@1.2.1 OK for: reflect.getprototypeof@1.0.10 want: ^1.2.1
2537 silly fetch manifest is-async-function@^2.0.0
2538 silly packumentCache full:https://registry.npmjs.org/is-async-function cache-miss
2539 silly fetch manifest is-finalizationregistry@^1.1.0
2540 silly packumentCache full:https://registry.npmjs.org/is-finalizationregistry cache-miss
2541 silly fetch manifest is-generator-function@^1.0.10
2542 silly packumentCache full:https://registry.npmjs.org/is-generator-function cache-miss
2543 silly fetch manifest which-boxed-primitive@^1.1.0
2544 silly packumentCache full:https://registry.npmjs.org/which-boxed-primitive cache-hit
2545 silly fetch manifest which-collection@^1.0.2
2546 silly packumentCache full:https://registry.npmjs.org/which-collection cache-miss
2547 http cache https://registry.npmjs.org/is-generator-function 44ms (cache hit)
2548 silly packumentCache full:https://registry.npmjs.org/is-generator-function set size:44643 disposed:false
2549 http cache https://registry.npmjs.org/is-async-function 49ms (cache hit)
2550 silly packumentCache full:https://registry.npmjs.org/is-async-function set size:51614 disposed:false
2551 http cache https://registry.npmjs.org/which-collection 50ms (cache hit)
2552 silly packumentCache full:https://registry.npmjs.org/which-collection set size:13607 disposed:false
2553 http cache https://registry.npmjs.org/is-finalizationregistry 58ms (cache hit)
2554 silly packumentCache full:https://registry.npmjs.org/is-finalizationregistry set size:19800 disposed:false
2555 silly placeDep ROOT has-bigints@1.1.0 OK for: unbox-primitive@1.1.0 want: ^1.0.2
2556 silly placeDep ROOT which-boxed-primitive@1.1.1 OK for: unbox-primitive@1.1.0 want: ^1.1.1
2557 silly fetch manifest is-bigint@^1.1.0
2558 silly packumentCache full:https://registry.npmjs.org/is-bigint cache-miss
2559 silly fetch manifest is-boolean-object@^1.2.1
2560 silly packumentCache full:https://registry.npmjs.org/is-boolean-object cache-miss
2561 silly fetch manifest is-number-object@^1.1.1
2562 silly packumentCache full:https://registry.npmjs.org/is-number-object cache-miss
2563 http cache https://registry.npmjs.org/is-bigint 53ms (cache hit)
2564 silly packumentCache full:https://registry.npmjs.org/is-bigint set size:20283 disposed:false
2565 http cache https://registry.npmjs.org/is-number-object 52ms (cache hit)
2566 silly packumentCache full:https://registry.npmjs.org/is-number-object set size:31189 disposed:false
2567 http cache https://registry.npmjs.org/is-boolean-object 57ms (cache hit)
2568 silly packumentCache full:https://registry.npmjs.org/is-boolean-object set size:31341 disposed:false
2569 silly placeDep ROOT @unrs/resolver-binding-android-arm-eabi@1.12.2 OK for: unrs-resolver@1.12.2 want: 1.12.2
2570 silly placeDep ROOT @unrs/resolver-binding-android-arm64@1.12.2 OK for: unrs-resolver@1.12.2 want: 1.12.2
2571 silly placeDep ROOT @unrs/resolver-binding-darwin-arm64@1.12.2 OK for: unrs-resolver@1.12.2 want: 1.12.2
2572 silly placeDep ROOT @unrs/resolver-binding-darwin-x64@1.12.2 OK for: unrs-resolver@1.12.2 want: 1.12.2
2573 silly placeDep ROOT @unrs/resolver-binding-freebsd-x64@1.12.2 OK for: unrs-resolver@1.12.2 want: 1.12.2
2574 silly placeDep ROOT @unrs/resolver-binding-linux-arm-gnueabihf@1.12.2 OK for: unrs-resolver@1.12.2 want: 1.12.2
2575 silly placeDep ROOT @unrs/resolver-binding-linux-arm-musleabihf@1.12.2 OK for: unrs-resolver@1.12.2 want: 1.12.2
2576 silly placeDep ROOT @unrs/resolver-binding-linux-arm64-gnu@1.12.2 OK for: unrs-resolver@1.12.2 want: 1.12.2
2577 silly placeDep ROOT @unrs/resolver-binding-linux-arm64-musl@1.12.2 OK for: unrs-resolver@1.12.2 want: 1.12.2
2578 silly placeDep ROOT @unrs/resolver-binding-linux-loong64-gnu@1.12.2 OK for: unrs-resolver@1.12.2 want: 1.12.2
2579 silly placeDep ROOT @unrs/resolver-binding-linux-loong64-musl@1.12.2 OK for: unrs-resolver@1.12.2 want: 1.12.2
2580 silly placeDep ROOT @unrs/resolver-binding-linux-ppc64-gnu@1.12.2 OK for: unrs-resolver@1.12.2 want: 1.12.2
2581 silly placeDep ROOT @unrs/resolver-binding-linux-riscv64-gnu@1.12.2 OK for: unrs-resolver@1.12.2 want: 1.12.2
2582 silly placeDep ROOT @unrs/resolver-binding-linux-riscv64-musl@1.12.2 OK for: unrs-resolver@1.12.2 want: 1.12.2
2583 silly placeDep ROOT @unrs/resolver-binding-linux-s390x-gnu@1.12.2 OK for: unrs-resolver@1.12.2 want: 1.12.2
2584 silly placeDep ROOT @unrs/resolver-binding-linux-x64-gnu@1.12.2 OK for: unrs-resolver@1.12.2 want: 1.12.2
2585 silly placeDep ROOT @unrs/resolver-binding-linux-x64-musl@1.12.2 OK for: unrs-resolver@1.12.2 want: 1.12.2
2586 silly placeDep ROOT @unrs/resolver-binding-openharmony-arm64@1.12.2 OK for: unrs-resolver@1.12.2 want: 1.12.2
2587 silly placeDep ROOT @unrs/resolver-binding-wasm32-wasi@1.12.2 OK for: unrs-resolver@1.12.2 want: 1.12.2
2588 silly placeDep ROOT @unrs/resolver-binding-win32-arm64-msvc@1.12.2 OK for: unrs-resolver@1.12.2 want: 1.12.2
2589 silly placeDep ROOT @unrs/resolver-binding-win32-ia32-msvc@1.12.2 OK for: unrs-resolver@1.12.2 want: 1.12.2
2590 silly placeDep ROOT @unrs/resolver-binding-win32-x64-msvc@1.12.2 OK for: unrs-resolver@1.12.2 want: 1.12.2
2591 silly placeDep ROOT napi-postinstall@0.3.4 OK for: unrs-resolver@1.12.2 want: ^0.3.4
2592 silly fetch manifest @napi-rs/wasm-runtime@^1.1.4
2593 silly packumentCache full:https://registry.npmjs.org/@napi-rs%2fwasm-runtime cache-miss
2594 silly fetch manifest @emnapi/core@1.10.0
2595 silly packumentCache full:https://registry.npmjs.org/@emnapi%2fcore cache-miss
2596 silly fetch manifest @emnapi/runtime@1.10.0
2597 silly packumentCache full:https://registry.npmjs.org/@emnapi%2fruntime cache-hit
2598 http cache https://registry.npmjs.org/@napi-rs%2fwasm-runtime 40ms (cache hit)
2599 silly packumentCache full:https://registry.npmjs.org/@napi-rs%2fwasm-runtime set size:90458 disposed:false
2600 http cache https://registry.npmjs.org/@emnapi%2fcore 45ms (cache hit)
2601 silly packumentCache full:https://registry.npmjs.org/@emnapi%2fcore set size:126418 disposed:false
2602 silly placeDep ROOT @emnapi/core@1.10.0 OK for: @unrs/resolver-binding-wasm32-wasi@1.12.2 want: 1.10.0
2603 silly placeDep node_modules/@unrs/resolver-binding-wasm32-wasi @emnapi/runtime@1.10.0 OK for: @unrs/resolver-binding-wasm32-wasi@1.12.2 want: 1.10.0
2604 silly placeDep ROOT @napi-rs/wasm-runtime@1.2.4 OK for: @unrs/resolver-binding-wasm32-wasi@1.12.2 want: ^1.1.4
2605 silly fetch manifest @emnapi/wasi-threads@1.2.1
2606 silly packumentCache full:https://registry.npmjs.org/@emnapi%2fwasi-threads cache-miss
2607 silly fetch manifest @tybys/wasm-util@^0.10.3
2608 silly packumentCache full:https://registry.npmjs.org/@tybys%2fwasm-util cache-miss
2609 http cache https://registry.npmjs.org/@emnapi%2fwasi-threads 36ms (cache hit)
2610 silly packumentCache full:https://registry.npmjs.org/@emnapi%2fwasi-threads set size:35327 disposed:false
2611 http cache https://registry.npmjs.org/@tybys%2fwasm-util 43ms (cache hit)
2612 silly packumentCache full:https://registry.npmjs.org/@tybys%2fwasm-util set size:62627 disposed:false
2613 silly placeDep ROOT @emnapi/wasi-threads@1.2.1 OK for: @emnapi/core@1.10.0 want: 1.2.1
2614 silly placeDep ROOT @tybys/wasm-util@0.10.4 OK for: @napi-rs/wasm-runtime@1.2.4 want: ^0.10.3
2615 silly placeDep ROOT escalade@3.2.0 OK for: update-browserslist-db@1.3.3 want: ^3.2.0
2616 silly placeDep ROOT punycode@2.3.1 OK for: uri-js@4.4.1 want: ^2.1.0
2617 silly placeDep ROOT @types/d3-array@3.2.2 OK for: victory-vendor@36.9.2 want: ^3.0.3
2618 silly placeDep ROOT @types/d3-ease@3.0.2 OK for: victory-vendor@36.9.2 want: ^3.0.0
2619 silly placeDep ROOT @types/d3-interpolate@3.0.4 OK for: victory-vendor@36.9.2 want: ^3.0.1
2620 silly placeDep ROOT @types/d3-scale@4.0.9 OK for: victory-vendor@36.9.2 want: ^4.0.2
2621 silly placeDep ROOT @types/d3-shape@3.2.0 OK for: victory-vendor@36.9.2 want: ^3.1.0
2622 silly placeDep ROOT @types/d3-time@3.0.4 OK for: victory-vendor@36.9.2 want: ^3.0.0
2623 silly placeDep ROOT @types/d3-timer@3.0.2 OK for: victory-vendor@36.9.2 want: ^3.0.0
2624 silly placeDep ROOT d3-array@3.2.4 OK for: victory-vendor@36.9.2 want: ^3.1.6
2625 silly placeDep ROOT d3-ease@3.0.1 OK for: victory-vendor@36.9.2 want: ^3.0.1
2626 silly placeDep ROOT d3-interpolate@3.0.1 OK for: victory-vendor@36.9.2 want: ^3.0.1
2627 silly placeDep ROOT d3-scale@4.0.2 OK for: victory-vendor@36.9.2 want: ^4.0.2
2628 silly placeDep ROOT d3-shape@3.2.0 OK for: victory-vendor@36.9.2 want: ^3.1.0
2629 silly placeDep ROOT d3-time@3.1.0 OK for: victory-vendor@36.9.2 want: ^3.0.0
2630 silly placeDep ROOT d3-timer@3.0.1 OK for: victory-vendor@36.9.2 want: ^3.0.1
2631 silly fetch manifest @types/d3-color@*
2632 silly packumentCache full:https://registry.npmjs.org/@types%2fd3-color cache-miss
2633 silly fetch manifest @types/d3-time@*
2634 silly packumentCache full:https://registry.npmjs.org/@types%2fd3-time cache-hit
2635 silly fetch manifest @types/d3-path@*
2636 silly packumentCache full:https://registry.npmjs.org/@types%2fd3-path cache-miss
2637 silly fetch manifest internmap@1 - 2
2638 silly packumentCache full:https://registry.npmjs.org/internmap cache-miss
2639 silly fetch manifest d3-color@1 - 3
2640 silly packumentCache full:https://registry.npmjs.org/d3-color cache-miss
2641 silly fetch manifest d3-format@1 - 3
2642 silly packumentCache full:https://registry.npmjs.org/d3-format cache-miss
2643 silly fetch manifest d3-time@2.1.1 - 3
2644 silly packumentCache full:https://registry.npmjs.org/d3-time cache-hit
2645 silly fetch manifest d3-time-format@2 - 4
2646 silly packumentCache full:https://registry.npmjs.org/d3-time-format cache-miss
2647 silly fetch manifest d3-path@^3.1.0
2648 silly packumentCache full:https://registry.npmjs.org/d3-path cache-miss
2649 http cache https://registry.npmjs.org/d3-color 79ms (cache hit)
2650 silly packumentCache full:https://registry.npmjs.org/d3-color set size:142335 disposed:false
2651 http cache https://registry.npmjs.org/internmap 88ms (cache hit)
2652 silly packumentCache full:https://registry.npmjs.org/internmap set size:19637 disposed:false
2653 http cache https://registry.npmjs.org/@types%2fd3-path 100ms (cache hit)
2654 silly packumentCache full:https://registry.npmjs.org/@types%2fd3-path set size:41268 disposed:false
2655 http cache https://registry.npmjs.org/@types%2fd3-color 105ms (cache hit)
2656 silly packumentCache full:https://registry.npmjs.org/@types%2fd3-color set size:69998 disposed:false
2657 http cache https://registry.npmjs.org/d3-path 88ms (cache hit)
2658 silly packumentCache full:https://registry.npmjs.org/d3-path set size:77883 disposed:false
2659 http cache https://registry.npmjs.org/d3-format 102ms (cache hit)
2660 silly packumentCache full:https://registry.npmjs.org/d3-format set size:107249 disposed:false
2661 http cache https://registry.npmjs.org/d3-time-format 106ms (cache hit)
2662 silly packumentCache full:https://registry.npmjs.org/d3-time-format set size:124514 disposed:false
2663 silly placeDep ROOT @types/d3-color@3.1.3 OK for: @types/d3-interpolate@3.0.4 want: *
2664 silly placeDep ROOT @types/d3-path@3.1.1 OK for: @types/d3-shape@3.2.0 want: *
2665 silly placeDep ROOT internmap@2.0.3 OK for: d3-array@3.2.4 want: 1 - 2
2666 silly placeDep ROOT d3-color@3.1.0 OK for: d3-interpolate@3.0.1 want: 1 - 3
2667 silly placeDep ROOT d3-format@3.1.2 OK for: d3-scale@4.0.2 want: 1 - 3
2668 silly placeDep ROOT d3-time-format@4.1.0 OK for: d3-scale@4.0.2 want: 2 - 4
2669 silly placeDep ROOT d3-path@3.1.0 OK for: d3-shape@3.2.0 want: ^3.1.0
2670 silly placeDep ROOT isexe@2.0.0 OK for: which@2.0.2 want: ^2.0.0
2671 silly placeDep ROOT is-bigint@1.1.0 OK for: which-boxed-primitive@1.1.1 want: ^1.1.0
2672 silly placeDep ROOT is-boolean-object@1.2.2 OK for: which-boxed-primitive@1.1.1 want: ^1.2.1
2673 silly placeDep ROOT is-number-object@1.1.1 OK for: which-boxed-primitive@1.1.1 want: ^1.1.1
2674 silly placeDep ROOT is-async-function@2.1.1 OK for: which-builtin-type@1.2.1 want: ^2.0.0
2675 silly placeDep ROOT is-finalizationregistry@1.1.1 OK for: which-builtin-type@1.2.1 want: ^1.1.0
2676 silly placeDep ROOT is-generator-function@1.1.2 OK for: which-builtin-type@1.2.1 want: ^1.0.10
2677 silly placeDep ROOT which-collection@1.0.2 OK for: which-builtin-type@1.2.1 want: ^1.0.2
2678 silly fetch manifest async-function@^1.0.0
2679 silly packumentCache full:https://registry.npmjs.org/async-function cache-miss
2680 silly fetch manifest generator-function@^2.0.0
2681 silly packumentCache full:https://registry.npmjs.org/generator-function cache-miss
2682 silly fetch manifest is-map@^2.0.3
2683 silly packumentCache full:https://registry.npmjs.org/is-map cache-miss
2684 silly fetch manifest is-weakmap@^2.0.2
2685 silly packumentCache full:https://registry.npmjs.org/is-weakmap cache-miss
2686 silly fetch manifest is-weakset@^2.0.3
2687 silly packumentCache full:https://registry.npmjs.org/is-weakset cache-miss
2688 http cache https://registry.npmjs.org/async-function 45ms (cache hit)
2689 silly packumentCache full:https://registry.npmjs.org/async-function set size:7150 disposed:false
2690 http cache https://registry.npmjs.org/is-map 44ms (cache hit)
2691 silly packumentCache full:https://registry.npmjs.org/is-map set size:18079 disposed:false
2692 http cache https://registry.npmjs.org/generator-function 49ms (cache hit)
2693 silly packumentCache full:https://registry.npmjs.org/generator-function set size:10401 disposed:false
2694 http cache https://registry.npmjs.org/is-weakmap 52ms (cache hit)
2695 silly packumentCache full:https://registry.npmjs.org/is-weakmap set size:15163 disposed:false
2696 http cache https://registry.npmjs.org/is-weakset 54ms (cache hit)
2697 silly packumentCache full:https://registry.npmjs.org/is-weakset set size:21965 disposed:false
2698 silly placeDep ROOT async-function@1.0.0 OK for: is-async-function@2.1.1 want: ^1.0.0
2699 silly placeDep ROOT generator-function@2.0.1 OK for: is-generator-function@1.1.2 want: ^2.0.0
2700 silly placeDep ROOT is-map@2.0.3 OK for: which-collection@1.0.2 want: ^2.0.3
2701 silly placeDep ROOT is-weakmap@2.0.2 OK for: which-collection@1.0.2 want: ^2.0.2
2702 silly placeDep ROOT is-weakset@2.0.4 OK for: which-collection@1.0.2 want: ^2.0.3
2703 silly placeDep ROOT cliui@6.0.0 OK for: yargs@15.4.1 want: ^6.0.0
2704 silly placeDep ROOT decamelize@1.2.0 OK for: yargs@15.4.1 want: ^1.2.0
2705 silly placeDep node_modules/yargs find-up@4.1.0 OK for: yargs@15.4.1 want: ^4.1.0
2706 silly placeDep ROOT get-caller-file@2.0.5 OK for: yargs@15.4.1 want: ^2.0.1
2707 silly placeDep ROOT require-directory@2.1.1 OK for: yargs@15.4.1 want: ^2.1.1
2708 silly placeDep ROOT require-main-filename@2.0.0 OK for: yargs@15.4.1 want: ^2.0.0
2709 silly placeDep ROOT set-blocking@2.0.0 OK for: yargs@15.4.1 want: ^2.0.0
2710 silly placeDep ROOT string-width@4.2.3 OK for: yargs@15.4.1 want: ^4.2.0
2711 silly placeDep ROOT which-module@2.0.1 OK for: yargs@15.4.1 want: ^2.0.0
2712 silly placeDep ROOT y18n@4.0.3 OK for: yargs@15.4.1 want: ^4.0.0
2713 silly placeDep ROOT yargs-parser@18.1.3 OK for: yargs@15.4.1 want: ^18.1.2
2714 silly fetch manifest wrap-ansi@^6.2.0
2715 silly packumentCache full:https://registry.npmjs.org/wrap-ansi cache-miss
2716 silly fetch manifest locate-path@^5.0.0
2717 silly packumentCache full:https://registry.npmjs.org/locate-path cache-hit
2718 silly fetch manifest emoji-regex@^8.0.0
2719 silly packumentCache full:https://registry.npmjs.org/emoji-regex cache-hit
2720 silly fetch manifest is-fullwidth-code-point@^3.0.0
2721 silly packumentCache full:https://registry.npmjs.org/is-fullwidth-code-point cache-miss
2722 silly fetch manifest camelcase@^5.0.0
2723 silly packumentCache full:https://registry.npmjs.org/camelcase cache-miss
2724 http cache https://registry.npmjs.org/camelcase 53ms (cache hit)
2725 silly packumentCache full:https://registry.npmjs.org/camelcase set size:60255 disposed:false
2726 http cache https://registry.npmjs.org/wrap-ansi 66ms (cache hit)
2727 silly packumentCache full:https://registry.npmjs.org/wrap-ansi set size:59620 disposed:false
2728 http cache https://registry.npmjs.org/is-fullwidth-code-point 67ms (cache hit)
2729 silly packumentCache full:https://registry.npmjs.org/is-fullwidth-code-point set size:14578 disposed:false
2730 silly placeDep ROOT wrap-ansi@6.2.0 OK for: cliui@6.0.0 want: ^6.2.0
2731 silly placeDep node_modules/string-width emoji-regex@8.0.0 OK for: string-width@4.2.3 want: ^8.0.0
2732 silly placeDep ROOT is-fullwidth-code-point@3.0.0 OK for: string-width@4.2.3 want: ^3.0.0
2733 silly placeDep ROOT camelcase@5.3.1 OK for: yargs-parser@18.1.3 want: ^5.0.0
2734 silly placeDep node_modules/@typescript-eslint/typescript-estree brace-expansion@5.0.12 OK for: minimatch@10.2.6 want: ^5.0.8
2735 silly fetch manifest balanced-match@^4.0.2
2736 silly packumentCache full:https://registry.npmjs.org/balanced-match cache-hit
2737 silly placeDep node_modules/@typescript-eslint/typescript-estree balanced-match@4.0.4 OK for: brace-expansion@5.0.12 want: ^4.0.2
2738 silly placeDep node_modules/next nanoid@3.3.19 OK for: postcss@8.4.31 want: ^3.3.6
2739 silly placeDep node_modules/tailwindcss/node_modules/fast-glob glob-parent@5.1.2 OK for: fast-glob@3.3.3 want: ^5.1.2
2740 silly placeDep node_modules/yargs locate-path@5.0.0 OK for: find-up@4.1.0 want: ^5.0.0
2741 silly fetch manifest p-locate@^4.1.0
2742 silly packumentCache full:https://registry.npmjs.org/p-locate cache-hit
2743 silly placeDep node_modules/yargs p-locate@4.1.0 OK for: locate-path@5.0.0 want: ^4.1.0
2744 silly fetch manifest p-limit@^2.2.0
2745 silly packumentCache full:https://registry.npmjs.org/p-limit cache-hit
2746 silly placeDep node_modules/yargs p-limit@2.3.0 OK for: p-locate@4.1.0 want: ^2.2.0
2747 silly fetch manifest p-try@^2.0.0
2748 silly packumentCache full:https://registry.npmjs.org/p-try cache-miss
2749 http cache https://registry.npmjs.org/p-try 23ms (cache hit)
2750 silly packumentCache full:https://registry.npmjs.org/p-try set size:13014 disposed:false
2751 silly placeDep ROOT p-try@2.2.0 OK for: p-limit@2.3.0 want: ^2.0.0
2752 silly reify moves {}
2753 silly audit bulk request {
2753 silly audit   '@supabase/ssr': [ '0.5.2' ],
2753 silly audit   '@supabase/supabase-js': [ '2.117.2' ],
2753 silly audit   '@types/node': [ '20.19.43' ],
2753 silly audit   '@types/qrcode': [ '1.5.6' ],
2753 silly audit   '@types/react': [ '19.3.0' ],
2753 silly audit   '@types/react-dom': [ '19.3.0' ],
2753 silly audit   autoprefixer: [ '10.6.1' ],
2753 silly audit   postcss: [ '8.5.28', '8.4.31' ],
2753 silly audit   eslint: [ '8.57.1' ],
2753 silly audit   'eslint-config-next': [ '15.5.26' ],
2753 silly audit   nanoid: [ '5.1.16', '3.3.19' ],
2753 silly audit   next: [ '15.5.26' ],
2753 silly audit   react: [ '19.3.0' ],
2753 silly audit   'react-dom': [ '19.3.0' ],
2753 silly audit   qrcode: [ '1.5.4' ],
2753 silly audit   recharts: [ '2.15.4' ],
2753 silly audit   tailwindcss: [ '3.4.19' ],
2753 silly audit   typescript: [ '5.9.3' ],
2753 silly audit   'ua-parser-js': [ '1.0.41' ],
2753 silly audit   zod: [ '3.25.76' ],
2753 silly audit   '@types/cookie': [ '0.6.0' ],
2753 silly audit   cookie: [ '0.7.2' ],
2753 silly audit   '@supabase/auth-js': [ '2.117.2' ],
2753 silly audit   '@supabase/functions-js': [ '2.117.2' ],
2753 silly audit   '@supabase/postgrest-js': [ '2.117.2' ],
2753 silly audit   '@supabase/realtime-js': [ '2.117.2' ],
2753 silly audit   '@supabase/storage-js': [ '2.117.2' ],
2753 silly audit   tslib: [ '2.8.1' ],
2753 silly audit   '@supabase/phoenix': [ '0.4.5' ],
2753 silly audit   'iceberg-js': [ '0.8.1' ],
2753 silly audit   'undici-types': [ '6.21.0' ],
2753 silly audit   csstype: [ '3.2.3' ],
2753 silly audit   browserslist: [ '4.29.3' ],
2753 silly audit   'caniuse-lite': [ '1.0.30001814' ],
2753 silly audit   'fraction.js': [ '5.3.4' ],
2753 silly audit   picocolors: [ '1.1.1' ],
2753 silly audit   'postcss-value-parser': [ '4.2.0' ],
2753 silly audit   'baseline-browser-mapping': [ '2.11.26' ],
2753 silly audit   'electron-to-chromium': [ '1.5.442' ],
2753 silly audit   'node-releases': [ '2.0.57' ],
2753 silly audit   'update-browserslist-db': [ '1.3.3' ],
2753 silly audit   '@eslint-community/eslint-utils': [ '4.10.1' ],
2753 silly audit   '@eslint-community/regexpp': [ '4.12.2' ],
2753 silly audit   '@eslint/eslintrc': [ '2.1.4' ],
2753 silly audit   '@eslint/js': [ '8.57.1' ],
2753 silly audit   '@humanwhocodes/config-array': [ '0.13.0' ],
2753 silly audit   '@humanwhocodes/module-importer': [ '1.0.1' ],
2753 silly audit   '@nodelib/fs.walk': [ '1.2.8' ],
2753 silly audit   '@ungap/structured-clone': [ '1.4.0' ],
2753 silly audit   ajv: [ '6.15.0' ],
2753 silly audit   chalk: [ '4.1.2' ],
2753 silly audit   'cross-spawn': [ '7.0.6' ],
2753 silly audit   debug: [ '4.4.3', '3.2.7' ],
2753 silly audit   doctrine: [ '3.0.0', '2.1.0' ],
2753 silly audit   'escape-string-regexp': [ '4.0.0' ],
2753 silly audit   'eslint-scope': [ '7.2.2' ],
2753 silly audit   'eslint-visitor-keys': [ '3.4.3', '5.0.1' ],
2753 silly audit   espree: [ '9.6.1' ],
2753 silly audit   esquery: [ '1.7.0' ],
2753 silly audit   esutils: [ '2.0.3' ],
2753 silly audit   'fast-deep-equal': [ '3.1.3' ],
2753 silly audit   'file-entry-cache': [ '6.0.1' ],
2753 silly audit   'find-up': [ '5.0.0', '4.1.0' ],
2753 silly audit   'glob-parent': [ '6.0.2', '5.1.2' ],
2753 silly audit   globals: [ '13.24.0' ],
2753 silly audit   graphemer: [ '1.4.0' ],
2753 silly audit   ignore: [ '5.3.2', '7.0.10' ],
2753 silly audit   imurmurhash: [ '0.1.4' ],
2753 silly audit   'is-glob': [ '4.0.3' ],
2753 silly audit   'is-path-inside': [ '3.0.3' ],
2753 silly audit   'js-yaml': [ '4.3.2' ],
2753 silly audit   'json-stable-stringify-without-jsonify': [ '1.0.1' ],
2753 silly audit   levn: [ '0.4.1' ],
2753 silly audit   'lodash.merge': [ '4.6.2' ],
2753 silly audit   minimatch: [ '3.1.5', '10.2.6' ],
2753 silly audit   'natural-compare': [ '1.4.0' ],
2753 silly audit   optionator: [ '0.9.4' ],
2753 silly audit   'strip-ansi': [ '6.0.1' ],
2753 silly audit   'text-table': [ '0.2.0' ],
2753 silly audit   'import-fresh': [ '3.3.1' ],
2753 silly audit   'strip-json-comments': [ '3.1.1' ],
2753 silly audit   '@humanwhocodes/object-schema': [ '2.0.3' ],
2753 silly audit   '@nodelib/fs.scandir': [ '2.1.5' ],
2753 silly audit   fastq: [ '1.20.3' ],
2753 silly audit   '@nodelib/fs.stat': [ '2.0.5' ],
2753 silly audit   'run-parallel': [ '1.2.0' ],
2753 silly audit   'fast-json-stable-stringify': [ '2.1.0' ],
2753 silly audit   'json-schema-traverse': [ '0.4.1' ],
2753 silly audit   'uri-js': [ '4.4.1' ],
2753 silly audit   'ansi-styles': [ '4.3.0' ],
2753 silly audit   'supports-color': [ '7.2.0' ],
2753 silly audit   'color-convert': [ '2.0.1' ],
2753 silly audit   'color-name': [ '1.1.4' ],
2753 silly audit   'path-key': [ '3.1.1' ],
2753 silly audit   'shebang-command': [ '2.0.0' ],
2753 silly audit   which: [ '2.0.2' ],
2753 silly audit   ms: [ '2.1.3' ],
2753 silly audit   '@next/eslint-plugin-next': [ '15.5.26' ],
2753 silly audit   '@rushstack/eslint-patch': [ '1.16.1' ],
2753 silly audit   '@typescript-eslint/eslint-plugin': [ '8.71.0' ],
2753 silly audit   '@typescript-eslint/parser': [ '8.71.0' ],
2753 silly audit   'eslint-import-resolver-node': [ '0.3.10' ],
2753 silly audit   'eslint-import-resolver-typescript': [ '3.10.1' ],
2753 silly audit   'eslint-plugin-import': [ '2.32.0' ],
2753 silly audit   'eslint-plugin-jsx-a11y': [ '6.10.2' ],
2753 silly audit   'eslint-plugin-react': [ '7.37.5' ],
2753 silly audit   'eslint-plugin-react-hooks': [ '5.2.0' ],
2753 silly audit   'fast-glob': [ '3.3.1', '3.3.3' ],
2753 silly audit   '@typescript-eslint/scope-manager': [ '8.71.0' ],
2753 silly audit   '@typescript-eslint/type-utils': [ '8.71.0' ],
2753 silly audit   '@typescript-eslint/utils': [ '8.71.0' ],
2753 silly audit   '@typescript-eslint/visitor-keys': [ '8.71.0' ],
2753 silly audit   'ts-api-utils': [ '2.5.0' ],
2753 silly audit   '@typescript-eslint/types': [ '8.71.0' ],
2753 silly audit   '@typescript-eslint/typescript-estree': [ '8.71.0' ],
2753 silly audit   '@typescript-eslint/project-service': [ '8.71.0' ],
2753 silly audit   '@typescript-eslint/tsconfig-utils': [ '8.71.0' ],
2753 silly audit   semver: [ '7.8.5', '6.3.1' ],
2753 silly audit   tinyglobby: [ '0.2.17' ],
2753 silly audit   'is-core-module': [ '2.17.0' ],
2753 silly audit   resolve: [ '2.0.0-next.7', '1.22.12' ],
2753 silly audit   '@nolyfill/is-core-module': [ '1.0.39' ],
2753 silly audit   'get-tsconfig': [ '4.14.3' ],
2753 silly audit   'is-bun-module': [ '2.0.0' ],
2753 silly audit   'stable-hash': [ '0.0.5' ],
2753 silly audit   'unrs-resolver': [ '1.12.2' ],
2753 silly audit   '@rtsao/scc': [ '1.1.0' ],
2753 silly audit   'array-includes': [ '3.2.0' ],
2753 silly audit   'array.prototype.findlastindex': [ '1.2.6' ],
2753 silly audit   'array.prototype.flat': [ '1.3.3' ],
2753 silly audit   'array.prototype.flatmap': [ '1.3.3' ],
2753 silly audit   'eslint-module-utils': [ '2.14.0' ],
2753 silly audit   hasown: [ '2.0.4' ],
2753 silly audit   'object.fromentries': [ '2.0.8' ],
2753 silly audit   'object.groupby': [ '1.0.3' ],
2753 silly audit   'object.values': [ '1.2.1' ],
2753 silly audit   'string.prototype.trimend': [ '1.0.10' ],
2753 silly audit   'tsconfig-paths': [ '3.15.0' ],
2753 silly audit   'call-bind': [ '1.0.9' ],
2753 silly audit   'call-bound': [ '1.0.4' ],
2753 silly audit   'define-properties': [ '1.2.1' ],
2753 silly audit   'es-abstract': [ '1.24.2' ],
2753 silly audit   'es-object-atoms': [ '1.1.2' ],
2753 silly audit   'es-shim-unscopables': [ '1.1.0' ],
2753 silly audit   'is-string': [ '1.1.1' ],
2753 silly audit   'math-intrinsics': [ '1.1.0' ],
2753 silly audit   'es-errors': [ '1.3.0' ],
2753 silly audit   'call-bind-apply-helpers': [ '1.0.2' ],
2753 silly audit   'es-define-property': [ '1.0.1' ],
2753 silly audit   'get-intrinsic': [ '1.3.0' ],
2753 silly audit   'set-function-length': [ '1.2.2' ],
2753 silly audit   'function-bind': [ '1.1.2' ],
2753 silly audit   'define-data-property': [ '1.1.4' ],
2753 silly audit   'has-property-descriptors': [ '1.0.2' ],
2753 silly audit   'object-keys': [ '1.1.1' ],
2753 silly audit   gopd: [ '1.2.0' ],
2753 silly audit   'array-buffer-byte-length': [ '1.0.2' ],
2753 silly audit   'arraybuffer.prototype.slice': [ '1.0.4' ],
2753 silly audit   'available-typed-arrays': [ '1.0.7' ],
2753 silly audit   'data-view-buffer': [ '1.0.2' ],
2753 silly audit   'data-view-byte-length': [ '1.0.2' ],
2753 silly audit   'data-view-byte-offset': [ '1.0.1' ],
2753 silly audit   'es-set-tostringtag': [ '2.1.0' ],
2753 silly audit   'es-to-primitive': [ '1.3.4' ],
2753 silly audit   'function.prototype.name': [ '1.2.0' ],
2753 silly audit   'get-proto': [ '1.0.1' ],
2753 silly audit   'get-symbol-description': [ '1.1.0' ],
2753 silly audit   globalthis: [ '1.0.4' ],
2753 silly audit   'has-proto': [ '1.2.0' ],
2753 silly audit   'has-symbols': [ '1.1.0' ],
2753 silly audit   'internal-slot': [ '1.1.0' ],
2753 silly audit   'is-array-buffer': [ '3.0.5' ],
2753 silly audit   'is-callable': [ '1.2.7' ],
2753 silly audit   'is-data-view': [ '1.0.2' ],
2753 silly audit   'is-negative-zero': [ '2.0.3' ],
2753 silly audit   'is-regex': [ '1.2.1' ],
2753 silly audit   'is-set': [ '2.0.3' ],
2753 silly audit   'is-shared-array-buffer': [ '1.0.4' ],
2753 silly audit   'is-typed-array': [ '1.1.15' ],
2753 silly audit   'is-weakref': [ '1.1.1' ],
2753 silly audit   'object-inspect': [ '1.13.4' ],
2753 silly audit   'object.assign': [ '4.1.7' ],
2753 silly audit   'own-keys': [ '1.0.2' ],
2753 silly audit   'regexp.prototype.flags': [ '1.5.4' ],
2753 silly audit   'safe-array-concat': [ '1.1.4' ],
2753 silly audit   'safe-push-apply': [ '1.0.0' ],
2753 silly audit   'safe-regex-test': [ '1.1.0' ],
2753 silly audit   'set-proto': [ '1.0.0' ],
2753 silly audit   'stop-iteration-iterator': [ '1.1.0' ],
2753 silly audit   'string.prototype.trim': [ '1.2.11' ],
2753 silly audit   'string.prototype.trimstart': [ '1.0.8' ],
2753 silly audit   'typed-array-buffer': [ '1.0.3' ],
2753 silly audit   'typed-array-byte-length': [ '1.0.3' ],
2753 silly audit   'typed-array-byte-offset': [ '1.0.5' ],
2753 silly audit   'typed-array-length': [ '1.0.8' ],
2753 silly audit   'unbox-primitive': [ '1.1.0' ],
2753 silly audit   'which-typed-array': [ '1.1.24' ],
2753 silly audit   'possible-typed-array-names': [ '1.1.0' ],
2753 silly audit   'has-tostringtag': [ '1.0.2' ],
2753 silly audit   'es-abstract-get': [ '1.0.0' ],
2753 silly audit   'is-date-object': [ '1.1.0' ],
2753 silly audit   'is-symbol': [ '1.1.1' ],
2753 silly audit   'aria-query': [ '5.3.2' ],
2753 silly audit   'ast-types-flow': [ '0.0.8' ],
2753 silly audit   'axe-core': [ '4.13.0' ],
2753 silly audit   'axobject-query': [ '4.1.0' ],
2753 silly audit   'damerau-levenshtein': [ '1.0.8' ],
2753 silly audit   'emoji-regex': [ '9.2.2', '8.0.0' ],
2753 silly audit   'jsx-ast-utils': [ '3.3.5' ],
2753 silly audit   'language-tags': [ '1.0.9' ],
2753 silly audit   'string.prototype.includes': [ '2.0.1' ],
2753 silly audit   'array.prototype.findlast': [ '1.2.5' ],
2753 silly audit   'array.prototype.tosorted': [ '1.1.4' ],
2753 silly audit   'es-iterator-helpers': [ '1.4.0' ],
2753 silly audit   estraverse: [ '5.3.0' ],
2753 silly audit   'object.entries': [ '1.1.9' ],
2753 silly audit   'prop-types': [ '15.8.1' ],
2753 silly audit   'string.prototype.matchall': [ '4.1.0' ],
2753 silly audit   'string.prototype.repeat': [ '1.0.0' ],
2753 silly audit   'iterator.prototype': [ '1.1.5' ],
2753 silly audit   esrecurse: [ '4.3.0' ],
2753 silly audit   acorn: [ '8.18.0' ],
2753 silly audit   'acorn-jsx': [ '5.3.2' ],
2753 silly audit   merge2: [ '1.4.1' ],
2753 silly audit   micromatch: [ '4.0.8' ],
2753 silly audit   reusify: [ '1.1.0' ],
2753 silly audit   'flat-cache': [ '3.2.0' ],
2753 silly audit   'locate-path': [ '6.0.0', '5.0.0' ],
2753 silly audit   'path-exists': [ '4.0.0' ],
2753 silly audit   flatted: [ '3.4.4' ],
2753 silly audit   keyv: [ '4.5.4' ],
2753 silly audit   rimraf: [ '3.0.2' ],
2753 silly audit   'functions-have-names': [ '1.2.3' ],
2753 silly audit   'is-document.all': [ '1.0.0' ],
2753 silly audit   'dunder-proto': [ '1.0.1' ],
2753 silly audit   'resolve-pkg-maps': [ '1.0.0' ],
2753 silly audit   'type-fest': [ '0.20.2' ],
2753 silly audit   'parent-module': [ '1.0.1' ],
2753 silly audit   'resolve-from': [ '4.0.0' ],
2753 silly audit   'side-channel': [ '1.1.1' ],
2753 silly audit   'is-extglob': [ '2.1.1' ],
2753 silly audit   'set-function-name': [ '2.0.2' ],
2753 silly audit   argparse: [ '2.0.1' ],
2753 silly audit   'json-buffer': [ '3.0.1' ],
2753 silly audit   'language-subtag-registry': [ '0.3.23' ],
2753 silly audit   'prelude-ls': [ '1.2.1' ],
2753 silly audit   'type-check': [ '0.4.0' ],
2753 silly audit   'p-locate': [ '5.0.0', '4.1.0' ],
2753 silly audit   braces: [ '3.0.3' ],
2753 silly audit   picomatch: [ '2.3.2', '4.0.7' ],
2753 silly audit   'fill-range': [ '7.1.1' ],
2753 silly audit   'to-regex-range': [ '5.0.1' ],
2753 silly audit   'brace-expansion': [ '1.1.21', '5.0.12' ],
2753 silly audit   'balanced-match': [ '1.0.2', '4.0.4' ],
2753 silly audit   'concat-map': [ '0.0.1' ],
2753 silly audit   '@next/env': [ '15.5.26' ],
2753 silly audit   '@next/swc-darwin-arm64': [ '15.5.26' ],
2753 silly audit   '@next/swc-darwin-x64': [ '15.5.26' ],
2753 silly audit   '@next/swc-linux-arm64-gnu': [ '15.5.26' ],
2753 silly audit   '@next/swc-linux-arm64-musl': [ '15.5.26' ],
2753 silly audit   '@next/swc-linux-x64-gnu': [ '15.5.26' ],
2753 silly audit   '@next/swc-linux-x64-musl': [ '15.5.26' ],
2753 silly audit   '@next/swc-win32-arm64-msvc': [ '15.5.26' ],
2753 silly audit   '@next/swc-win32-x64-msvc': [ '15.5.26' ],
2753 silly audit   '@swc/helpers': [ '0.5.15' ],
2753 silly audit   sharp: [ '0.35.5' ],
2753 silly audit   'styled-jsx': [ '5.1.6' ],
2753 silly audit   'deep-is': [ '0.1.4' ],
2753 silly audit   'fast-levenshtein': [ '2.0.6' ],
2753 silly audit   'word-wrap': [ '1.2.5' ],
2753 silly audit   'p-limit': [ '3.1.0', '2.3.0' ],
2753 silly audit   'yocto-queue': [ '0.1.0' ],
2753 silly audit   callsites: [ '3.1.0' ],
2753 silly audit   'source-map-js': [ '1.2.1' ],
2753 silly audit   'loose-envify': [ '1.4.0' ],
2753 silly audit   'object-assign': [ '4.1.1' ],
2753 silly audit   'react-is': [ '16.13.1', '18.3.1' ],
2753 silly audit   'js-tokens': [ '4.0.0' ],
2753 silly audit   dijkstrajs: [ '1.0.3' ],
2753 silly audit   pngjs: [ '5.0.0' ],
2753 silly audit   yargs: [ '15.4.1' ],
2753 silly audit   scheduler: [ '0.28.0' ],
2753 silly audit   clsx: [ '2.1.1' ],
2753 silly audit   eventemitter3: [ '4.0.7' ],
2753 silly audit   lodash: [ '4.18.1' ],
2753 silly audit   'react-smooth': [ '4.0.4' ],
2753 silly audit   'recharts-scale': [ '0.4.5' ],
2753 silly audit   'tiny-invariant': [ '1.3.3' ],
2753 silly audit   'victory-vendor': [ '36.9.2' ],
2753 silly audit   'fast-equals': [ '5.4.3' ],
2753 silly audit   'react-transition-group': [ '4.4.5' ],
2753 silly audit   '@babel/runtime': [ '7.29.7' ],
2753 silly audit   'dom-helpers': [ '5.2.1' ],
2753 silly audit   'decimal.js-light': [ '2.5.1' ],
2753 silly audit   'node-exports-info': [ '1.6.2' ],
2753 silly audit   'path-parse': [ '1.0.7' ],
2753 silly audit   'supports-preserve-symlinks-flag': [ '1.0.0' ],
2753 silly audit   glob: [ '7.2.3' ],
2753 silly audit   'fs.realpath': [ '1.0.0' ],
2753 silly audit   inflight: [ '1.0.6' ],
2753 silly audit   inherits: [ '2.0.4' ],
2753 silly audit   once: [ '1.4.0' ],
2753 silly audit   'path-is-absolute': [ '1.0.1' ],
2753 silly audit   wrappy: [ '1.0.2' ],
2753 silly audit   'queue-microtask': [ '1.2.3' ],
2753 silly audit   isarray: [ '2.0.5' ],
2753 silly audit   '@img/colour': [ '1.1.0' ],
2753 silly audit   '@img/sharp-darwin-arm64': [ '0.35.5' ],
2753 silly audit   '@img/sharp-darwin-x64': [ '0.35.5' ],
2753 silly audit   '@img/sharp-freebsd-wasm32': [ '0.35.5' ],
2753 silly audit   '@img/sharp-libvips-darwin-arm64': [ '1.3.4' ],
2753 silly audit   '@img/sharp-libvips-darwin-x64': [ '1.3.4' ],
2753 silly audit   '@img/sharp-libvips-linux-arm': [ '1.3.4' ],
2753 silly audit   '@img/sharp-libvips-linux-arm64': [ '1.3.4' ],
2753 silly audit   '@img/sharp-libvips-linux-ppc64': [ '1.3.4' ],
2753 silly audit   '@img/sharp-libvips-linux-riscv64': [ '1.3.4' ],
2753 silly audit   '@img/sharp-libvips-linux-s390x': [ '1.3.4' ],
2753 silly audit   '@img/sharp-libvips-linux-x64': [ '1.3.4' ],
2753 silly audit   '@img/sharp-libvips-linuxmusl-arm64': [ '1.3.4' ],
2753 silly audit   '@img/sharp-libvips-linuxmusl-x64': [ '1.3.4' ],
2753 silly audit   '@img/sharp-linux-arm': [ '0.35.5' ],
2753 silly audit   '@img/sharp-linux-arm64': [ '0.35.5' ],
2753 silly audit   '@img/sharp-linux-ppc64': [ '0.35.5' ],
2753 silly audit   '@img/sharp-linux-riscv64': [ '0.35.5' ],
2753 silly audit   '@img/sharp-linux-s390x': [ '0.35.5' ],
2753 silly audit   '@img/sharp-linux-x64': [ '0.35.5' ],
2753 silly audit   '@img/sharp-linuxmusl-arm64': [ '0.35.5' ],
2753 silly audit   '@img/sharp-linuxmusl-x64': [ '0.35.5' ],
2753 silly audit   '@img/sharp-webcontainers-wasm32': [ '0.35.5' ],
2753 silly audit   '@img/sharp-win32-arm64': [ '0.35.5' ],
2753 silly audit   '@img/sharp-win32-ia32': [ '0.35.5' ],
2753 silly audit   '@img/sharp-win32-x64': [ '0.35.5' ],
2753 silly audit   'detect-libc': [ '2.1.2' ],
2753 silly audit   '@img/sharp-wasm32': [ '0.35.5' ],
2753 silly audit   '@emnapi/runtime': [ '1.11.3', '1.10.0' ],
2753 silly audit   'shebang-regex': [ '3.0.0' ],
2753 silly audit   'side-channel-list': [ '1.0.1' ],
2753 silly audit   'side-channel-map': [ '1.0.1' ],
2753 silly audit   'side-channel-weakmap': [ '1.0.2' ],
2753 silly audit   'ansi-regex': [ '5.0.1' ],
2753 silly audit   'client-only': [ '0.0.1' ],
2753 silly audit   'has-flag': [ '4.0.0' ],
2753 silly audit   '@alloc/quick-lru': [ '5.3.0' ],
2753 silly audit   arg: [ '5.0.2' ],
2753 silly audit   chokidar: [ '3.6.0' ],
2753 silly audit   didyoumean: [ '1.2.2' ],
2753 silly audit   dlv: [ '1.1.3' ],
2753 silly audit   jiti: [ '1.21.7' ],
2753 silly audit   lilconfig: [ '3.1.3' ],
2753 silly audit   'normalize-path': [ '3.0.0' ],
2753 silly audit   'object-hash': [ '3.0.0' ],
2753 silly audit   'postcss-import': [ '15.1.0' ],
2753 silly audit   'postcss-js': [ '4.1.0' ],
2753 silly audit   'postcss-load-config': [ '6.0.1' ],
2753 silly audit   'postcss-nested': [ '6.2.0' ],
2753 silly audit   'postcss-selector-parser': [ '6.1.4' ],
2753 silly audit   sucrase: [ '3.35.1' ],
2753 silly audit   anymatch: [ '3.1.3' ],
2753 silly audit   fsevents: [ '2.3.3' ],
2753 silly audit   'is-binary-path': [ '2.1.0' ],
2753 silly audit   readdirp: [ '3.6.0' ],
2753 silly audit   'binary-extensions': [ '2.3.0' ],
2753 silly audit   'read-cache': [ '1.0.2' ],
2753 silly audit   'camelcase-css': [ '2.0.1' ],
2753 silly audit   cssesc: [ '3.0.0' ],
2753 silly audit   'util-deprecate': [ '1.0.2' ],
2753 silly audit   '@jridgewell/gen-mapping': [ '0.3.13' ],
2753 silly audit   commander: [ '4.1.1' ],
2753 silly audit   'lines-and-columns': [ '1.2.4' ],
2753 silly audit   mz: [ '2.7.0' ],
2753 silly audit   pirates: [ '4.0.7' ],
2753 silly audit   'ts-interface-checker': [ '0.1.13' ],
2753 silly audit   '@jridgewell/sourcemap-codec': [ '1.6.0' ],
2753 silly audit   '@jridgewell/trace-mapping': [ '0.3.31' ],
2753 silly audit   '@jridgewell/resolve-uri': [ '3.1.2' ],
2753 silly audit   'any-promise': [ '1.3.0' ],
2753 silly audit   'thenify-all': [ '1.6.0' ],
2753 silly audit   thenify: [ '3.3.1' ],
2753 silly audit   fdir: [ '6.5.0' ],
2753 silly audit   'is-number': [ '7.0.0' ],
2753 silly audit   '@types/json5': [ '0.0.29' ],
2753 silly audit   json5: [ '1.0.2' ],
2753 silly audit   minimist: [ '1.2.8' ],
2753 silly audit   'strip-bom': [ '3.0.0' ],
2753 silly audit   'for-each': [ '0.3.5' ],
2753 silly audit   'reflect.getprototypeof': [ '1.0.10' ],
2753 silly audit   'which-builtin-type': [ '1.2.1' ],
2753 silly audit   'has-bigints': [ '1.1.0' ],
2753 silly audit   'which-boxed-primitive': [ '1.1.1' ],
2753 silly audit   '@unrs/resolver-binding-android-arm-eabi': [ '1.12.2' ],
2753 silly audit   '@unrs/resolver-binding-android-arm64': [ '1.12.2' ],
2753 silly audit   '@unrs/resolver-binding-darwin-arm64': [ '1.12.2' ],
2753 silly audit   '@unrs/resolver-binding-darwin-x64': [ '1.12.2' ],
2753 silly audit   '@unrs/resolver-binding-freebsd-x64': [ '1.12.2' ],
2753 silly audit   '@unrs/resolver-binding-linux-arm-gnueabihf': [ '1.12.2' ],
2753 silly audit   '@unrs/resolver-binding-linux-arm-musleabihf': [ '1.12.2' ],
2753 silly audit   '@unrs/resolver-binding-linux-arm64-gnu': [ '1.12.2' ],
2753 silly audit   '@unrs/resolver-binding-linux-arm64-musl': [ '1.12.2' ],
2753 silly audit   '@unrs/resolver-binding-linux-loong64-gnu': [ '1.12.2' ],
2753 silly audit   '@unrs/resolver-binding-linux-loong64-musl': [ '1.12.2' ],
2753 silly audit   '@unrs/resolver-binding-linux-ppc64-gnu': [ '1.12.2' ],
2753 silly audit   '@unrs/resolver-binding-linux-riscv64-gnu': [ '1.12.2' ],
2753 silly audit   '@unrs/resolver-binding-linux-riscv64-musl': [ '1.12.2' ],
2753 silly audit   '@unrs/resolver-binding-linux-s390x-gnu': [ '1.12.2' ],
2753 silly audit   '@unrs/resolver-binding-linux-x64-gnu': [ '1.12.2' ],
2753 silly audit   '@unrs/resolver-binding-linux-x64-musl': [ '1.12.2' ],
2753 silly audit   '@unrs/resolver-binding-openharmony-arm64': [ '1.12.2' ],
2753 silly audit   '@unrs/resolver-binding-wasm32-wasi': [ '1.12.2' ],
2753 silly audit   '@unrs/resolver-binding-win32-arm64-msvc': [ '1.12.2' ],
2753 silly audit   '@unrs/resolver-binding-win32-ia32-msvc': [ '1.12.2' ],
2753 silly audit   '@unrs/resolver-binding-win32-x64-msvc': [ '1.12.2' ],
2753 silly audit   'napi-postinstall': [ '0.3.4' ],
2753 silly audit   '@emnapi/core': [ '1.10.0' ],
2753 silly audit   '@napi-rs/wasm-runtime': [ '1.2.4' ],
2753 silly audit   '@emnapi/wasi-threads': [ '1.2.1' ],
2753 silly audit   '@tybys/wasm-util': [ '0.10.4' ],
2753 silly audit   escalade: [ '3.2.0' ],
2753 silly audit   punycode: [ '2.3.1' ],
2753 silly audit   '@types/d3-array': [ '3.2.2' ],
2753 silly audit   '@types/d3-ease': [ '3.0.2' ],
2753 silly audit   '@types/d3-interpolate': [ '3.0.4' ],
2753 silly audit   '@types/d3-scale': [ '4.0.9' ],
2753 silly audit   '@types/d3-shape': [ '3.2.0' ],
2753 silly audit   '@types/d3-time': [ '3.0.4' ],
2753 silly audit   '@types/d3-timer': [ '3.0.2' ],
2753 silly audit   'd3-array': [ '3.2.4' ],
2753 silly audit   'd3-ease': [ '3.0.1' ],
2753 silly audit   'd3-interpolate': [ '3.0.1' ],
2753 silly audit   'd3-scale': [ '4.0.2' ],
2753 silly audit   'd3-shape': [ '3.2.0' ],
2753 silly audit   'd3-time': [ '3.1.0' ],
2753 silly audit   'd3-timer': [ '3.0.1' ],
2753 silly audit   '@types/d3-color': [ '3.1.3' ],
2753 silly audit   '@types/d3-path': [ '3.1.1' ],
2753 silly audit   internmap: [ '2.0.3' ],
2753 silly audit   'd3-color': [ '3.1.0' ],
2753 silly audit   'd3-format': [ '3.1.2' ],
2753 silly audit   'd3-time-format': [ '4.1.0' ],
2753 silly audit   'd3-path': [ '3.1.0' ],
2753 silly audit   isexe: [ '2.0.0' ],
2753 silly audit   'is-bigint': [ '1.1.0' ],
2753 silly audit   'is-boolean-object': [ '1.2.2' ],
2753 silly audit   'is-number-object': [ '1.1.1' ],
2753 silly audit   'is-async-function': [ '2.1.1' ],
2753 silly audit   'is-finalizationregistry': [ '1.1.1' ],
2753 silly audit   'is-generator-function': [ '1.1.2' ],
2753 silly audit   'which-collection': [ '1.0.2' ],
2753 silly audit   'async-function': [ '1.0.0' ],
2753 silly audit   'generator-function': [ '2.0.1' ],
2753 silly audit   'is-map': [ '2.0.3' ],
2753 silly audit   'is-weakmap': [ '2.0.2' ],
2753 silly audit   'is-weakset': [ '2.0.4' ],
2753 silly audit   cliui: [ '6.0.0' ],
2753 silly audit   decamelize: [ '1.2.0' ],
2753 silly audit   'get-caller-file': [ '2.0.5' ],
2753 silly audit   'require-directory': [ '2.1.1' ],
2753 silly audit   'require-main-filename': [ '2.0.0' ],
2753 silly audit   'set-blocking': [ '2.0.0' ],
2753 silly audit   'string-width': [ '4.2.3' ],
2753 silly audit   'which-module': [ '2.0.1' ],
2753 silly audit   y18n: [ '4.0.3' ],
2753 silly audit   'yargs-parser': [ '18.1.3' ],
2753 silly audit   'wrap-ansi': [ '6.2.0' ],
2753 silly audit   'is-fullwidth-code-point': [ '3.0.0' ],
2753 silly audit   camelcase: [ '5.3.1' ],
2753 silly audit   'p-try': [ '2.2.0' ]
2753 silly audit }
2754 http cache p-try@https://registry.npmjs.org/p-try/-/p-try-2.2.0.tgz 1ms (cache hit)
2755 http cache is-fullwidth-code-point@https://registry.npmjs.org/is-fullwidth-code-point/-/is-fullwidth-code-point-3.0.0.tgz 0ms (cache hit)
2756 http cache y18n@https://registry.npmjs.org/y18n/-/y18n-4.0.3.tgz 0ms (cache hit)
2757 http cache set-blocking@https://registry.npmjs.org/set-blocking/-/set-blocking-2.0.0.tgz 0ms (cache hit)
2758 http cache wrap-ansi@https://registry.npmjs.org/wrap-ansi/-/wrap-ansi-6.2.0.tgz 0ms (cache hit)
2759 http cache string-width@https://registry.npmjs.org/string-width/-/string-width-4.2.3.tgz 0ms (cache hit)
2760 http cache get-caller-file@https://registry.npmjs.org/get-caller-file/-/get-caller-file-2.0.5.tgz 0ms (cache hit)
2761 http cache cliui@https://registry.npmjs.org/cliui/-/cliui-6.0.0.tgz 0ms (cache hit)
2762 http cache which-module@https://registry.npmjs.org/which-module/-/which-module-2.0.1.tgz 0ms (cache hit)
2763 http cache decamelize@https://registry.npmjs.org/decamelize/-/decamelize-1.2.0.tgz 0ms (cache hit)
2764 http cache require-directory@https://registry.npmjs.org/require-directory/-/require-directory-2.1.1.tgz 0ms (cache hit)
2765 http cache @types/d3-path@https://registry.npmjs.org/@types/d3-path/-/d3-path-3.1.1.tgz 0ms (cache hit)
2766 http cache camelcase@https://registry.npmjs.org/camelcase/-/camelcase-5.3.1.tgz 0ms (cache hit)
2767 http cache @types/d3-color@https://registry.npmjs.org/@types/d3-color/-/d3-color-3.1.3.tgz 0ms (cache hit)
2768 http cache @types/d3-scale@https://registry.npmjs.org/@types/d3-scale/-/d3-scale-4.0.9.tgz 0ms (cache hit)
2769 http cache @types/d3-interpolate@https://registry.npmjs.org/@types/d3-interpolate/-/d3-interpolate-3.0.4.tgz 0ms (cache hit)
2770 http cache @types/d3-shape@https://registry.npmjs.org/@types/d3-shape/-/d3-shape-3.2.0.tgz 0ms (cache hit)
2771 http cache @types/d3-array@https://registry.npmjs.org/@types/d3-array/-/d3-array-3.2.2.tgz 0ms (cache hit)
2772 http cache @types/d3-time@https://registry.npmjs.org/@types/d3-time/-/d3-time-3.0.4.tgz 0ms (cache hit)
2773 http cache @types/d3-ease@https://registry.npmjs.org/@types/d3-ease/-/d3-ease-3.0.2.tgz 0ms (cache hit)
2774 http cache @unrs/resolver-binding-win32-x64-msvc@https://registry.npmjs.org/@unrs/resolver-binding-win32-x64-msvc/-/resolver-binding-win32-x64-msvc-1.12.2.tgz 0ms (cache hit)
2775 http cache @types/d3-timer@https://registry.npmjs.org/@types/d3-timer/-/d3-timer-3.0.2.tgz 0ms (cache hit)
2776 http cache require-main-filename@https://registry.npmjs.org/require-main-filename/-/require-main-filename-2.0.0.tgz 0ms (cache hit)
2777 http cache thenify@https://registry.npmjs.org/thenify/-/thenify-3.3.1.tgz 0ms (cache hit)
2778 http cache strip-bom@https://registry.npmjs.org/strip-bom/-/strip-bom-3.0.0.tgz 0ms (cache hit)
2779 http cache @types/json5@https://registry.npmjs.org/@types/json5/-/json5-0.0.29.tgz 0ms (cache hit)
2780 http cache thenify-all@https://registry.npmjs.org/thenify-all/-/thenify-all-1.6.0.tgz 0ms (cache hit)
2781 http cache camelcase-css@https://registry.npmjs.org/camelcase-css/-/camelcase-css-2.0.1.tgz 0ms (cache hit)
2782 http cache util-deprecate@https://registry.npmjs.org/util-deprecate/-/util-deprecate-1.0.2.tgz 1ms (cache hit)
2783 http cache readdirp@https://registry.npmjs.org/readdirp/-/readdirp-3.6.0.tgz 0ms (cache hit)
2784 http cache anymatch@https://registry.npmjs.org/anymatch/-/anymatch-3.1.3.tgz 0ms (cache hit)
2785 http cache is-number@https://registry.npmjs.org/is-number/-/is-number-7.0.0.tgz 0ms (cache hit)
2786 http cache normalize-path@https://registry.npmjs.org/normalize-path/-/normalize-path-3.0.0.tgz 0ms (cache hit)
2787 http cache binary-extensions@https://registry.npmjs.org/binary-extensions/-/binary-extensions-2.3.0.tgz 0ms (cache hit)
2788 http cache punycode@https://registry.npmjs.org/punycode/-/punycode-2.3.1.tgz 0ms (cache hit)
2789 http cache is-binary-path@https://registry.npmjs.org/is-binary-path/-/is-binary-path-2.1.0.tgz 0ms (cache hit)
2790 http cache read-cache@https://registry.npmjs.org/read-cache/-/read-cache-1.0.2.tgz 0ms (cache hit)
2791 http cache mz@https://registry.npmjs.org/mz/-/mz-2.7.0.tgz 0ms (cache hit)
2792 http cache @alloc/quick-lru@https://registry.npmjs.org/@alloc/quick-lru/-/quick-lru-5.3.0.tgz 0ms (cache hit)
2793 http cache has-flag@https://registry.npmjs.org/has-flag/-/has-flag-4.0.0.tgz 0ms (cache hit)
2794 http cache shebang-regex@https://registry.npmjs.org/shebang-regex/-/shebang-regex-3.0.0.tgz 0ms (cache hit)
2795 http cache didyoumean@https://registry.npmjs.org/didyoumean/-/didyoumean-1.2.2.tgz 1ms (cache hit)
2796 http cache @img/colour@https://registry.npmjs.org/@img/colour/-/colour-1.1.0.tgz 0ms (cache hit)
2797 http cache ansi-regex@https://registry.npmjs.org/ansi-regex/-/ansi-regex-5.0.1.tgz 0ms (cache hit)
2798 http cache client-only@https://registry.npmjs.org/client-only/-/client-only-0.0.1.tgz 0ms (cache hit)
2799 http cache postcss-nested@https://registry.npmjs.org/postcss-nested/-/postcss-nested-6.2.0.tgz 0ms (cache hit)
2800 http cache once@https://registry.npmjs.org/once/-/once-1.4.0.tgz 0ms (cache hit)
2801 http cache wrappy@https://registry.npmjs.org/wrappy/-/wrappy-1.0.2.tgz 0ms (cache hit)
2802 http cache path-is-absolute@https://registry.npmjs.org/path-is-absolute/-/path-is-absolute-1.0.1.tgz 0ms (cache hit)
2803 http cache queue-microtask@https://registry.npmjs.org/queue-microtask/-/queue-microtask-1.2.3.tgz 0ms (cache hit)
2804 http cache inherits@https://registry.npmjs.org/inherits/-/inherits-2.0.4.tgz 1ms (cache hit)
2805 http cache inflight@https://registry.npmjs.org/inflight/-/inflight-1.0.6.tgz 0ms (cache hit)
2806 http cache glob@https://registry.npmjs.org/glob/-/glob-7.2.3.tgz 0ms (cache hit)
2807 http cache postcss-js@https://registry.npmjs.org/postcss-js/-/postcss-js-4.1.0.tgz 0ms (cache hit)
2808 http cache isarray@https://registry.npmjs.org/isarray/-/isarray-2.0.5.tgz 0ms (cache hit)
2809 http cache arg@https://registry.npmjs.org/arg/-/arg-5.0.2.tgz 0ms (cache hit)
2810 http cache fs.realpath@https://registry.npmjs.org/fs.realpath/-/fs.realpath-1.0.0.tgz 1ms (cache hit)
2811 http cache js-tokens@https://registry.npmjs.org/js-tokens/-/js-tokens-4.0.0.tgz 0ms (cache hit)
2812 http cache yocto-queue@https://registry.npmjs.org/yocto-queue/-/yocto-queue-0.1.0.tgz 0ms (cache hit)
2813 http cache word-wrap@https://registry.npmjs.org/word-wrap/-/word-wrap-1.2.5.tgz 0ms (cache hit)
2814 http cache path-parse@https://registry.npmjs.org/path-parse/-/path-parse-1.0.7.tgz 0ms (cache hit)
2815 http cache @next/swc-win32-x64-msvc@https://registry.npmjs.org/@next/swc-win32-x64-msvc/-/swc-win32-x64-msvc-15.5.26.tgz 7ms (cache hit)
2816 http cache callsites@https://registry.npmjs.org/callsites/-/callsites-3.1.0.tgz 0ms (cache hit)
2817 http cache p-limit@https://registry.npmjs.org/p-limit/-/p-limit-3.1.0.tgz 0ms (cache hit)
2818 http cache fast-levenshtein@https://registry.npmjs.org/fast-levenshtein/-/fast-levenshtein-2.0.6.tgz 0ms (cache hit)
2819 http cache to-regex-range@https://registry.npmjs.org/to-regex-range/-/to-regex-range-5.0.1.tgz 0ms (cache hit)
2820 http cache fill-range@https://registry.npmjs.org/fill-range/-/fill-range-7.1.1.tgz 0ms (cache hit)
2821 http cache object-assign@https://registry.npmjs.org/object-assign/-/object-assign-4.1.1.tgz 0ms (cache hit)
2822 http cache brace-expansion@https://registry.npmjs.org/brace-expansion/-/brace-expansion-1.1.21.tgz 0ms (cache hit)
2823 http cache is-extglob@https://registry.npmjs.org/is-extglob/-/is-extglob-2.1.1.tgz 1ms (cache hit)
2824 http cache p-locate@https://registry.npmjs.org/p-locate/-/p-locate-5.0.0.tgz 0ms (cache hit)
2825 http cache resolve-from@https://registry.npmjs.org/resolve-from/-/resolve-from-4.0.0.tgz 0ms (cache hit)
2826 http cache parent-module@https://registry.npmjs.org/parent-module/-/parent-module-1.0.1.tgz 0ms (cache hit)
2827 http cache path-exists@https://registry.npmjs.org/path-exists/-/path-exists-4.0.0.tgz 0ms (cache hit)
2828 http cache merge2@https://registry.npmjs.org/merge2/-/merge2-1.4.1.tgz 0ms (cache hit)
2829 http cache locate-path@https://registry.npmjs.org/locate-path/-/locate-path-6.0.0.tgz 0ms (cache hit)
2830 http cache micromatch@https://registry.npmjs.org/micromatch/-/micromatch-4.0.8.tgz 0ms (cache hit)
2831 http cache esrecurse@https://registry.npmjs.org/esrecurse/-/esrecurse-4.3.0.tgz 0ms (cache hit)
2832 http cache acorn-jsx@https://registry.npmjs.org/acorn-jsx/-/acorn-jsx-5.3.2.tgz 0ms (cache hit)
2833 http cache estraverse@https://registry.npmjs.org/estraverse/-/estraverse-5.3.0.tgz 1ms (cache hit)
2834 http cache @rtsao/scc@https://registry.npmjs.org/@rtsao/scc/-/scc-1.1.0.tgz 0ms (cache hit)
2835 http cache @nolyfill/is-core-module@https://registry.npmjs.org/@nolyfill/is-core-module/-/is-core-module-1.0.39.tgz 0ms (cache hit)
2836 http cache eslint-module-utils@https://registry.npmjs.org/eslint-module-utils/-/eslint-module-utils-2.14.0.tgz 1ms (cache hit)
2837 http cache is-core-module@https://registry.npmjs.org/is-core-module/-/is-core-module-2.17.0.tgz 0ms (cache hit)
2838 http cache unrs-resolver@https://registry.npmjs.org/unrs-resolver/-/unrs-resolver-1.12.2.tgz 1ms (cache hit)
2839 http cache eslint-import-resolver-node@https://registry.npmjs.org/eslint-import-resolver-node/-/eslint-import-resolver-node-0.3.10.tgz 0ms (cache hit)
2840 http cache path-key@https://registry.npmjs.org/path-key/-/path-key-3.1.1.tgz 0ms (cache hit)
2841 http cache shebang-command@https://registry.npmjs.org/shebang-command/-/shebang-command-2.0.0.tgz 5ms (cache hit)
2842 http cache supports-color@https://registry.npmjs.org/supports-color/-/supports-color-7.2.0.tgz 1ms (cache hit)
2843 http cache color-name@https://registry.npmjs.org/color-name/-/color-name-1.1.4.tgz 1ms (cache hit)
2844 http cache run-parallel@https://registry.npmjs.org/run-parallel/-/run-parallel-1.2.0.tgz 0ms (cache hit)
2845 http cache ansi-styles@https://registry.npmjs.org/ansi-styles/-/ansi-styles-4.3.0.tgz 0ms (cache hit)
2846 http cache strip-json-comments@https://registry.npmjs.org/strip-json-comments/-/strip-json-comments-3.1.1.tgz 0ms (cache hit)
2847 http cache strip-ansi@https://registry.npmjs.org/strip-ansi/-/strip-ansi-6.0.1.tgz 0ms (cache hit)
2848 http cache minimatch@https://registry.npmjs.org/minimatch/-/minimatch-3.1.5.tgz 0ms (cache hit)
2849 http cache lodash.merge@https://registry.npmjs.org/lodash.merge/-/lodash.merge-4.6.2.tgz 0ms (cache hit)
2850 http cache natural-compare@https://registry.npmjs.org/natural-compare/-/natural-compare-1.4.0.tgz 0ms (cache hit)
2851 http cache is-path-inside@https://registry.npmjs.org/is-path-inside/-/is-path-inside-3.0.3.tgz 1ms (cache hit)
2852 http cache is-glob@https://registry.npmjs.org/is-glob/-/is-glob-4.0.3.tgz 0ms (cache hit)
2853 http cache glob-parent@https://registry.npmjs.org/glob-parent/-/glob-parent-6.0.2.tgz 0ms (cache hit)
2854 http cache color-convert@https://registry.npmjs.org/color-convert/-/color-convert-2.0.1.tgz 0ms (cache hit)
2855 http cache ignore@https://registry.npmjs.org/ignore/-/ignore-5.3.2.tgz 0ms (cache hit)
2856 http cache file-entry-cache@https://registry.npmjs.org/file-entry-cache/-/file-entry-cache-6.0.1.tgz 0ms (cache hit)
2857 http cache imurmurhash@https://registry.npmjs.org/imurmurhash/-/imurmurhash-0.1.4.tgz 0ms (cache hit)
2858 http cache globals@https://registry.npmjs.org/globals/-/globals-13.24.0.tgz 0ms (cache hit)
2859 http cache find-up@https://registry.npmjs.org/find-up/-/find-up-5.0.0.tgz 0ms (cache hit)
2860 http cache ms@https://registry.npmjs.org/ms/-/ms-2.1.3.tgz 0ms (cache hit)
2861 http cache escape-string-regexp@https://registry.npmjs.org/escape-string-regexp/-/escape-string-regexp-4.0.0.tgz 0ms (cache hit)
2862 http cache @humanwhocodes/config-array@https://registry.npmjs.org/@humanwhocodes/config-array/-/config-array-0.13.0.tgz 0ms (cache hit)
2863 http cache import-fresh@https://registry.npmjs.org/import-fresh/-/import-fresh-3.3.1.tgz 0ms (cache hit)
2864 http cache @eslint-community/regexpp@https://registry.npmjs.org/@eslint-community/regexpp/-/regexpp-4.12.2.tgz 0ms (cache hit)
2865 http cache picocolors@https://registry.npmjs.org/picocolors/-/picocolors-1.1.1.tgz 0ms (cache hit)
2866 http cache @eslint-community/eslint-utils@https://registry.npmjs.org/@eslint-community/eslint-utils/-/eslint-utils-4.10.1.tgz 0ms (cache hit)
2867 http cache csstype@https://registry.npmjs.org/csstype/-/csstype-3.2.3.tgz 0ms (cache hit)
2868 http cache electron-to-chromium@https://registry.npmjs.org/electron-to-chromium/-/electron-to-chromium-1.5.442.tgz 0ms (cache hit)
2869 http cache @types/cookie@https://registry.npmjs.org/@types/cookie/-/cookie-0.6.0.tgz 0ms (cache hit)
2870 http cache undici-types@https://registry.npmjs.org/undici-types/-/undici-types-6.21.0.tgz 0ms (cache hit)
2871 http cache eslint-config-next@https://registry.npmjs.org/eslint-config-next/-/eslint-config-next-15.5.26.tgz 0ms (cache hit)
2872 http cache glob-parent@https://registry.npmjs.org/glob-parent/-/glob-parent-5.1.2.tgz 1ms (cache hit)
2873 http cache find-up@https://registry.npmjs.org/find-up/-/find-up-4.1.0.tgz 0ms (cache hit)
2874 http cache locate-path@https://registry.npmjs.org/locate-path/-/locate-path-5.0.0.tgz 0ms (cache hit)
2875 http cache p-locate@https://registry.npmjs.org/p-locate/-/p-locate-4.1.0.tgz 0ms (cache hit)
2876 http cache glob-parent@https://registry.npmjs.org/glob-parent/-/glob-parent-5.1.2.tgz 0ms (cache hit)
2877 http cache ignore@https://registry.npmjs.org/ignore/-/ignore-7.0.10.tgz 1ms (cache hit)
2878 http cache glob-parent@https://registry.npmjs.org/glob-parent/-/glob-parent-5.1.2.tgz 0ms (cache hit)
2879 http cache cookie@https://registry.npmjs.org/cookie/-/cookie-0.7.2.tgz 0ms (cache hit)
2880 http cache p-limit@https://registry.npmjs.org/p-limit/-/p-limit-2.3.0.tgz 0ms (cache hit)
2881 http cache loose-envify@https://registry.npmjs.org/loose-envify/-/loose-envify-1.4.0.tgz 0ms (cache hit)
2882 http cache rimraf@https://registry.npmjs.org/rimraf/-/rimraf-3.0.2.tgz 0ms (cache hit)
2883 http cache browserslist@https://registry.npmjs.org/browserslist/-/browserslist-4.29.3.tgz 0ms (cache hit)
2884 http cache update-browserslist-db@https://registry.npmjs.org/update-browserslist-db/-/update-browserslist-db-1.3.3.tgz 0ms (cache hit)
2885 http cache yargs-parser@https://registry.npmjs.org/yargs-parser/-/yargs-parser-18.1.3.tgz 0ms (cache hit)
2886 http cache is-weakset@https://registry.npmjs.org/is-weakset/-/is-weakset-2.0.4.tgz 0ms (cache hit)
2887 http cache is-weakmap@https://registry.npmjs.org/is-weakmap/-/is-weakmap-2.0.2.tgz 0ms (cache hit)
2888 http cache is-map@https://registry.npmjs.org/is-map/-/is-map-2.0.3.tgz 0ms (cache hit)
2889 http cache isexe@https://registry.npmjs.org/isexe/-/isexe-2.0.0.tgz 0ms (cache hit)
2890 http cache async-function@https://registry.npmjs.org/async-function/-/async-function-1.0.0.tgz 0ms (cache hit)
2891 http cache which-collection@https://registry.npmjs.org/which-collection/-/which-collection-1.0.2.tgz 0ms (cache hit)
2892 http cache is-bigint@https://registry.npmjs.org/is-bigint/-/is-bigint-1.1.0.tgz 0ms (cache hit)
2893 http cache is-generator-function@https://registry.npmjs.org/is-generator-function/-/is-generator-function-1.1.2.tgz 0ms (cache hit)
2894 http cache is-boolean-object@https://registry.npmjs.org/is-boolean-object/-/is-boolean-object-1.2.2.tgz 0ms (cache hit)
2895 http cache d3-path@https://registry.npmjs.org/d3-path/-/d3-path-3.1.0.tgz 0ms (cache hit)
2896 http cache is-async-function@https://registry.npmjs.org/is-async-function/-/is-async-function-2.1.1.tgz 0ms (cache hit)
2897 http cache generator-function@https://registry.npmjs.org/generator-function/-/generator-function-2.0.1.tgz 0ms (cache hit)
2898 http cache d3-time-format@https://registry.npmjs.org/d3-time-format/-/d3-time-format-4.1.0.tgz 0ms (cache hit)
2899 http cache is-number-object@https://registry.npmjs.org/is-number-object/-/is-number-object-1.1.1.tgz 0ms (cache hit)
2900 http cache d3-color@https://registry.npmjs.org/d3-color/-/d3-color-3.1.0.tgz 0ms (cache hit)
2901 http cache d3-timer@https://registry.npmjs.org/d3-timer/-/d3-timer-3.0.1.tgz 0ms (cache hit)
2902 http cache d3-time@https://registry.npmjs.org/d3-time/-/d3-time-3.1.0.tgz 1ms (cache hit)
2903 http cache is-finalizationregistry@https://registry.npmjs.org/is-finalizationregistry/-/is-finalizationregistry-1.1.1.tgz 0ms (cache hit)
2904 http cache escalade@https://registry.npmjs.org/escalade/-/escalade-3.2.0.tgz 0ms (cache hit)
2905 http cache which-boxed-primitive@https://registry.npmjs.org/which-boxed-primitive/-/which-boxed-primitive-1.1.1.tgz 0ms (cache hit)
2906 http cache d3-scale@https://registry.npmjs.org/d3-scale/-/d3-scale-4.0.2.tgz 0ms (cache hit)
2907 http cache internmap@https://registry.npmjs.org/internmap/-/internmap-2.0.3.tgz 0ms (cache hit)
2908 http cache has-bigints@https://registry.npmjs.org/has-bigints/-/has-bigints-1.1.0.tgz 0ms (cache hit)
2909 http cache for-each@https://registry.npmjs.org/for-each/-/for-each-0.3.5.tgz 0ms (cache hit)
2910 http cache d3-ease@https://registry.npmjs.org/d3-ease/-/d3-ease-3.0.1.tgz 0ms (cache hit)
2911 http cache pirates@https://registry.npmjs.org/pirates/-/pirates-4.0.7.tgz 0ms (cache hit)
2912 http cache lines-and-columns@https://registry.npmjs.org/lines-and-columns/-/lines-and-columns-1.2.4.tgz 0ms (cache hit)
2913 http cache minimist@https://registry.npmjs.org/minimist/-/minimist-1.2.8.tgz 1ms (cache hit)
2914 http cache reflect.getprototypeof@https://registry.npmjs.org/reflect.getprototypeof/-/reflect.getprototypeof-1.0.10.tgz 0ms (cache hit)
2915 http cache ts-interface-checker@https://registry.npmjs.org/ts-interface-checker/-/ts-interface-checker-0.1.13.tgz 0ms (cache hit)
2916 http cache which-builtin-type@https://registry.npmjs.org/which-builtin-type/-/which-builtin-type-1.2.1.tgz 0ms (cache hit)
2917 http cache any-promise@https://registry.npmjs.org/any-promise/-/any-promise-1.3.0.tgz 0ms (cache hit)
2918 http cache commander@https://registry.npmjs.org/commander/-/commander-4.1.1.tgz 0ms (cache hit)
2919 http cache d3-format@https://registry.npmjs.org/d3-format/-/d3-format-3.1.2.tgz 0ms (cache hit)
2920 http cache @jridgewell/sourcemap-codec@https://registry.npmjs.org/@jridgewell/sourcemap-codec/-/sourcemap-codec-1.6.0.tgz 0ms (cache hit)
2921 http cache postcss-load-config@https://registry.npmjs.org/postcss-load-config/-/postcss-load-config-6.0.1.tgz 0ms (cache hit)
2922 http cache object-hash@https://registry.npmjs.org/object-hash/-/object-hash-3.0.0.tgz 0ms (cache hit)
2923 http cache @jridgewell/trace-mapping@https://registry.npmjs.org/@jridgewell/trace-mapping/-/trace-mapping-0.3.31.tgz 0ms (cache hit)
2924 http cache postcss-import@https://registry.npmjs.org/postcss-import/-/postcss-import-15.1.0.tgz 0ms (cache hit)
2925 http cache dlv@https://registry.npmjs.org/dlv/-/dlv-1.1.3.tgz 0ms (cache hit)
2926 http cache chokidar@https://registry.npmjs.org/chokidar/-/chokidar-3.6.0.tgz 0ms (cache hit)
2927 http cache side-channel-list@https://registry.npmjs.org/side-channel-list/-/side-channel-list-1.0.1.tgz 0ms (cache hit)
2928 http cache side-channel-map@https://registry.npmjs.org/side-channel-map/-/side-channel-map-1.0.1.tgz 0ms (cache hit)
2929 http cache detect-libc@https://registry.npmjs.org/detect-libc/-/detect-libc-2.1.2.tgz 0ms (cache hit)
2930 http cache side-channel-weakmap@https://registry.npmjs.org/side-channel-weakmap/-/side-channel-weakmap-1.0.2.tgz 0ms (cache hit)
2931 http cache lilconfig@https://registry.npmjs.org/lilconfig/-/lilconfig-3.1.3.tgz 0ms (cache hit)
2932 http cache decimal.js-light@https://registry.npmjs.org/decimal.js-light/-/decimal.js-light-2.5.1.tgz 0ms (cache hit)
2933 http cache @img/sharp-win32-x64@https://registry.npmjs.org/@img/sharp-win32-x64/-/sharp-win32-x64-0.35.5.tgz 0ms (cache hit)
2934 http cache node-exports-info@https://registry.npmjs.org/node-exports-info/-/node-exports-info-1.6.2.tgz 0ms (cache hit)
2935 http cache clsx@https://registry.npmjs.org/clsx/-/clsx-2.1.1.tgz 0ms (cache hit)
2936 http cache supports-preserve-symlinks-flag@https://registry.npmjs.org/supports-preserve-symlinks-flag/-/supports-preserve-symlinks-flag-1.0.0.tgz 0ms (cache hit)
2937 http cache dijkstrajs@https://registry.npmjs.org/dijkstrajs/-/dijkstrajs-1.0.3.tgz 0ms (cache hit)
2938 http cache react-smooth@https://registry.npmjs.org/react-smooth/-/react-smooth-4.0.4.tgz 0ms (cache hit)
2939 http cache eventemitter3@https://registry.npmjs.org/eventemitter3/-/eventemitter3-4.0.7.tgz 0ms (cache hit)
2940 http cache scheduler@https://registry.npmjs.org/scheduler/-/scheduler-0.28.0.tgz 0ms (cache hit)
2941 http cache deep-is@https://registry.npmjs.org/deep-is/-/deep-is-0.1.4.tgz 0ms (cache hit)
2942 http cache balanced-match@https://registry.npmjs.org/balanced-match/-/balanced-match-1.0.2.tgz 0ms (cache hit)
2943 http cache sharp@https://registry.npmjs.org/sharp/-/sharp-0.35.5.tgz 0ms (cache hit)
2944 http cache @next/env@https://registry.npmjs.org/@next/env/-/env-15.5.26.tgz 0ms (cache hit)
2945 http cache react-is@https://registry.npmjs.org/react-is/-/react-is-16.13.1.tgz 0ms (cache hit)
2946 http cache type-check@https://registry.npmjs.org/type-check/-/type-check-0.4.0.tgz 1ms (cache hit)
2947 http cache set-function-name@https://registry.npmjs.org/set-function-name/-/set-function-name-2.0.2.tgz 0ms (cache hit)
2948 http cache concat-map@https://registry.npmjs.org/concat-map/-/concat-map-0.0.1.tgz 0ms (cache hit)
2949 http cache argparse@https://registry.npmjs.org/argparse/-/argparse-2.0.1.tgz 0ms (cache hit)
2950 http cache prelude-ls@https://registry.npmjs.org/prelude-ls/-/prelude-ls-1.2.1.tgz 0ms (cache hit)
2951 http cache picomatch@https://registry.npmjs.org/picomatch/-/picomatch-2.3.2.tgz 0ms (cache hit)
2952 http cache json-buffer@https://registry.npmjs.org/json-buffer/-/json-buffer-3.0.1.tgz 0ms (cache hit)
2953 http cache lodash@https://registry.npmjs.org/lodash/-/lodash-4.18.1.tgz 0ms (cache hit)
2954 http cache braces@https://registry.npmjs.org/braces/-/braces-3.0.3.tgz 0ms (cache hit)
2955 http cache dom-helpers@https://registry.npmjs.org/dom-helpers/-/dom-helpers-5.2.1.tgz 0ms (cache hit)
2956 http cache side-channel@https://registry.npmjs.org/side-channel/-/side-channel-1.1.1.tgz 0ms (cache hit)
2957 http cache source-map-js@https://registry.npmjs.org/source-map-js/-/source-map-js-1.2.1.tgz 0ms (cache hit)
2958 http cache dunder-proto@https://registry.npmjs.org/dunder-proto/-/dunder-proto-1.0.1.tgz 0ms (cache hit)
2959 http cache flat-cache@https://registry.npmjs.org/flat-cache/-/flat-cache-3.2.0.tgz 0ms (cache hit)
2960 http cache resolve-pkg-maps@https://registry.npmjs.org/resolve-pkg-maps/-/resolve-pkg-maps-1.0.0.tgz 0ms (cache hit)
2961 http cache is-document.all@https://registry.npmjs.org/is-document.all/-/is-document.all-1.0.0.tgz 0ms (cache hit)
2962 http cache string.prototype.repeat@https://registry.npmjs.org/string.prototype.repeat/-/string.prototype.repeat-1.0.0.tgz 0ms (cache hit)
2963 http cache iterator.prototype@https://registry.npmjs.org/iterator.prototype/-/iterator.prototype-1.1.5.tgz 0ms (cache hit)
2964 http cache type-fest@https://registry.npmjs.org/type-fest/-/type-fest-0.20.2.tgz 0ms (cache hit)
2965 http cache object.entries@https://registry.npmjs.org/object.entries/-/object.entries-1.1.9.tgz 0ms (cache hit)
2966 http cache language-tags@https://registry.npmjs.org/language-tags/-/language-tags-1.0.9.tgz 0ms (cache hit)
2967 http cache functions-have-names@https://registry.npmjs.org/functions-have-names/-/functions-have-names-1.2.3.tgz 0ms (cache hit)
2968 http cache string.prototype.matchall@https://registry.npmjs.org/string.prototype.matchall/-/string.prototype.matchall-4.1.0.tgz 0ms (cache hit)
2969 http cache keyv@https://registry.npmjs.org/keyv/-/keyv-4.5.4.tgz 0ms (cache hit)
2970 http cache array.prototype.findlast@https://registry.npmjs.org/array.prototype.findlast/-/array.prototype.findlast-1.2.5.tgz 0ms (cache hit)
2971 http cache damerau-levenshtein@https://registry.npmjs.org/damerau-levenshtein/-/damerau-levenshtein-1.0.8.tgz 0ms (cache hit)
2972 http cache is-symbol@https://registry.npmjs.org/is-symbol/-/is-symbol-1.1.1.tgz 0ms (cache hit)
2973 http cache ast-types-flow@https://registry.npmjs.org/ast-types-flow/-/ast-types-flow-0.0.8.tgz 0ms (cache hit)
2974 http cache array.prototype.tosorted@https://registry.npmjs.org/array.prototype.tosorted/-/array.prototype.tosorted-1.1.4.tgz 0ms (cache hit)
2975 http cache is-date-object@https://registry.npmjs.org/is-date-object/-/is-date-object-1.1.0.tgz 0ms (cache hit)
2976 http cache axe-core@https://registry.npmjs.org/axe-core/-/axe-core-4.13.0.tgz 0ms (cache hit)
2977 http cache which-typed-array@https://registry.npmjs.org/which-typed-array/-/which-typed-array-1.1.24.tgz 0ms (cache hit)
2978 http cache prop-types@https://registry.npmjs.org/prop-types/-/prop-types-15.8.1.tgz 0ms (cache hit)
2979 http cache possible-typed-array-names@https://registry.npmjs.org/possible-typed-array-names/-/possible-typed-array-names-1.1.0.tgz 0ms (cache hit)
2980 http cache typed-array-byte-offset@https://registry.npmjs.org/typed-array-byte-offset/-/typed-array-byte-offset-1.0.5.tgz 0ms (cache hit)
2981 http cache unbox-primitive@https://registry.npmjs.org/unbox-primitive/-/unbox-primitive-1.1.0.tgz 0ms (cache hit)
2982 http cache set-proto@https://registry.npmjs.org/set-proto/-/set-proto-1.0.0.tgz 0ms (cache hit)
2983 http cache emoji-regex@https://registry.npmjs.org/emoji-regex/-/emoji-regex-9.2.2.tgz 0ms (cache hit)
2984 http cache string.prototype.trim@https://registry.npmjs.org/string.prototype.trim/-/string.prototype.trim-1.2.11.tgz 0ms (cache hit)
2985 http cache typed-array-byte-length@https://registry.npmjs.org/typed-array-byte-length/-/typed-array-byte-length-1.0.3.tgz 0ms (cache hit)
2986 http cache safe-push-apply@https://registry.npmjs.org/safe-push-apply/-/safe-push-apply-1.0.0.tgz 0ms (cache hit)
2987 http cache safe-regex-test@https://registry.npmjs.org/safe-regex-test/-/safe-regex-test-1.1.0.tgz 0ms (cache hit)
2988 http cache string.prototype.trimstart@https://registry.npmjs.org/string.prototype.trimstart/-/string.prototype.trimstart-1.0.8.tgz 0ms (cache hit)
2989 http cache regexp.prototype.flags@https://registry.npmjs.org/regexp.prototype.flags/-/regexp.prototype.flags-1.5.4.tgz 0ms (cache hit)
2990 http cache es-abstract-get@https://registry.npmjs.org/es-abstract-get/-/es-abstract-get-1.0.0.tgz 1ms (cache hit)
2991 http cache safe-array-concat@https://registry.npmjs.org/safe-array-concat/-/safe-array-concat-1.1.4.tgz 0ms (cache hit)
2992 http cache is-shared-array-buffer@https://registry.npmjs.org/is-shared-array-buffer/-/is-shared-array-buffer-1.0.4.tgz 0ms (cache hit)
2993 http cache is-negative-zero@https://registry.npmjs.org/is-negative-zero/-/is-negative-zero-2.0.3.tgz 0ms (cache hit)
2994 http cache is-weakref@https://registry.npmjs.org/is-weakref/-/is-weakref-1.1.1.tgz 0ms (cache hit)
2995 http cache is-regex@https://registry.npmjs.org/is-regex/-/is-regex-1.2.1.tgz 0ms (cache hit)
2996 http cache is-data-view@https://registry.npmjs.org/is-data-view/-/is-data-view-1.0.2.tgz 0ms (cache hit)
2997 http cache stop-iteration-iterator@https://registry.npmjs.org/stop-iteration-iterator/-/stop-iteration-iterator-1.1.0.tgz 0ms (cache hit)
2998 http cache typed-array-buffer@https://registry.npmjs.org/typed-array-buffer/-/typed-array-buffer-1.0.3.tgz 0ms (cache hit)
2999 http cache is-array-buffer@https://registry.npmjs.org/is-array-buffer/-/is-array-buffer-3.0.5.tgz 0ms (cache hit)
3000 http cache object.assign@https://registry.npmjs.org/object.assign/-/object.assign-4.1.7.tgz 0ms (cache hit)
3001 http cache is-typed-array@https://registry.npmjs.org/is-typed-array/-/is-typed-array-1.1.15.tgz 0ms (cache hit)
3002 http cache has-proto@https://registry.npmjs.org/has-proto/-/has-proto-1.2.0.tgz 0ms (cache hit)
3003 http cache internal-slot@https://registry.npmjs.org/internal-slot/-/internal-slot-1.1.0.tgz 0ms (cache hit)
3004 http cache own-keys@https://registry.npmjs.org/own-keys/-/own-keys-1.0.2.tgz 0ms (cache hit)
3005 http cache get-symbol-description@https://registry.npmjs.org/get-symbol-description/-/get-symbol-description-1.1.0.tgz 0ms (cache hit)
3006 http cache typed-array-length@https://registry.npmjs.org/typed-array-length/-/typed-array-length-1.0.8.tgz 0ms (cache hit)
3007 http cache es-set-tostringtag@https://registry.npmjs.org/es-set-tostringtag/-/es-set-tostringtag-2.1.0.tgz 0ms (cache hit)
3008 http cache data-view-byte-offset@https://registry.npmjs.org/data-view-byte-offset/-/data-view-byte-offset-1.0.1.tgz 0ms (cache hit)
3009 http cache is-set@https://registry.npmjs.org/is-set/-/is-set-2.0.3.tgz 0ms (cache hit)
3010 http cache function.prototype.name@https://registry.npmjs.org/function.prototype.name/-/function.prototype.name-1.2.0.tgz 0ms (cache hit)
3011 http cache data-view-byte-length@https://registry.npmjs.org/data-view-byte-length/-/data-view-byte-length-1.0.2.tgz 0ms (cache hit)
3012 http cache gopd@https://registry.npmjs.org/gopd/-/gopd-1.2.0.tgz 0ms (cache hit)
3013 http cache is-callable@https://registry.npmjs.org/is-callable/-/is-callable-1.2.7.tgz 0ms (cache hit)
3014 http cache has-property-descriptors@https://registry.npmjs.org/has-property-descriptors/-/has-property-descriptors-1.0.2.tgz 0ms (cache hit)
3015 http cache set-function-length@https://registry.npmjs.org/set-function-length/-/set-function-length-1.2.2.tgz 0ms (cache hit)
3016 http cache object-keys@https://registry.npmjs.org/object-keys/-/object-keys-1.1.1.tgz 0ms (cache hit)
3017 http cache array-buffer-byte-length@https://registry.npmjs.org/array-buffer-byte-length/-/array-buffer-byte-length-1.0.2.tgz 0ms (cache hit)
3018 http cache data-view-buffer@https://registry.npmjs.org/data-view-buffer/-/data-view-buffer-1.0.2.tgz 0ms (cache hit)
3019 http cache define-data-property@https://registry.npmjs.org/define-data-property/-/define-data-property-1.1.4.tgz 0ms (cache hit)
3020 http cache es-define-property@https://registry.npmjs.org/es-define-property/-/es-define-property-1.0.1.tgz 0ms (cache hit)
3021 http cache available-typed-arrays@https://registry.npmjs.org/available-typed-arrays/-/available-typed-arrays-1.0.7.tgz 0ms (cache hit)
3022 http cache arraybuffer.prototype.slice@https://registry.npmjs.org/arraybuffer.prototype.slice/-/arraybuffer.prototype.slice-1.0.4.tgz 0ms (cache hit)
3023 http cache es-errors@https://registry.npmjs.org/es-errors/-/es-errors-1.3.0.tgz 0ms (cache hit)
3024 http cache es-to-primitive@https://registry.npmjs.org/es-to-primitive/-/es-to-primitive-1.3.4.tgz 0ms (cache hit)
3025 http cache es-shim-unscopables@https://registry.npmjs.org/es-shim-unscopables/-/es-shim-unscopables-1.1.0.tgz 0ms (cache hit)
3026 http cache function-bind@https://registry.npmjs.org/function-bind/-/function-bind-1.1.2.tgz 0ms (cache hit)
3027 http cache globalthis@https://registry.npmjs.org/globalthis/-/globalthis-1.0.4.tgz 0ms (cache hit)
3028 http cache is-string@https://registry.npmjs.org/is-string/-/is-string-1.1.1.tgz 0ms (cache hit)
3029 http cache call-bound@https://registry.npmjs.org/call-bound/-/call-bound-1.0.4.tgz 0ms (cache hit)
3030 http cache object.groupby@https://registry.npmjs.org/object.groupby/-/object.groupby-1.0.3.tgz 0ms (cache hit)
3031 http cache object.values@https://registry.npmjs.org/object.values/-/object.values-1.2.1.tgz 0ms (cache hit)
3032 http cache math-intrinsics@https://registry.npmjs.org/math-intrinsics/-/math-intrinsics-1.1.0.tgz 0ms (cache hit)
3033 http cache hasown@https://registry.npmjs.org/hasown/-/hasown-2.0.4.tgz 0ms (cache hit)
3034 http cache object.fromentries@https://registry.npmjs.org/object.fromentries/-/object.fromentries-2.0.8.tgz 0ms (cache hit)
3035 http cache call-bind@https://registry.npmjs.org/call-bind/-/call-bind-1.0.9.tgz 0ms (cache hit)
3036 http cache get-intrinsic@https://registry.npmjs.org/get-intrinsic/-/get-intrinsic-1.3.0.tgz 0ms (cache hit)
3037 http cache array.prototype.flatmap@https://registry.npmjs.org/array.prototype.flatmap/-/array.prototype.flatmap-1.3.3.tgz 0ms (cache hit)
3038 http cache array.prototype.flat@https://registry.npmjs.org/array.prototype.flat/-/array.prototype.flat-1.3.3.tgz 0ms (cache hit)
3039 http cache array.prototype.findlastindex@https://registry.npmjs.org/array.prototype.findlastindex/-/array.prototype.findlastindex-1.2.6.tgz 0ms (cache hit)
3040 http cache stable-hash@https://registry.npmjs.org/stable-hash/-/stable-hash-0.0.5.tgz 0ms (cache hit)
3041 http cache string.prototype.trimend@https://registry.npmjs.org/string.prototype.trimend/-/string.prototype.trimend-1.0.10.tgz 0ms (cache hit)
3042 http cache define-properties@https://registry.npmjs.org/define-properties/-/define-properties-1.2.1.tgz 0ms (cache hit)
3043 http cache get-tsconfig@https://registry.npmjs.org/get-tsconfig/-/get-tsconfig-4.14.3.tgz 0ms (cache hit)
3044 http cache @typescript-eslint/project-service@https://registry.npmjs.org/@typescript-eslint/project-service/-/project-service-8.71.0.tgz 0ms (cache hit)
3045 http cache @typescript-eslint/tsconfig-utils@https://registry.npmjs.org/@typescript-eslint/tsconfig-utils/-/tsconfig-utils-8.71.0.tgz 0ms (cache hit)
3046 http cache array-includes@https://registry.npmjs.org/array-includes/-/array-includes-3.2.0.tgz 0ms (cache hit)
3047 http cache is-bun-module@https://registry.npmjs.org/is-bun-module/-/is-bun-module-2.0.0.tgz 0ms (cache hit)
3048 http cache @typescript-eslint/parser@https://registry.npmjs.org/@typescript-eslint/parser/-/parser-8.71.0.tgz 1ms (cache hit)
3049 http cache @typescript-eslint/visitor-keys@https://registry.npmjs.org/@typescript-eslint/visitor-keys/-/visitor-keys-8.71.0.tgz 0ms (cache hit)
3050 http cache eslint-plugin-react-hooks@https://registry.npmjs.org/eslint-plugin-react-hooks/-/eslint-plugin-react-hooks-5.2.0.tgz 0ms (cache hit)
3051 http cache ts-api-utils@https://registry.npmjs.org/ts-api-utils/-/ts-api-utils-2.5.0.tgz 0ms (cache hit)
3052 http cache eslint-import-resolver-typescript@https://registry.npmjs.org/eslint-import-resolver-typescript/-/eslint-import-resolver-typescript-3.10.1.tgz 0ms (cache hit)
3053 http cache tinyglobby@https://registry.npmjs.org/tinyglobby/-/tinyglobby-0.2.17.tgz 0ms (cache hit)
3054 http cache call-bind-apply-helpers@https://registry.npmjs.org/call-bind-apply-helpers/-/call-bind-apply-helpers-1.0.2.tgz 0ms (cache hit)
3055 http cache fast-json-stable-stringify@https://registry.npmjs.org/fast-json-stable-stringify/-/fast-json-stable-stringify-2.1.0.tgz 0ms (cache hit)
3056 http cache optionator@https://registry.npmjs.org/optionator/-/optionator-0.9.4.tgz 0ms (cache hit)
3057 http cache levn@https://registry.npmjs.org/levn/-/levn-0.4.1.tgz 0ms (cache hit)
3058 http cache text-table@https://registry.npmjs.org/text-table/-/text-table-0.2.0.tgz 0ms (cache hit)
3059 http cache fastq@https://registry.npmjs.org/fastq/-/fastq-1.20.3.tgz 0ms (cache hit)
3060 http cache es-object-atoms@https://registry.npmjs.org/es-object-atoms/-/es-object-atoms-1.1.2.tgz 0ms (cache hit)
3061 http cache esutils@https://registry.npmjs.org/esutils/-/esutils-2.0.3.tgz 0ms (cache hit)
3062 http cache json-stable-stringify-without-jsonify@https://registry.npmjs.org/json-stable-stringify-without-jsonify/-/json-stable-stringify-without-jsonify-1.0.1.tgz 0ms (cache hit)
3063 http cache fast-deep-equal@https://registry.npmjs.org/fast-deep-equal/-/fast-deep-equal-3.1.3.tgz 0ms (cache hit)
3064 http cache esquery@https://registry.npmjs.org/esquery/-/esquery-1.7.0.tgz 0ms (cache hit)
3065 http cache eslint-visitor-keys@https://registry.npmjs.org/eslint-visitor-keys/-/eslint-visitor-keys-3.4.3.tgz 0ms (cache hit)
3066 http cache espree@https://registry.npmjs.org/espree/-/espree-9.6.1.tgz 0ms (cache hit)
3067 http cache debug@https://registry.npmjs.org/debug/-/debug-4.4.3.tgz 0ms (cache hit)
3068 http cache chalk@https://registry.npmjs.org/chalk/-/chalk-4.1.2.tgz 0ms (cache hit)
3069 http cache doctrine@https://registry.npmjs.org/doctrine/-/doctrine-3.0.0.tgz 0ms (cache hit)
3070 http cache @humanwhocodes/object-schema@https://registry.npmjs.org/@humanwhocodes/object-schema/-/object-schema-2.0.3.tgz 0ms (cache hit)
3071 http cache @humanwhocodes/module-importer@https://registry.npmjs.org/@humanwhocodes/module-importer/-/module-importer-1.0.1.tgz 0ms (cache hit)
3072 http cache fraction.js@https://registry.npmjs.org/fraction.js/-/fraction.js-5.3.4.tgz 0ms (cache hit)
3073 http cache graphemer@https://registry.npmjs.org/graphemer/-/graphemer-1.4.0.tgz 0ms (cache hit)
3074 http cache postcss-value-parser@https://registry.npmjs.org/postcss-value-parser/-/postcss-value-parser-4.2.0.tgz 0ms (cache hit)
3075 http cache iceberg-js@https://registry.npmjs.org/iceberg-js/-/iceberg-js-0.8.1.tgz 0ms (cache hit)
3076 http cache tslib@https://registry.npmjs.org/tslib/-/tslib-2.8.1.tgz 0ms (cache hit)
3077 http cache eslint-scope@https://registry.npmjs.org/eslint-scope/-/eslint-scope-7.2.2.tgz 0ms (cache hit)
3078 http cache react-dom@https://registry.npmjs.org/react-dom/-/react-dom-19.3.0.tgz 0ms (cache hit)
3079 http cache react@https://registry.npmjs.org/react/-/react-19.3.0.tgz 0ms (cache hit)
3080 http cache @types/react-dom@https://registry.npmjs.org/@types/react-dom/-/react-dom-19.3.0.tgz 0ms (cache hit)
3081 http cache @types/qrcode@https://registry.npmjs.org/@types/qrcode/-/qrcode-1.5.6.tgz 0ms (cache hit)
3082 http cache postcss@https://registry.npmjs.org/postcss/-/postcss-8.5.28.tgz 0ms (cache hit)
3083 http cache @types/react@https://registry.npmjs.org/@types/react/-/react-19.3.0.tgz 0ms (cache hit)
3084 http cache emoji-regex@https://registry.npmjs.org/emoji-regex/-/emoji-regex-8.0.0.tgz 0ms (cache hit)
3085 http cache picomatch@https://registry.npmjs.org/picomatch/-/picomatch-4.0.7.tgz 0ms (cache hit)
3086 http cache fdir@https://registry.npmjs.org/fdir/-/fdir-6.5.0.tgz 0ms (cache hit)
3087 http cache debug@https://registry.npmjs.org/debug/-/debug-3.2.7.tgz 0ms (cache hit)
3088 http cache doctrine@https://registry.npmjs.org/doctrine/-/doctrine-2.1.0.tgz 0ms (cache hit)
3089 http cache doctrine@https://registry.npmjs.org/doctrine/-/doctrine-2.1.0.tgz 0ms (cache hit)
3090 http cache debug@https://registry.npmjs.org/debug/-/debug-3.2.7.tgz 1ms (cache hit)
3091 http cache eslint-visitor-keys@https://registry.npmjs.org/eslint-visitor-keys/-/eslint-visitor-keys-5.0.1.tgz 0ms (cache hit)
3092 http cache get-proto@https://registry.npmjs.org/get-proto/-/get-proto-1.0.1.tgz 0ms (cache hit)
3093 http cache react-is@https://registry.npmjs.org/react-is/-/react-is-18.3.1.tgz 1ms (cache hit)
3094 http cache debug@https://registry.npmjs.org/debug/-/debug-3.2.7.tgz 0ms (cache hit)
3095 http cache @types/node@https://registry.npmjs.org/@types/node/-/node-20.19.43.tgz 0ms (cache hit)
3096 http cache json5@https://registry.npmjs.org/json5/-/json5-1.0.2.tgz 0ms (cache hit)
3097 http cache cssesc@https://registry.npmjs.org/cssesc/-/cssesc-3.0.0.tgz 0ms (cache hit)
3098 http cache napi-postinstall@https://registry.npmjs.org/napi-postinstall/-/napi-postinstall-0.3.4.tgz 0ms (cache hit)
3099 http cache acorn@https://registry.npmjs.org/acorn/-/acorn-8.18.0.tgz 0ms (cache hit)
3100 http cache semver@https://registry.npmjs.org/semver/-/semver-7.8.5.tgz 0ms (cache hit)
3101 http cache which@https://registry.npmjs.org/which/-/which-2.0.2.tgz 0ms (cache hit)
3102 http cache baseline-browser-mapping@https://registry.npmjs.org/baseline-browser-mapping/-/baseline-browser-mapping-2.11.26.tgz 0ms (cache hit)
3103 http cache ua-parser-js@https://registry.npmjs.org/ua-parser-js/-/ua-parser-js-1.0.41.tgz 0ms (cache hit)
3104 http cache nanoid@https://registry.npmjs.org/nanoid/-/nanoid-5.1.16.tgz 0ms (cache hit)
3105 http cache semver@https://registry.npmjs.org/semver/-/semver-6.3.1.tgz 0ms (cache hit)
3106 http cache semver@https://registry.npmjs.org/semver/-/semver-6.3.1.tgz 0ms (cache hit)
3107 http cache semver@https://registry.npmjs.org/semver/-/semver-6.3.1.tgz 0ms (cache hit)
3108 http cache postcss@https://registry.npmjs.org/postcss/-/postcss-8.4.31.tgz 0ms (cache hit)
3109 http cache nanoid@https://registry.npmjs.org/nanoid/-/nanoid-3.3.19.tgz 2ms (cache hit)
3110 http cache nanoid@https://registry.npmjs.org/nanoid/-/nanoid-3.3.19.tgz 0ms (cache hit)
3111 http cache d3-interpolate@https://registry.npmjs.org/d3-interpolate/-/d3-interpolate-3.0.1.tgz 0ms (cache hit)
3112 http cache d3-array@https://registry.npmjs.org/d3-array/-/d3-array-3.2.4.tgz 0ms (cache hit)
3113 http cache d3-shape@https://registry.npmjs.org/d3-shape/-/d3-shape-3.2.0.tgz 0ms (cache hit)
3114 http cache @jridgewell/resolve-uri@https://registry.npmjs.org/@jridgewell/resolve-uri/-/resolve-uri-3.1.2.tgz 0ms (cache hit)
3115 http cache @jridgewell/gen-mapping@https://registry.npmjs.org/@jridgewell/gen-mapping/-/gen-mapping-0.3.13.tgz 0ms (cache hit)
3116 http cache postcss-selector-parser@https://registry.npmjs.org/postcss-selector-parser/-/postcss-selector-parser-6.1.4.tgz 0ms (cache hit)
3117 http cache react-transition-group@https://registry.npmjs.org/react-transition-group/-/react-transition-group-4.4.5.tgz 1ms (cache hit)
3118 http cache yargs@https://registry.npmjs.org/yargs/-/yargs-15.4.1.tgz 0ms (cache hit)
3119 http cache recharts-scale@https://registry.npmjs.org/recharts-scale/-/recharts-scale-0.4.5.tgz 0ms (cache hit)
3120 http cache fast-equals@https://registry.npmjs.org/fast-equals/-/fast-equals-5.4.3.tgz 0ms (cache hit)
3121 http cache styled-jsx@https://registry.npmjs.org/styled-jsx/-/styled-jsx-5.1.6.tgz 0ms (cache hit)
3122 http cache tiny-invariant@https://registry.npmjs.org/tiny-invariant/-/tiny-invariant-1.3.3.tgz 0ms (cache hit)
3123 http cache @babel/runtime@https://registry.npmjs.org/@babel/runtime/-/runtime-7.29.7.tgz 0ms (cache hit)
3124 http cache language-subtag-registry@https://registry.npmjs.org/language-subtag-registry/-/language-subtag-registry-0.3.23.tgz 0ms (cache hit)
3125 http cache reusify@https://registry.npmjs.org/reusify/-/reusify-1.1.0.tgz 0ms (cache hit)
3126 http cache es-iterator-helpers@https://registry.npmjs.org/es-iterator-helpers/-/es-iterator-helpers-1.4.0.tgz 0ms (cache hit)
3127 http cache string.prototype.includes@https://registry.npmjs.org/string.prototype.includes/-/string.prototype.includes-2.0.1.tgz 0ms (cache hit)
3128 http cache @swc/helpers@https://registry.npmjs.org/@swc/helpers/-/helpers-0.5.15.tgz 0ms (cache hit)
3129 http cache has-tostringtag@https://registry.npmjs.org/has-tostringtag/-/has-tostringtag-1.0.2.tgz 0ms (cache hit)
3130 http cache has-symbols@https://registry.npmjs.org/has-symbols/-/has-symbols-1.1.0.tgz 0ms (cache hit)
3131 http cache object-inspect@https://registry.npmjs.org/object-inspect/-/object-inspect-1.13.4.tgz 0ms (cache hit)
3132 http cache pngjs@https://registry.npmjs.org/pngjs/-/pngjs-5.0.0.tgz 0ms (cache hit)
3133 http cache @typescript-eslint/types@https://registry.npmjs.org/@typescript-eslint/types/-/types-8.71.0.tgz 0ms (cache hit)
3134 http cache eslint-plugin-react@https://registry.npmjs.org/eslint-plugin-react/-/eslint-plugin-react-7.37.5.tgz 0ms (cache hit)
3135 http cache @next/eslint-plugin-next@https://registry.npmjs.org/@next/eslint-plugin-next/-/eslint-plugin-next-15.5.26.tgz 0ms (cache hit)
3136 http cache @typescript-eslint/scope-manager@https://registry.npmjs.org/@typescript-eslint/scope-manager/-/scope-manager-8.71.0.tgz 0ms (cache hit)
3137 http cache json-schema-traverse@https://registry.npmjs.org/json-schema-traverse/-/json-schema-traverse-0.4.1.tgz 0ms (cache hit)
3138 http cache @typescript-eslint/type-utils@https://registry.npmjs.org/@typescript-eslint/type-utils/-/type-utils-8.71.0.tgz 0ms (cache hit)
3139 http cache @nodelib/fs.stat@https://registry.npmjs.org/@nodelib/fs.stat/-/fs.stat-2.0.5.tgz 0ms (cache hit)
3140 http cache @nodelib/fs.scandir@https://registry.npmjs.org/@nodelib/fs.scandir/-/fs.scandir-2.1.5.tgz 1ms (cache hit)
3141 http cache @typescript-eslint/typescript-estree@https://registry.npmjs.org/@typescript-eslint/typescript-estree/-/typescript-estree-8.71.0.tgz 0ms (cache hit)
3142 http cache eslint-plugin-import@https://registry.npmjs.org/eslint-plugin-import/-/eslint-plugin-import-2.32.0.tgz 0ms (cache hit)
3143 http cache cross-spawn@https://registry.npmjs.org/cross-spawn/-/cross-spawn-7.0.6.tgz 0ms (cache hit)
3144 http cache @eslint/js@https://registry.npmjs.org/@eslint/js/-/js-8.57.1.tgz 0ms (cache hit)
3145 http cache ajv@https://registry.npmjs.org/ajv/-/ajv-6.15.0.tgz 0ms (cache hit)
3146 http cache @ungap/structured-clone@https://registry.npmjs.org/@ungap/structured-clone/-/structured-clone-1.4.0.tgz 0ms (cache hit)
3147 http cache @eslint/eslintrc@https://registry.npmjs.org/@eslint/eslintrc/-/eslintrc-2.1.4.tgz 0ms (cache hit)
3148 http cache node-releases@https://registry.npmjs.org/node-releases/-/node-releases-2.0.57.tgz 0ms (cache hit)
3149 http cache caniuse-lite@https://registry.npmjs.org/caniuse-lite/-/caniuse-lite-1.0.30001814.tgz 0ms (cache hit)
3150 http cache @nodelib/fs.walk@https://registry.npmjs.org/@nodelib/fs.walk/-/fs.walk-1.2.8.tgz 0ms (cache hit)
3151 http cache @supabase/functions-js@https://registry.npmjs.org/@supabase/functions-js/-/functions-js-2.117.2.tgz 0ms (cache hit)
3152 http cache balanced-match@https://registry.npmjs.org/balanced-match/-/balanced-match-4.0.4.tgz 0ms (cache hit)
3153 http cache brace-expansion@https://registry.npmjs.org/brace-expansion/-/brace-expansion-5.0.12.tgz 0ms (cache hit)
3154 http cache minimatch@https://registry.npmjs.org/minimatch/-/minimatch-10.2.6.tgz 0ms (cache hit)
3155 http cache jiti@https://registry.npmjs.org/jiti/-/jiti-1.21.7.tgz 0ms (cache hit)
3156 http cache js-yaml@https://registry.npmjs.org/js-yaml/-/js-yaml-4.3.2.tgz 0ms (cache hit)
3157 http cache autoprefixer@https://registry.npmjs.org/autoprefixer/-/autoprefixer-10.6.1.tgz 0ms (cache hit)
3158 verbose audit error FetchError: request to https://registry.npmjs.org/-/npm/v1/security/advisories/bulk failed, reason: read ECONNRESET
3158 verbose audit error     at ClientRequest.<anonymous> (C:\Program Files\nodejs\node_modules\npm\node_modules\minipass-fetch\lib\index.js:130:14)
3158 verbose audit error     at ClientRequest.emit (node:events:509:28)
3158 verbose audit error     at emitErrorEvent (node:_http_client:112:11)
3158 verbose audit error     at _destroy (node:_http_client:1144:9)
3158 verbose audit error     at onSocketNT (node:_http_client:1165:5)
3158 verbose audit error     at process.processTicksAndRejections (node:internal/process/task_queues:91:21) {
3158 verbose audit error   code: 'ECONNRESET',
3158 verbose audit error   errno: 'ECONNRESET',
3158 verbose audit error   syscall: 'read',
3158 verbose audit error   type: 'system'
3158 verbose audit error }
3159 silly audit error undefined
3160 silly audit report null
3161 http cache flatted@https://registry.npmjs.org/flatted/-/flatted-3.4.4.tgz 0ms (cache hit)
3162 http cache jsx-ast-utils@https://registry.npmjs.org/jsx-ast-utils/-/jsx-ast-utils-3.3.5.tgz 0ms (cache hit)
3163 http cache axobject-query@https://registry.npmjs.org/axobject-query/-/axobject-query-4.1.0.tgz 0ms (cache hit)
3164 http cache tsconfig-paths@https://registry.npmjs.org/tsconfig-paths/-/tsconfig-paths-3.15.0.tgz 0ms (cache hit)
3165 http cache @typescript-eslint/utils@https://registry.npmjs.org/@typescript-eslint/utils/-/utils-8.71.0.tgz 0ms (cache hit)
3166 http cache fast-glob@https://registry.npmjs.org/fast-glob/-/fast-glob-3.3.1.tgz 0ms (cache hit)
3167 http cache @typescript-eslint/eslint-plugin@https://registry.npmjs.org/@typescript-eslint/eslint-plugin/-/eslint-plugin-8.71.0.tgz 0ms (cache hit)
3168 http cache uri-js@https://registry.npmjs.org/uri-js/-/uri-js-4.4.1.tgz 0ms (cache hit)
3169 http cache @supabase/postgrest-js@https://registry.npmjs.org/@supabase/postgrest-js/-/postgrest-js-2.117.2.tgz 0ms (cache hit)
3170 http cache @supabase/storage-js@https://registry.npmjs.org/@supabase/storage-js/-/storage-js-2.117.2.tgz 0ms (cache hit)
3171 http cache @supabase/phoenix@https://registry.npmjs.org/@supabase/phoenix/-/phoenix-0.4.5.tgz 0ms (cache hit)
3172 http cache @supabase/ssr@https://registry.npmjs.org/@supabase/ssr/-/ssr-0.5.2.tgz 0ms (cache hit)
3173 http cache @supabase/realtime-js@https://registry.npmjs.org/@supabase/realtime-js/-/realtime-js-2.117.2.tgz 0ms (cache hit)
3174 http cache fast-glob@https://registry.npmjs.org/fast-glob/-/fast-glob-3.3.3.tgz 0ms (cache hit)
3175 http cache qrcode@https://registry.npmjs.org/qrcode/-/qrcode-1.5.4.tgz 0ms (cache hit)
3176 http cache tailwindcss@https://registry.npmjs.org/tailwindcss/-/tailwindcss-3.4.19.tgz 0ms (cache hit)
3177 http cache victory-vendor@https://registry.npmjs.org/victory-vendor/-/victory-vendor-36.9.2.tgz 0ms (cache hit)
3178 http cache aria-query@https://registry.npmjs.org/aria-query/-/aria-query-5.3.2.tgz 0ms (cache hit)
3179 http cache eslint-plugin-jsx-a11y@https://registry.npmjs.org/eslint-plugin-jsx-a11y/-/eslint-plugin-jsx-a11y-6.10.2.tgz 0ms (cache hit)
3180 http cache @rushstack/eslint-patch@https://registry.npmjs.org/@rushstack/eslint-patch/-/eslint-patch-1.16.1.tgz 0ms (cache hit)
3181 warn deprecated inflight@1.0.6: This module is not supported, and leaks memory. Do not use it. Check out lru-cache if you want a good and tested way to coalesce async requests by a key value, which is much more comprehensive and powerful.
3182 http cache @supabase/supabase-js@https://registry.npmjs.org/@supabase/supabase-js/-/supabase-js-2.117.2.tgz 0ms (cache hit)
3183 http cache sucrase@https://registry.npmjs.org/sucrase/-/sucrase-3.35.1.tgz 1ms (cache hit)
3184 http cache resolve@https://registry.npmjs.org/resolve/-/resolve-2.0.0-next.7.tgz 0ms (cache hit)
3185 http cache resolve@https://registry.npmjs.org/resolve/-/resolve-1.22.12.tgz 0ms (cache hit)
3186 http cache resolve@https://registry.npmjs.org/resolve/-/resolve-1.22.12.tgz 0ms (cache hit)
3187 warn deprecated @humanwhocodes/config-array@0.13.0: Use @eslint/config-array instead
3188 warn deprecated rimraf@3.0.2: Rimraf versions prior to v4 are no longer supported
3189 warn deprecated glob@7.2.3: Old versions of glob are not supported, and contain widely publicized security vulnerabilities, which have been fixed in the current version. Please update. Support for old versions may be purchased (at exorbitant rates) by contacting i@izs.me
3190 warn deprecated @humanwhocodes/object-schema@2.0.3: Use @eslint/object-schema instead
3191 verbose stack Error: ENOTEMPTY: directory not empty, rmdir 'C:\Users\ricar\Documents\Codex\2026-09-30\build-a-link-shortener-with-click\node_modules\es-abstract\2017'
3192 error code ENOTEMPTY
3193 error syscall rmdir
3194 error path C:\Users\ricar\Documents\Codex\2026-09-30\build-a-link-shortener-with-click\node_modules\es-abstract\2017
3195 error errno -4051
3196 error ENOTEMPTY: directory not empty, rmdir 'C:\Users\ricar\Documents\Codex\2026-09-30\build-a-link-shortener-with-click\node_modules\es-abstract\2017'
3197 silly unfinished npm timer reify 1790766557543
3198 silly unfinished npm timer reify:unpack 1790766717186
3199 silly unfinished npm timer reifyNode:node_modules/es-abstract 1790766717212
3200 silly unfinished npm timer reifyNode:node_modules/@supabase/auth-js 1790766717216
3201 silly unfinished npm timer reifyNode:node_modules/zod 1790766717216
3202 silly unfinished npm timer reifyNode:node_modules/typescript 1790766717216
3203 silly unfinished npm timer reifyNode:node_modules/recharts 1790766717216
3204 silly unfinished npm timer reifyNode:node_modules/next 1790766717216
3205 silly unfinished npm timer reifyNode:node_modules/eslint 1790766717216
3206 verbose cwd C:\Users\ricar\Documents\Codex\2026-09-30\build-a-link-shortener-with-click
3207 verbose os Windows_NT 10.0.26200
3208 verbose node v24.19.0
3209 verbose npm  v11.17.0
3210 verbose exit -4051
3211 verbose code -4051
3212 error A complete log of this run can be found in: C:\Users\ricar\Documents\Codex\2026-09-30\build-a-link-shortener-with-click\work\npm-cache\_logs\2026-09-30T11_09_16_759Z-debug-0.log
