0 verbose cli C:\Program Files\nodejs\node.exe C:\Program Files\nodejs\node_modules\npm\bin\npm-cli.js
1 info using npm@11.17.0
2 info using node@v24.19.0
3 silly config load:file:C:\Program Files\nodejs\node_modules\npm\npmrc
4 silly config load:file:C:\Users\ricar\Documents\Codex\2026-09-30\build-a-link-shortener-with-click\.npmrc
5 silly config load:file:C:\Users\ricar\.npmrc
6 silly config load:file:C:\Users\ricar\AppData\Roaming\npm\etc\npmrc
7 verbose title npm install
8 verbose argv "install" "--fetch-retries" "5" "--fetch-retry-mintimeout" "1000"
9 verbose logfile logs-max:10 dir:C:\Users\ricar\Documents\Codex\2026-09-30\build-a-link-shortener-with-click\work\npm-cache\_logs\2026-09-30T11_06_07_019Z-
10 verbose logfile C:\Users\ricar\Documents\Codex\2026-09-30\build-a-link-shortener-with-click\work\npm-cache\_logs\2026-09-30T11_06_07_019Z-debug-0.log
11 silly logfile done cleaning log files
12 silly packumentCache heap:4496293888 maxSize:1124073472 maxEntrySize:562036736
13 silly idealTree buildDeps
14 silly fetch manifest @supabase/ssr@^0.5.2
15 silly packumentCache full:https://registry.npmjs.org/@supabase%2fssr cache-miss
16 http cache https://registry.npmjs.org/@supabase%2fssr 21ms (cache hit)
17 silly packumentCache full:https://registry.npmjs.org/@supabase%2fssr set size:261164 disposed:false
18 silly fetch manifest @supabase/supabase-js@^2.45.4
19 silly packumentCache full:https://registry.npmjs.org/@supabase%2fsupabase-js cache-miss
20 http cache https://registry.npmjs.org/@supabase%2fsupabase-js 16ms (cache hit)
21 silly packumentCache full:https://registry.npmjs.org/@supabase%2fsupabase-js set size:4066375 disposed:false
22 silly fetch manifest @opentelemetry/api@>=1.0.0
23 silly packumentCache full:https://registry.npmjs.org/@opentelemetry%2fapi cache-miss
24 http cache https://registry.npmjs.org/@opentelemetry%2fapi 7ms (cache hit)
25 silly packumentCache full:https://registry.npmjs.org/@opentelemetry%2fapi set size:272967 disposed:false
26 silly fetch manifest next@^15.1.0
27 silly packumentCache full:https://registry.npmjs.org/next cache-miss
28 http cache https://registry.npmjs.org/next 94ms (cache hit)
29 silly packumentCache full:https://registry.npmjs.org/next set size:31333372 disposed:false
30 silly fetch manifest @opentelemetry/api@^1.1.0
31 silly packumentCache full:https://registry.npmjs.org/@opentelemetry%2fapi cache-hit
32 silly fetch manifest @playwright/test@^1.51.1
33 silly packumentCache full:https://registry.npmjs.org/@playwright%2ftest cache-miss
34 http cache https://registry.npmjs.org/@playwright%2ftest 37ms (cache hit)
35 silly packumentCache full:https://registry.npmjs.org/@playwright%2ftest set size:9576275 disposed:false
36 silly fetch manifest babel-plugin-react-compiler@*
37 silly packumentCache full:https://registry.npmjs.org/babel-plugin-react-compiler cache-miss
38 http cache https://registry.npmjs.org/babel-plugin-react-compiler 12ms (cache hit)
39 silly packumentCache full:https://registry.npmjs.org/babel-plugin-react-compiler set size:1356999 disposed:false
40 silly fetch manifest react@^19.0.0
41 silly packumentCache full:https://registry.npmjs.org/react cache-miss
42 http cache https://registry.npmjs.org/react 24ms (cache hit)
43 silly packumentCache full:https://registry.npmjs.org/react set size:7011585 disposed:false
44 silly fetch manifest react-dom@^19.0.0
45 silly packumentCache full:https://registry.npmjs.org/react-dom cache-miss
46 http cache https://registry.npmjs.org/react-dom 34ms (cache hit)
47 silly packumentCache full:https://registry.npmjs.org/react-dom set size:9447690 disposed:false
48 silly fetch manifest sass@^1.3.0
49 silly packumentCache full:https://registry.npmjs.org/sass cache-miss
50 http cache https://registry.npmjs.org/sass 11ms (cache hit)
51 silly packumentCache full:https://registry.npmjs.org/sass set size:756819 disposed:false
52 silly fetch manifest nanoid@^5.0.7
53 silly packumentCache full:https://registry.npmjs.org/nanoid cache-miss
54 http cache https://registry.npmjs.org/nanoid 10ms (cache hit)
55 silly packumentCache full:https://registry.npmjs.org/nanoid set size:345858 disposed:false
56 silly fetch manifest qrcode@^1.5.4
57 silly packumentCache full:https://registry.npmjs.org/qrcode cache-miss
58 http cache https://registry.npmjs.org/qrcode 11ms (cache hit)
59 silly packumentCache full:https://registry.npmjs.org/qrcode set size:131489 disposed:false
60 silly fetch manifest recharts@^2.12.7
61 silly packumentCache full:https://registry.npmjs.org/recharts cache-miss
62 http cache https://registry.npmjs.org/recharts 18ms (cache hit)
63 silly packumentCache full:https://registry.npmjs.org/recharts set size:1480357 disposed:false
64 silly fetch manifest ua-parser-js@^1.0.39
65 silly packumentCache full:https://registry.npmjs.org/ua-parser-js cache-miss
66 http cache https://registry.npmjs.org/ua-parser-js 9ms (cache hit)
67 silly packumentCache full:https://registry.npmjs.org/ua-parser-js set size:719507 disposed:false
68 silly fetch manifest zod@^3.23.8
69 silly packumentCache full:https://registry.npmjs.org/zod cache-miss
70 http cache https://registry.npmjs.org/zod 15ms (cache hit)
71 silly packumentCache full:https://registry.npmjs.org/zod set size:4166672 disposed:false
72 silly fetch manifest @types/node@^20.14.15
73 silly packumentCache full:https://registry.npmjs.org/@types%2fnode cache-miss
74 http cache https://registry.npmjs.org/@types%2fnode 31ms (cache hit)
75 silly packumentCache full:https://registry.npmjs.org/@types%2fnode set size:11157642 disposed:false
76 silly fetch manifest @types/qrcode@^1.5.5
77 silly packumentCache full:https://registry.npmjs.org/@types%2fqrcode cache-miss
78 http cache https://registry.npmjs.org/@types%2fqrcode 6ms (cache hit)
79 silly packumentCache full:https://registry.npmjs.org/@types%2fqrcode set size:46163 disposed:false
80 silly fetch manifest @types/react@^19.0.0
81 silly packumentCache full:https://registry.npmjs.org/@types%2freact cache-miss
82 http cache https://registry.npmjs.org/@types%2freact 13ms (cache hit)
83 silly packumentCache full:https://registry.npmjs.org/@types%2freact set size:2642161 disposed:false
84 silly fetch manifest @types/react-dom@^19.0.0
85 silly packumentCache full:https://registry.npmjs.org/@types%2freact-dom cache-miss
86 http cache https://registry.npmjs.org/@types%2freact-dom 16ms (cache hit)
87 silly packumentCache full:https://registry.npmjs.org/@types%2freact-dom set size:444872 disposed:false
88 silly fetch manifest autoprefixer@^10.4.20
89 silly packumentCache full:https://registry.npmjs.org/autoprefixer cache-miss
90 http cache https://registry.npmjs.org/autoprefixer 10ms (cache hit)
91 silly packumentCache full:https://registry.npmjs.org/autoprefixer set size:1414323 disposed:false
92 silly fetch manifest postcss@^8.4.40
93 silly packumentCache full:https://registry.npmjs.org/postcss cache-miss
94 http cache https://registry.npmjs.org/postcss 9ms (cache hit)
95 silly packumentCache full:https://registry.npmjs.org/postcss set size:766699 disposed:false
96 silly fetch manifest eslint@^8.57.0
97 silly packumentCache full:https://registry.npmjs.org/eslint cache-miss
98 http cache https://registry.npmjs.org/eslint 11ms (cache hit)
99 silly packumentCache full:https://registry.npmjs.org/eslint set size:2085131 disposed:false
100 silly fetch manifest eslint-config-next@^15.1.0
101 silly packumentCache full:https://registry.npmjs.org/eslint-config-next cache-miss
102 http cache https://registry.npmjs.org/eslint-config-next 21ms (cache hit)
103 silly packumentCache full:https://registry.npmjs.org/eslint-config-next set size:7294052 disposed:false
104 silly fetch manifest typescript@^5.5.4
105 silly packumentCache full:https://registry.npmjs.org/typescript cache-miss
106 http cache https://registry.npmjs.org/typescript 43ms (cache hit)
107 silly packumentCache full:https://registry.npmjs.org/typescript set size:15735824 disposed:false
108 silly fetch manifest tailwindcss@^3.4.7
109 silly packumentCache full:https://registry.npmjs.org/tailwindcss cache-miss
110 http cache https://registry.npmjs.org/tailwindcss 30ms (cache hit)
111 silly packumentCache full:https://registry.npmjs.org/tailwindcss set size:10893093 disposed:false
112 silly placeDep ROOT @supabase/ssr@0.5.2 OK for: shortly-analytics@1.0.0 want: ^0.5.2
113 silly placeDep ROOT @supabase/supabase-js@2.117.2 OK for: @supabase/ssr@0.5.2 want: ^2.43.4
114 silly placeDep ROOT @types/node@20.19.43 OK for: shortly-analytics@1.0.0 want: ^20.14.15
115 silly placeDep ROOT @types/qrcode@1.5.6 OK for: shortly-analytics@1.0.0 want: ^1.5.5
116 silly placeDep ROOT @types/react@19.3.0 OK for: shortly-analytics@1.0.0 want: ^19.0.0
117 silly placeDep ROOT @types/react-dom@19.3.0 OK for: shortly-analytics@1.0.0 want: ^19.0.0
118 silly placeDep ROOT autoprefixer@10.6.1 OK for: shortly-analytics@1.0.0 want: ^10.4.20
119 silly placeDep ROOT postcss@8.5.28 OK for: autoprefixer@10.6.1 want: ^8.1.0
120 silly placeDep ROOT eslint@8.57.1 OK for: shortly-analytics@1.0.0 want: ^8.57.0
121 silly placeDep ROOT eslint-config-next@15.5.26 OK for: shortly-analytics@1.0.0 want: ^15.1.0
122 silly placeDep ROOT nanoid@5.1.16 OK for: shortly-analytics@1.0.0 want: ^5.0.7
123 silly placeDep ROOT next@15.5.26 OK for: shortly-analytics@1.0.0 want: ^15.1.0
124 silly placeDep ROOT react@19.3.0 OK for: next@15.5.26 want: ^18.2.0 || 19.0.0-rc-de68d2f4-20241204 || ^19.0.0
125 silly placeDep ROOT react-dom@19.3.0 OK for: next@15.5.26 want: ^18.2.0 || 19.0.0-rc-de68d2f4-20241204 || ^19.0.0
126 silly placeDep ROOT qrcode@1.5.4 OK for: shortly-analytics@1.0.0 want: ^1.5.4
127 silly placeDep ROOT recharts@2.15.4 OK for: shortly-analytics@1.0.0 want: ^2.12.7
128 silly placeDep ROOT tailwindcss@3.4.19 OK for: shortly-analytics@1.0.0 want: ^3.4.7
129 silly placeDep ROOT typescript@5.9.3 OK for: shortly-analytics@1.0.0 want: ^5.5.4
130 silly placeDep ROOT ua-parser-js@1.0.41 OK for: shortly-analytics@1.0.0 want: ^1.0.39
131 silly placeDep ROOT zod@3.25.76 OK for: shortly-analytics@1.0.0 want: ^3.23.8
132 silly fetch manifest cookie@^0.7.0
133 silly packumentCache full:https://registry.npmjs.org/cookie cache-miss
134 silly fetch manifest @types/cookie@^0.6.0
135 silly packumentCache full:https://registry.npmjs.org/@types%2fcookie cache-miss
136 silly fetch manifest @supabase/auth-js@2.117.2
137 silly packumentCache full:https://registry.npmjs.org/@supabase%2fauth-js cache-miss
138 silly fetch manifest @supabase/storage-js@2.117.2
139 silly packumentCache full:https://registry.npmjs.org/@supabase%2fstorage-js cache-miss
140 silly fetch manifest @supabase/realtime-js@2.117.2
141 silly packumentCache full:https://registry.npmjs.org/@supabase%2frealtime-js cache-miss
142 silly fetch manifest @supabase/functions-js@2.117.2
143 silly packumentCache full:https://registry.npmjs.org/@supabase%2ffunctions-js cache-miss
144 silly fetch manifest @supabase/postgrest-js@2.117.2
145 silly packumentCache full:https://registry.npmjs.org/@supabase%2fpostgrest-js cache-miss
146 silly fetch manifest undici-types@~6.21.0
147 silly packumentCache full:https://registry.npmjs.org/undici-types cache-miss
148 silly fetch manifest csstype@^3.2.2
149 silly packumentCache full:https://registry.npmjs.org/csstype cache-miss
150 silly fetch manifest picocolors@^1.1.1
151 silly packumentCache full:https://registry.npmjs.org/picocolors cache-miss
152 silly fetch manifest fraction.js@^5.3.4
153 silly packumentCache full:https://registry.npmjs.org/fraction.js cache-miss
154 http cache https://registry.npmjs.org/@types%2fcookie 46ms (cache hit)
155 silly packumentCache full:https://registry.npmjs.org/@types%2fcookie set size:39348 disposed:false
156 silly fetch manifest browserslist@^4.28.9
157 silly packumentCache full:https://registry.npmjs.org/browserslist cache-miss
158 http cache https://registry.npmjs.org/cookie 50ms (cache hit)
159 silly packumentCache full:https://registry.npmjs.org/cookie set size:78274 disposed:false
160 silly fetch manifest caniuse-lite@^1.0.30001810
161 silly packumentCache full:https://registry.npmjs.org/caniuse-lite cache-miss
162 http cache https://registry.npmjs.org/@supabase%2fstorage-js 54ms (cache hit)
163 silly packumentCache full:https://registry.npmjs.org/@supabase%2fstorage-js set size:1667362 disposed:false
164 silly fetch manifest postcss-value-parser@^4.2.0
165 silly packumentCache full:https://registry.npmjs.org/postcss-value-parser cache-miss
166 http cache https://registry.npmjs.org/@supabase%2fauth-js 68ms (cache hit)
167 silly packumentCache full:https://registry.npmjs.org/@supabase%2fauth-js set size:1668327 disposed:false
168 silly fetch manifest nanoid@^3.3.18
169 silly packumentCache full:https://registry.npmjs.org/nanoid cache-hit
170 silly fetch manifest picocolors@^1.1.1
171 silly packumentCache full:https://registry.npmjs.org/picocolors cache-miss
172 http cache https://registry.npmjs.org/picocolors 76ms (cache hit)
173 silly packumentCache full:https://registry.npmjs.org/picocolors set size:16648 disposed:false
174 silly fetch manifest source-map-js@^1.2.1
175 silly packumentCache full:https://registry.npmjs.org/source-map-js cache-miss
176 http cache https://registry.npmjs.org/browserslist 46ms (cache hit)
177 silly packumentCache full:https://registry.npmjs.org/browserslist set size:530436 disposed:false
178 silly fetch manifest ajv@^6.12.4
179 silly packumentCache full:https://registry.npmjs.org/ajv cache-miss
180 http cache https://registry.npmjs.org/picocolors 20ms (cache hit)
181 silly packumentCache full:https://registry.npmjs.org/picocolors set size:16648 disposed:false
182 silly packumentCache full:https://registry.npmjs.org/picocolors dispose
183 silly fetch manifest levn@^0.4.1
184 silly packumentCache full:https://registry.npmjs.org/levn cache-miss
185 http cache https://registry.npmjs.org/postcss-value-parser 37ms (cache hit)
186 silly packumentCache full:https://registry.npmjs.org/postcss-value-parser set size:73526 disposed:false
187 silly fetch manifest chalk@^4.0.0
188 silly packumentCache full:https://registry.npmjs.org/chalk cache-miss
189 http cache https://registry.npmjs.org/caniuse-lite 55ms (cache hit)
190 silly packumentCache full:https://registry.npmjs.org/caniuse-lite set size:2319807 disposed:false
191 silly fetch manifest debug@^4.3.2
192 silly packumentCache full:https://registry.npmjs.org/debug cache-miss
193 http cache https://registry.npmjs.org/source-map-js 38ms (cache hit)
194 silly packumentCache full:https://registry.npmjs.org/source-map-js set size:62640 disposed:false
195 silly fetch manifest espree@^9.6.1
196 silly packumentCache full:https://registry.npmjs.org/espree cache-miss
197 http cache https://registry.npmjs.org/levn 29ms (cache hit)
198 silly packumentCache full:https://registry.npmjs.org/levn set size:28223 disposed:false
199 silly fetch manifest ignore@^5.2.0
200 silly packumentCache full:https://registry.npmjs.org/ignore cache-miss
201 http cache https://registry.npmjs.org/ajv 33ms (cache hit)
202 silly packumentCache full:https://registry.npmjs.org/ajv set size:1142658 disposed:false
203 silly fetch manifest esquery@^1.4.2
204 silly packumentCache full:https://registry.npmjs.org/esquery cache-miss
205 http cache https://registry.npmjs.org/chalk 41ms (cache hit)
206 silly packumentCache full:https://registry.npmjs.org/chalk set size:137439 disposed:false
207 silly fetch manifest esutils@^2.0.2
208 silly packumentCache full:https://registry.npmjs.org/esutils cache-miss
209 http cache https://registry.npmjs.org/debug 29ms (cache hit)
210 silly packumentCache full:https://registry.npmjs.org/debug set size:195840 disposed:false
211 silly fetch manifest find-up@^5.0.0
212 silly packumentCache full:https://registry.npmjs.org/find-up cache-miss
213 http cache https://registry.npmjs.org/espree 31ms (cache hit)
214 silly packumentCache full:https://registry.npmjs.org/espree set size:326080 disposed:false
215 silly fetch manifest globals@^13.19.0
216 silly packumentCache full:https://registry.npmjs.org/globals cache-miss
217 http cache https://registry.npmjs.org/ignore 33ms (cache hit)
218 silly packumentCache full:https://registry.npmjs.org/ignore set size:259019 disposed:false
219 silly fetch manifest is-glob@^4.0.0
220 silly packumentCache full:https://registry.npmjs.org/is-glob cache-miss
221 http cache https://registry.npmjs.org/esutils 22ms (cache hit)
222 silly packumentCache full:https://registry.npmjs.org/esutils set size:29522 disposed:false
223 silly fetch manifest js-yaml@^4.1.0
224 silly packumentCache full:https://registry.npmjs.org/js-yaml cache-miss
225 http cache https://registry.npmjs.org/esquery 27ms (cache hit)
226 silly packumentCache full:https://registry.npmjs.org/esquery set size:48888 disposed:false
227 silly fetch manifest doctrine@^3.0.0
228 silly packumentCache full:https://registry.npmjs.org/doctrine cache-miss
229 http cache https://registry.npmjs.org/find-up 24ms (cache hit)
230 silly packumentCache full:https://registry.npmjs.org/find-up set size:42620 disposed:false
231 silly fetch manifest graphemer@^1.4.0
232 silly packumentCache full:https://registry.npmjs.org/graphemer cache-miss
233 http cache https://registry.npmjs.org/globals 23ms (cache hit)
234 silly packumentCache full:https://registry.npmjs.org/globals set size:338968 disposed:false
235 silly fetch manifest minimatch@^3.1.2
236 silly packumentCache full:https://registry.npmjs.org/minimatch cache-miss
237 http cache https://registry.npmjs.org/js-yaml 18ms (cache hit)
238 silly packumentCache full:https://registry.npmjs.org/js-yaml set size:198692 disposed:false
239 silly fetch manifest @eslint/js@8.57.1
240 silly packumentCache full:https://registry.npmjs.org/@eslint%2fjs cache-miss
241 http cache https://registry.npmjs.org/is-glob 25ms (cache hit)
242 silly packumentCache full:https://registry.npmjs.org/is-glob set size:40530 disposed:false
243 silly fetch manifest optionator@^0.9.3
244 silly packumentCache full:https://registry.npmjs.org/optionator cache-miss
245 http cache https://registry.npmjs.org/doctrine 23ms (cache hit)
246 silly packumentCache full:https://registry.npmjs.org/doctrine set size:64052 disposed:false
247 silly fetch manifest strip-ansi@^6.0.1
248 silly packumentCache full:https://registry.npmjs.org/strip-ansi cache-miss
249 http cache https://registry.npmjs.org/graphemer 21ms (cache hit)
250 silly packumentCache full:https://registry.npmjs.org/graphemer set size:25853 disposed:false
251 silly fetch manifest text-table@^0.2.0
252 silly packumentCache full:https://registry.npmjs.org/text-table cache-miss
253 http cache https://registry.npmjs.org/minimatch 19ms (cache hit)
254 silly packumentCache full:https://registry.npmjs.org/minimatch set size:377924 disposed:false
255 silly fetch manifest cross-spawn@^7.0.2
256 silly packumentCache full:https://registry.npmjs.org/cross-spawn cache-miss
257 http cache https://registry.npmjs.org/@eslint%2fjs 19ms (cache hit)
258 silly packumentCache full:https://registry.npmjs.org/@eslint%2fjs set size:141633 disposed:false
259 silly fetch manifest glob-parent@^6.0.2
260 silly packumentCache full:https://registry.npmjs.org/glob-parent cache-miss
261 http cache https://registry.npmjs.org/strip-ansi 16ms (cache hit)
262 silly packumentCache full:https://registry.npmjs.org/strip-ansi set size:44998 disposed:false
263 silly fetch manifest imurmurhash@^0.1.4
264 silly packumentCache full:https://registry.npmjs.org/imurmurhash cache-miss
265 http cache https://registry.npmjs.org/optionator 20ms (cache hit)
266 silly packumentCache full:https://registry.npmjs.org/optionator set size:49651 disposed:false
267 silly fetch manifest eslint-scope@^7.2.2
268 silly packumentCache full:https://registry.npmjs.org/eslint-scope cache-miss
269 http cache https://registry.npmjs.org/text-table 20ms (cache hit)
270 silly packumentCache full:https://registry.npmjs.org/text-table set size:20701 disposed:false
271 silly fetch manifest lodash.merge@^4.6.2
272 silly packumentCache full:https://registry.npmjs.org/lodash.merge cache-miss
273 http cache https://registry.npmjs.org/cross-spawn 17ms (cache hit)
274 silly packumentCache full:https://registry.npmjs.org/cross-spawn set size:109066 disposed:false
275 silly fetch manifest is-path-inside@^3.0.3
276 silly packumentCache full:https://registry.npmjs.org/is-path-inside cache-miss
277 http cache https://registry.npmjs.org/glob-parent 17ms (cache hit)
278 silly packumentCache full:https://registry.npmjs.org/glob-parent set size:42445 disposed:false
279 silly fetch manifest fast-deep-equal@^3.1.3
280 silly packumentCache full:https://registry.npmjs.org/fast-deep-equal cache-miss
281 http cache https://registry.npmjs.org/imurmurhash 17ms (cache hit)
282 silly packumentCache full:https://registry.npmjs.org/imurmurhash set size:35819 disposed:false
283 silly fetch manifest natural-compare@^1.4.0
284 silly packumentCache full:https://registry.npmjs.org/natural-compare cache-miss
285 http cache https://registry.npmjs.org/eslint-scope 17ms (cache hit)
286 silly packumentCache full:https://registry.npmjs.org/eslint-scope set size:98867 disposed:false
287 silly fetch manifest @eslint/eslintrc@^2.1.4
288 silly packumentCache full:https://registry.npmjs.org/@eslint%2feslintrc cache-miss
289 http cache https://registry.npmjs.org/lodash.merge 19ms (cache hit)
290 silly packumentCache full:https://registry.npmjs.org/lodash.merge set size:78575 disposed:false
291 silly fetch manifest @nodelib/fs.walk@^1.2.8
292 silly packumentCache full:https://registry.npmjs.org/@nodelib%2ffs.walk cache-miss
293 http cache https://registry.npmjs.org/is-path-inside 19ms (cache hit)
294 silly packumentCache full:https://registry.npmjs.org/is-path-inside set size:23585 disposed:false
295 silly fetch manifest file-entry-cache@^6.0.1
296 silly packumentCache full:https://registry.npmjs.org/file-entry-cache cache-miss
297 http cache https://registry.npmjs.org/fast-deep-equal 17ms (cache hit)
298 silly packumentCache full:https://registry.npmjs.org/fast-deep-equal set size:48634 disposed:false
299 silly fetch manifest eslint-visitor-keys@^3.4.3
300 silly packumentCache full:https://registry.npmjs.org/eslint-visitor-keys cache-miss
301 http cache https://registry.npmjs.org/@eslint%2feslintrc 16ms (cache hit)
302 silly packumentCache full:https://registry.npmjs.org/@eslint%2feslintrc set size:174680 disposed:false
303 silly fetch manifest escape-string-regexp@^4.0.0
304 silly packumentCache full:https://registry.npmjs.org/escape-string-regexp cache-miss
305 http cache https://registry.npmjs.org/natural-compare 22ms (cache hit)
306 silly packumentCache full:https://registry.npmjs.org/natural-compare set size:7852 disposed:false
307 silly fetch manifest @ungap/structured-clone@^1.2.0
308 silly packumentCache full:https://registry.npmjs.org/@ungap%2fstructured-clone cache-miss
309 http cache https://registry.npmjs.org/@nodelib%2ffs.walk 19ms (cache hit)
310 silly packumentCache full:https://registry.npmjs.org/@nodelib%2ffs.walk set size:41589 disposed:false
311 silly fetch manifest @eslint-community/regexpp@^4.6.1
312 silly packumentCache full:https://registry.npmjs.org/@eslint-community%2fregexpp cache-miss
313 http cache https://registry.npmjs.org/file-entry-cache 19ms (cache hit)
314 silly packumentCache full:https://registry.npmjs.org/file-entry-cache set size:127681 disposed:false
315 silly fetch manifest @humanwhocodes/config-array@^0.13.0
316 silly packumentCache full:https://registry.npmjs.org/@humanwhocodes%2fconfig-array cache-miss
317 http cache https://registry.npmjs.org/eslint-visitor-keys 17ms (cache hit)
318 silly packumentCache full:https://registry.npmjs.org/eslint-visitor-keys set size:69949 disposed:false
319 silly fetch manifest @eslint-community/eslint-utils@^4.2.0
320 silly packumentCache full:https://registry.npmjs.org/@eslint-community%2feslint-utils cache-miss
321 http cache https://registry.npmjs.org/escape-string-regexp 16ms (cache hit)
322 silly packumentCache full:https://registry.npmjs.org/escape-string-regexp set size:22244 disposed:false
323 silly fetch manifest @humanwhocodes/module-importer@^1.0.1
324 silly packumentCache full:https://registry.npmjs.org/@humanwhocodes%2fmodule-importer cache-miss
325 http cache https://registry.npmjs.org/@ungap%2fstructured-clone 18ms (cache hit)
326 silly packumentCache full:https://registry.npmjs.org/@ungap%2fstructured-clone set size:68313 disposed:false
327 silly fetch manifest json-stable-stringify-without-jsonify@^1.0.1
328 silly packumentCache full:https://registry.npmjs.org/json-stable-stringify-without-jsonify cache-miss
329 http cache https://registry.npmjs.org/@eslint-community%2fregexpp 17ms (cache hit)
330 silly packumentCache full:https://registry.npmjs.org/@eslint-community%2fregexpp set size:106609 disposed:false
331 silly fetch manifest eslint-plugin-react@^7.37.0
332 silly packumentCache full:https://registry.npmjs.org/eslint-plugin-react cache-miss
333 http cache https://registry.npmjs.org/@humanwhocodes%2fconfig-array 17ms (cache hit)
334 silly packumentCache full:https://registry.npmjs.org/@humanwhocodes%2fconfig-array set size:139493 disposed:false
335 silly fetch manifest eslint-plugin-import@^2.31.0
336 silly packumentCache full:https://registry.npmjs.org/eslint-plugin-import cache-miss
337 http cache https://registry.npmjs.org/@eslint-community%2feslint-utils 17ms (cache hit)
338 silly packumentCache full:https://registry.npmjs.org/@eslint-community%2feslint-utils set size:108339 disposed:false
339 silly fetch manifest eslint-plugin-jsx-a11y@^6.10.0
340 silly packumentCache full:https://registry.npmjs.org/eslint-plugin-jsx-a11y cache-miss
341 http cache https://registry.npmjs.org/@humanwhocodes%2fmodule-importer 18ms (cache hit)
342 silly packumentCache full:https://registry.npmjs.org/@humanwhocodes%2fmodule-importer set size:9516 disposed:false
343 silly fetch manifest @rushstack/eslint-patch@^1.10.3
344 silly packumentCache full:https://registry.npmjs.org/@rushstack%2feslint-patch cache-miss
345 http cache https://registry.npmjs.org/json-stable-stringify-without-jsonify 20ms (cache hit)
346 silly packumentCache full:https://registry.npmjs.org/json-stable-stringify-without-jsonify set size:5808 disposed:false
347 silly fetch manifest @next/eslint-plugin-next@15.5.26
348 silly packumentCache full:https://registry.npmjs.org/@next%2feslint-plugin-next cache-miss
349 http cache https://registry.npmjs.org/eslint-plugin-react 17ms (cache hit)
350 silly packumentCache full:https://registry.npmjs.org/eslint-plugin-react set size:646827 disposed:false
351 silly fetch manifest @typescript-eslint/parser@^5.4.2 || ^6.0.0 || ^7.0.0 || ^8.0.0
352 silly packumentCache full:https://registry.npmjs.org/@typescript-eslint%2fparser cache-miss
353 http cache https://registry.npmjs.org/eslint-plugin-import 24ms (cache hit)
354 silly packumentCache full:https://registry.npmjs.org/eslint-plugin-import set size:484928 disposed:false
355 silly fetch manifest eslint-plugin-react-hooks@^5.0.0
356 silly packumentCache full:https://registry.npmjs.org/eslint-plugin-react-hooks cache-miss
357 http cache https://registry.npmjs.org/eslint-plugin-jsx-a11y 28ms (cache hit)
358 silly packumentCache full:https://registry.npmjs.org/eslint-plugin-jsx-a11y set size:280052 disposed:false
359 silly fetch manifest eslint-import-resolver-node@^0.3.6
360 silly packumentCache full:https://registry.npmjs.org/eslint-import-resolver-node cache-miss
361 http cache https://registry.npmjs.org/@rushstack%2feslint-patch 30ms (cache hit)
362 silly packumentCache full:https://registry.npmjs.org/@rushstack%2feslint-patch set size:114289 disposed:false
363 silly fetch manifest @typescript-eslint/eslint-plugin@^5.4.2 || ^6.0.0 || ^7.0.0 || ^8.0.0
364 silly packumentCache full:https://registry.npmjs.org/@typescript-eslint%2feslint-plugin cache-miss
365 http cache https://registry.npmjs.org/@next%2feslint-plugin-next 54ms (cache hit)
366 silly packumentCache full:https://registry.npmjs.org/@next%2feslint-plugin-next set size:7246967 disposed:false
367 silly fetch manifest eslint-import-resolver-typescript@^3.5.2
368 silly packumentCache full:https://registry.npmjs.org/eslint-import-resolver-typescript cache-miss
369 http cache https://registry.npmjs.org/@typescript-eslint%2fparser 142ms (cache hit)
370 silly packumentCache full:https://registry.npmjs.org/@typescript-eslint%2fparser set size:15937189 disposed:false
371 silly fetch manifest postcss@8.4.31
372 silly packumentCache full:https://registry.npmjs.org/postcss cache-hit
373 silly fetch manifest @next/env@15.5.26
374 silly packumentCache full:https://registry.npmjs.org/@next%2fenv cache-miss
375 http cache https://registry.npmjs.org/eslint-plugin-react-hooks 232ms (cache hit)
376 silly packumentCache full:https://registry.npmjs.org/eslint-plugin-react-hooks set size:7843679 disposed:false
377 silly fetch manifest styled-jsx@5.1.6
378 silly packumentCache full:https://registry.npmjs.org/styled-jsx cache-miss
379 http cache https://registry.npmjs.org/eslint-import-resolver-node 271ms (cache hit)
380 silly packumentCache full:https://registry.npmjs.org/eslint-import-resolver-node set size:39118 disposed:false
381 silly fetch manifest @swc/helpers@0.5.15
382 silly packumentCache full:https://registry.npmjs.org/@swc%2fhelpers cache-miss
383 http cache https://registry.npmjs.org/@typescript-eslint%2feslint-plugin 317ms (cache hit)
384 silly packumentCache full:https://registry.npmjs.org/@typescript-eslint%2feslint-plugin set size:18972727 disposed:false
385 silly fetch manifest caniuse-lite@^1.0.30001579
386 silly packumentCache full:https://registry.npmjs.org/caniuse-lite cache-miss
387 http cache https://registry.npmjs.org/eslint-import-resolver-typescript 312ms (cache hit)
388 silly packumentCache full:https://registry.npmjs.org/eslint-import-resolver-typescript set size:337167 disposed:false
389 silly fetch manifest sharp@^0.34.3 || ^0.35.4
390 silly packumentCache full:https://registry.npmjs.org/sharp cache-miss
391 http cache https://registry.npmjs.org/@next%2fenv 211ms (cache hit)
392 silly packumentCache full:https://registry.npmjs.org/@next%2fenv set size:7745539 disposed:false
393 silly fetch manifest @next/swc-darwin-x64@15.5.26
394 silly packumentCache full:https://registry.npmjs.org/@next%2fswc-darwin-x64 cache-miss
395 http cache https://registry.npmjs.org/styled-jsx 195ms (cache hit)
396 silly packumentCache full:https://registry.npmjs.org/styled-jsx set size:436113 disposed:false
397 silly fetch manifest @next/swc-darwin-arm64@15.5.26
398 silly packumentCache full:https://registry.npmjs.org/@next%2fswc-darwin-arm64 cache-miss
399 http cache https://registry.npmjs.org/@swc%2fhelpers 199ms (cache hit)
400 silly packumentCache full:https://registry.npmjs.org/@swc%2fhelpers set size:775458 disposed:false
401 silly fetch manifest @next/swc-linux-x64-gnu@15.5.26
402 silly packumentCache full:https://registry.npmjs.org/@next%2fswc-linux-x64-gnu cache-miss
403 http cache https://registry.npmjs.org/sharp 74ms (cache hit)
404 silly packumentCache full:https://registry.npmjs.org/sharp set size:1250806 disposed:false
405 silly fetch manifest @next/swc-linux-x64-musl@15.5.26
406 silly packumentCache full:https://registry.npmjs.org/@next%2fswc-linux-x64-musl cache-miss
407 http cache https://registry.npmjs.org/caniuse-lite 94ms (cache hit)
408 silly packumentCache full:https://registry.npmjs.org/caniuse-lite set size:2319807 disposed:false
409 silly fetch manifest @next/swc-win32-x64-msvc@15.5.26
410 silly packumentCache full:https://registry.npmjs.org/@next%2fswc-win32-x64-msvc cache-miss
411 http cache https://registry.npmjs.org/@next%2fswc-darwin-x64 76ms (cache hit)
412 silly packumentCache full:https://registry.npmjs.org/@next%2fswc-darwin-x64 set size:5621621 disposed:false
413 silly fetch manifest @next/swc-linux-arm64-gnu@15.5.26
414 silly packumentCache full:https://registry.npmjs.org/@next%2fswc-linux-arm64-gnu cache-miss
415 http cache https://registry.npmjs.org/@next%2fswc-darwin-arm64 106ms (cache hit)
416 silly packumentCache full:https://registry.npmjs.org/@next%2fswc-darwin-arm64 set size:5682777 disposed:false
417 silly fetch manifest @next/swc-linux-arm64-musl@15.5.26
418 silly packumentCache full:https://registry.npmjs.org/@next%2fswc-linux-arm64-musl cache-miss
419 http cache https://registry.npmjs.org/@next%2fswc-linux-x64-gnu 133ms (cache hit)
420 silly packumentCache full:https://registry.npmjs.org/@next%2fswc-linux-x64-gnu set size:5737426 disposed:false
421 silly fetch manifest @next/swc-win32-arm64-msvc@15.5.26
422 silly packumentCache full:https://registry.npmjs.org/@next%2fswc-win32-arm64-msvc cache-miss
423 http cache https://registry.npmjs.org/@next%2fswc-linux-x64-musl 159ms (cache hit)
424 silly packumentCache full:https://registry.npmjs.org/@next%2fswc-linux-x64-musl set size:5492988 disposed:false
425 silly fetch manifest scheduler@^0.28.0
426 silly packumentCache full:https://registry.npmjs.org/scheduler cache-miss
427 http cache https://registry.npmjs.org/@next%2fswc-win32-x64-msvc 173ms (cache hit)
428 silly packumentCache full:https://registry.npmjs.org/@next%2fswc-win32-x64-msvc set size:5707673 disposed:false
429 silly fetch manifest pngjs@^5.0.0
430 silly packumentCache full:https://registry.npmjs.org/pngjs cache-miss
431 http cache https://registry.npmjs.org/@next%2fswc-linux-arm64-gnu 185ms (cache hit)
432 silly packumentCache full:https://registry.npmjs.org/@next%2fswc-linux-arm64-gnu set size:5542791 disposed:false
433 silly fetch manifest yargs@^15.3.1
434 silly packumentCache full:https://registry.npmjs.org/yargs cache-miss
435 http cache https://registry.npmjs.org/@next%2fswc-linux-arm64-musl 187ms (cache hit)
436 silly packumentCache full:https://registry.npmjs.org/@next%2fswc-linux-arm64-musl set size:5562703 disposed:false
437 silly fetch manifest dijkstrajs@^1.0.1
438 silly packumentCache full:https://registry.npmjs.org/dijkstrajs cache-miss
439 http cache https://registry.npmjs.org/@next%2fswc-win32-arm64-msvc 187ms (cache hit)
440 silly packumentCache full:https://registry.npmjs.org/@next%2fswc-win32-arm64-msvc set size:5523684 disposed:false
441 silly fetch manifest clsx@^2.0.0
442 silly packumentCache full:https://registry.npmjs.org/clsx cache-miss
443 http cache https://registry.npmjs.org/pngjs 135ms (cache hit)
444 silly packumentCache full:https://registry.npmjs.org/pngjs set size:70154 disposed:false
445 silly fetch manifest lodash@^4.17.21
446 silly packumentCache full:https://registry.npmjs.org/lodash cache-miss
447 http cache https://registry.npmjs.org/dijkstrajs 48ms (cache hit)
448 silly packumentCache full:https://registry.npmjs.org/dijkstrajs set size:10832 disposed:false
449 silly fetch manifest react-is@^18.3.1
450 silly packumentCache full:https://registry.npmjs.org/react-is cache-miss
451 http cache https://registry.npmjs.org/clsx 12ms (cache hit)
452 silly packumentCache full:https://registry.npmjs.org/clsx set size:42531 disposed:false
453 silly fetch manifest react-smooth@^4.0.4
454 silly packumentCache full:https://registry.npmjs.org/react-smooth cache-miss
455 http cache https://registry.npmjs.org/yargs 89ms (cache hit)
456 silly packumentCache full:https://registry.npmjs.org/yargs set size:763370 disposed:false
457 silly fetch manifest eventemitter3@^4.0.1
458 silly packumentCache full:https://registry.npmjs.org/eventemitter3 cache-miss
459 http cache https://registry.npmjs.org/scheduler 208ms (cache hit)
460 silly packumentCache full:https://registry.npmjs.org/scheduler set size:5788143 disposed:false
461 silly fetch manifest recharts-scale@^0.4.4
462 silly packumentCache full:https://registry.npmjs.org/recharts-scale cache-miss
463 http cache https://registry.npmjs.org/lodash 62ms (cache hit)
464 silly packumentCache full:https://registry.npmjs.org/lodash set size:247678 disposed:false
465 silly fetch manifest tiny-invariant@^1.3.1
466 silly packumentCache full:https://registry.npmjs.org/tiny-invariant cache-miss
467 http cache https://registry.npmjs.org/recharts-scale 13ms (cache hit)
468 silly packumentCache full:https://registry.npmjs.org/recharts-scale set size:62529 disposed:false
469 silly fetch manifest victory-vendor@^36.6.8
470 silly packumentCache full:https://registry.npmjs.org/victory-vendor cache-miss
471 http cache https://registry.npmjs.org/react-smooth 66ms (cache hit)
472 silly packumentCache full:https://registry.npmjs.org/react-smooth set size:197810 disposed:false
473 silly fetch manifest arg@^5.0.2
474 silly packumentCache full:https://registry.npmjs.org/arg cache-miss
475 http cache https://registry.npmjs.org/eventemitter3 59ms (cache hit)
476 silly packumentCache full:https://registry.npmjs.org/eventemitter3 set size:92292 disposed:false
477 silly fetch manifest dlv@^1.1.3
478 silly packumentCache full:https://registry.npmjs.org/dlv cache-miss
479 http cache https://registry.npmjs.org/react-is 81ms (cache hit)
480 silly packumentCache full:https://registry.npmjs.org/react-is set size:5675314 disposed:false
481 silly fetch manifest jiti@^1.21.7
482 silly packumentCache full:https://registry.npmjs.org/jiti cache-miss
483 http cache https://registry.npmjs.org/tiny-invariant 88ms (cache hit)
484 silly packumentCache full:https://registry.npmjs.org/tiny-invariant set size:98310 disposed:false
485 silly fetch manifest is-glob@^4.0.3
486 silly packumentCache full:https://registry.npmjs.org/is-glob cache-hit
487 silly fetch manifest resolve@^1.22.8
488 silly packumentCache full:https://registry.npmjs.org/resolve cache-miss
489 http cache https://registry.npmjs.org/dlv 83ms (cache hit)
490 silly packumentCache full:https://registry.npmjs.org/dlv set size:16709 disposed:false
491 silly fetch manifest sucrase@^3.35.0
492 silly packumentCache full:https://registry.npmjs.org/sucrase cache-miss
493 http cache https://registry.npmjs.org/victory-vendor 91ms (cache hit)
494 silly packumentCache full:https://registry.npmjs.org/victory-vendor set size:249209 disposed:false
495 silly fetch manifest chokidar@^3.6.0
496 silly packumentCache full:https://registry.npmjs.org/chokidar cache-miss
497 http cache https://registry.npmjs.org/jiti 30ms (cache hit)
498 silly packumentCache full:https://registry.npmjs.org/jiti set size:387989 disposed:false
499 silly fetch manifest fast-glob@^3.3.2
500 silly packumentCache full:https://registry.npmjs.org/fast-glob cache-miss
501 http cache https://registry.npmjs.org/arg 98ms (cache hit)
502 silly packumentCache full:https://registry.npmjs.org/arg set size:67036 disposed:false
503 silly fetch manifest lilconfig@^3.1.3
504 silly packumentCache full:https://registry.npmjs.org/lilconfig cache-miss
505 http cache https://registry.npmjs.org/resolve 23ms (cache hit)
506 silly packumentCache full:https://registry.npmjs.org/resolve set size:244568 disposed:false
507 silly fetch manifest didyoumean@^1.2.2
508 silly packumentCache full:https://registry.npmjs.org/didyoumean cache-miss
509 http cache https://registry.npmjs.org/chokidar 21ms (cache hit)
510 silly packumentCache full:https://registry.npmjs.org/chokidar set size:255902 disposed:false
511 silly fetch manifest micromatch@^4.0.8
512 silly packumentCache full:https://registry.npmjs.org/micromatch cache-miss
513 http cache https://registry.npmjs.org/fast-glob 18ms (cache hit)
514 silly packumentCache full:https://registry.npmjs.org/fast-glob set size:220556 disposed:false
515 silly fetch manifest postcss-js@^4.0.1
516 silly packumentCache full:https://registry.npmjs.org/postcss-js cache-miss
517 http cache https://registry.npmjs.org/sucrase 32ms (cache hit)
518 silly packumentCache full:https://registry.npmjs.org/sucrase set size:449399 disposed:false
519 silly fetch manifest object-hash@^3.0.0
520 silly packumentCache full:https://registry.npmjs.org/object-hash cache-miss
521 http cache https://registry.npmjs.org/lilconfig 25ms (cache hit)
522 silly packumentCache full:https://registry.npmjs.org/lilconfig set size:45636 disposed:false
523 silly fetch manifest normalize-path@^3.0.0
524 silly packumentCache full:https://registry.npmjs.org/normalize-path cache-miss
525 http cache https://registry.npmjs.org/postcss-js 17ms (cache hit)
526 silly packumentCache full:https://registry.npmjs.org/postcss-js set size:51308 disposed:false
527 silly fetch manifest postcss-import@^15.1.0
528 silly packumentCache full:https://registry.npmjs.org/postcss-import cache-miss
529 http cache https://registry.npmjs.org/didyoumean 29ms (cache hit)
530 silly packumentCache full:https://registry.npmjs.org/didyoumean set size:11446 disposed:false
531 silly fetch manifest postcss-nested@^6.2.0
532 silly packumentCache full:https://registry.npmjs.org/postcss-nested cache-miss
533 http cache https://registry.npmjs.org/object-hash 19ms (cache hit)
534 silly packumentCache full:https://registry.npmjs.org/object-hash set size:100564 disposed:false
535 silly fetch manifest @alloc/quick-lru@^5.2.0
536 silly packumentCache full:https://registry.npmjs.org/@alloc%2fquick-lru cache-miss
537 http cache https://registry.npmjs.org/micromatch 32ms (cache hit)
538 silly packumentCache full:https://registry.npmjs.org/micromatch set size:240630 disposed:false
539 silly fetch manifest postcss-load-config@^4.0.2 || ^5.0 || ^6.0
540 silly packumentCache full:https://registry.npmjs.org/postcss-load-config cache-miss
541 http cache https://registry.npmjs.org/normalize-path 33ms (cache hit)
542 silly packumentCache full:https://registry.npmjs.org/normalize-path set size:28713 disposed:false
543 silly fetch manifest postcss-selector-parser@^6.1.2
544 silly packumentCache full:https://registry.npmjs.org/postcss-selector-parser cache-miss
545 http cache https://registry.npmjs.org/postcss-import 37ms (cache hit)
546 silly packumentCache full:https://registry.npmjs.org/postcss-import set size:125042 disposed:false
547 http cache https://registry.npmjs.org/@alloc%2fquick-lru 36ms (cache hit)
548 silly packumentCache full:https://registry.npmjs.org/@alloc%2fquick-lru set size:10833 disposed:false
549 http cache https://registry.npmjs.org/postcss-nested 41ms (cache hit)
550 silly packumentCache full:https://registry.npmjs.org/postcss-nested set size:83321 disposed:false
551 http cache https://registry.npmjs.org/postcss-load-config 30ms (cache hit)
552 silly packumentCache full:https://registry.npmjs.org/postcss-load-config set size:86425 disposed:false
553 http cache https://registry.npmjs.org/postcss-selector-parser 27ms (cache hit)
554 silly packumentCache full:https://registry.npmjs.org/postcss-selector-parser set size:199901 disposed:false
555 http fetch GET https://registry.npmjs.org/undici-types attempt 1 failed with ECONNRESET
556 http fetch GET https://registry.npmjs.org/fraction.js attempt 1 failed with ECONNRESET
557 http fetch GET https://registry.npmjs.org/@supabase%2ffunctions-js attempt 1 failed with ECONNRESET
558 http fetch GET https://registry.npmjs.org/csstype attempt 1 failed with ECONNRESET
559 http fetch GET https://registry.npmjs.org/@supabase%2fpostgrest-js attempt 1 failed with ECONNRESET
560 http fetch GET https://registry.npmjs.org/@supabase%2frealtime-js attempt 1 failed with ECONNRESET
561 http fetch GET 200 https://registry.npmjs.org/undici-types 12563ms attempt #2 (cache miss)
562 silly packumentCache full:https://registry.npmjs.org/undici-types set size:undefined disposed:false
563 http fetch GET https://registry.npmjs.org/@supabase%2fpostgrest-js attempt 2 failed with ECONNRESET
564 http fetch GET https://registry.npmjs.org/@supabase%2ffunctions-js attempt 2 failed with ECONNRESET
565 http fetch GET https://registry.npmjs.org/fraction.js attempt 2 failed with ECONNRESET
566 http fetch GET https://registry.npmjs.org/csstype attempt 2 failed with ECONNRESET
567 http fetch GET https://registry.npmjs.org/@supabase%2frealtime-js attempt 2 failed with ECONNRESET
568 http fetch GET 200 https://registry.npmjs.org/@supabase%2ffunctions-js 36691ms attempt #3 (cache miss)
569 silly packumentCache full:https://registry.npmjs.org/@supabase%2ffunctions-js set size:undefined disposed:false
570 http fetch GET https://registry.npmjs.org/@supabase%2frealtime-js attempt 3 failed with ECONNRESET
571 http fetch GET https://registry.npmjs.org/fraction.js attempt 3 failed with ECONNRESET
572 http fetch GET https://registry.npmjs.org/csstype attempt 3 failed with ECONNRESET
573 http fetch GET 200 https://registry.npmjs.org/@supabase%2fpostgrest-js 55479ms attempt #3 (cache miss)
574 silly packumentCache full:https://registry.npmjs.org/@supabase%2fpostgrest-js set size:undefined disposed:false
575 http fetch GET 200 https://registry.npmjs.org/@supabase%2frealtime-js 106847ms attempt #4 (cache miss)
576 silly packumentCache full:https://registry.npmjs.org/@supabase%2frealtime-js set size:undefined disposed:false
577 http fetch GET 200 https://registry.npmjs.org/csstype 107900ms attempt #4 (cache miss)
578 silly packumentCache full:https://registry.npmjs.org/csstype set size:undefined disposed:false
579 http fetch GET 200 https://registry.npmjs.org/fraction.js 108931ms attempt #4 (cache miss)
580 silly packumentCache full:https://registry.npmjs.org/fraction.js set size:undefined disposed:false
581 silly placeDep ROOT @types/cookie@0.6.0 OK for: @supabase/ssr@0.5.2 want: ^0.6.0
582 silly placeDep ROOT cookie@0.7.2 OK for: @supabase/ssr@0.5.2 want: ^0.7.0
583 silly placeDep ROOT @supabase/auth-js@2.117.2 OK for: @supabase/supabase-js@2.117.2 want: 2.117.2
584 silly placeDep ROOT @supabase/functions-js@2.117.2 OK for: @supabase/supabase-js@2.117.2 want: 2.117.2
585 silly placeDep ROOT @supabase/postgrest-js@2.117.2 OK for: @supabase/supabase-js@2.117.2 want: 2.117.2
586 silly placeDep ROOT @supabase/realtime-js@2.117.2 OK for: @supabase/supabase-js@2.117.2 want: 2.117.2
587 silly placeDep ROOT @supabase/storage-js@2.117.2 OK for: @supabase/supabase-js@2.117.2 want: 2.117.2
588 silly fetch manifest tslib@2.8.1
589 silly packumentCache full:https://registry.npmjs.org/tslib cache-miss
590 silly fetch manifest tslib@2.8.1
591 silly packumentCache full:https://registry.npmjs.org/tslib cache-miss
592 silly fetch manifest tslib@2.8.1
593 silly packumentCache full:https://registry.npmjs.org/tslib cache-miss
594 silly fetch manifest tslib@2.8.1
595 silly packumentCache full:https://registry.npmjs.org/tslib cache-miss
596 silly fetch manifest @supabase/phoenix@0.4.5
597 silly packumentCache full:https://registry.npmjs.org/@supabase%2fphoenix cache-miss
598 silly fetch manifest tslib@2.8.1
599 silly packumentCache full:https://registry.npmjs.org/tslib cache-miss
600 silly fetch manifest iceberg-js@^0.8.1
601 silly packumentCache full:https://registry.npmjs.org/iceberg-js cache-miss
602 http cache https://registry.npmjs.org/@supabase%2fphoenix 27ms (cache hit)
603 silly packumentCache full:https://registry.npmjs.org/@supabase%2fphoenix set size:32329 disposed:false
604 http cache https://registry.npmjs.org/tslib 32ms (cache hit)
605 silly packumentCache full:https://registry.npmjs.org/tslib set size:108843 disposed:false
606 http cache https://registry.npmjs.org/tslib 41ms (cache hit)
607 silly packumentCache full:https://registry.npmjs.org/tslib set size:108843 disposed:false
608 silly packumentCache full:https://registry.npmjs.org/tslib dispose
609 http cache https://registry.npmjs.org/iceberg-js 43ms (cache hit)
610 silly packumentCache full:https://registry.npmjs.org/iceberg-js set size:44071 disposed:false
611 http cache https://registry.npmjs.org/tslib 47ms (cache hit)
612 silly packumentCache full:https://registry.npmjs.org/tslib set size:108843 disposed:true
613 silly packumentCache full:https://registry.npmjs.org/tslib dispose
614 http cache https://registry.npmjs.org/tslib 49ms (cache hit)
615 silly packumentCache full:https://registry.npmjs.org/tslib set size:108843 disposed:true
616 silly packumentCache full:https://registry.npmjs.org/tslib dispose
617 http cache https://registry.npmjs.org/tslib 53ms (cache hit)
618 silly packumentCache full:https://registry.npmjs.org/tslib set size:108843 disposed:true
619 silly packumentCache full:https://registry.npmjs.org/tslib dispose
620 silly placeDep ROOT tslib@2.8.1 OK for: @supabase/auth-js@2.117.2 want: 2.8.1
621 silly placeDep ROOT @supabase/phoenix@0.4.5 OK for: @supabase/realtime-js@2.117.2 want: 0.4.5
622 silly placeDep ROOT iceberg-js@0.8.1 OK for: @supabase/storage-js@2.117.2 want: ^0.8.1
623 silly placeDep ROOT undici-types@6.21.0 OK for: @types/node@20.19.43 want: ~6.21.0
624 silly placeDep ROOT csstype@3.2.3 OK for: @types/react@19.3.0 want: ^3.2.2
625 silly placeDep ROOT browserslist@4.29.3 OK for: autoprefixer@10.6.1 want: ^4.28.9
626 silly placeDep ROOT caniuse-lite@1.0.30001814 OK for: autoprefixer@10.6.1 want: ^1.0.30001810
627 silly placeDep ROOT fraction.js@5.3.4 OK for: autoprefixer@10.6.1 want: ^5.3.4
628 silly placeDep ROOT picocolors@1.1.1 OK for: autoprefixer@10.6.1 want: ^1.1.1
629 silly placeDep ROOT postcss-value-parser@4.2.0 OK for: autoprefixer@10.6.1 want: ^4.2.0
630 silly fetch manifest caniuse-lite@^1.0.30001813
631 silly packumentCache full:https://registry.npmjs.org/caniuse-lite cache-miss
632 silly fetch manifest node-releases@^2.0.57
633 silly packumentCache full:https://registry.npmjs.org/node-releases cache-miss
634 silly fetch manifest electron-to-chromium@^1.5.439
635 silly packumentCache full:https://registry.npmjs.org/electron-to-chromium cache-miss
636 silly fetch manifest update-browserslist-db@^1.3.3
637 silly packumentCache full:https://registry.npmjs.org/update-browserslist-db cache-miss
638 silly fetch manifest baseline-browser-mapping@^2.11.26
639 silly packumentCache full:https://registry.npmjs.org/baseline-browser-mapping cache-miss
640 http cache https://registry.npmjs.org/update-browserslist-db 10ms (cache hit)
641 silly packumentCache full:https://registry.npmjs.org/update-browserslist-db set size:71185 disposed:false
642 http cache https://registry.npmjs.org/node-releases 14ms (cache hit)
643 silly packumentCache full:https://registry.npmjs.org/node-releases set size:301779 disposed:false
644 http cache https://registry.npmjs.org/electron-to-chromium 25ms (cache hit)
645 silly packumentCache full:https://registry.npmjs.org/electron-to-chromium set size:4977051 disposed:false
646 http cache https://registry.npmjs.org/caniuse-lite 114ms (cache hit)
647 silly packumentCache full:https://registry.npmjs.org/caniuse-lite set size:2319807 disposed:false
648 http cache https://registry.npmjs.org/baseline-browser-mapping 131ms (cache hit)
649 silly packumentCache full:https://registry.npmjs.org/baseline-browser-mapping set size:645799 disposed:false
650 silly fetch manifest browserslist@>= 4.21.0
651 silly packumentCache full:https://registry.npmjs.org/browserslist cache-hit
652 silly placeDep ROOT baseline-browser-mapping@2.11.26 OK for: browserslist@4.29.3 want: ^2.11.26
653 silly placeDep ROOT electron-to-chromium@1.5.442 OK for: browserslist@4.29.3 want: ^1.5.439
654 silly placeDep ROOT node-releases@2.0.57 OK for: browserslist@4.29.3 want: ^2.0.57
655 silly placeDep ROOT update-browserslist-db@1.3.3 OK for: browserslist@4.29.3 want: ^1.3.3
656 silly fetch manifest escalade@^3.2.0
657 silly packumentCache full:https://registry.npmjs.org/escalade cache-miss
658 http cache https://registry.npmjs.org/escalade 7ms (cache hit)
659 silly packumentCache full:https://registry.npmjs.org/escalade set size:33724 disposed:false
660 silly fetch manifest eslint@^6.0.0 || ^7.0.0 || >=8.0.0
661 silly packumentCache full:https://registry.npmjs.org/eslint cache-miss
662 http cache https://registry.npmjs.org/eslint 10ms (cache hit)
663 silly packumentCache full:https://registry.npmjs.org/eslint set size:2085131 disposed:false
664 silly fetch manifest jiti@*
665 silly packumentCache full:https://registry.npmjs.org/jiti cache-hit
666 silly placeDep ROOT @eslint-community/eslint-utils@4.10.1 OK for: eslint@8.57.1 want: ^4.2.0
667 silly placeDep ROOT @eslint-community/regexpp@4.12.2 OK for: eslint@8.57.1 want: ^4.6.1
668 silly placeDep ROOT @eslint/eslintrc@2.1.4 OK for: eslint@8.57.1 want: ^2.1.4
669 silly placeDep ROOT @eslint/js@8.57.1 OK for: eslint@8.57.1 want: 8.57.1
670 silly placeDep ROOT @humanwhocodes/config-array@0.13.0 OK for: eslint@8.57.1 want: ^0.13.0
671 silly placeDep ROOT @humanwhocodes/module-importer@1.0.1 OK for: eslint@8.57.1 want: ^1.0.1
672 silly placeDep ROOT @nodelib/fs.walk@1.2.8 OK for: eslint@8.57.1 want: ^1.2.8
673 silly placeDep ROOT @ungap/structured-clone@1.4.0 OK for: eslint@8.57.1 want: ^1.2.0
674 silly placeDep ROOT ajv@6.15.0 OK for: eslint@8.57.1 want: ^6.12.4
675 silly placeDep ROOT chalk@4.1.2 OK for: eslint@8.57.1 want: ^4.0.0
676 silly placeDep ROOT cross-spawn@7.0.6 OK for: eslint@8.57.1 want: ^7.0.2
677 silly placeDep ROOT debug@4.4.3 OK for: eslint@8.57.1 want: ^4.3.2
678 silly placeDep ROOT doctrine@3.0.0 OK for: eslint@8.57.1 want: ^3.0.0
679 silly placeDep ROOT escape-string-regexp@4.0.0 OK for: eslint@8.57.1 want: ^4.0.0
680 silly placeDep ROOT eslint-scope@7.2.2 OK for: eslint@8.57.1 want: ^7.2.2
681 silly placeDep ROOT eslint-visitor-keys@3.4.3 OK for: eslint@8.57.1 want: ^3.4.3
682 silly placeDep ROOT espree@9.6.1 OK for: eslint@8.57.1 want: ^9.6.1
683 silly placeDep ROOT esquery@1.7.0 OK for: eslint@8.57.1 want: ^1.4.2
684 silly placeDep ROOT esutils@2.0.3 OK for: eslint@8.57.1 want: ^2.0.2
685 silly placeDep ROOT fast-deep-equal@3.1.3 OK for: eslint@8.57.1 want: ^3.1.3
686 silly placeDep ROOT file-entry-cache@6.0.1 OK for: eslint@8.57.1 want: ^6.0.1
687 silly placeDep ROOT find-up@5.0.0 OK for: eslint@8.57.1 want: ^5.0.0
688 silly placeDep ROOT glob-parent@6.0.2 OK for: eslint@8.57.1 want: ^6.0.2
689 silly placeDep ROOT globals@13.24.0 OK for: eslint@8.57.1 want: ^13.19.0
690 silly placeDep ROOT graphemer@1.4.0 OK for: eslint@8.57.1 want: ^1.4.0
691 silly placeDep ROOT ignore@5.3.2 OK for: eslint@8.57.1 want: ^5.2.0
692 silly placeDep ROOT imurmurhash@0.1.4 OK for: eslint@8.57.1 want: ^0.1.4
693 silly placeDep ROOT is-glob@4.0.3 OK for: eslint@8.57.1 want: ^4.0.0
694 silly placeDep ROOT is-path-inside@3.0.3 OK for: eslint@8.57.1 want: ^3.0.3
695 silly placeDep ROOT js-yaml@4.3.2 OK for: eslint@8.57.1 want: ^4.1.0
696 silly placeDep ROOT json-stable-stringify-without-jsonify@1.0.1 OK for: eslint@8.57.1 want: ^1.0.1
697 silly placeDep ROOT levn@0.4.1 OK for: eslint@8.57.1 want: ^0.4.1
698 silly placeDep ROOT lodash.merge@4.6.2 OK for: eslint@8.57.1 want: ^4.6.2
699 silly placeDep ROOT minimatch@3.1.5 OK for: eslint@8.57.1 want: ^3.1.2
700 silly placeDep ROOT natural-compare@1.4.0 OK for: eslint@8.57.1 want: ^1.4.0
701 silly placeDep ROOT optionator@0.9.4 OK for: eslint@8.57.1 want: ^0.9.3
702 silly placeDep ROOT strip-ansi@6.0.1 OK for: eslint@8.57.1 want: ^6.0.1
703 silly placeDep ROOT text-table@0.2.0 OK for: eslint@8.57.1 want: ^0.2.0
704 silly fetch manifest espree@^9.6.0
705 silly packumentCache full:https://registry.npmjs.org/espree cache-hit
706 silly fetch manifest import-fresh@^3.2.1
707 silly packumentCache full:https://registry.npmjs.org/import-fresh cache-miss
708 silly fetch manifest strip-json-comments@^3.1.1
709 silly packumentCache full:https://registry.npmjs.org/strip-json-comments cache-miss
710 silly fetch manifest debug@^4.3.1
711 silly packumentCache full:https://registry.npmjs.org/debug cache-hit
712 silly fetch manifest minimatch@^3.0.5
713 silly packumentCache full:https://registry.npmjs.org/minimatch cache-hit
714 silly fetch manifest @humanwhocodes/object-schema@^2.0.3
715 silly packumentCache full:https://registry.npmjs.org/@humanwhocodes%2fobject-schema cache-miss
716 silly fetch manifest fastq@^1.6.0
717 silly packumentCache full:https://registry.npmjs.org/fastq cache-miss
718 silly fetch manifest @nodelib/fs.scandir@2.1.5
719 silly packumentCache full:https://registry.npmjs.org/@nodelib%2ffs.scandir cache-miss
720 silly fetch manifest uri-js@^4.2.2
721 silly packumentCache full:https://registry.npmjs.org/uri-js cache-miss
722 silly fetch manifest fast-deep-equal@^3.1.1
723 silly packumentCache full:https://registry.npmjs.org/fast-deep-equal cache-hit
724 silly fetch manifest json-schema-traverse@^0.4.1
725 silly packumentCache full:https://registry.npmjs.org/json-schema-traverse cache-miss
726 silly fetch manifest fast-json-stable-stringify@^2.0.0
727 silly packumentCache full:https://registry.npmjs.org/fast-json-stable-stringify cache-miss
728 silly fetch manifest ansi-styles@^4.1.0
729 silly packumentCache full:https://registry.npmjs.org/ansi-styles cache-miss
730 silly fetch manifest supports-color@^7.1.0
731 silly packumentCache full:https://registry.npmjs.org/supports-color cache-miss
732 silly fetch manifest which@^2.0.1
733 silly packumentCache full:https://registry.npmjs.org/which cache-miss
734 http cache https://registry.npmjs.org/strip-json-comments 33ms (cache hit)
735 silly packumentCache full:https://registry.npmjs.org/strip-json-comments set size:43569 disposed:false
736 silly fetch manifest path-key@^3.1.0
737 silly packumentCache full:https://registry.npmjs.org/path-key cache-miss
738 http cache https://registry.npmjs.org/fastq 32ms (cache hit)
739 silly packumentCache full:https://registry.npmjs.org/fastq set size:82997 disposed:false
740 silly fetch manifest shebang-command@^2.0.0
741 silly packumentCache full:https://registry.npmjs.org/shebang-command cache-miss
742 http cache https://registry.npmjs.org/import-fresh 39ms (cache hit)
743 silly packumentCache full:https://registry.npmjs.org/import-fresh set size:26738 disposed:false
744 silly fetch manifest ms@^2.1.3
745 silly packumentCache full:https://registry.npmjs.org/ms cache-miss
746 http cache https://registry.npmjs.org/@humanwhocodes%2fobject-schema 44ms (cache hit)
747 silly packumentCache full:https://registry.npmjs.org/@humanwhocodes%2fobject-schema set size:30629 disposed:false
748 silly fetch manifest esrecurse@^4.3.0
749 silly packumentCache full:https://registry.npmjs.org/esrecurse cache-miss
750 http cache https://registry.npmjs.org/shebang-command 19ms (cache hit)
751 silly packumentCache full:https://registry.npmjs.org/shebang-command set size:8525 disposed:false
752 silly fetch manifest estraverse@^5.2.0
753 silly packumentCache full:https://registry.npmjs.org/estraverse cache-miss
754 http cache https://registry.npmjs.org/esrecurse 11ms (cache hit)
755 silly packumentCache full:https://registry.npmjs.org/esrecurse set size:29005 disposed:false
756 silly fetch manifest acorn@^8.9.0
757 silly packumentCache full:https://registry.npmjs.org/acorn cache-miss
758 http cache https://registry.npmjs.org/ms 21ms (cache hit)
759 silly packumentCache full:https://registry.npmjs.org/ms set size:92208 disposed:false
760 silly fetch manifest acorn-jsx@^5.3.2
761 silly packumentCache full:https://registry.npmjs.org/acorn-jsx cache-miss
762 http cache https://registry.npmjs.org/path-key 28ms (cache hit)
763 silly packumentCache full:https://registry.npmjs.org/path-key set size:16975 disposed:false
764 silly fetch manifest estraverse@^5.1.0
765 silly packumentCache full:https://registry.npmjs.org/estraverse cache-miss
766 http cache https://registry.npmjs.org/estraverse 14ms (cache hit)
767 silly packumentCache full:https://registry.npmjs.org/estraverse set size:62412 disposed:false
768 silly fetch manifest flat-cache@^3.0.4
769 silly packumentCache full:https://registry.npmjs.org/flat-cache cache-miss
770 http cache https://registry.npmjs.org/acorn-jsx 13ms (cache hit)
771 silly packumentCache full:https://registry.npmjs.org/acorn-jsx set size:71068 disposed:false
772 silly fetch manifest locate-path@^6.0.0
773 silly packumentCache full:https://registry.npmjs.org/locate-path cache-miss
774 http cache https://registry.npmjs.org/acorn 18ms (cache hit)
775 silly packumentCache full:https://registry.npmjs.org/acorn set size:383439 disposed:false
776 silly fetch manifest path-exists@^4.0.0
777 silly packumentCache full:https://registry.npmjs.org/path-exists cache-miss
778 http cache https://registry.npmjs.org/estraverse 19ms (cache hit)
779 silly packumentCache full:https://registry.npmjs.org/estraverse set size:62412 disposed:false
780 silly packumentCache full:https://registry.npmjs.org/estraverse dispose
781 silly fetch manifest type-fest@^0.20.2
782 silly packumentCache full:https://registry.npmjs.org/type-fest cache-miss
783 http cache https://registry.npmjs.org/locate-path 17ms (cache hit)
784 silly packumentCache full:https://registry.npmjs.org/locate-path set size:31329 disposed:false
785 silly fetch manifest is-extglob@^2.1.1
786 silly packumentCache full:https://registry.npmjs.org/is-extglob cache-miss
787 http cache https://registry.npmjs.org/path-exists 14ms (cache hit)
788 silly packumentCache full:https://registry.npmjs.org/path-exists set size:13704 disposed:false
789 silly fetch manifest argparse@^2.0.1
790 silly packumentCache full:https://registry.npmjs.org/argparse cache-miss
791 http cache https://registry.npmjs.org/flat-cache 24ms (cache hit)
792 silly packumentCache full:https://registry.npmjs.org/flat-cache set size:160097 disposed:false
793 silly fetch manifest prelude-ls@^1.2.1
794 silly packumentCache full:https://registry.npmjs.org/prelude-ls cache-miss
795 http cache https://registry.npmjs.org/type-fest 17ms (cache hit)
796 silly packumentCache full:https://registry.npmjs.org/type-fest set size:571296 disposed:false
797 silly fetch manifest type-check@~0.4.0
798 silly packumentCache full:https://registry.npmjs.org/type-check cache-miss
799 http cache https://registry.npmjs.org/argparse 20ms (cache hit)
800 silly packumentCache full:https://registry.npmjs.org/argparse set size:55000 disposed:false
801 silly fetch manifest brace-expansion@^1.1.7
802 silly packumentCache full:https://registry.npmjs.org/brace-expansion cache-miss
803 http cache https://registry.npmjs.org/is-extglob 27ms (cache hit)
804 silly packumentCache full:https://registry.npmjs.org/is-extglob set size:11766 disposed:false
805 silly fetch manifest prelude-ls@^1.2.1
806 silly packumentCache full:https://registry.npmjs.org/prelude-ls cache-miss
807 http cache https://registry.npmjs.org/type-check 15ms (cache hit)
808 silly packumentCache full:https://registry.npmjs.org/type-check set size:21221 disposed:false
809 silly fetch manifest deep-is@^0.1.3
810 silly packumentCache full:https://registry.npmjs.org/deep-is cache-miss
811 http cache https://registry.npmjs.org/prelude-ls 26ms (cache hit)
812 silly packumentCache full:https://registry.npmjs.org/prelude-ls set size:25777 disposed:false
813 silly fetch manifest word-wrap@^1.2.5
814 silly packumentCache full:https://registry.npmjs.org/word-wrap cache-miss
815 http cache https://registry.npmjs.org/prelude-ls 16ms (cache hit)
816 silly packumentCache full:https://registry.npmjs.org/prelude-ls set size:25777 disposed:false
817 silly packumentCache full:https://registry.npmjs.org/prelude-ls dispose
818 silly fetch manifest type-check@^0.4.0
819 silly packumentCache full:https://registry.npmjs.org/type-check cache-hit
820 silly fetch manifest fast-levenshtein@^2.0.6
821 silly packumentCache full:https://registry.npmjs.org/fast-levenshtein cache-miss
822 http cache https://registry.npmjs.org/brace-expansion 23ms (cache hit)
823 silly packumentCache full:https://registry.npmjs.org/brace-expansion set size:128514 disposed:false
824 silly fetch manifest ansi-regex@^5.0.1
825 silly packumentCache full:https://registry.npmjs.org/ansi-regex cache-miss
826 http cache https://registry.npmjs.org/deep-is 22ms (cache hit)
827 silly packumentCache full:https://registry.npmjs.org/deep-is set size:10205 disposed:false
828 http cache https://registry.npmjs.org/word-wrap 20ms (cache hit)
829 silly packumentCache full:https://registry.npmjs.org/word-wrap set size:37835 disposed:false
830 http cache https://registry.npmjs.org/ansi-regex 10ms (cache hit)
831 silly packumentCache full:https://registry.npmjs.org/ansi-regex set size:50305 disposed:false
832 http cache https://registry.npmjs.org/fast-levenshtein 16ms (cache hit)
833 silly packumentCache full:https://registry.npmjs.org/fast-levenshtein set size:39317 disposed:false
834 http fetch GET 200 https://registry.npmjs.org/@nodelib%2ffs.scandir 521ms (cache miss)
835 silly packumentCache full:https://registry.npmjs.org/@nodelib%2ffs.scandir set size:undefined disposed:false
836 http fetch GET https://registry.npmjs.org/supports-color attempt 1 failed with ECONNRESET
837 http fetch GET https://registry.npmjs.org/json-schema-traverse attempt 1 failed with ECONNRESET
838 http fetch GET https://registry.npmjs.org/ansi-styles attempt 1 failed with ECONNRESET
839 http fetch GET https://registry.npmjs.org/fast-json-stable-stringify attempt 1 failed with ECONNRESET
840 http fetch GET https://registry.npmjs.org/which attempt 1 failed with ECONNRESET
841 http fetch GET 200 https://registry.npmjs.org/supports-color 16061ms attempt #2 (cache miss)
842 silly packumentCache full:https://registry.npmjs.org/supports-color set size:undefined disposed:false
843 http fetch GET 200 https://registry.npmjs.org/ansi-styles 18712ms attempt #2 (cache miss)
844 silly packumentCache full:https://registry.npmjs.org/ansi-styles set size:undefined disposed:false
845 http fetch GET 200 https://registry.npmjs.org/uri-js 18849ms (cache miss)
846 silly packumentCache full:https://registry.npmjs.org/uri-js set size:undefined disposed:false
847 http fetch GET https://registry.npmjs.org/fast-json-stable-stringify attempt 2 failed with ECONNRESET
848 http fetch GET https://registry.npmjs.org/which attempt 2 failed with ECONNRESET
849 http fetch GET 200 https://registry.npmjs.org/fast-json-stable-stringify 37353ms attempt #3 (cache miss)
850 silly packumentCache full:https://registry.npmjs.org/fast-json-stable-stringify set size:undefined disposed:false
851 http fetch GET 200 https://registry.npmjs.org/which 39475ms attempt #3 (cache miss)
852 silly packumentCache full:https://registry.npmjs.org/which set size:undefined disposed:false
853 http fetch GET 200 https://registry.npmjs.org/json-schema-traverse 58034ms attempt #2 (cache miss)
854 silly packumentCache full:https://registry.npmjs.org/json-schema-traverse set size:undefined disposed:false
855 silly placeDep ROOT import-fresh@3.3.1 OK for: @eslint/eslintrc@2.1.4 want: ^3.2.1
856 silly placeDep ROOT strip-json-comments@3.1.1 OK for: @eslint/eslintrc@2.1.4 want: ^3.1.1
857 silly fetch manifest resolve-from@^4.0.0
858 silly packumentCache full:https://registry.npmjs.org/resolve-from cache-miss
859 silly fetch manifest parent-module@^1.0.0
860 silly packumentCache full:https://registry.npmjs.org/parent-module cache-miss
861 http cache https://registry.npmjs.org/parent-module 6ms (cache hit)
862 silly packumentCache full:https://registry.npmjs.org/parent-module set size:18255 disposed:false
863 http cache https://registry.npmjs.org/resolve-from 7ms (cache hit)
864 silly packumentCache full:https://registry.npmjs.org/resolve-from set size:12911 disposed:false
865 silly placeDep ROOT @humanwhocodes/object-schema@2.0.3 OK for: @humanwhocodes/config-array@0.13.0 want: ^2.0.3
866 silly placeDep ROOT @nodelib/fs.scandir@2.1.5 OK for: @nodelib/fs.walk@1.2.8 want: 2.1.5
867 silly placeDep ROOT fastq@1.20.3 OK for: @nodelib/fs.walk@1.2.8 want: ^1.6.0
868 silly fetch manifest run-parallel@^1.1.9
869 silly packumentCache full:https://registry.npmjs.org/run-parallel cache-miss
870 silly fetch manifest @nodelib/fs.stat@2.0.5
871 silly packumentCache full:https://registry.npmjs.org/@nodelib%2ffs.stat cache-miss
872 silly fetch manifest reusify@^1.0.4
873 silly packumentCache full:https://registry.npmjs.org/reusify cache-miss
874 http cache https://registry.npmjs.org/reusify 8ms (cache hit)
875 silly packumentCache full:https://registry.npmjs.org/reusify set size:14249 disposed:false
876 http cache https://registry.npmjs.org/@nodelib%2ffs.stat 10ms (cache hit)
877 silly packumentCache full:https://registry.npmjs.org/@nodelib%2ffs.stat set size:36993 disposed:false
878 http cache https://registry.npmjs.org/run-parallel 11ms (cache hit)
879 silly packumentCache full:https://registry.npmjs.org/run-parallel set size:35172 disposed:false
880 silly placeDep ROOT @nodelib/fs.stat@2.0.5 OK for: @nodelib/fs.scandir@2.1.5 want: 2.0.5
881 silly placeDep ROOT run-parallel@1.2.0 OK for: @nodelib/fs.scandir@2.1.5 want: ^1.1.9
882 silly fetch manifest queue-microtask@^1.2.2
883 silly packumentCache full:https://registry.npmjs.org/queue-microtask cache-miss
884 http cache https://registry.npmjs.org/queue-microtask 4ms (cache hit)
885 silly packumentCache full:https://registry.npmjs.org/queue-microtask set size:36088 disposed:false
886 silly placeDep ROOT fast-json-stable-stringify@2.1.0 OK for: ajv@6.15.0 want: ^2.0.0
887 silly placeDep ROOT json-schema-traverse@0.4.1 OK for: ajv@6.15.0 want: ^0.4.1
888 silly placeDep ROOT uri-js@4.4.1 OK for: ajv@6.15.0 want: ^4.2.2
889 silly fetch manifest punycode@^2.1.0
890 silly packumentCache full:https://registry.npmjs.org/punycode cache-miss
891 http cache https://registry.npmjs.org/punycode 7ms (cache hit)
892 silly packumentCache full:https://registry.npmjs.org/punycode set size:61278 disposed:false
893 silly placeDep ROOT ansi-styles@4.3.0 OK for: chalk@4.1.2 want: ^4.1.0
894 silly placeDep ROOT supports-color@7.2.0 OK for: chalk@4.1.2 want: ^7.1.0
895 silly fetch manifest color-convert@^2.0.1
896 silly packumentCache full:https://registry.npmjs.org/color-convert cache-miss
897 silly fetch manifest has-flag@^4.0.0
898 silly packumentCache full:https://registry.npmjs.org/has-flag cache-miss
899 http cache https://registry.npmjs.org/has-flag 7ms (cache hit)
900 silly packumentCache full:https://registry.npmjs.org/has-flag set size:15180 disposed:false
901 http cache https://registry.npmjs.org/color-convert 9ms (cache hit)
902 silly packumentCache full:https://registry.npmjs.org/color-convert set size:72663 disposed:false
903 silly placeDep ROOT color-convert@2.0.1 OK for: ansi-styles@4.3.0 want: ^2.0.1
904 silly fetch manifest color-name@~1.1.4
905 silly packumentCache full:https://registry.npmjs.org/color-name cache-miss
906 http cache https://registry.npmjs.org/color-name 9ms (cache hit)
907 silly packumentCache full:https://registry.npmjs.org/color-name set size:20968 disposed:false
908 silly placeDep ROOT color-name@1.1.4 OK for: color-convert@2.0.1 want: ~1.1.4
909 silly placeDep ROOT path-key@3.1.1 OK for: cross-spawn@7.0.6 want: ^3.1.0
910 silly placeDep ROOT shebang-command@2.0.0 OK for: cross-spawn@7.0.6 want: ^2.0.0
911 silly placeDep ROOT which@2.0.2 OK for: cross-spawn@7.0.6 want: ^2.0.1
912 silly fetch manifest shebang-regex@^3.0.0
913 silly packumentCache full:https://registry.npmjs.org/shebang-regex cache-miss
914 silly fetch manifest isexe@^2.0.0
915 silly packumentCache full:https://registry.npmjs.org/isexe cache-miss
916 http cache https://registry.npmjs.org/shebang-regex 7ms (cache hit)
917 silly packumentCache full:https://registry.npmjs.org/shebang-regex set size:9763 disposed:false
918 http cache https://registry.npmjs.org/isexe 7ms (cache hit)
919 silly packumentCache full:https://registry.npmjs.org/isexe set size:31756 disposed:false
920 silly placeDep ROOT ms@2.1.3 OK for: debug@4.4.3 want: ^2.1.3
921 silly fetch manifest eslint@^7.23.0 || ^8.0.0 || ^9.0.0
922 silly packumentCache full:https://registry.npmjs.org/eslint cache-miss
923 http cache https://registry.npmjs.org/eslint 9ms (cache hit)
924 silly packumentCache full:https://registry.npmjs.org/eslint set size:2085131 disposed:false
925 silly fetch manifest typescript@>=3.3.1
926 silly packumentCache full:https://registry.npmjs.org/typescript cache-miss
927 http cache https://registry.npmjs.org/typescript 39ms (cache hit)
928 silly packumentCache full:https://registry.npmjs.org/typescript set size:15735824 disposed:false
929 silly fetch manifest typescript@>=4.8.4 <6.1.0
930 silly packumentCache full:https://registry.npmjs.org/typescript cache-miss
931 http cache https://registry.npmjs.org/typescript 34ms (cache hit)
932 silly packumentCache full:https://registry.npmjs.org/typescript set size:15735824 disposed:false
933 silly fetch manifest eslint-plugin-import-x@*
934 silly packumentCache full:https://registry.npmjs.org/eslint-plugin-import-x cache-miss
935 http cache https://registry.npmjs.org/eslint-plugin-import-x 6ms (cache hit)
936 silly packumentCache full:https://registry.npmjs.org/eslint-plugin-import-x set size:276235 disposed:false
937 silly fetch manifest @typescript-eslint/utils@^8.56.0
938 silly packumentCache full:https://registry.npmjs.org/@typescript-eslint%2futils cache-miss
939 http cache https://registry.npmjs.org/@typescript-eslint%2futils 38ms (cache hit)
940 silly packumentCache full:https://registry.npmjs.org/@typescript-eslint%2futils set size:11003338 disposed:false
941 silly placeDep ROOT @next/eslint-plugin-next@15.5.26 OK for: eslint-config-next@15.5.26 want: 15.5.26
942 silly placeDep ROOT @rushstack/eslint-patch@1.16.1 OK for: eslint-config-next@15.5.26 want: ^1.10.3
943 silly placeDep ROOT @typescript-eslint/eslint-plugin@8.71.0 OK for: eslint-config-next@15.5.26 want: ^5.4.2 || ^6.0.0 || ^7.0.0 || ^8.0.0
944 silly placeDep ROOT @typescript-eslint/parser@8.71.0 OK for: @typescript-eslint/eslint-plugin@8.71.0 want: ^8.71.0
945 silly placeDep ROOT eslint-import-resolver-node@0.3.10 OK for: eslint-config-next@15.5.26 want: ^0.3.6
946 silly placeDep ROOT eslint-import-resolver-typescript@3.10.1 OK for: eslint-config-next@15.5.26 want: ^3.5.2
947 silly placeDep ROOT eslint-plugin-import@2.32.0 OK for: eslint-config-next@15.5.26 want: ^2.31.0
948 silly placeDep ROOT eslint-plugin-jsx-a11y@6.10.2 OK for: eslint-config-next@15.5.26 want: ^6.10.0
949 silly placeDep ROOT eslint-plugin-react@7.37.5 OK for: eslint-config-next@15.5.26 want: ^7.37.0
950 silly placeDep ROOT eslint-plugin-react-hooks@5.2.0 OK for: eslint-config-next@15.5.26 want: ^5.0.0
951 silly fetch manifest fast-glob@3.3.1
952 silly packumentCache full:https://registry.npmjs.org/fast-glob cache-hit
953 silly fetch manifest ignore@^7.0.5
954 silly packumentCache full:https://registry.npmjs.org/ignore cache-hit
955 silly fetch manifest ts-api-utils@^2.5.0
956 silly packumentCache full:https://registry.npmjs.org/ts-api-utils cache-miss
957 silly fetch manifest @typescript-eslint/utils@8.71.0
958 silly packumentCache full:https://registry.npmjs.org/@typescript-eslint%2futils cache-miss
959 silly fetch manifest @typescript-eslint/type-utils@8.71.0
960 silly packumentCache full:https://registry.npmjs.org/@typescript-eslint%2ftype-utils cache-miss
961 silly fetch manifest @typescript-eslint/visitor-keys@8.71.0
962 silly packumentCache full:https://registry.npmjs.org/@typescript-eslint%2fvisitor-keys cache-miss
963 silly fetch manifest @typescript-eslint/scope-manager@8.71.0
964 silly packumentCache full:https://registry.npmjs.org/@typescript-eslint%2fscope-manager cache-miss
965 silly fetch manifest @typescript-eslint/types@8.71.0
966 silly packumentCache full:https://registry.npmjs.org/@typescript-eslint%2ftypes cache-miss
967 silly fetch manifest @typescript-eslint/visitor-keys@8.71.0
968 silly packumentCache full:https://registry.npmjs.org/@typescript-eslint%2fvisitor-keys cache-miss
969 silly fetch manifest @typescript-eslint/scope-manager@8.71.0
970 silly packumentCache full:https://registry.npmjs.org/@typescript-eslint%2fscope-manager cache-miss
971 silly fetch manifest @typescript-eslint/typescript-estree@8.71.0
972 silly packumentCache full:https://registry.npmjs.org/@typescript-eslint%2ftypescript-estree cache-miss
973 silly fetch manifest debug@^3.2.7
974 silly packumentCache full:https://registry.npmjs.org/debug cache-hit
975 silly fetch manifest resolve@^2.0.0-next.6
976 silly packumentCache full:https://registry.npmjs.org/resolve cache-hit
977 silly fetch manifest is-core-module@^2.16.1
978 silly packumentCache full:https://registry.npmjs.org/is-core-module cache-miss
979 silly fetch manifest tinyglobby@^0.2.13
980 silly packumentCache full:https://registry.npmjs.org/tinyglobby cache-miss
981 http cache https://registry.npmjs.org/ts-api-utils 28ms (cache hit)
982 silly packumentCache full:https://registry.npmjs.org/ts-api-utils set size:226785 disposed:false
983 silly fetch manifest stable-hash@^0.0.5
984 silly packumentCache full:https://registry.npmjs.org/stable-hash cache-miss
985 http cache https://registry.npmjs.org/tinyglobby 28ms (cache hit)
986 silly packumentCache full:https://registry.npmjs.org/tinyglobby set size:54291 disposed:false
987 silly fetch manifest get-tsconfig@^4.10.0
988 silly packumentCache full:https://registry.npmjs.org/get-tsconfig cache-miss
989 http cache https://registry.npmjs.org/@typescript-eslint%2futils 57ms (cache hit)
990 silly packumentCache full:https://registry.npmjs.org/@typescript-eslint%2futils set size:11003338 disposed:false
991 silly fetch manifest is-bun-module@^2.0.0
992 silly packumentCache full:https://registry.npmjs.org/is-bun-module cache-miss
993 http cache https://registry.npmjs.org/get-tsconfig 109ms (cache hit)
994 silly packumentCache full:https://registry.npmjs.org/get-tsconfig set size:146232 disposed:false
995 silly fetch manifest unrs-resolver@^1.6.2
996 silly packumentCache full:https://registry.npmjs.org/unrs-resolver cache-miss
997 http cache https://registry.npmjs.org/is-bun-module 12ms (cache hit)
998 silly packumentCache full:https://registry.npmjs.org/is-bun-module set size:19768 disposed:false
999 silly fetch manifest @nolyfill/is-core-module@1.0.39
1000 silly packumentCache full:https://registry.npmjs.org/@nolyfill%2fis-core-module cache-miss
1001 http cache https://registry.npmjs.org/unrs-resolver 7ms (cache hit)
1002 silly packumentCache full:https://registry.npmjs.org/unrs-resolver set size:151128 disposed:false
1003 silly fetch manifest @rtsao/scc@^1.1.0
1004 silly packumentCache full:https://registry.npmjs.org/@rtsao%2fscc cache-miss
1005 http cache https://registry.npmjs.org/@nolyfill%2fis-core-module 8ms (cache hit)
1006 silly packumentCache full:https://registry.npmjs.org/@nolyfill%2fis-core-module set size:10461 disposed:false
1007 silly fetch manifest array-includes@^3.1.9
1008 silly packumentCache full:https://registry.npmjs.org/array-includes cache-miss
1009 http cache https://registry.npmjs.org/@rtsao%2fscc 6ms (cache hit)
1010 silly packumentCache full:https://registry.npmjs.org/@rtsao%2fscc set size:6332 disposed:false
1011 silly fetch manifest array.prototype.findlastindex@^1.2.6
1012 silly packumentCache full:https://registry.npmjs.org/array.prototype.findlastindex cache-miss
1013 http cache https://registry.npmjs.org/array-includes 7ms (cache hit)
1014 silly packumentCache full:https://registry.npmjs.org/array-includes set size:80888 disposed:false
1015 silly fetch manifest array.prototype.flat@^1.3.3
1016 silly packumentCache full:https://registry.npmjs.org/array.prototype.flat cache-miss
1017 http cache https://registry.npmjs.org/array.prototype.findlastindex 9ms (cache hit)
1018 silly packumentCache full:https://registry.npmjs.org/array.prototype.findlastindex set size:44828 disposed:false
1019 silly fetch manifest array.prototype.flatmap@^1.3.3
1020 silly packumentCache full:https://registry.npmjs.org/array.prototype.flatmap cache-miss
1021 http cache https://registry.npmjs.org/array.prototype.flat 7ms (cache hit)
1022 silly packumentCache full:https://registry.npmjs.org/array.prototype.flat set size:38327 disposed:false
1023 silly fetch manifest doctrine@^2.1.0
1024 silly packumentCache full:https://registry.npmjs.org/doctrine cache-hit
1025 silly fetch manifest eslint-module-utils@^2.12.1
1026 silly packumentCache full:https://registry.npmjs.org/eslint-module-utils cache-miss
1027 http cache https://registry.npmjs.org/array.prototype.flatmap 9ms (cache hit)
1028 silly packumentCache full:https://registry.npmjs.org/array.prototype.flatmap set size:51458 disposed:false
1029 silly fetch manifest hasown@^2.0.2
1030 silly packumentCache full:https://registry.npmjs.org/hasown cache-miss
1031 http fetch GET 200 https://registry.npmjs.org/eslint-module-utils 5480ms (cache miss)
1032 silly packumentCache full:https://registry.npmjs.org/eslint-module-utils set size:undefined disposed:false
1033 silly fetch manifest is-core-module@^2.16.1
1034 silly packumentCache full:https://registry.npmjs.org/is-core-module cache-miss
1035 http cache https://registry.npmjs.org/is-core-module 7ms (cache hit)
1036 silly packumentCache full:https://registry.npmjs.org/is-core-module set size:78502 disposed:false
1037 silly fetch manifest object.fromentries@^2.0.8
1038 silly packumentCache full:https://registry.npmjs.org/object.fromentries cache-miss
1039 http cache https://registry.npmjs.org/object.fromentries 6ms (cache hit)
1040 silly packumentCache full:https://registry.npmjs.org/object.fromentries set size:37686 disposed:false
1041 silly fetch manifest object.groupby@^1.0.3
1042 silly packumentCache full:https://registry.npmjs.org/object.groupby cache-miss
1043 http cache https://registry.npmjs.org/object.groupby 7ms (cache hit)
1044 silly packumentCache full:https://registry.npmjs.org/object.groupby set size:15504 disposed:false
1045 silly fetch manifest object.values@^1.2.1
1046 silly packumentCache full:https://registry.npmjs.org/object.values cache-miss
1047 http cache https://registry.npmjs.org/object.values 8ms (cache hit)
1048 silly packumentCache full:https://registry.npmjs.org/object.values set size:49009 disposed:false
1049 silly fetch manifest semver@^6.3.1
1050 silly packumentCache full:https://registry.npmjs.org/semver cache-miss
1051 http cache https://registry.npmjs.org/semver 8ms (cache hit)
1052 silly packumentCache full:https://registry.npmjs.org/semver set size:246128 disposed:false
1053 silly fetch manifest string.prototype.trimend@^1.0.9
1054 silly packumentCache full:https://registry.npmjs.org/string.prototype.trimend cache-miss
1055 http cache https://registry.npmjs.org/string.prototype.trimend 6ms (cache hit)
1056 silly packumentCache full:https://registry.npmjs.org/string.prototype.trimend set size:44009 disposed:false
1057 silly fetch manifest tsconfig-paths@^3.15.0
1058 silly packumentCache full:https://registry.npmjs.org/tsconfig-paths cache-miss
1059 http cache https://registry.npmjs.org/tsconfig-paths 5ms (cache hit)
1060 silly packumentCache full:https://registry.npmjs.org/tsconfig-paths set size:192565 disposed:false
1061 silly fetch manifest aria-query@^5.3.2
1062 silly packumentCache full:https://registry.npmjs.org/aria-query cache-miss
1063 http cache https://registry.npmjs.org/aria-query 7ms (cache hit)
1064 silly packumentCache full:https://registry.npmjs.org/aria-query set size:98864 disposed:false
1065 silly fetch manifest array-includes@^3.1.8
1066 silly packumentCache full:https://registry.npmjs.org/array-includes cache-hit
1067 silly fetch manifest array.prototype.flatmap@^1.3.2
1068 silly packumentCache full:https://registry.npmjs.org/array.prototype.flatmap cache-hit
1069 silly fetch manifest ast-types-flow@^0.0.8
1070 silly packumentCache full:https://registry.npmjs.org/ast-types-flow cache-miss
1071 http cache https://registry.npmjs.org/ast-types-flow 6ms (cache hit)
1072 silly packumentCache full:https://registry.npmjs.org/ast-types-flow set size:15144 disposed:false
1073 silly fetch manifest axe-core@^4.10.0
1074 silly packumentCache full:https://registry.npmjs.org/axe-core cache-miss
1075 http fetch GET 200 https://registry.npmjs.org/@typescript-eslint%2fvisitor-keys 6963ms (cache miss)
1076 silly packumentCache full:https://registry.npmjs.org/@typescript-eslint%2fvisitor-keys set size:undefined disposed:false
1077 silly fetch manifest axobject-query@^4.1.0
1078 silly packumentCache full:https://registry.npmjs.org/axobject-query cache-miss
1079 http cache https://registry.npmjs.org/axobject-query 15ms (cache hit)
1080 silly packumentCache full:https://registry.npmjs.org/axobject-query set size:75032 disposed:false
1081 silly fetch manifest damerau-levenshtein@^1.0.8
1082 silly packumentCache full:https://registry.npmjs.org/damerau-levenshtein cache-miss
1083 http cache https://registry.npmjs.org/damerau-levenshtein 5ms (cache hit)
1084 silly packumentCache full:https://registry.npmjs.org/damerau-levenshtein set size:23390 disposed:false
1085 silly fetch manifest emoji-regex@^9.2.2
1086 silly packumentCache full:https://registry.npmjs.org/emoji-regex cache-miss
1087 http cache https://registry.npmjs.org/emoji-regex 4ms (cache hit)
1088 silly packumentCache full:https://registry.npmjs.org/emoji-regex set size:91540 disposed:false
1089 silly fetch manifest hasown@^2.0.2
1090 silly packumentCache full:https://registry.npmjs.org/hasown cache-miss
1091 http cache https://registry.npmjs.org/hasown 5ms (cache hit)
1092 silly packumentCache full:https://registry.npmjs.org/hasown set size:18361 disposed:false
1093 silly fetch manifest jsx-ast-utils@^3.3.5
1094 silly packumentCache full:https://registry.npmjs.org/jsx-ast-utils cache-miss
1095 http cache https://registry.npmjs.org/jsx-ast-utils 17ms (cache hit)
1096 silly packumentCache full:https://registry.npmjs.org/jsx-ast-utils set size:115998 disposed:false
1097 silly fetch manifest language-tags@^1.0.9
1098 silly packumentCache full:https://registry.npmjs.org/language-tags cache-miss
1099 http cache https://registry.npmjs.org/language-tags 16ms (cache hit)
1100 silly packumentCache full:https://registry.npmjs.org/language-tags set size:38675 disposed:false
1101 silly fetch manifest safe-regex-test@^1.0.3
1102 silly packumentCache full:https://registry.npmjs.org/safe-regex-test cache-miss
1103 http cache https://registry.npmjs.org/safe-regex-test 5ms (cache hit)
1104 silly packumentCache full:https://registry.npmjs.org/safe-regex-test set size:17412 disposed:false
1105 silly fetch manifest string.prototype.includes@^2.0.1
1106 silly packumentCache full:https://registry.npmjs.org/string.prototype.includes cache-miss
1107 http cache https://registry.npmjs.org/string.prototype.includes 4ms (cache hit)
1108 silly packumentCache full:https://registry.npmjs.org/string.prototype.includes set size:10217 disposed:false
1109 silly fetch manifest array.prototype.findlast@^1.2.5
1110 silly packumentCache full:https://registry.npmjs.org/array.prototype.findlast cache-miss
1111 http cache https://registry.npmjs.org/array.prototype.findlast 6ms (cache hit)
1112 silly packumentCache full:https://registry.npmjs.org/array.prototype.findlast set size:40323 disposed:false
1113 silly fetch manifest array.prototype.tosorted@^1.1.4
1114 silly packumentCache full:https://registry.npmjs.org/array.prototype.tosorted cache-miss
1115 http fetch GET 200 https://registry.npmjs.org/is-core-module 7463ms (cache miss)
1116 silly packumentCache full:https://registry.npmjs.org/is-core-module set size:undefined disposed:false
1117 silly packumentCache full:https://registry.npmjs.org/is-core-module dispose
1118 silly fetch manifest es-iterator-helpers@^1.2.1
1119 silly packumentCache full:https://registry.npmjs.org/es-iterator-helpers cache-miss
1120 http cache https://registry.npmjs.org/es-iterator-helpers 7ms (cache hit)
1121 silly packumentCache full:https://registry.npmjs.org/es-iterator-helpers set size:281513 disposed:false
1122 silly fetch manifest estraverse@^5.3.0
1123 silly packumentCache full:https://registry.npmjs.org/estraverse cache-hit
1124 silly fetch manifest jsx-ast-utils@^2.4.1 || ^3.0.0
1125 silly packumentCache full:https://registry.npmjs.org/jsx-ast-utils cache-hit
1126 silly fetch manifest object.entries@^1.1.9
1127 silly packumentCache full:https://registry.npmjs.org/object.entries cache-miss
1128 http fetch GET 200 https://registry.npmjs.org/array.prototype.tosorted 1163ms (cache miss)
1129 silly packumentCache full:https://registry.npmjs.org/array.prototype.tosorted set size:undefined disposed:false
1130 silly fetch manifest prop-types@^15.8.1
1131 silly packumentCache full:https://registry.npmjs.org/prop-types cache-miss
1132 http fetch GET 200 https://registry.npmjs.org/object.entries 953ms (cache miss)
1133 silly packumentCache full:https://registry.npmjs.org/object.entries set size:undefined disposed:false
1134 silly fetch manifest resolve@^2.0.0-next.5
1135 silly packumentCache full:https://registry.npmjs.org/resolve cache-hit
1136 silly fetch manifest string.prototype.matchall@^4.0.12
1137 silly packumentCache full:https://registry.npmjs.org/string.prototype.matchall cache-miss
1138 http fetch GET 200 https://registry.npmjs.org/prop-types 952ms (cache miss)
1139 silly packumentCache full:https://registry.npmjs.org/prop-types set size:undefined disposed:false
1140 silly fetch manifest string.prototype.repeat@^1.0.0
1141 silly packumentCache full:https://registry.npmjs.org/string.prototype.repeat cache-miss
1142 http fetch GET 200 https://registry.npmjs.org/string.prototype.matchall 854ms (cache miss)
1143 silly packumentCache full:https://registry.npmjs.org/string.prototype.matchall set size:undefined disposed:false
1144 http fetch GET 200 https://registry.npmjs.org/string.prototype.repeat 167ms (cache miss)
1145 silly packumentCache full:https://registry.npmjs.org/string.prototype.repeat set size:undefined disposed:false
1146 http fetch GET 200 https://registry.npmjs.org/@typescript-eslint%2fscope-manager 9423ms (cache miss)
1147 silly packumentCache full:https://registry.npmjs.org/@typescript-eslint%2fscope-manager set size:undefined disposed:false
1148 http fetch GET 200 https://registry.npmjs.org/axe-core 8500ms (cache miss)
1149 silly packumentCache full:https://registry.npmjs.org/axe-core set size:undefined disposed:false
1150 http fetch GET https://registry.npmjs.org/stable-hash attempt 1 failed with ECONNRESET
1151 http fetch GET https://registry.npmjs.org/@typescript-eslint%2fscope-manager attempt 1 failed with ECONNRESET
1152 http fetch GET https://registry.npmjs.org/@typescript-eslint%2fvisitor-keys attempt 1 failed with ECONNRESET
1153 http fetch GET https://registry.npmjs.org/hasown attempt 1 failed with ECONNRESET
1154 http fetch GET https://registry.npmjs.org/@typescript-eslint%2ftypescript-estree attempt 1 failed with ECONNRESET
1155 http fetch GET 200 https://registry.npmjs.org/stable-hash 16461ms attempt #2 (cache miss)
1156 silly packumentCache full:https://registry.npmjs.org/stable-hash set size:undefined disposed:false
1157 http fetch GET 200 https://registry.npmjs.org/hasown 16893ms attempt #2 (cache miss)
1158 silly packumentCache full:https://registry.npmjs.org/hasown set size:undefined disposed:false
1159 silly packumentCache full:https://registry.npmjs.org/hasown dispose
1160 http fetch GET 200 https://registry.npmjs.org/@typescript-eslint%2fscope-manager 25632ms attempt #2 (cache miss)
1161 silly packumentCache full:https://registry.npmjs.org/@typescript-eslint%2fscope-manager set size:undefined disposed:false
1162 http fetch GET 200 https://registry.npmjs.org/@typescript-eslint%2fvisitor-keys 26240ms attempt #2 (cache miss)
1163 silly packumentCache full:https://registry.npmjs.org/@typescript-eslint%2fvisitor-keys set size:undefined disposed:false
1164 http fetch GET 200 https://registry.npmjs.org/@typescript-eslint%2ftypescript-estree 35242ms attempt #2 (cache miss)
1165 silly packumentCache full:https://registry.npmjs.org/@typescript-eslint%2ftypescript-estree set size:undefined disposed:false
1166 http fetch GET 200 https://registry.npmjs.org/@typescript-eslint%2ftypes 36947ms (cache miss)
1167 silly packumentCache full:https://registry.npmjs.org/@typescript-eslint%2ftypes set size:undefined disposed:false
1168 http fetch GET 200 https://registry.npmjs.org/@typescript-eslint%2ftype-utils 38720ms (cache miss)
1169 silly packumentCache full:https://registry.npmjs.org/@typescript-eslint%2ftype-utils set size:undefined disposed:false
1170 silly placeDep ROOT fast-glob@3.3.1 OK for: @next/eslint-plugin-next@15.5.26 want: 3.3.1
1171 silly fetch manifest merge2@^1.3.0
1172 silly packumentCache full:https://registry.npmjs.org/merge2 cache-miss
1173 silly fetch manifest micromatch@^4.0.4
1174 silly packumentCache full:https://registry.npmjs.org/micromatch cache-hit
1175 silly fetch manifest glob-parent@^5.1.2
1176 silly packumentCache full:https://registry.npmjs.org/glob-parent cache-hit
1177 http cache https://registry.npmjs.org/merge2 12ms (cache hit)
1178 silly packumentCache full:https://registry.npmjs.org/merge2 set size:46159 disposed:false
1179 silly fetch manifest eslint@^8.57.0 || ^9.0.0 || ^10.0.0
1180 silly packumentCache full:https://registry.npmjs.org/eslint cache-miss
1181 http cache https://registry.npmjs.org/eslint 29ms (cache hit)
1182 silly packumentCache full:https://registry.npmjs.org/eslint set size:2085131 disposed:false
1183 silly placeDep ROOT @typescript-eslint/scope-manager@8.71.0 OK for: @typescript-eslint/eslint-plugin@8.71.0 want: 8.71.0
1184 silly placeDep ROOT @typescript-eslint/type-utils@8.71.0 OK for: @typescript-eslint/eslint-plugin@8.71.0 want: 8.71.0
1185 silly placeDep ROOT @typescript-eslint/utils@8.71.0 OK for: @typescript-eslint/eslint-plugin@8.71.0 want: 8.71.0
1186 silly placeDep ROOT @typescript-eslint/visitor-keys@8.71.0 OK for: @typescript-eslint/eslint-plugin@8.71.0 want: 8.71.0
1187 silly placeDep node_modules/@typescript-eslint/eslint-plugin ignore@7.0.10 OK for: @typescript-eslint/eslint-plugin@8.71.0 want: ^7.0.5
1188 silly placeDep ROOT ts-api-utils@2.5.0 OK for: @typescript-eslint/eslint-plugin@8.71.0 want: ^2.5.0
1189 silly fetch manifest eslint-visitor-keys@^5.0.0
1190 silly packumentCache full:https://registry.npmjs.org/eslint-visitor-keys cache-hit
1191 silly placeDep ROOT @typescript-eslint/types@8.71.0 OK for: @typescript-eslint/parser@8.71.0 want: 8.71.0
1192 silly placeDep ROOT @typescript-eslint/typescript-estree@8.71.0 OK for: @typescript-eslint/parser@8.71.0 want: 8.71.0
1193 silly fetch manifest semver@^7.7.3
1194 silly packumentCache full:https://registry.npmjs.org/semver cache-hit
1195 silly fetch manifest minimatch@^10.2.2
1196 silly packumentCache full:https://registry.npmjs.org/minimatch cache-hit
1197 silly fetch manifest tinyglobby@^0.2.15
1198 silly packumentCache full:https://registry.npmjs.org/tinyglobby cache-hit
1199 silly fetch manifest @typescript-eslint/tsconfig-utils@8.71.0
1200 silly packumentCache full:https://registry.npmjs.org/@typescript-eslint%2ftsconfig-utils cache-miss
1201 silly fetch manifest @typescript-eslint/project-service@8.71.0
1202 silly packumentCache full:https://registry.npmjs.org/@typescript-eslint%2fproject-service cache-miss
1203 http cache https://registry.npmjs.org/@typescript-eslint%2fproject-service 20ms (cache hit)
1204 silly packumentCache full:https://registry.npmjs.org/@typescript-eslint%2fproject-service set size:2080244 disposed:false
1205 http cache https://registry.npmjs.org/@typescript-eslint%2ftsconfig-utils 44ms (cache hit)
1206 silly packumentCache full:https://registry.npmjs.org/@typescript-eslint%2ftsconfig-utils set size:1956843 disposed:false
1207 silly placeDep ROOT @typescript-eslint/project-service@8.71.0 OK for: @typescript-eslint/typescript-estree@8.71.0 want: 8.71.0
1208 silly placeDep ROOT @typescript-eslint/tsconfig-utils@8.71.0 OK for: @typescript-eslint/typescript-estree@8.71.0 want: 8.71.0
1209 silly placeDep node_modules/@typescript-eslint/typescript-estree minimatch@10.2.6 OK for: @typescript-eslint/typescript-estree@8.71.0 want: ^10.2.2
1210 silly placeDep ROOT semver@7.8.5 OK for: @typescript-eslint/typescript-estree@8.71.0 want: ^7.7.3
1211 silly placeDep ROOT tinyglobby@0.2.17 OK for: @typescript-eslint/typescript-estree@8.71.0 want: ^0.2.15
1212 silly fetch manifest @typescript-eslint/tsconfig-utils@^8.71.0
1213 silly packumentCache full:https://registry.npmjs.org/@typescript-eslint%2ftsconfig-utils cache-miss
1214 silly fetch manifest brace-expansion@^5.0.8
1215 silly packumentCache full:https://registry.npmjs.org/brace-expansion cache-hit
1216 silly fetch manifest fdir@^6.5.0
1217 silly packumentCache full:https://registry.npmjs.org/fdir cache-miss
1218 silly fetch manifest picomatch@^4.0.4
1219 silly packumentCache full:https://registry.npmjs.org/picomatch cache-miss
1220 http cache https://registry.npmjs.org/fdir 10ms (cache hit)
1221 silly packumentCache full:https://registry.npmjs.org/fdir set size:136182 disposed:false
1222 http cache https://registry.npmjs.org/@typescript-eslint%2ftsconfig-utils 18ms (cache hit)
1223 silly packumentCache full:https://registry.npmjs.org/@typescript-eslint%2ftsconfig-utils set size:1956843 disposed:false
1224 http cache https://registry.npmjs.org/picomatch 30ms (cache hit)
1225 silly packumentCache full:https://registry.npmjs.org/picomatch set size:134451 disposed:false
1226 silly placeDep node_modules/@typescript-eslint/visitor-keys eslint-visitor-keys@5.0.1 OK for: @typescript-eslint/visitor-keys@8.71.0 want: ^5.0.0
1227 silly placeDep node_modules/eslint-import-resolver-node debug@3.2.7 OK for: eslint-import-resolver-node@0.3.10 want: ^3.2.7
1228 silly placeDep ROOT is-core-module@2.17.0 OK for: eslint-import-resolver-node@0.3.10 want: ^2.16.1
1229 silly placeDep ROOT resolve@2.0.0-next.7 OK for: eslint-import-resolver-node@0.3.10 want: ^2.0.0-next.6
1230 silly fetch manifest hasown@^2.0.4
1231 silly packumentCache full:https://registry.npmjs.org/hasown cache-miss
1232 silly fetch manifest es-errors@^1.3.0
1233 silly packumentCache full:https://registry.npmjs.org/es-errors cache-miss
1234 silly fetch manifest node-exports-info@^1.6.0
1235 silly packumentCache full:https://registry.npmjs.org/node-exports-info cache-miss
1236 silly fetch manifest object-keys@^1.1.1
1237 silly packumentCache full:https://registry.npmjs.org/object-keys cache-miss
1238 silly fetch manifest path-parse@^1.0.7
1239 silly packumentCache full:https://registry.npmjs.org/path-parse cache-miss
1240 silly fetch manifest supports-preserve-symlinks-flag@^1.0.0
1241 silly packumentCache full:https://registry.npmjs.org/supports-preserve-symlinks-flag cache-miss
1242 http cache https://registry.npmjs.org/es-errors 14ms (cache hit)
1243 silly packumentCache full:https://registry.npmjs.org/es-errors set size:16918 disposed:false
1244 http cache https://registry.npmjs.org/hasown 19ms (cache hit)
1245 silly packumentCache full:https://registry.npmjs.org/hasown set size:18361 disposed:true
1246 http cache https://registry.npmjs.org/node-exports-info 20ms (cache hit)
1247 silly packumentCache full:https://registry.npmjs.org/node-exports-info set size:69480 disposed:false
1248 http cache https://registry.npmjs.org/path-parse 23ms (cache hit)
1249 silly packumentCache full:https://registry.npmjs.org/path-parse set size:14523 disposed:false
1250 http cache https://registry.npmjs.org/object-keys 25ms (cache hit)
1251 silly packumentCache full:https://registry.npmjs.org/object-keys set size:67744 disposed:false
1252 http cache https://registry.npmjs.org/supports-preserve-symlinks-flag 25ms (cache hit)
1253 silly packumentCache full:https://registry.npmjs.org/supports-preserve-symlinks-flag set size:6802 disposed:false
1254 silly placeDep ROOT @nolyfill/is-core-module@1.0.39 OK for: eslint-import-resolver-typescript@3.10.1 want: 1.0.39
1255 silly placeDep ROOT get-tsconfig@4.14.3 OK for: eslint-import-resolver-typescript@3.10.1 want: ^4.10.0
1256 silly placeDep ROOT is-bun-module@2.0.0 OK for: eslint-import-resolver-typescript@3.10.1 want: ^2.0.0
1257 silly placeDep ROOT stable-hash@0.0.5 OK for: eslint-import-resolver-typescript@3.10.1 want: ^0.0.5
1258 silly placeDep ROOT unrs-resolver@1.12.2 OK for: eslint-import-resolver-typescript@3.10.1 want: ^1.6.2
1259 silly fetch manifest resolve-pkg-maps@^1.0.0
1260 silly packumentCache full:https://registry.npmjs.org/resolve-pkg-maps cache-miss
1261 silly fetch manifest napi-postinstall@^0.3.4
1262 silly packumentCache full:https://registry.npmjs.org/napi-postinstall cache-miss
1263 silly fetch manifest @unrs/resolver-binding-darwin-arm64@1.12.2
1264 silly packumentCache full:https://registry.npmjs.org/@unrs%2fresolver-binding-darwin-arm64 cache-miss
1265 silly fetch manifest @unrs/resolver-binding-android-arm64@1.12.2
1266 silly packumentCache full:https://registry.npmjs.org/@unrs%2fresolver-binding-android-arm64 cache-miss
1267 silly fetch manifest @unrs/resolver-binding-win32-arm64-msvc@1.12.2
1268 silly packumentCache full:https://registry.npmjs.org/@unrs%2fresolver-binding-win32-arm64-msvc cache-miss
1269 silly fetch manifest @unrs/resolver-binding-linux-arm64-gnu@1.12.2
1270 silly packumentCache full:https://registry.npmjs.org/@unrs%2fresolver-binding-linux-arm64-gnu cache-miss
1271 silly fetch manifest @unrs/resolver-binding-linux-arm64-musl@1.12.2
1272 silly packumentCache full:https://registry.npmjs.org/@unrs%2fresolver-binding-linux-arm64-musl cache-miss
1273 silly fetch manifest @unrs/resolver-binding-openharmony-arm64@1.12.2
1274 silly packumentCache full:https://registry.npmjs.org/@unrs%2fresolver-binding-openharmony-arm64 cache-miss
1275 silly fetch manifest @unrs/resolver-binding-android-arm-eabi@1.12.2
1276 silly packumentCache full:https://registry.npmjs.org/@unrs%2fresolver-binding-android-arm-eabi cache-miss
1277 silly fetch manifest @unrs/resolver-binding-linux-arm-gnueabihf@1.12.2
1278 silly packumentCache full:https://registry.npmjs.org/@unrs%2fresolver-binding-linux-arm-gnueabihf cache-miss
1279 silly fetch manifest @unrs/resolver-binding-linux-arm-musleabihf@1.12.2
1280 silly packumentCache full:https://registry.npmjs.org/@unrs%2fresolver-binding-linux-arm-musleabihf cache-miss
1281 http cache https://registry.npmjs.org/resolve-pkg-maps 30ms (cache hit)
1282 silly packumentCache full:https://registry.npmjs.org/resolve-pkg-maps set size:11615 disposed:false
1283 silly fetch manifest @unrs/resolver-binding-win32-ia32-msvc@1.12.2
1284 silly packumentCache full:https://registry.npmjs.org/@unrs%2fresolver-binding-win32-ia32-msvc cache-miss
1285 http cache https://registry.npmjs.org/napi-postinstall 31ms (cache hit)
1286 silly packumentCache full:https://registry.npmjs.org/napi-postinstall set size:41400 disposed:false
1287 silly fetch manifest @unrs/resolver-binding-linux-loong64-gnu@1.12.2
1288 silly packumentCache full:https://registry.npmjs.org/@unrs%2fresolver-binding-linux-loong64-gnu cache-miss
1289 http cache https://registry.npmjs.org/@unrs%2fresolver-binding-linux-arm64-musl 32ms (cache hit)
1290 silly packumentCache full:https://registry.npmjs.org/@unrs%2fresolver-binding-linux-arm64-musl set size:65257 disposed:false
1291 silly fetch manifest @unrs/resolver-binding-linux-loong64-musl@1.12.2
1292 silly packumentCache full:https://registry.npmjs.org/@unrs%2fresolver-binding-linux-loong64-musl cache-miss
1293 http cache https://registry.npmjs.org/@unrs%2fresolver-binding-darwin-arm64 38ms (cache hit)
1294 silly packumentCache full:https://registry.npmjs.org/@unrs%2fresolver-binding-darwin-arm64 set size:63676 disposed:false
1295 silly fetch manifest @unrs/resolver-binding-linux-ppc64-gnu@1.12.2
1296 silly packumentCache full:https://registry.npmjs.org/@unrs%2fresolver-binding-linux-ppc64-gnu cache-miss
1297 http cache https://registry.npmjs.org/@unrs%2fresolver-binding-linux-arm64-gnu 38ms (cache hit)
1298 silly packumentCache full:https://registry.npmjs.org/@unrs%2fresolver-binding-linux-arm64-gnu set size:65047 disposed:false
1299 silly fetch manifest @unrs/resolver-binding-linux-riscv64-gnu@1.12.2
1300 silly packumentCache full:https://registry.npmjs.org/@unrs%2fresolver-binding-linux-riscv64-gnu cache-miss
1301 http cache https://registry.npmjs.org/@unrs%2fresolver-binding-android-arm64 41ms (cache hit)
1302 silly packumentCache full:https://registry.npmjs.org/@unrs%2fresolver-binding-android-arm64 set size:17616 disposed:false
1303 silly fetch manifest @unrs/resolver-binding-linux-riscv64-musl@1.12.2
1304 silly packumentCache full:https://registry.npmjs.org/@unrs%2fresolver-binding-linux-riscv64-musl cache-miss
1305 http cache https://registry.npmjs.org/@unrs%2fresolver-binding-win32-arm64-msvc 43ms (cache hit)
1306 silly packumentCache full:https://registry.npmjs.org/@unrs%2fresolver-binding-win32-arm64-msvc set size:64613 disposed:false
1307 silly fetch manifest @unrs/resolver-binding-linux-s390x-gnu@1.12.2
1308 silly packumentCache full:https://registry.npmjs.org/@unrs%2fresolver-binding-linux-s390x-gnu cache-miss
1309 http cache https://registry.npmjs.org/@unrs%2fresolver-binding-openharmony-arm64 44ms (cache hit)
1310 silly packumentCache full:https://registry.npmjs.org/@unrs%2fresolver-binding-openharmony-arm64 set size:7350 disposed:false
1311 silly fetch manifest @unrs/resolver-binding-wasm32-wasi@1.12.2
1312 silly packumentCache full:https://registry.npmjs.org/@unrs%2fresolver-binding-wasm32-wasi cache-miss
1313 http cache https://registry.npmjs.org/@unrs%2fresolver-binding-linux-arm-musleabihf 45ms (cache hit)
1314 silly packumentCache full:https://registry.npmjs.org/@unrs%2fresolver-binding-linux-arm-musleabihf set size:65533 disposed:false
1315 silly fetch manifest @unrs/resolver-binding-darwin-x64@1.12.2
1316 silly packumentCache full:https://registry.npmjs.org/@unrs%2fresolver-binding-darwin-x64 cache-miss
1317 http cache https://registry.npmjs.org/@unrs%2fresolver-binding-android-arm-eabi 47ms (cache hit)
1318 silly packumentCache full:https://registry.npmjs.org/@unrs%2fresolver-binding-android-arm-eabi set size:17797 disposed:false
1319 silly fetch manifest @unrs/resolver-binding-win32-x64-msvc@1.12.2
1320 silly packumentCache full:https://registry.npmjs.org/@unrs%2fresolver-binding-win32-x64-msvc cache-miss
1321 http cache https://registry.npmjs.org/@unrs%2fresolver-binding-win32-ia32-msvc 37ms (cache hit)
1322 silly packumentCache full:https://registry.npmjs.org/@unrs%2fresolver-binding-win32-ia32-msvc set size:64317 disposed:false
1323 silly fetch manifest @unrs/resolver-binding-freebsd-x64@1.12.2
1324 silly packumentCache full:https://registry.npmjs.org/@unrs%2fresolver-binding-freebsd-x64 cache-miss
1325 http cache https://registry.npmjs.org/@unrs%2fresolver-binding-linux-loong64-gnu 37ms (cache hit)
1326 silly packumentCache full:https://registry.npmjs.org/@unrs%2fresolver-binding-linux-loong64-gnu set size:4107 disposed:false
1327 silly fetch manifest @unrs/resolver-binding-linux-x64-gnu@1.12.2
1328 silly packumentCache full:https://registry.npmjs.org/@unrs%2fresolver-binding-linux-x64-gnu cache-miss
1329 http cache https://registry.npmjs.org/@unrs%2fresolver-binding-linux-riscv64-gnu 31ms (cache hit)
1330 silly packumentCache full:https://registry.npmjs.org/@unrs%2fresolver-binding-linux-riscv64-gnu set size:56387 disposed:false
1331 silly fetch manifest @unrs/resolver-binding-linux-x64-musl@1.12.2
1332 silly packumentCache full:https://registry.npmjs.org/@unrs%2fresolver-binding-linux-x64-musl cache-miss
1333 http cache https://registry.npmjs.org/@unrs%2fresolver-binding-linux-loong64-musl 40ms (cache hit)
1334 silly packumentCache full:https://registry.npmjs.org/@unrs%2fresolver-binding-linux-loong64-musl set size:4124 disposed:false
1335 http cache https://registry.npmjs.org/@unrs%2fresolver-binding-linux-ppc64-gnu 37ms (cache hit)
1336 silly packumentCache full:https://registry.npmjs.org/@unrs%2fresolver-binding-linux-ppc64-gnu set size:65057 disposed:false
1337 http cache https://registry.npmjs.org/@unrs%2fresolver-binding-linux-riscv64-musl 36ms (cache hit)
1338 silly packumentCache full:https://registry.npmjs.org/@unrs%2fresolver-binding-linux-riscv64-musl set size:45710 disposed:false
1339 http cache https://registry.npmjs.org/@unrs%2fresolver-binding-wasm32-wasi 33ms (cache hit)
1340 silly packumentCache full:https://registry.npmjs.org/@unrs%2fresolver-binding-wasm32-wasi set size:67358 disposed:false
1341 http cache https://registry.npmjs.org/@unrs%2fresolver-binding-linux-s390x-gnu 36ms (cache hit)
1342 silly packumentCache full:https://registry.npmjs.org/@unrs%2fresolver-binding-linux-s390x-gnu set size:65047 disposed:false
1343 http cache https://registry.npmjs.org/@unrs%2fresolver-binding-darwin-x64 35ms (cache hit)
1344 silly packumentCache full:https://registry.npmjs.org/@unrs%2fresolver-binding-darwin-x64 set size:63092 disposed:false
1345 http cache https://registry.npmjs.org/@unrs%2fresolver-binding-win32-x64-msvc 35ms (cache hit)
1346 silly packumentCache full:https://registry.npmjs.org/@unrs%2fresolver-binding-win32-x64-msvc set size:64034 disposed:false
1347 http cache https://registry.npmjs.org/@unrs%2fresolver-binding-linux-x64-gnu 23ms (cache hit)
1348 silly packumentCache full:https://registry.npmjs.org/@unrs%2fresolver-binding-linux-x64-gnu set size:64469 disposed:false
1349 http cache https://registry.npmjs.org/@unrs%2fresolver-binding-freebsd-x64 27ms (cache hit)
1350 silly packumentCache full:https://registry.npmjs.org/@unrs%2fresolver-binding-freebsd-x64 set size:63388 disposed:false
1351 http cache https://registry.npmjs.org/@unrs%2fresolver-binding-linux-x64-musl 24ms (cache hit)
1352 silly packumentCache full:https://registry.npmjs.org/@unrs%2fresolver-binding-linux-x64-musl set size:64685 disposed:false
1353 http fetch GET 200 https://registry.npmjs.org/@unrs%2fresolver-binding-linux-arm-gnueabihf 849ms (cache miss)
1354 silly packumentCache full:https://registry.npmjs.org/@unrs%2fresolver-binding-linux-arm-gnueabihf set size:undefined disposed:false
1355 silly placeDep ROOT @rtsao/scc@1.1.0 OK for: eslint-plugin-import@2.32.0 want: ^1.1.0
1356 silly placeDep ROOT array-includes@3.2.0 OK for: eslint-plugin-import@2.32.0 want: ^3.1.9
1357 silly placeDep ROOT array.prototype.findlastindex@1.2.6 OK for: eslint-plugin-import@2.32.0 want: ^1.2.6
1358 silly placeDep ROOT array.prototype.flat@1.3.3 OK for: eslint-plugin-import@2.32.0 want: ^1.3.3
1359 silly placeDep ROOT array.prototype.flatmap@1.3.3 OK for: eslint-plugin-import@2.32.0 want: ^1.3.3
1360 silly placeDep node_modules/eslint-plugin-import debug@3.2.7 OK for: eslint-plugin-import@2.32.0 want: ^3.2.7
1361 silly placeDep node_modules/eslint-plugin-import doctrine@2.1.0 OK for: eslint-plugin-import@2.32.0 want: ^2.1.0
1362 silly placeDep ROOT eslint-module-utils@2.14.0 OK for: eslint-plugin-import@2.32.0 want: ^2.12.1
1363 silly placeDep ROOT hasown@2.0.4 OK for: eslint-plugin-import@2.32.0 want: ^2.0.2
1364 silly placeDep ROOT object.fromentries@2.0.8 OK for: eslint-plugin-import@2.32.0 want: ^2.0.8
1365 silly placeDep ROOT object.groupby@1.0.3 OK for: eslint-plugin-import@2.32.0 want: ^1.0.3
1366 silly placeDep ROOT object.values@1.2.1 OK for: eslint-plugin-import@2.32.0 want: ^1.2.1
1367 silly placeDep node_modules/eslint-plugin-import semver@6.3.1 OK for: eslint-plugin-import@2.32.0 want: ^6.3.1
1368 silly placeDep ROOT string.prototype.trimend@1.0.10 OK for: eslint-plugin-import@2.32.0 want: ^1.0.9
1369 silly placeDep ROOT tsconfig-paths@3.15.0 OK for: eslint-plugin-import@2.32.0 want: ^3.15.0
1370 silly fetch manifest call-bind@^1.0.9
1371 silly packumentCache full:https://registry.npmjs.org/call-bind cache-miss
1372 silly fetch manifest is-string@^1.1.1
1373 silly packumentCache full:https://registry.npmjs.org/is-string cache-miss
1374 silly fetch manifest call-bound@^1.0.4
1375 silly packumentCache full:https://registry.npmjs.org/call-bound cache-miss
1376 silly fetch manifest es-abstract@^1.24.2
1377 silly packumentCache full:https://registry.npmjs.org/es-abstract cache-miss
1378 silly fetch manifest es-object-atoms@^1.1.2
1379 silly packumentCache full:https://registry.npmjs.org/es-object-atoms cache-miss
1380 silly fetch manifest math-intrinsics@^1.1.0
1381 silly packumentCache full:https://registry.npmjs.org/math-intrinsics cache-miss
1382 silly fetch manifest define-properties@^1.2.1
1383 silly packumentCache full:https://registry.npmjs.org/define-properties cache-miss
1384 silly fetch manifest es-shim-unscopables@^1.1.0
1385 silly packumentCache full:https://registry.npmjs.org/es-shim-unscopables cache-miss
1386 silly fetch manifest call-bind@^1.0.8
1387 silly packumentCache full:https://registry.npmjs.org/call-bind cache-miss
1388 silly fetch manifest call-bound@^1.0.4
1389 silly packumentCache full:https://registry.npmjs.org/call-bound cache-miss
1390 silly fetch manifest define-properties@^1.2.1
1391 silly packumentCache full:https://registry.npmjs.org/define-properties cache-miss
1392 http fetch GET 200 https://registry.npmjs.org/call-bind 74ms (cache miss)
1393 silly packumentCache full:https://registry.npmjs.org/call-bind set size:undefined disposed:false
1394 silly fetch manifest es-abstract@^1.23.9
1395 silly packumentCache full:https://registry.npmjs.org/es-abstract cache-miss
1396 http fetch GET 200 https://registry.npmjs.org/is-string 90ms (cache miss)
1397 silly packumentCache full:https://registry.npmjs.org/is-string set size:undefined disposed:false
1398 silly fetch manifest es-object-atoms@^1.1.1
1399 silly packumentCache full:https://registry.npmjs.org/es-object-atoms cache-miss
1400 http fetch GET 200 https://registry.npmjs.org/call-bound 104ms (cache miss)
1401 silly packumentCache full:https://registry.npmjs.org/call-bound set size:undefined disposed:false
1402 silly fetch manifest es-shim-unscopables@^1.1.0
1403 silly packumentCache full:https://registry.npmjs.org/es-shim-unscopables cache-miss
1404 http fetch GET 200 https://registry.npmjs.org/es-object-atoms 75ms (cache miss)
1405 silly packumentCache full:https://registry.npmjs.org/es-object-atoms set size:undefined disposed:false
1406 silly fetch manifest call-bind@^1.0.8
1407 silly packumentCache full:https://registry.npmjs.org/call-bind cache-miss
1408 http cache https://registry.npmjs.org/call-bind 6ms (cache hit)
1409 silly packumentCache full:https://registry.npmjs.org/call-bind set size:32985 disposed:false
1410 silly fetch manifest define-properties@^1.2.1
1411 silly packumentCache full:https://registry.npmjs.org/define-properties cache-miss
1412 http fetch GET 200 https://registry.npmjs.org/es-shim-unscopables 90ms (cache miss)
1413 silly packumentCache full:https://registry.npmjs.org/es-shim-unscopables set size:undefined disposed:false
1414 silly fetch manifest es-abstract@^1.23.5
1415 silly packumentCache full:https://registry.npmjs.org/es-abstract cache-miss
1416 http fetch GET 200 https://registry.npmjs.org/math-intrinsics 198ms (cache miss)
1417 silly packumentCache full:https://registry.npmjs.org/math-intrinsics set size:undefined disposed:false
1418 silly fetch manifest es-shim-unscopables@^1.0.2
1419 silly packumentCache full:https://registry.npmjs.org/es-shim-unscopables cache-miss
1420 http fetch GET 200 https://registry.npmjs.org/es-abstract 129ms (cache miss)
1421 silly packumentCache full:https://registry.npmjs.org/es-abstract set size:undefined disposed:false
1422 silly fetch manifest define-properties@^1.2.1
1423 silly packumentCache full:https://registry.npmjs.org/define-properties cache-miss
1424 http cache https://registry.npmjs.org/es-shim-unscopables 10ms (cache hit)
1425 silly packumentCache full:https://registry.npmjs.org/es-shim-unscopables set size:13965 disposed:false
1426 silly fetch manifest es-abstract@^1.23.5
1427 silly packumentCache full:https://registry.npmjs.org/es-abstract cache-miss
1428 http cache https://registry.npmjs.org/es-abstract 7ms (cache hit)
1429 silly packumentCache full:https://registry.npmjs.org/es-abstract set size:384124 disposed:false
1430 silly fetch manifest function-bind@^1.1.2
1431 silly packumentCache full:https://registry.npmjs.org/function-bind cache-miss
1432 http fetch GET 200 https://registry.npmjs.org/define-properties 77ms (cache miss)
1433 silly packumentCache full:https://registry.npmjs.org/define-properties set size:undefined disposed:false
1434 silly fetch manifest call-bind@^1.0.7
1435 silly packumentCache full:https://registry.npmjs.org/call-bind cache-hit
1436 silly fetch manifest es-abstract@^1.23.2
1437 silly packumentCache full:https://registry.npmjs.org/es-abstract cache-hit
1438 silly fetch manifest es-object-atoms@^1.0.0
1439 silly packumentCache full:https://registry.npmjs.org/es-object-atoms cache-miss
1440 http cache https://registry.npmjs.org/es-object-atoms 4ms (cache hit)
1441 silly packumentCache full:https://registry.npmjs.org/es-object-atoms set size:18278 disposed:false
1442 silly fetch manifest call-bound@^1.0.3
1443 silly packumentCache full:https://registry.npmjs.org/call-bound cache-miss
1444 http cache https://registry.npmjs.org/call-bound 5ms (cache hit)
1445 silly packumentCache full:https://registry.npmjs.org/call-bound set size:15317 disposed:false
1446 silly fetch manifest es-object-atoms@^1.1.2
1447 silly packumentCache full:https://registry.npmjs.org/es-object-atoms cache-hit
1448 silly fetch manifest json5@^1.0.2
1449 silly packumentCache full:https://registry.npmjs.org/json5 cache-miss
1450 http fetch GET 200 https://registry.npmjs.org/es-abstract 168ms (cache miss)
1451 silly packumentCache full:https://registry.npmjs.org/es-abstract set size:undefined disposed:false
1452 silly packumentCache full:https://registry.npmjs.org/es-abstract dispose
1453 silly fetch manifest minimist@^1.2.6
1454 silly packumentCache full:https://registry.npmjs.org/minimist cache-miss
1455 http fetch GET 200 https://registry.npmjs.org/function-bind 165ms (cache miss)
1456 silly packumentCache full:https://registry.npmjs.org/function-bind set size:undefined disposed:false
1457 silly fetch manifest strip-bom@^3.0.0
1458 silly packumentCache full:https://registry.npmjs.org/strip-bom cache-miss
1459 http fetch GET 200 https://registry.npmjs.org/es-object-atoms 416ms (cache miss)
1460 silly packumentCache full:https://registry.npmjs.org/es-object-atoms set size:undefined disposed:false
1461 silly packumentCache full:https://registry.npmjs.org/es-object-atoms dispose
1462 silly fetch manifest @types/json5@^0.0.29
1463 silly packumentCache full:https://registry.npmjs.org/@types%2fjson5 cache-miss
1464 http fetch GET 200 https://registry.npmjs.org/json5 153ms (cache miss)
1465 silly packumentCache full:https://registry.npmjs.org/json5 set size:undefined disposed:false
1466 http fetch GET 200 https://registry.npmjs.org/minimist 103ms (cache miss)
1467 silly packumentCache full:https://registry.npmjs.org/minimist set size:undefined disposed:false
1468 http fetch GET 200 https://registry.npmjs.org/define-properties 343ms (cache miss)
1469 silly packumentCache full:https://registry.npmjs.org/define-properties set size:undefined disposed:false
1470 http fetch GET 200 https://registry.npmjs.org/es-abstract 593ms (cache miss)
1471 silly packumentCache full:https://registry.npmjs.org/es-abstract set size:undefined disposed:true
1472 http fetch GET 200 https://registry.npmjs.org/@types%2fjson5 563ms (cache miss)
1473 silly packumentCache full:https://registry.npmjs.org/@types%2fjson5 set size:undefined disposed:false
1474 http fetch GET 200 https://registry.npmjs.org/strip-bom 860ms (cache miss)
1475 silly packumentCache full:https://registry.npmjs.org/strip-bom set size:undefined disposed:false
1476 http fetch GET https://registry.npmjs.org/define-properties attempt 1 failed with ECONNRESET
1477 http fetch GET https://registry.npmjs.org/define-properties attempt 1 failed with ECONNRESET
1478 http fetch GET 200 https://registry.npmjs.org/define-properties 12232ms attempt #2 (cache miss)
1479 silly packumentCache full:https://registry.npmjs.org/define-properties set size:undefined disposed:false
1480 http fetch GET 200 https://registry.npmjs.org/define-properties 12330ms attempt #2 (cache miss)
1481 silly packumentCache full:https://registry.npmjs.org/define-properties set size:undefined disposed:false
1482 http fetch GET https://registry.npmjs.org/call-bind attempt 1 failed with ECONNRESET
1483 http fetch GET https://registry.npmjs.org/es-shim-unscopables attempt 1 failed with ECONNRESET
1484 http fetch GET https://registry.npmjs.org/call-bound attempt 1 failed with ECONNRESET
1485 http fetch GET 200 https://registry.npmjs.org/es-shim-unscopables 20350ms attempt #2 (cache miss)
1486 silly packumentCache full:https://registry.npmjs.org/es-shim-unscopables set size:undefined disposed:false
1487 silly packumentCache full:https://registry.npmjs.org/es-shim-unscopables dispose
1488 http fetch GET 200 https://registry.npmjs.org/call-bind 20352ms attempt #2 (cache miss)
1489 silly packumentCache full:https://registry.npmjs.org/call-bind set size:undefined disposed:false
1490 silly packumentCache full:https://registry.npmjs.org/call-bind dispose
1491 http fetch GET 200 https://registry.npmjs.org/call-bound 20353ms attempt #2 (cache miss)
1492 silly packumentCache full:https://registry.npmjs.org/call-bound set size:undefined disposed:false
1493 silly packumentCache full:https://registry.npmjs.org/call-bound dispose
1494 silly placeDep ROOT call-bind@1.0.9 OK for: array-includes@3.2.0 want: ^1.0.9
1495 silly placeDep ROOT call-bound@1.0.4 OK for: array-includes@3.2.0 want: ^1.0.4
1496 silly placeDep ROOT define-properties@1.2.1 OK for: array-includes@3.2.0 want: ^1.2.1
1497 silly placeDep ROOT es-abstract@1.24.2 OK for: array-includes@3.2.0 want: ^1.24.2
1498 silly placeDep ROOT es-object-atoms@1.1.2 OK for: array-includes@3.2.0 want: ^1.1.2
1499 silly placeDep ROOT es-shim-unscopables@1.1.0 OK for: array-includes@3.2.0 want: ^1.1.0
1500 silly placeDep ROOT is-string@1.1.1 OK for: array-includes@3.2.0 want: ^1.1.1
1501 silly placeDep ROOT math-intrinsics@1.1.0 OK for: array-includes@3.2.0 want: ^1.1.0
1502 silly fetch manifest call-bind-apply-helpers@^1.0.2
1503 silly packumentCache full:https://registry.npmjs.org/call-bind-apply-helpers cache-miss
1504 silly fetch manifest es-define-property@^1.0.1
1505 silly packumentCache full:https://registry.npmjs.org/es-define-property cache-miss
1506 silly fetch manifest get-intrinsic@^1.3.0
1507 silly packumentCache full:https://registry.npmjs.org/get-intrinsic cache-miss
1508 silly fetch manifest set-function-length@^1.2.2
1509 silly packumentCache full:https://registry.npmjs.org/set-function-length cache-miss
1510 silly fetch manifest call-bind-apply-helpers@^1.0.2
1511 silly packumentCache full:https://registry.npmjs.org/call-bind-apply-helpers cache-miss
1512 silly fetch manifest get-intrinsic@^1.3.0
1513 silly packumentCache full:https://registry.npmjs.org/get-intrinsic cache-miss
1514 silly fetch manifest define-data-property@^1.0.1
1515 silly packumentCache full:https://registry.npmjs.org/define-data-property cache-miss
1516 silly fetch manifest has-property-descriptors@^1.0.0
1517 silly packumentCache full:https://registry.npmjs.org/has-property-descriptors cache-miss
1518 silly fetch manifest array-buffer-byte-length@^1.0.2
1519 silly packumentCache full:https://registry.npmjs.org/array-buffer-byte-length cache-miss
1520 silly fetch manifest arraybuffer.prototype.slice@^1.0.4
1521 silly packumentCache full:https://registry.npmjs.org/arraybuffer.prototype.slice cache-miss
1522 silly fetch manifest available-typed-arrays@^1.0.7
1523 silly packumentCache full:https://registry.npmjs.org/available-typed-arrays cache-miss
1524 http cache https://registry.npmjs.org/call-bind-apply-helpers 24ms (cache hit)
1525 silly packumentCache full:https://registry.npmjs.org/call-bind-apply-helpers set size:12744 disposed:false
1526 silly fetch manifest data-view-buffer@^1.0.2
1527 silly packumentCache full:https://registry.npmjs.org/data-view-buffer cache-miss
1528 http cache https://registry.npmjs.org/set-function-length 24ms (cache hit)
1529 silly packumentCache full:https://registry.npmjs.org/set-function-length set size:24261 disposed:false
1530 silly fetch manifest data-view-byte-length@^1.0.2
1531 silly packumentCache full:https://registry.npmjs.org/data-view-byte-length cache-miss
1532 http cache https://registry.npmjs.org/es-define-property 28ms (cache hit)
1533 silly packumentCache full:https://registry.npmjs.org/es-define-property set size:8542 disposed:false
1534 silly fetch manifest data-view-byte-offset@^1.0.1
1535 silly packumentCache full:https://registry.npmjs.org/data-view-byte-offset cache-miss
1536 http cache https://registry.npmjs.org/get-intrinsic 28ms (cache hit)
1537 silly packumentCache full:https://registry.npmjs.org/get-intrinsic set size:60985 disposed:false
1538 silly fetch manifest es-set-tostringtag@^2.1.0
1539 silly packumentCache full:https://registry.npmjs.org/es-set-tostringtag cache-miss
1540 http cache https://registry.npmjs.org/call-bind-apply-helpers 30ms (cache hit)
1541 silly packumentCache full:https://registry.npmjs.org/call-bind-apply-helpers set size:12744 disposed:false
1542 silly packumentCache full:https://registry.npmjs.org/call-bind-apply-helpers dispose
1543 silly fetch manifest es-to-primitive@^1.3.0
1544 silly packumentCache full:https://registry.npmjs.org/es-to-primitive cache-miss
1545 http cache https://registry.npmjs.org/get-intrinsic 36ms (cache hit)
1546 silly packumentCache full:https://registry.npmjs.org/get-intrinsic set size:60985 disposed:false
1547 silly packumentCache full:https://registry.npmjs.org/get-intrinsic dispose
1548 silly fetch manifest function.prototype.name@^1.1.8
1549 silly packumentCache full:https://registry.npmjs.org/function.prototype.name cache-miss
1550 http cache https://registry.npmjs.org/array-buffer-byte-length 37ms (cache hit)
1551 silly packumentCache full:https://registry.npmjs.org/array-buffer-byte-length set size:13099 disposed:false
1552 silly fetch manifest get-proto@^1.0.1
1553 silly packumentCache full:https://registry.npmjs.org/get-proto cache-miss
1554 http cache https://registry.npmjs.org/has-property-descriptors 40ms (cache hit)
1555 silly packumentCache full:https://registry.npmjs.org/has-property-descriptors set size:12452 disposed:false
1556 silly fetch manifest get-symbol-description@^1.1.0
1557 silly packumentCache full:https://registry.npmjs.org/get-symbol-description cache-miss
1558 http cache https://registry.npmjs.org/data-view-buffer 36ms (cache hit)
1559 silly packumentCache full:https://registry.npmjs.org/data-view-buffer set size:11789 disposed:false
1560 silly fetch manifest globalthis@^1.0.4
1561 silly packumentCache full:https://registry.npmjs.org/globalthis cache-miss
1562 http cache https://registry.npmjs.org/data-view-byte-length 36ms (cache hit)
1563 silly packumentCache full:https://registry.npmjs.org/data-view-byte-length set size:12269 disposed:false
1564 silly fetch manifest gopd@^1.2.0
1565 silly packumentCache full:https://registry.npmjs.org/gopd cache-miss
1566 http cache https://registry.npmjs.org/es-to-primitive 38ms (cache hit)
1567 silly packumentCache full:https://registry.npmjs.org/es-to-primitive set size:35315 disposed:false
1568 silly fetch manifest has-property-descriptors@^1.0.2
1569 silly packumentCache full:https://registry.npmjs.org/has-property-descriptors cache-hit
1570 silly fetch manifest has-proto@^1.2.0
1571 silly packumentCache full:https://registry.npmjs.org/has-proto cache-miss
1572 http cache https://registry.npmjs.org/data-view-byte-offset 45ms (cache hit)
1573 silly packumentCache full:https://registry.npmjs.org/data-view-byte-offset set size:9200 disposed:false
1574 silly fetch manifest has-symbols@^1.1.0
1575 silly packumentCache full:https://registry.npmjs.org/has-symbols cache-miss
1576 http cache https://registry.npmjs.org/function.prototype.name 35ms (cache hit)
1577 silly packumentCache full:https://registry.npmjs.org/function.prototype.name set size:48566 disposed:false
1578 silly fetch manifest internal-slot@^1.1.0
1579 silly packumentCache full:https://registry.npmjs.org/internal-slot cache-miss
1580 http cache https://registry.npmjs.org/get-proto 35ms (cache hit)
1581 silly packumentCache full:https://registry.npmjs.org/get-proto set size:8300 disposed:false
1582 silly fetch manifest is-array-buffer@^3.0.5
1583 silly packumentCache full:https://registry.npmjs.org/is-array-buffer cache-miss
1584 http cache https://registry.npmjs.org/es-set-tostringtag 49ms (cache hit)
1585 silly packumentCache full:https://registry.npmjs.org/es-set-tostringtag set size:22094 disposed:false
1586 silly fetch manifest is-callable@^1.2.7
1587 silly packumentCache full:https://registry.npmjs.org/is-callable cache-miss
1588 http cache https://registry.npmjs.org/get-symbol-description 35ms (cache hit)
1589 silly packumentCache full:https://registry.npmjs.org/get-symbol-description set size:15540 disposed:false
1590 silly fetch manifest is-data-view@^1.0.2
1591 silly packumentCache full:https://registry.npmjs.org/is-data-view cache-miss
1592 http cache https://registry.npmjs.org/globalthis 32ms (cache hit)
1593 silly packumentCache full:https://registry.npmjs.org/globalthis set size:22522 disposed:false
1594 silly fetch manifest is-negative-zero@^2.0.3
1595 silly packumentCache full:https://registry.npmjs.org/is-negative-zero cache-miss
1596 http cache https://registry.npmjs.org/has-proto 24ms (cache hit)
1597 silly packumentCache full:https://registry.npmjs.org/has-proto set size:21527 disposed:false
1598 silly fetch manifest is-regex@^1.2.1
1599 silly packumentCache full:https://registry.npmjs.org/is-regex cache-miss
1600 http cache https://registry.npmjs.org/has-symbols 24ms (cache hit)
1601 silly packumentCache full:https://registry.npmjs.org/has-symbols set size:21550 disposed:false
1602 silly fetch manifest is-set@^2.0.3
1603 silly packumentCache full:https://registry.npmjs.org/is-set cache-miss
1604 http cache https://registry.npmjs.org/gopd 36ms (cache hit)
1605 silly packumentCache full:https://registry.npmjs.org/gopd set size:11483 disposed:false
1606 silly fetch manifest is-shared-array-buffer@^1.0.4
1607 silly packumentCache full:https://registry.npmjs.org/is-shared-array-buffer cache-miss
1608 http cache https://registry.npmjs.org/is-array-buffer 24ms (cache hit)
1609 silly packumentCache full:https://registry.npmjs.org/is-array-buffer set size:33562 disposed:false
1610 silly fetch manifest is-typed-array@^1.1.15
1611 silly packumentCache full:https://registry.npmjs.org/is-typed-array cache-miss
1612 http cache https://registry.npmjs.org/internal-slot 27ms (cache hit)
1613 silly packumentCache full:https://registry.npmjs.org/internal-slot set size:30267 disposed:false
1614 silly fetch manifest is-weakref@^1.1.1
1615 silly packumentCache full:https://registry.npmjs.org/is-weakref cache-miss
1616 http cache https://registry.npmjs.org/is-callable 26ms (cache hit)
1617 silly packumentCache full:https://registry.npmjs.org/is-callable set size:66606 disposed:false
1618 silly fetch manifest object-inspect@^1.13.4
1619 silly packumentCache full:https://registry.npmjs.org/object-inspect cache-miss
1620 http cache https://registry.npmjs.org/is-data-view 26ms (cache hit)
1621 silly packumentCache full:https://registry.npmjs.org/is-data-view set size:13756 disposed:false
1622 silly fetch manifest object.assign@^4.1.7
1623 silly packumentCache full:https://registry.npmjs.org/object.assign cache-miss
1624 http cache https://registry.npmjs.org/is-negative-zero 27ms (cache hit)
1625 silly packumentCache full:https://registry.npmjs.org/is-negative-zero set size:22152 disposed:false
1626 silly fetch manifest own-keys@^1.0.1
1627 silly packumentCache full:https://registry.npmjs.org/own-keys cache-miss
1628 http cache https://registry.npmjs.org/is-regex 27ms (cache hit)
1629 silly packumentCache full:https://registry.npmjs.org/is-regex set size:42924 disposed:false
1630 silly fetch manifest regexp.prototype.flags@^1.5.4
1631 silly packumentCache full:https://registry.npmjs.org/regexp.prototype.flags cache-miss
1632 http cache https://registry.npmjs.org/is-set 28ms (cache hit)
1633 silly packumentCache full:https://registry.npmjs.org/is-set set size:16614 disposed:false
1634 silly fetch manifest safe-array-concat@^1.1.3
1635 silly packumentCache full:https://registry.npmjs.org/safe-array-concat cache-miss
1636 http cache https://registry.npmjs.org/is-typed-array 25ms (cache hit)
1637 silly packumentCache full:https://registry.npmjs.org/is-typed-array set size:79965 disposed:false
1638 silly fetch manifest safe-push-apply@^1.0.0
1639 silly packumentCache full:https://registry.npmjs.org/safe-push-apply cache-miss
1640 http cache https://registry.npmjs.org/is-weakref 27ms (cache hit)
1641 silly packumentCache full:https://registry.npmjs.org/is-weakref set size:18473 disposed:false
1642 silly fetch manifest safe-regex-test@^1.1.0
1643 silly packumentCache full:https://registry.npmjs.org/safe-regex-test cache-hit
1644 silly fetch manifest set-proto@^1.0.0
1645 silly packumentCache full:https://registry.npmjs.org/set-proto cache-miss
1646 http cache https://registry.npmjs.org/is-shared-array-buffer 34ms (cache hit)
1647 silly packumentCache full:https://registry.npmjs.org/is-shared-array-buffer set size:19880 disposed:false
1648 silly fetch manifest stop-iteration-iterator@^1.1.0
1649 silly packumentCache full:https://registry.npmjs.org/stop-iteration-iterator cache-miss
1650 http cache https://registry.npmjs.org/object-inspect 34ms (cache hit)
1651 silly packumentCache full:https://registry.npmjs.org/object-inspect set size:101927 disposed:false
1652 silly fetch manifest string.prototype.trim@^1.2.10
1653 silly packumentCache full:https://registry.npmjs.org/string.prototype.trim cache-miss
1654 http cache https://registry.npmjs.org/object.assign 38ms (cache hit)
1655 silly packumentCache full:https://registry.npmjs.org/object.assign set size:85907 disposed:false
1656 silly fetch manifest string.prototype.trimstart@^1.0.8
1657 silly packumentCache full:https://registry.npmjs.org/string.prototype.trimstart cache-miss
1658 http fetch GET 200 https://registry.npmjs.org/define-data-property 165ms (cache miss)
1659 silly packumentCache full:https://registry.npmjs.org/define-data-property set size:undefined disposed:false
1660 silly fetch manifest typed-array-buffer@^1.0.3
1661 silly packumentCache full:https://registry.npmjs.org/typed-array-buffer cache-miss
1662 http fetch GET 200 https://registry.npmjs.org/available-typed-arrays 164ms (cache miss)
1663 silly packumentCache full:https://registry.npmjs.org/available-typed-arrays set size:undefined disposed:false
1664 silly fetch manifest typed-array-byte-length@^1.0.3
1665 silly packumentCache full:https://registry.npmjs.org/typed-array-byte-length cache-miss
1666 http cache https://registry.npmjs.org/regexp.prototype.flags 46ms (cache hit)
1667 silly packumentCache full:https://registry.npmjs.org/regexp.prototype.flags set size:60621 disposed:false
1668 silly fetch manifest typed-array-byte-offset@^1.0.4
1669 silly packumentCache full:https://registry.npmjs.org/typed-array-byte-offset cache-miss
1670 http cache https://registry.npmjs.org/own-keys 52ms (cache hit)
1671 silly packumentCache full:https://registry.npmjs.org/own-keys set size:11888 disposed:false
1672 silly fetch manifest typed-array-length@^1.0.7
1673 silly packumentCache full:https://registry.npmjs.org/typed-array-length cache-miss
1674 http cache https://registry.npmjs.org/safe-array-concat 53ms (cache hit)
1675 silly packumentCache full:https://registry.npmjs.org/safe-array-concat set size:25516 disposed:false
1676 silly fetch manifest unbox-primitive@^1.1.0
1677 silly packumentCache full:https://registry.npmjs.org/unbox-primitive cache-miss
1678 http cache https://registry.npmjs.org/set-proto 51ms (cache hit)
1679 silly packumentCache full:https://registry.npmjs.org/set-proto set size:5334 disposed:false
1680 silly fetch manifest which-typed-array@^1.1.19
1681 silly packumentCache full:https://registry.npmjs.org/which-typed-array cache-miss
1682 http cache https://registry.npmjs.org/stop-iteration-iterator 51ms (cache hit)
1683 silly packumentCache full:https://registry.npmjs.org/stop-iteration-iterator set size:9160 disposed:false
1684 silly fetch manifest has-tostringtag@^1.0.2
1685 silly packumentCache full:https://registry.npmjs.org/has-tostringtag cache-miss
1686 http cache https://registry.npmjs.org/safe-push-apply 60ms (cache hit)
1687 silly packumentCache full:https://registry.npmjs.org/safe-push-apply set size:5759 disposed:false
1688 http fetch GET 200 https://registry.npmjs.org/arraybuffer.prototype.slice 189ms (cache miss)
1689 silly packumentCache full:https://registry.npmjs.org/arraybuffer.prototype.slice set size:undefined disposed:false
1690 http cache https://registry.npmjs.org/string.prototype.trim 48ms (cache hit)
1691 silly packumentCache full:https://registry.npmjs.org/string.prototype.trim set size:57416 disposed:false
1692 http cache https://registry.npmjs.org/string.prototype.trimstart 49ms (cache hit)
1693 silly packumentCache full:https://registry.npmjs.org/string.prototype.trimstart set size:38291 disposed:false
1694 http cache https://registry.npmjs.org/typed-array-buffer 45ms (cache hit)
1695 silly packumentCache full:https://registry.npmjs.org/typed-array-buffer set size:14045 disposed:false
1696 http cache https://registry.npmjs.org/typed-array-byte-length 45ms (cache hit)
1697 silly packumentCache full:https://registry.npmjs.org/typed-array-byte-length set size:18382 disposed:false
1698 http cache https://registry.npmjs.org/has-tostringtag 29ms (cache hit)
1699 silly packumentCache full:https://registry.npmjs.org/has-tostringtag set size:13945 disposed:false
1700 http cache https://registry.npmjs.org/typed-array-byte-offset 46ms (cache hit)
1701 silly packumentCache full:https://registry.npmjs.org/typed-array-byte-offset set size:25416 disposed:false
1702 http cache https://registry.npmjs.org/typed-array-length 43ms (cache hit)
1703 silly packumentCache full:https://registry.npmjs.org/typed-array-length set size:35665 disposed:false
1704 http cache https://registry.npmjs.org/which-typed-array 38ms (cache hit)
1705 silly packumentCache full:https://registry.npmjs.org/which-typed-array set size:109574 disposed:false
1706 http cache https://registry.npmjs.org/unbox-primitive 42ms (cache hit)
1707 silly packumentCache full:https://registry.npmjs.org/unbox-primitive set size:15669 disposed:false
1708 silly placeDep ROOT es-errors@1.3.0 OK for: array.prototype.findlastindex@1.2.6 want: ^1.3.0
1709 silly placeDep ROOT call-bind-apply-helpers@1.0.2 OK for: call-bind@1.0.9 want: ^1.0.2
1710 silly placeDep ROOT es-define-property@1.0.1 OK for: call-bind@1.0.9 want: ^1.0.1
1711 silly placeDep ROOT get-intrinsic@1.3.0 OK for: call-bind@1.0.9 want: ^1.3.0
1712 silly placeDep ROOT set-function-length@1.2.2 OK for: call-bind@1.0.9 want: ^1.2.2
1713 silly fetch manifest define-data-property@^1.1.4
1714 silly packumentCache full:https://registry.npmjs.org/define-data-property cache-miss
1715 silly fetch manifest gopd@^1.0.1
1716 silly packumentCache full:https://registry.npmjs.org/gopd cache-hit
1717 http cache https://registry.npmjs.org/define-data-property 9ms (cache hit)
1718 silly packumentCache full:https://registry.npmjs.org/define-data-property set size:28048 disposed:false
1719 silly placeDep ROOT function-bind@1.1.2 OK for: call-bind-apply-helpers@1.0.2 want: ^1.1.2
1720 silly placeDep ROOT define-data-property@1.1.4 OK for: define-properties@1.2.1 want: ^1.0.1
1721 silly placeDep ROOT has-property-descriptors@1.0.2 OK for: define-properties@1.2.1 want: ^1.0.0
1722 silly placeDep ROOT object-keys@1.1.1 OK for: define-properties@1.2.1 want: ^1.1.1
1723 silly placeDep ROOT gopd@1.2.0 OK for: define-data-property@1.1.4 want: ^1.0.1
1724 silly placeDep ROOT array-buffer-byte-length@1.0.2 OK for: es-abstract@1.24.2 want: ^1.0.2
1725 silly placeDep ROOT arraybuffer.prototype.slice@1.0.4 OK for: es-abstract@1.24.2 want: ^1.0.4
1726 silly placeDep ROOT available-typed-arrays@1.0.7 OK for: es-abstract@1.24.2 want: ^1.0.7
1727 silly placeDep ROOT data-view-buffer@1.0.2 OK for: es-abstract@1.24.2 want: ^1.0.2
1728 silly placeDep ROOT data-view-byte-length@1.0.2 OK for: es-abstract@1.24.2 want: ^1.0.2
1729 silly placeDep ROOT data-view-byte-offset@1.0.1 OK for: es-abstract@1.24.2 want: ^1.0.1
1730 silly placeDep ROOT es-set-tostringtag@2.1.0 OK for: es-abstract@1.24.2 want: ^2.1.0
1731 silly placeDep ROOT es-to-primitive@1.3.4 OK for: es-abstract@1.24.2 want: ^1.3.0
1732 silly placeDep ROOT function.prototype.name@1.2.0 OK for: es-abstract@1.24.2 want: ^1.1.8
1733 silly placeDep ROOT get-proto@1.0.1 OK for: es-abstract@1.24.2 want: ^1.0.1
1734 silly placeDep ROOT get-symbol-description@1.1.0 OK for: es-abstract@1.24.2 want: ^1.1.0
1735 silly placeDep ROOT globalthis@1.0.4 OK for: es-abstract@1.24.2 want: ^1.0.4
1736 silly placeDep ROOT has-proto@1.2.0 OK for: es-abstract@1.24.2 want: ^1.2.0
1737 silly placeDep ROOT has-symbols@1.1.0 OK for: es-abstract@1.24.2 want: ^1.1.0
1738 silly placeDep ROOT internal-slot@1.1.0 OK for: es-abstract@1.24.2 want: ^1.1.0
1739 silly placeDep ROOT is-array-buffer@3.0.5 OK for: es-abstract@1.24.2 want: ^3.0.5
1740 silly placeDep ROOT is-callable@1.2.7 OK for: es-abstract@1.24.2 want: ^1.2.7
1741 silly placeDep ROOT is-data-view@1.0.2 OK for: es-abstract@1.24.2 want: ^1.0.2
1742 silly placeDep ROOT is-negative-zero@2.0.3 OK for: es-abstract@1.24.2 want: ^2.0.3
1743 silly placeDep ROOT is-regex@1.2.1 OK for: es-abstract@1.24.2 want: ^1.2.1
1744 silly placeDep ROOT is-set@2.0.3 OK for: es-abstract@1.24.2 want: ^2.0.3
1745 silly placeDep ROOT is-shared-array-buffer@1.0.4 OK for: es-abstract@1.24.2 want: ^1.0.4
1746 silly placeDep ROOT is-typed-array@1.1.15 OK for: es-abstract@1.24.2 want: ^1.1.15
1747 silly placeDep ROOT is-weakref@1.1.1 OK for: es-abstract@1.24.2 want: ^1.1.1
1748 silly placeDep ROOT object-inspect@1.13.4 OK for: es-abstract@1.24.2 want: ^1.13.4
1749 silly placeDep ROOT object.assign@4.1.7 OK for: es-abstract@1.24.2 want: ^4.1.7
1750 silly placeDep ROOT own-keys@1.0.2 OK for: es-abstract@1.24.2 want: ^1.0.1
1751 silly placeDep ROOT regexp.prototype.flags@1.5.4 OK for: es-abstract@1.24.2 want: ^1.5.4
1752 silly placeDep ROOT safe-array-concat@1.1.4 OK for: es-abstract@1.24.2 want: ^1.1.3
1753 silly placeDep ROOT safe-push-apply@1.0.0 OK for: es-abstract@1.24.2 want: ^1.0.0
1754 silly placeDep ROOT safe-regex-test@1.1.0 OK for: es-abstract@1.24.2 want: ^1.1.0
1755 silly placeDep ROOT set-proto@1.0.0 OK for: es-abstract@1.24.2 want: ^1.0.0
1756 silly placeDep ROOT stop-iteration-iterator@1.1.0 OK for: es-abstract@1.24.2 want: ^1.1.0
1757 silly placeDep ROOT string.prototype.trim@1.2.11 OK for: es-abstract@1.24.2 want: ^1.2.10
1758 silly placeDep ROOT string.prototype.trimstart@1.0.8 OK for: es-abstract@1.24.2 want: ^1.0.8
1759 silly placeDep ROOT typed-array-buffer@1.0.3 OK for: es-abstract@1.24.2 want: ^1.0.3
1760 silly placeDep ROOT typed-array-byte-length@1.0.3 OK for: es-abstract@1.24.2 want: ^1.0.3
1761 silly placeDep ROOT typed-array-byte-offset@1.0.5 OK for: es-abstract@1.24.2 want: ^1.0.4
1762 silly placeDep ROOT typed-array-length@1.0.8 OK for: es-abstract@1.24.2 want: ^1.0.7
1763 silly placeDep ROOT unbox-primitive@1.1.0 OK for: es-abstract@1.24.2 want: ^1.1.0
1764 silly placeDep ROOT which-typed-array@1.1.24 OK for: es-abstract@1.24.2 want: ^1.1.19
1765 silly fetch manifest is-array-buffer@^3.0.4
1766 silly packumentCache full:https://registry.npmjs.org/is-array-buffer cache-hit
1767 silly fetch manifest possible-typed-array-names@^1.0.0
1768 silly packumentCache full:https://registry.npmjs.org/possible-typed-array-names cache-miss
1769 silly fetch manifest is-data-view@^1.0.1
1770 silly packumentCache full:https://registry.npmjs.org/is-data-view cache-hit
1771 silly fetch manifest is-symbol@^1.1.1
1772 silly packumentCache full:https://registry.npmjs.org/is-symbol cache-miss
1773 silly fetch manifest is-date-object@^1.1.0
1774 silly packumentCache full:https://registry.npmjs.org/is-date-object cache-miss
1775 silly fetch manifest es-abstract-get@^1.0.0
1776 silly packumentCache full:https://registry.npmjs.org/es-abstract-get cache-miss
1777 silly fetch manifest is-document.all@^1.0.0
1778 silly packumentCache full:https://registry.npmjs.org/is-document.all cache-miss
1779 silly fetch manifest functions-have-names@^1.2.3
1780 silly packumentCache full:https://registry.npmjs.org/functions-have-names cache-miss
1781 silly fetch manifest dunder-proto@^1.0.1
1782 silly packumentCache full:https://registry.npmjs.org/dunder-proto cache-miss
1783 silly fetch manifest dunder-proto@^1.0.0
1784 silly packumentCache full:https://registry.npmjs.org/dunder-proto cache-miss
1785 silly fetch manifest side-channel@^1.1.0
1786 silly packumentCache full:https://registry.npmjs.org/side-channel cache-miss
1787 silly fetch manifest is-typed-array@^1.1.13
1788 silly packumentCache full:https://registry.npmjs.org/is-typed-array cache-hit
1789 silly fetch manifest which-typed-array@^1.1.16
1790 silly packumentCache full:https://registry.npmjs.org/which-typed-array cache-hit
1791 silly fetch manifest set-function-name@^2.0.2
1792 silly packumentCache full:https://registry.npmjs.org/set-function-name cache-miss
1793 silly fetch manifest isarray@^2.0.5
1794 silly packumentCache full:https://registry.npmjs.org/isarray cache-miss
1795 http fetch GET 200 https://registry.npmjs.org/es-abstract-get 111ms (cache miss)
1796 silly packumentCache full:https://registry.npmjs.org/es-abstract-get set size:undefined disposed:false
1797 silly fetch manifest isarray@^2.0.5
1798 silly packumentCache full:https://registry.npmjs.org/isarray cache-miss
1799 http fetch GET 200 https://registry.npmjs.org/is-document.all 257ms (cache miss)
1800 silly packumentCache full:https://registry.npmjs.org/is-document.all set size:undefined disposed:false
1801 silly fetch manifest dunder-proto@^1.0.1
1802 silly packumentCache full:https://registry.npmjs.org/dunder-proto cache-miss
1803 http fetch GET 200 https://registry.npmjs.org/isarray 163ms (cache miss)
1804 silly packumentCache full:https://registry.npmjs.org/isarray set size:undefined disposed:false
1805 silly fetch manifest for-each@^0.3.3
1806 silly packumentCache full:https://registry.npmjs.org/for-each cache-miss
1807 http fetch GET 200 https://registry.npmjs.org/possible-typed-array-names 382ms (cache miss)
1808 silly packumentCache full:https://registry.npmjs.org/possible-typed-array-names set size:undefined disposed:false
1809 silly fetch manifest for-each@^0.3.5
1810 silly packumentCache full:https://registry.npmjs.org/for-each cache-miss
1811 http fetch GET 200 https://registry.npmjs.org/is-symbol 386ms (cache miss)
1812 silly packumentCache full:https://registry.npmjs.org/is-symbol set size:undefined disposed:false
1813 silly fetch manifest reflect.getprototypeof@^1.0.10
1814 silly packumentCache full:https://registry.npmjs.org/reflect.getprototypeof cache-miss
1815 http fetch GET 200 https://registry.npmjs.org/is-date-object 397ms (cache miss)
1816 silly packumentCache full:https://registry.npmjs.org/is-date-object set size:undefined disposed:false
1817 silly fetch manifest for-each@^0.3.5
1818 silly packumentCache full:https://registry.npmjs.org/for-each cache-miss
1819 http fetch GET 200 https://registry.npmjs.org/functions-have-names 407ms (cache miss)
1820 silly packumentCache full:https://registry.npmjs.org/functions-have-names set size:undefined disposed:false
1821 silly fetch manifest possible-typed-array-names@^1.1.0
1822 silly packumentCache full:https://registry.npmjs.org/possible-typed-array-names cache-miss
1823 http cache https://registry.npmjs.org/possible-typed-array-names 6ms (cache hit)
1824 silly packumentCache full:https://registry.npmjs.org/possible-typed-array-names set size:9167 disposed:false
1825 silly fetch manifest reflect.getprototypeof@^1.0.10
1826 silly packumentCache full:https://registry.npmjs.org/reflect.getprototypeof cache-miss
1827 http fetch GET 200 https://registry.npmjs.org/dunder-proto 212ms (cache miss)
1828 silly packumentCache full:https://registry.npmjs.org/dunder-proto set size:undefined disposed:false
1829 silly fetch manifest has-bigints@^1.0.2
1830 silly packumentCache full:https://registry.npmjs.org/has-bigints cache-miss
1831 http fetch GET 200 https://registry.npmjs.org/for-each 199ms (cache miss)
1832 silly packumentCache full:https://registry.npmjs.org/for-each set size:undefined disposed:false
1833 silly fetch manifest which-boxed-primitive@^1.1.1
1834 silly packumentCache full:https://registry.npmjs.org/which-boxed-primitive cache-miss
1835 http fetch GET 200 https://registry.npmjs.org/reflect.getprototypeof 89ms (cache miss)
1836 silly packumentCache full:https://registry.npmjs.org/reflect.getprototypeof set size:undefined disposed:false
1837 silly fetch manifest for-each@^0.3.5
1838 silly packumentCache full:https://registry.npmjs.org/for-each cache-miss
1839 http cache https://registry.npmjs.org/for-each 9ms (cache hit)
1840 silly packumentCache full:https://registry.npmjs.org/for-each set size:14327 disposed:false
1841 http fetch GET 200 https://registry.npmjs.org/has-bigints 130ms (cache miss)
1842 silly packumentCache full:https://registry.npmjs.org/has-bigints set size:undefined disposed:false
1843 http fetch GET 200 https://registry.npmjs.org/which-boxed-primitive 130ms (cache miss)
1844 silly packumentCache full:https://registry.npmjs.org/which-boxed-primitive set size:undefined disposed:false
1845 http fetch GET 200 https://registry.npmjs.org/reflect.getprototypeof 554ms (cache miss)
1846 silly packumentCache full:https://registry.npmjs.org/reflect.getprototypeof set size:undefined disposed:false
1847 http fetch GET 200 https://registry.npmjs.org/isarray 1053ms (cache miss)
1848 silly packumentCache full:https://registry.npmjs.org/isarray set size:undefined disposed:false
1849 http fetch GET 200 https://registry.npmjs.org/for-each 702ms (cache miss)
1850 silly packumentCache full:https://registry.npmjs.org/for-each set size:undefined disposed:false
1851 silly packumentCache full:https://registry.npmjs.org/for-each dispose
1852 http fetch GET 200 https://registry.npmjs.org/for-each 690ms (cache miss)
1853 silly packumentCache full:https://registry.npmjs.org/for-each set size:undefined disposed:true
1854 http fetch GET https://registry.npmjs.org/dunder-proto attempt 1 failed with ECONNRESET
1855 http fetch GET https://registry.npmjs.org/set-function-name attempt 1 failed with ECONNRESET
1856 http fetch GET https://registry.npmjs.org/side-channel attempt 1 failed with ECONNRESET
1857 http fetch GET 200 https://registry.npmjs.org/dunder-proto 12459ms attempt #2 (cache miss)
1858 silly packumentCache full:https://registry.npmjs.org/dunder-proto set size:undefined disposed:false
1859 http fetch GET 200 https://registry.npmjs.org/set-function-name 12460ms attempt #2 (cache miss)
1860 silly packumentCache full:https://registry.npmjs.org/set-function-name set size:undefined disposed:false
1861 http fetch GET 200 https://registry.npmjs.org/side-channel 12488ms attempt #2 (cache miss)
1862 silly packumentCache full:https://registry.npmjs.org/side-channel set size:undefined disposed:false
1863 http fetch GET https://registry.npmjs.org/dunder-proto attempt 1 failed with ECONNRESET
1864 http fetch GET 200 https://registry.npmjs.org/dunder-proto 42072ms attempt #2 (cache miss)
1865 silly packumentCache full:https://registry.npmjs.org/dunder-proto set size:undefined disposed:false
1866 silly placeDep ROOT possible-typed-array-names@1.1.0 OK for: available-typed-arrays@1.0.7 want: ^1.0.0
1867 silly placeDep ROOT has-tostringtag@1.0.2 OK for: es-set-tostringtag@2.1.0 want: ^1.0.2
1868 silly placeDep ROOT es-abstract-get@1.0.0 OK for: es-to-primitive@1.3.4 want: ^1.0.0
1869 silly placeDep ROOT is-date-object@1.1.0 OK for: es-to-primitive@1.3.4 want: ^1.1.0
1870 silly placeDep ROOT is-symbol@1.1.1 OK for: es-to-primitive@1.3.4 want: ^1.1.1
1871 silly placeDep node_modules/eslint-module-utils debug@3.2.7 OK for: eslint-module-utils@2.14.0 want: ^3.2.7
1872 silly placeDep ROOT aria-query@5.3.2 OK for: eslint-plugin-jsx-a11y@6.10.2 want: ^5.3.2
1873 silly placeDep ROOT ast-types-flow@0.0.8 OK for: eslint-plugin-jsx-a11y@6.10.2 want: ^0.0.8
1874 silly placeDep ROOT axe-core@4.13.0 OK for: eslint-plugin-jsx-a11y@6.10.2 want: ^4.10.0
1875 silly placeDep ROOT axobject-query@4.1.0 OK for: eslint-plugin-jsx-a11y@6.10.2 want: ^4.1.0
1876 silly placeDep ROOT damerau-levenshtein@1.0.8 OK for: eslint-plugin-jsx-a11y@6.10.2 want: ^1.0.8
1877 silly placeDep ROOT emoji-regex@9.2.2 OK for: eslint-plugin-jsx-a11y@6.10.2 want: ^9.2.2
1878 silly placeDep ROOT jsx-ast-utils@3.3.5 OK for: eslint-plugin-jsx-a11y@6.10.2 want: ^3.3.5
1879 silly placeDep ROOT language-tags@1.0.9 OK for: eslint-plugin-jsx-a11y@6.10.2 want: ^1.0.9
1880 silly placeDep ROOT string.prototype.includes@2.0.1 OK for: eslint-plugin-jsx-a11y@6.10.2 want: ^2.0.1
1881 silly fetch manifest language-subtag-registry@^0.3.20
1882 silly packumentCache full:https://registry.npmjs.org/language-subtag-registry cache-miss
1883 http cache https://registry.npmjs.org/language-subtag-registry 6ms (cache hit)
1884 silly packumentCache full:https://registry.npmjs.org/language-subtag-registry set size:46437 disposed:false
1885 silly placeDep ROOT array.prototype.findlast@1.2.5 OK for: eslint-plugin-react@7.37.5 want: ^1.2.5
1886 silly placeDep ROOT array.prototype.tosorted@1.1.4 OK for: eslint-plugin-react@7.37.5 want: ^1.1.4
1887 silly placeDep node_modules/eslint-plugin-react doctrine@2.1.0 OK for: eslint-plugin-react@7.37.5 want: ^2.1.0
1888 silly placeDep ROOT es-iterator-helpers@1.4.0 OK for: eslint-plugin-react@7.37.5 want: ^1.2.1
1889 silly placeDep ROOT estraverse@5.3.0 OK for: eslint-plugin-react@7.37.5 want: ^5.3.0
1890 silly placeDep ROOT object.entries@1.1.9 OK for: eslint-plugin-react@7.37.5 want: ^1.1.9
1891 silly placeDep ROOT prop-types@15.8.1 OK for: eslint-plugin-react@7.37.5 want: ^15.8.1
1892 silly placeDep node_modules/eslint-plugin-react semver@6.3.1 OK for: eslint-plugin-react@7.37.5 want: ^6.3.1
1893 silly placeDep ROOT string.prototype.matchall@4.1.0 OK for: eslint-plugin-react@7.37.5 want: ^4.0.12
1894 silly placeDep ROOT string.prototype.repeat@1.0.0 OK for: eslint-plugin-react@7.37.5 want: ^1.0.0
1895 silly fetch manifest iterator.prototype@^1.1.5
1896 silly packumentCache full:https://registry.npmjs.org/iterator.prototype cache-miss
1897 silly fetch manifest loose-envify@^1.4.0
1898 silly packumentCache full:https://registry.npmjs.org/loose-envify cache-miss
1899 silly fetch manifest object-assign@^4.1.1
1900 silly packumentCache full:https://registry.npmjs.org/object-assign cache-miss
1901 silly fetch manifest react-is@^16.13.1
1902 silly packumentCache full:https://registry.npmjs.org/react-is cache-miss
1903 silly fetch manifest side-channel@^1.1.1
1904 silly packumentCache full:https://registry.npmjs.org/side-channel cache-miss
1905 http cache https://registry.npmjs.org/object-assign 12ms (cache hit)
1906 silly packumentCache full:https://registry.npmjs.org/object-assign set size:28988 disposed:false
1907 http cache https://registry.npmjs.org/loose-envify 14ms (cache hit)
1908 silly packumentCache full:https://registry.npmjs.org/loose-envify set size:12559 disposed:false
1909 http cache https://registry.npmjs.org/iterator.prototype 16ms (cache hit)
1910 silly packumentCache full:https://registry.npmjs.org/iterator.prototype set size:26870 disposed:false
1911 http cache https://registry.npmjs.org/side-channel 16ms (cache hit)
1912 silly packumentCache full:https://registry.npmjs.org/side-channel set size:27650 disposed:false
1913 http cache https://registry.npmjs.org/react-is 29ms (cache hit)
1914 silly packumentCache full:https://registry.npmjs.org/react-is set size:5675314 disposed:false
1915 silly placeDep ROOT iterator.prototype@1.1.5 OK for: es-iterator-helpers@1.4.0 want: ^1.1.5
1916 silly placeDep ROOT esrecurse@4.3.0 OK for: eslint-scope@7.2.2 want: ^4.3.0
1917 silly placeDep ROOT acorn@8.18.0 OK for: espree@9.6.1 want: ^8.9.0
1918 silly placeDep ROOT acorn-jsx@5.3.2 OK for: espree@9.6.1 want: ^5.3.2
1919 silly placeDep node_modules/fast-glob glob-parent@5.1.2 OK for: fast-glob@3.3.1 want: ^5.1.2
1920 silly placeDep ROOT merge2@1.4.1 OK for: fast-glob@3.3.1 want: ^1.3.0
1921 silly placeDep ROOT micromatch@4.0.8 OK for: fast-glob@3.3.1 want: ^4.0.4
1922 silly fetch manifest braces@^3.0.3
1923 silly packumentCache full:https://registry.npmjs.org/braces cache-miss
1924 silly fetch manifest picomatch@^2.3.1
1925 silly packumentCache full:https://registry.npmjs.org/picomatch cache-hit
1926 http cache https://registry.npmjs.org/braces 11ms (cache hit)
1927 silly packumentCache full:https://registry.npmjs.org/braces set size:114529 disposed:false
1928 silly placeDep ROOT reusify@1.1.0 OK for: fastq@1.20.3 want: ^1.0.4
1929 silly placeDep ROOT flat-cache@3.2.0 OK for: file-entry-cache@6.0.1 want: ^3.0.4
1930 silly fetch manifest keyv@^4.5.3
1931 silly packumentCache full:https://registry.npmjs.org/keyv cache-miss
1932 silly fetch manifest rimraf@^3.0.2
1933 silly packumentCache full:https://registry.npmjs.org/rimraf cache-miss
1934 silly fetch manifest flatted@^3.2.9
1935 silly packumentCache full:https://registry.npmjs.org/flatted cache-miss
1936 http cache https://registry.npmjs.org/keyv 20ms (cache hit)
1937 silly packumentCache full:https://registry.npmjs.org/keyv set size:227033 disposed:false
1938 http cache https://registry.npmjs.org/flatted 22ms (cache hit)
1939 silly packumentCache full:https://registry.npmjs.org/flatted set size:143283 disposed:false
1940 http cache https://registry.npmjs.org/rimraf 25ms (cache hit)
1941 silly packumentCache full:https://registry.npmjs.org/rimraf set size:212626 disposed:false
1942 silly placeDep ROOT locate-path@6.0.0 OK for: find-up@5.0.0 want: ^6.0.0
1943 silly placeDep ROOT path-exists@4.0.0 OK for: find-up@5.0.0 want: ^4.0.0
1944 silly fetch manifest p-locate@^5.0.0
1945 silly packumentCache full:https://registry.npmjs.org/p-locate cache-miss
1946 http cache https://registry.npmjs.org/p-locate 7ms (cache hit)
1947 silly packumentCache full:https://registry.npmjs.org/p-locate set size:22488 disposed:false
1948 silly placeDep ROOT flatted@3.4.4 OK for: flat-cache@3.2.0 want: ^3.2.9
1949 silly placeDep ROOT keyv@4.5.4 OK for: flat-cache@3.2.0 want: ^4.5.3
1950 silly placeDep ROOT rimraf@3.0.2 OK for: flat-cache@3.2.0 want: ^3.0.2
1951 silly fetch manifest json-buffer@3.0.1
1952 silly packumentCache full:https://registry.npmjs.org/json-buffer cache-miss
1953 silly fetch manifest glob@^7.1.3
1954 silly packumentCache full:https://registry.npmjs.org/glob cache-miss
1955 http cache https://registry.npmjs.org/json-buffer 8ms (cache hit)
1956 silly packumentCache full:https://registry.npmjs.org/json-buffer set size:23474 disposed:false
1957 http cache https://registry.npmjs.org/glob 10ms (cache hit)
1958 silly packumentCache full:https://registry.npmjs.org/glob set size:469465 disposed:false
1959 silly placeDep ROOT functions-have-names@1.2.3 OK for: function.prototype.name@1.2.0 want: ^1.2.3
1960 silly placeDep ROOT is-document.all@1.0.0 OK for: function.prototype.name@1.2.0 want: ^1.0.0
1961 silly placeDep ROOT dunder-proto@1.0.1 OK for: get-proto@1.0.1 want: ^1.0.1
1962 silly placeDep ROOT resolve-pkg-maps@1.0.0 OK for: get-tsconfig@4.14.3 want: ^1.0.0
1963 silly placeDep ROOT type-fest@0.20.2 OK for: globals@13.24.0 want: ^0.20.2
1964 silly placeDep ROOT parent-module@1.0.1 OK for: import-fresh@3.3.1 want: ^1.0.0
1965 silly placeDep ROOT resolve-from@4.0.0 OK for: import-fresh@3.3.1 want: ^4.0.0
1966 silly fetch manifest callsites@^3.0.0
1967 silly packumentCache full:https://registry.npmjs.org/callsites cache-miss
1968 http cache https://registry.npmjs.org/callsites 6ms (cache hit)
1969 silly packumentCache full:https://registry.npmjs.org/callsites set size:21349 disposed:false
1970 silly placeDep ROOT side-channel@1.1.1 OK for: internal-slot@1.1.0 want: ^1.1.0
1971 silly fetch manifest side-channel-list@^1.0.1
1972 silly packumentCache full:https://registry.npmjs.org/side-channel-list cache-miss
1973 silly fetch manifest side-channel-map@^1.0.1
1974 silly packumentCache full:https://registry.npmjs.org/side-channel-map cache-miss
1975 silly fetch manifest side-channel-weakmap@^1.0.2
1976 silly packumentCache full:https://registry.npmjs.org/side-channel-weakmap cache-miss
1977 http cache https://registry.npmjs.org/side-channel-list 9ms (cache hit)
1978 silly packumentCache full:https://registry.npmjs.org/side-channel-list set size:9021 disposed:false
1979 http cache https://registry.npmjs.org/side-channel-weakmap 10ms (cache hit)
1980 silly packumentCache full:https://registry.npmjs.org/side-channel-weakmap set size:12620 disposed:false
1981 http cache https://registry.npmjs.org/side-channel-map 11ms (cache hit)
1982 silly packumentCache full:https://registry.npmjs.org/side-channel-map set size:9126 disposed:false
1983 silly placeDep ROOT is-extglob@2.1.1 OK for: is-glob@4.0.3 want: ^2.1.1
1984 silly placeDep ROOT set-function-name@2.0.2 OK for: iterator.prototype@1.1.5 want: ^2.0.2
1985 silly placeDep ROOT argparse@2.0.1 OK for: js-yaml@4.3.2 want: ^2.0.1
1986 silly placeDep ROOT json-buffer@3.0.1 OK for: keyv@4.5.4 want: 3.0.1
1987 silly placeDep ROOT language-subtag-registry@0.3.23 OK for: language-tags@1.0.9 want: ^0.3.20
1988 silly placeDep ROOT prelude-ls@1.2.1 OK for: levn@0.4.1 want: ^1.2.1
1989 silly placeDep ROOT type-check@0.4.0 OK for: levn@0.4.1 want: ~0.4.0
1990 silly placeDep ROOT p-locate@5.0.0 OK for: locate-path@6.0.0 want: ^5.0.0
1991 silly fetch manifest p-limit@^3.0.2
1992 silly packumentCache full:https://registry.npmjs.org/p-limit cache-miss
1993 http cache https://registry.npmjs.org/p-limit 7ms (cache hit)
1994 silly packumentCache full:https://registry.npmjs.org/p-limit set size:68604 disposed:false
1995 silly placeDep ROOT braces@3.0.3 OK for: micromatch@4.0.8 want: ^3.0.3
1996 silly placeDep ROOT picomatch@2.3.2 OK for: micromatch@4.0.8 want: ^2.3.1
1997 silly fetch manifest fill-range@^7.1.1
1998 silly packumentCache full:https://registry.npmjs.org/fill-range cache-miss
1999 http cache https://registry.npmjs.org/fill-range 9ms (cache hit)
2000 silly packumentCache full:https://registry.npmjs.org/fill-range set size:90162 disposed:false
2001 silly placeDep ROOT fill-range@7.1.1 OK for: braces@3.0.3 want: ^7.1.1
2002 silly fetch manifest to-regex-range@^5.0.1
2003 silly packumentCache full:https://registry.npmjs.org/to-regex-range cache-miss
2004 http cache https://registry.npmjs.org/to-regex-range 7ms (cache hit)
2005 silly packumentCache full:https://registry.npmjs.org/to-regex-range set size:61569 disposed:false
2006 silly placeDep ROOT to-regex-range@5.0.1 OK for: fill-range@7.1.1 want: ^5.0.1
2007 silly fetch manifest is-number@^7.0.0
2008 silly packumentCache full:https://registry.npmjs.org/is-number cache-miss
2009 http cache https://registry.npmjs.org/is-number 7ms (cache hit)
2010 silly packumentCache full:https://registry.npmjs.org/is-number set size:36183 disposed:false
2011 silly placeDep ROOT brace-expansion@1.1.21 OK for: minimatch@3.1.5 want: ^1.1.7
2012 silly fetch manifest concat-map@0.0.1
2013 silly packumentCache full:https://registry.npmjs.org/concat-map cache-miss
2014 silly fetch manifest balanced-match@^1.0.0
2015 silly packumentCache full:https://registry.npmjs.org/balanced-match cache-miss
2016 http cache https://registry.npmjs.org/concat-map 9ms (cache hit)
2017 silly packumentCache full:https://registry.npmjs.org/concat-map set size:9290 disposed:false
2018 http cache https://registry.npmjs.org/balanced-match 9ms (cache hit)
2019 silly packumentCache full:https://registry.npmjs.org/balanced-match set size:39082 disposed:false
2020 silly placeDep ROOT balanced-match@1.0.2 OK for: brace-expansion@1.1.21 want: ^1.0.0
2021 silly placeDep ROOT concat-map@0.0.1 OK for: brace-expansion@1.1.21 want: 0.0.1
2022 silly fetch manifest react@^18.2.0 || 19.0.0-rc-de68d2f4-20241204 || ^19.0.0
2023 silly packumentCache full:https://registry.npmjs.org/react cache-miss
2024 http cache https://registry.npmjs.org/react 26ms (cache hit)
2025 silly packumentCache full:https://registry.npmjs.org/react set size:7011585 disposed:false
2026 silly placeDep ROOT @next/env@15.5.26 OK for: next@15.5.26 want: 15.5.26
2027 silly placeDep ROOT @next/swc-darwin-arm64@15.5.26 OK for: next@15.5.26 want: 15.5.26
2028 silly placeDep ROOT @next/swc-darwin-x64@15.5.26 OK for: next@15.5.26 want: 15.5.26
2029 silly placeDep ROOT @next/swc-linux-arm64-gnu@15.5.26 OK for: next@15.5.26 want: 15.5.26
2030 silly placeDep ROOT @next/swc-linux-arm64-musl@15.5.26 OK for: next@15.5.26 want: 15.5.26
2031 silly placeDep ROOT @next/swc-linux-x64-gnu@15.5.26 OK for: next@15.5.26 want: 15.5.26
2032 silly placeDep ROOT @next/swc-linux-x64-musl@15.5.26 OK for: next@15.5.26 want: 15.5.26
2033 silly placeDep ROOT @next/swc-win32-arm64-msvc@15.5.26 OK for: next@15.5.26 want: 15.5.26
2034 silly placeDep ROOT @next/swc-win32-x64-msvc@15.5.26 OK for: next@15.5.26 want: 15.5.26
2035 silly placeDep ROOT @swc/helpers@0.5.15 OK for: next@15.5.26 want: 0.5.15
2036 silly placeDep node_modules/next postcss@8.4.31 OK for: next@15.5.26 want: 8.4.31
2037 silly placeDep ROOT sharp@0.35.5 OK for: next@15.5.26 want: ^0.34.3 || ^0.35.4
2038 silly placeDep ROOT styled-jsx@5.1.6 OK for: next@15.5.26 want: 5.1.6
2039 silly fetch manifest nanoid@^3.3.6
2040 silly packumentCache full:https://registry.npmjs.org/nanoid cache-hit
2041 silly fetch manifest source-map-js@^1.0.2
2042 silly packumentCache full:https://registry.npmjs.org/source-map-js cache-hit
2043 silly fetch manifest @img/colour@^1.1.0
2044 silly packumentCache full:https://registry.npmjs.org/@img%2fcolour cache-miss
2045 silly fetch manifest detect-libc@^2.1.2
2046 silly packumentCache full:https://registry.npmjs.org/detect-libc cache-miss
2047 silly fetch manifest @img/sharp-linux-arm@0.35.5
2048 silly packumentCache full:https://registry.npmjs.org/@img%2fsharp-linux-arm cache-miss
2049 silly fetch manifest @img/sharp-linux-x64@0.35.5
2050 silly packumentCache full:https://registry.npmjs.org/@img%2fsharp-linux-x64 cache-miss
2051 silly fetch manifest @img/sharp-win32-x64@0.35.5
2052 silly packumentCache full:https://registry.npmjs.org/@img%2fsharp-win32-x64 cache-miss
2053 silly fetch manifest @img/sharp-darwin-x64@0.35.5
2054 silly packumentCache full:https://registry.npmjs.org/@img%2fsharp-darwin-x64 cache-miss
2055 silly fetch manifest @img/sharp-win32-ia32@0.35.5
2056 silly packumentCache full:https://registry.npmjs.org/@img%2fsharp-win32-ia32 cache-miss
2057 silly fetch manifest @img/sharp-linux-arm64@0.35.5
2058 silly packumentCache full:https://registry.npmjs.org/@img%2fsharp-linux-arm64 cache-miss
2059 silly fetch manifest @img/sharp-linux-ppc64@0.35.5
2060 silly packumentCache full:https://registry.npmjs.org/@img%2fsharp-linux-ppc64 cache-miss
2061 silly fetch manifest @img/sharp-linux-s390x@0.35.5
2062 silly packumentCache full:https://registry.npmjs.org/@img%2fsharp-linux-s390x cache-miss
2063 silly fetch manifest @img/sharp-win32-arm64@0.35.5
2064 silly packumentCache full:https://registry.npmjs.org/@img%2fsharp-win32-arm64 cache-miss
2065 http cache https://registry.npmjs.org/@img%2fsharp-linux-arm 36ms (cache hit)
2066 silly packumentCache full:https://registry.npmjs.org/@img%2fsharp-linux-arm set size:113897 disposed:false
2067 silly fetch manifest @img/sharp-darwin-arm64@0.35.5
2068 silly packumentCache full:https://registry.npmjs.org/@img%2fsharp-darwin-arm64 cache-miss
2069 http cache https://registry.npmjs.org/@img%2fcolour 50ms (cache hit)
2070 silly packumentCache full:https://registry.npmjs.org/@img%2fcolour set size:9701 disposed:false
2071 silly fetch manifest @img/sharp-linux-riscv64@0.35.5
2072 silly packumentCache full:https://registry.npmjs.org/@img%2fsharp-linux-riscv64 cache-miss
2073 http cache https://registry.npmjs.org/@img%2fsharp-linux-x64 62ms (cache hit)
2074 silly packumentCache full:https://registry.npmjs.org/@img%2fsharp-linux-x64 set size:113357 disposed:false
2075 silly fetch manifest @img/sharp-linuxmusl-x64@0.35.5
2076 silly packumentCache full:https://registry.npmjs.org/@img%2fsharp-linuxmusl-x64 cache-miss
2077 http cache https://registry.npmjs.org/detect-libc 69ms (cache hit)
2078 silly packumentCache full:https://registry.npmjs.org/detect-libc set size:47861 disposed:false
2079 silly fetch manifest @img/sharp-freebsd-wasm32@0.35.5
2080 silly packumentCache full:https://registry.npmjs.org/@img%2fsharp-freebsd-wasm32 cache-miss
2081 http cache https://registry.npmjs.org/@img%2fsharp-win32-x64 71ms (cache hit)
2082 silly packumentCache full:https://registry.npmjs.org/@img%2fsharp-win32-x64 set size:114337 disposed:false
2083 silly fetch manifest @img/sharp-linuxmusl-arm64@0.35.5
2084 silly packumentCache full:https://registry.npmjs.org/@img%2fsharp-linuxmusl-arm64 cache-miss
2085 http cache https://registry.npmjs.org/@img%2fsharp-darwin-x64 74ms (cache hit)
2086 silly packumentCache full:https://registry.npmjs.org/@img%2fsharp-darwin-x64 set size:115385 disposed:false
2087 silly fetch manifest @img/sharp-libvips-linux-arm@1.3.4
2088 silly packumentCache full:https://registry.npmjs.org/@img%2fsharp-libvips-linux-arm cache-miss
2089 http cache https://registry.npmjs.org/@img%2fsharp-linux-ppc64 80ms (cache hit)
2090 silly packumentCache full:https://registry.npmjs.org/@img%2fsharp-linux-ppc64 set size:79407 disposed:false
2091 silly fetch manifest @img/sharp-libvips-linux-x64@1.3.4
2092 silly packumentCache full:https://registry.npmjs.org/@img%2fsharp-libvips-linux-x64 cache-miss
2093 http cache https://registry.npmjs.org/@img%2fsharp-win32-ia32 86ms (cache hit)
2094 silly packumentCache full:https://registry.npmjs.org/@img%2fsharp-win32-ia32 set size:115401 disposed:false
2095 silly fetch manifest @img/sharp-libvips-darwin-x64@1.3.4
2096 silly packumentCache full:https://registry.npmjs.org/@img%2fsharp-libvips-darwin-x64 cache-miss
2097 http cache https://registry.npmjs.org/@img%2fsharp-linux-arm64 90ms (cache hit)
2098 silly packumentCache full:https://registry.npmjs.org/@img%2fsharp-linux-arm64 set size:114817 disposed:false
2099 silly fetch manifest @img/sharp-libvips-linux-arm64@1.3.4
2100 silly packumentCache full:https://registry.npmjs.org/@img%2fsharp-libvips-linux-arm64 cache-miss
2101 http cache https://registry.npmjs.org/@img%2fsharp-linux-s390x 90ms (cache hit)
2102 silly packumentCache full:https://registry.npmjs.org/@img%2fsharp-linux-s390x set size:112669 disposed:false
2103 silly fetch manifest @img/sharp-libvips-linux-ppc64@1.3.4
2104 silly packumentCache full:https://registry.npmjs.org/@img%2fsharp-libvips-linux-ppc64 cache-miss
2105 http cache https://registry.npmjs.org/@img%2fsharp-win32-arm64 92ms (cache hit)
2106 silly packumentCache full:https://registry.npmjs.org/@img%2fsharp-win32-arm64 set size:74401 disposed:false
2107 silly fetch manifest @img/sharp-libvips-linux-s390x@1.3.4
2108 silly packumentCache full:https://registry.npmjs.org/@img%2fsharp-libvips-linux-s390x cache-miss
2109 http cache https://registry.npmjs.org/@img%2fsharp-darwin-arm64 78ms (cache hit)
2110 silly packumentCache full:https://registry.npmjs.org/@img%2fsharp-darwin-arm64 set size:116891 disposed:false
2111 silly fetch manifest @img/sharp-libvips-darwin-arm64@1.3.4
2112 silly packumentCache full:https://registry.npmjs.org/@img%2fsharp-libvips-darwin-arm64 cache-miss
2113 http cache https://registry.npmjs.org/@img%2fsharp-linux-riscv64 74ms (cache hit)
2114 silly packumentCache full:https://registry.npmjs.org/@img%2fsharp-linux-riscv64 set size:57051 disposed:false
2115 silly fetch manifest @img/sharp-webcontainers-wasm32@0.35.5
2116 silly packumentCache full:https://registry.npmjs.org/@img%2fsharp-webcontainers-wasm32 cache-miss
2117 http cache https://registry.npmjs.org/@img%2fsharp-linuxmusl-arm64 58ms (cache hit)
2118 silly packumentCache full:https://registry.npmjs.org/@img%2fsharp-linuxmusl-arm64 set size:116571 disposed:false
2119 silly fetch manifest @img/sharp-libvips-linux-riscv64@1.3.4
2120 silly packumentCache full:https://registry.npmjs.org/@img%2fsharp-libvips-linux-riscv64 cache-miss
2121 http cache https://registry.npmjs.org/@img%2fsharp-freebsd-wasm32 65ms (cache hit)
2122 silly packumentCache full:https://registry.npmjs.org/@img%2fsharp-freebsd-wasm32 set size:54185 disposed:false
2123 silly fetch manifest @img/sharp-libvips-linuxmusl-x64@1.3.4
2124 silly packumentCache full:https://registry.npmjs.org/@img%2fsharp-libvips-linuxmusl-x64 cache-miss
2125 http cache https://registry.npmjs.org/@img%2fsharp-linuxmusl-x64 71ms (cache hit)
2126 silly packumentCache full:https://registry.npmjs.org/@img%2fsharp-linuxmusl-x64 set size:115107 disposed:false
2127 silly fetch manifest @img/sharp-libvips-linuxmusl-arm64@1.3.4
2128 silly packumentCache full:https://registry.npmjs.org/@img%2fsharp-libvips-linuxmusl-arm64 cache-miss
2129 http cache https://registry.npmjs.org/@img%2fsharp-libvips-linux-arm 62ms (cache hit)
2130 silly packumentCache full:https://registry.npmjs.org/@img%2fsharp-libvips-linux-arm set size:101980 disposed:false
2131 silly fetch manifest client-only@0.0.1
2132 silly packumentCache full:https://registry.npmjs.org/client-only cache-miss
2133 http cache https://registry.npmjs.org/@img%2fsharp-libvips-linux-x64 57ms (cache hit)
2134 silly packumentCache full:https://registry.npmjs.org/@img%2fsharp-libvips-linux-x64 set size:97791 disposed:false
2135 http cache https://registry.npmjs.org/@img%2fsharp-libvips-darwin-x64 56ms (cache hit)
2136 silly packumentCache full:https://registry.npmjs.org/@img%2fsharp-libvips-darwin-x64 set size:94351 disposed:false
2137 http cache https://registry.npmjs.org/@img%2fsharp-libvips-linux-arm64 56ms (cache hit)
2138 silly packumentCache full:https://registry.npmjs.org/@img%2fsharp-libvips-linux-arm64 set size:99131 disposed:false
2139 http cache https://registry.npmjs.org/@img%2fsharp-libvips-linux-ppc64 53ms (cache hit)
2140 silly packumentCache full:https://registry.npmjs.org/@img%2fsharp-libvips-linux-ppc64 set size:84165 disposed:false
2141 http cache https://registry.npmjs.org/@img%2fsharp-libvips-linux-s390x 56ms (cache hit)
2142 silly packumentCache full:https://registry.npmjs.org/@img%2fsharp-libvips-linux-s390x set size:93119 disposed:false
2143 http cache https://registry.npmjs.org/@img%2fsharp-webcontainers-wasm32 47ms (cache hit)
2144 silly packumentCache full:https://registry.npmjs.org/@img%2fsharp-webcontainers-wasm32 set size:53436 disposed:false
2145 http cache https://registry.npmjs.org/@img%2fsharp-libvips-darwin-arm64 54ms (cache hit)
2146 silly packumentCache full:https://registry.npmjs.org/@img%2fsharp-libvips-darwin-arm64 set size:95366 disposed:false
2147 http cache https://registry.npmjs.org/@img%2fsharp-libvips-linuxmusl-x64 45ms (cache hit)
2148 silly packumentCache full:https://registry.npmjs.org/@img%2fsharp-libvips-linuxmusl-x64 set size:95242 disposed:false
2149 http cache https://registry.npmjs.org/@img%2fsharp-libvips-linux-riscv64 48ms (cache hit)
2150 silly packumentCache full:https://registry.npmjs.org/@img%2fsharp-libvips-linux-riscv64 set size:70477 disposed:false
2151 http cache https://registry.npmjs.org/client-only 40ms (cache hit)
2152 silly packumentCache full:https://registry.npmjs.org/client-only set size:2750 disposed:false
2153 http cache https://registry.npmjs.org/@img%2fsharp-libvips-linuxmusl-arm64 45ms (cache hit)
2154 silly packumentCache full:https://registry.npmjs.org/@img%2fsharp-libvips-linuxmusl-arm64 set size:98430 disposed:false
2155 silly placeDep ROOT deep-is@0.1.4 OK for: optionator@0.9.4 want: ^0.1.3
2156 silly placeDep ROOT fast-levenshtein@2.0.6 OK for: optionator@0.9.4 want: ^2.0.6
2157 silly placeDep ROOT word-wrap@1.2.5 OK for: optionator@0.9.4 want: ^1.2.5
2158 silly placeDep ROOT p-limit@3.1.0 OK for: p-locate@5.0.0 want: ^3.0.2
2159 silly fetch manifest yocto-queue@^0.1.0
2160 silly packumentCache full:https://registry.npmjs.org/yocto-queue cache-miss
2161 http cache https://registry.npmjs.org/yocto-queue 7ms (cache hit)
2162 silly packumentCache full:https://registry.npmjs.org/yocto-queue set size:20256 disposed:false
2163 silly placeDep ROOT yocto-queue@0.1.0 OK for: p-limit@3.1.0 want: ^0.1.0
2164 silly placeDep ROOT callsites@3.1.0 OK for: parent-module@1.0.1 want: ^3.0.0
2165 silly placeDep node_modules/postcss nanoid@3.3.19 OK for: postcss@8.5.28 want: ^3.3.18
2166 silly placeDep ROOT source-map-js@1.2.1 OK for: postcss@8.5.28 want: ^1.2.1
2167 silly placeDep ROOT loose-envify@1.4.0 OK for: prop-types@15.8.1 want: ^1.4.0
2168 silly placeDep ROOT object-assign@4.1.1 OK for: prop-types@15.8.1 want: ^4.1.1
2169 silly placeDep ROOT react-is@16.13.1 OK for: prop-types@15.8.1 want: ^16.13.1
2170 silly fetch manifest js-tokens@^3.0.0 || ^4.0.0
2171 silly packumentCache full:https://registry.npmjs.org/js-tokens cache-miss
2172 http cache https://registry.npmjs.org/js-tokens 8ms (cache hit)
2173 silly packumentCache full:https://registry.npmjs.org/js-tokens set size:41947 disposed:false
2174 silly placeDep ROOT js-tokens@4.0.0 OK for: loose-envify@1.4.0 want: ^3.0.0 || ^4.0.0
2175 silly placeDep ROOT dijkstrajs@1.0.3 OK for: qrcode@1.5.4 want: ^1.0.1
2176 silly placeDep ROOT pngjs@5.0.0 OK for: qrcode@1.5.4 want: ^5.0.0
2177 silly placeDep ROOT yargs@15.4.1 OK for: qrcode@1.5.4 want: ^15.3.1
2178 silly fetch manifest y18n@^4.0.0
2179 silly packumentCache full:https://registry.npmjs.org/y18n cache-miss
2180 silly fetch manifest cliui@^6.0.0
2181 silly packumentCache full:https://registry.npmjs.org/cliui cache-miss
2182 silly fetch manifest find-up@^4.1.0
2183 silly packumentCache full:https://registry.npmjs.org/find-up cache-hit
2184 silly fetch manifest decamelize@^1.2.0
2185 silly packumentCache full:https://registry.npmjs.org/decamelize cache-miss
2186 silly fetch manifest set-blocking@^2.0.0
2187 silly packumentCache full:https://registry.npmjs.org/set-blocking cache-miss
2188 silly fetch manifest string-width@^4.2.0
2189 silly packumentCache full:https://registry.npmjs.org/string-width cache-miss
2190 silly fetch manifest which-module@^2.0.0
2191 silly packumentCache full:https://registry.npmjs.org/which-module cache-miss
2192 silly fetch manifest yargs-parser@^18.1.2
2193 silly packumentCache full:https://registry.npmjs.org/yargs-parser cache-miss
2194 silly fetch manifest get-caller-file@^2.0.1
2195 silly packumentCache full:https://registry.npmjs.org/get-caller-file cache-miss
2196 silly fetch manifest require-directory@^2.1.1
2197 silly packumentCache full:https://registry.npmjs.org/require-directory cache-miss
2198 silly fetch manifest require-main-filename@^2.0.0
2199 silly packumentCache full:https://registry.npmjs.org/require-main-filename cache-miss
2200 http cache https://registry.npmjs.org/cliui 23ms (cache hit)
2201 silly packumentCache full:https://registry.npmjs.org/cliui set size:69089 disposed:false
2202 http cache https://registry.npmjs.org/decamelize 25ms (cache hit)
2203 silly packumentCache full:https://registry.npmjs.org/decamelize set size:34500 disposed:false
2204 http cache https://registry.npmjs.org/set-blocking 26ms (cache hit)
2205 silly packumentCache full:https://registry.npmjs.org/set-blocking set size:5763 disposed:false
2206 http cache https://registry.npmjs.org/y18n 30ms (cache hit)
2207 silly packumentCache full:https://registry.npmjs.org/y18n set size:76206 disposed:false
2208 http cache https://registry.npmjs.org/string-width 30ms (cache hit)
2209 silly packumentCache full:https://registry.npmjs.org/string-width set size:74702 disposed:false
2210 http cache https://registry.npmjs.org/which-module 32ms (cache hit)
2211 silly packumentCache full:https://registry.npmjs.org/which-module set size:13898 disposed:false
2212 http cache https://registry.npmjs.org/yargs-parser 33ms (cache hit)
2213 silly packumentCache full:https://registry.npmjs.org/yargs-parser set size:238681 disposed:false
2214 http cache https://registry.npmjs.org/require-main-filename 36ms (cache hit)
2215 silly packumentCache full:https://registry.npmjs.org/require-main-filename set size:7471 disposed:false
2216 http cache https://registry.npmjs.org/require-directory 37ms (cache hit)
2217 silly packumentCache full:https://registry.npmjs.org/require-directory set size:26866 disposed:false
2218 http cache https://registry.npmjs.org/get-caller-file 38ms (cache hit)
2219 silly packumentCache full:https://registry.npmjs.org/get-caller-file set size:26456 disposed:false
2220 silly placeDep ROOT scheduler@0.28.0 OK for: react-dom@19.3.0 want: ^0.28.0
2221 silly fetch manifest react@^16.0.0 || ^17.0.0 || ^18.0.0 || ^19.0.0
2222 silly packumentCache full:https://registry.npmjs.org/react cache-miss
2223 http cache https://registry.npmjs.org/react 26ms (cache hit)
2224 silly packumentCache full:https://registry.npmjs.org/react set size:7011585 disposed:false
2225 silly fetch manifest react-dom@^16.0.0 || ^17.0.0 || ^18.0.0 || ^19.0.0
2226 silly packumentCache full:https://registry.npmjs.org/react-dom cache-miss
2227 http cache https://registry.npmjs.org/react-dom 33ms (cache hit)
2228 silly packumentCache full:https://registry.npmjs.org/react-dom set size:9447690 disposed:false
2229 silly placeDep ROOT clsx@2.1.1 OK for: recharts@2.15.4 want: ^2.0.0
2230 silly placeDep ROOT eventemitter3@4.0.7 OK for: recharts@2.15.4 want: ^4.0.1
2231 silly placeDep ROOT lodash@4.18.1 OK for: recharts@2.15.4 want: ^4.17.21
2232 silly placeDep node_modules/recharts react-is@18.3.1 OK for: recharts@2.15.4 want: ^18.3.1
2233 silly placeDep ROOT react-smooth@4.0.4 OK for: recharts@2.15.4 want: ^4.0.4
2234 silly placeDep ROOT recharts-scale@0.4.5 OK for: recharts@2.15.4 want: ^0.4.4
2235 silly placeDep ROOT tiny-invariant@1.3.3 OK for: recharts@2.15.4 want: ^1.3.1
2236 silly placeDep ROOT victory-vendor@36.9.2 OK for: recharts@2.15.4 want: ^36.6.8
2237 silly fetch manifest fast-equals@^5.0.1
2238 silly packumentCache full:https://registry.npmjs.org/fast-equals cache-miss
2239 silly fetch manifest react-transition-group@^4.4.5
2240 silly packumentCache full:https://registry.npmjs.org/react-transition-group cache-miss
2241 silly fetch manifest decimal.js-light@^2.4.1
2242 silly packumentCache full:https://registry.npmjs.org/decimal.js-light cache-miss
2243 silly fetch manifest d3-ease@^3.0.1
2244 silly packumentCache full:https://registry.npmjs.org/d3-ease cache-miss
2245 silly fetch manifest d3-time@^3.0.0
2246 silly packumentCache full:https://registry.npmjs.org/d3-time cache-miss
2247 silly fetch manifest d3-array@^3.1.6
2248 silly packumentCache full:https://registry.npmjs.org/d3-array cache-miss
2249 silly fetch manifest d3-scale@^4.0.2
2250 silly packumentCache full:https://registry.npmjs.org/d3-scale cache-miss
2251 silly fetch manifest d3-shape@^3.1.0
2252 silly packumentCache full:https://registry.npmjs.org/d3-shape cache-miss
2253 silly fetch manifest d3-timer@^3.0.1
2254 silly packumentCache full:https://registry.npmjs.org/d3-timer cache-miss
2255 silly fetch manifest @types/d3-ease@^3.0.0
2256 silly packumentCache full:https://registry.npmjs.org/@types%2fd3-ease cache-miss
2257 silly fetch manifest @types/d3-time@^3.0.0
2258 silly packumentCache full:https://registry.npmjs.org/@types%2fd3-time cache-miss
2259 http cache https://registry.npmjs.org/decimal.js-light 21ms (cache hit)
2260 silly packumentCache full:https://registry.npmjs.org/decimal.js-light set size:38254 disposed:false
2261 silly fetch manifest d3-interpolate@^3.0.1
2262 silly packumentCache full:https://registry.npmjs.org/d3-interpolate cache-miss
2263 http cache https://registry.npmjs.org/react-transition-group 25ms (cache hit)
2264 silly packumentCache full:https://registry.npmjs.org/react-transition-group set size:110654 disposed:false
2265 silly fetch manifest @types/d3-array@^3.0.3
2266 silly packumentCache full:https://registry.npmjs.org/@types%2fd3-array cache-miss
2267 http cache https://registry.npmjs.org/fast-equals 27ms (cache hit)
2268 silly packumentCache full:https://registry.npmjs.org/fast-equals set size:343989 disposed:false
2269 silly fetch manifest @types/d3-scale@^4.0.2
2270 silly packumentCache full:https://registry.npmjs.org/@types%2fd3-scale cache-miss
2271 http cache https://registry.npmjs.org/d3-ease 33ms (cache hit)
2272 silly packumentCache full:https://registry.npmjs.org/d3-ease set size:109490 disposed:false
2273 silly fetch manifest @types/d3-shape@^3.1.0
2274 silly packumentCache full:https://registry.npmjs.org/@types%2fd3-shape cache-miss
2275 http cache https://registry.npmjs.org/d3-time 35ms (cache hit)
2276 silly packumentCache full:https://registry.npmjs.org/d3-time set size:150406 disposed:false
2277 silly fetch manifest @types/d3-timer@^3.0.0
2278 silly packumentCache full:https://registry.npmjs.org/@types%2fd3-timer cache-miss
2279 http cache https://registry.npmjs.org/d3-shape 38ms (cache hit)
2280 silly packumentCache full:https://registry.npmjs.org/d3-shape set size:275657 disposed:false
2281 silly fetch manifest @types/d3-interpolate@^3.0.1
2282 silly packumentCache full:https://registry.npmjs.org/@types%2fd3-interpolate cache-miss
2283 http cache https://registry.npmjs.org/@types%2fd3-ease 40ms (cache hit)
2284 silly packumentCache full:https://registry.npmjs.org/@types%2fd3-ease set size:41281 disposed:false
2285 http cache https://registry.npmjs.org/d3-array 43ms (cache hit)
2286 silly packumentCache full:https://registry.npmjs.org/d3-array set size:246308 disposed:false
2287 http cache https://registry.npmjs.org/d3-scale 48ms (cache hit)
2288 silly packumentCache full:https://registry.npmjs.org/d3-scale set size:514172 disposed:false
2289 http cache https://registry.npmjs.org/d3-timer 54ms (cache hit)
2290 silly packumentCache full:https://registry.npmjs.org/d3-timer set size:101516 disposed:false
2291 http cache https://registry.npmjs.org/@types%2fd3-time 55ms (cache hit)
2292 silly packumentCache full:https://registry.npmjs.org/@types%2fd3-time set size:52652 disposed:false
2293 http cache https://registry.npmjs.org/d3-interpolate 48ms (cache hit)
2294 silly packumentCache full:https://registry.npmjs.org/d3-interpolate set size:162337 disposed:false
2295 http cache https://registry.npmjs.org/@types%2fd3-timer 36ms (cache hit)
2296 silly packumentCache full:https://registry.npmjs.org/@types%2fd3-timer set size:38776 disposed:false
2297 http cache https://registry.npmjs.org/@types%2fd3-array 49ms (cache hit)
2298 silly packumentCache full:https://registry.npmjs.org/@types%2fd3-array set size:130543 disposed:false
2299 http cache https://registry.npmjs.org/@types%2fd3-scale 46ms (cache hit)
2300 silly packumentCache full:https://registry.npmjs.org/@types%2fd3-scale set size:131176 disposed:false
2301 http cache https://registry.npmjs.org/@types%2fd3-shape 43ms (cache hit)
2302 silly packumentCache full:https://registry.npmjs.org/@types%2fd3-shape set size:118722 disposed:false
2303 http cache https://registry.npmjs.org/@types%2fd3-interpolate 38ms (cache hit)
2304 silly packumentCache full:https://registry.npmjs.org/@types%2fd3-interpolate set size:56692 disposed:false
2305 silly fetch manifest react@^16.8.0 || ^17.0.0 || ^18.0.0 || ^19.0.0
2306 silly packumentCache full:https://registry.npmjs.org/react cache-miss
2307 http cache https://registry.npmjs.org/react 29ms (cache hit)
2308 silly packumentCache full:https://registry.npmjs.org/react set size:7011585 disposed:false
2309 silly fetch manifest react-dom@^16.8.0 || ^17.0.0 || ^18.0.0 || ^19.0.0
2310 silly packumentCache full:https://registry.npmjs.org/react-dom cache-miss
2311 http cache https://registry.npmjs.org/react-dom 62ms (cache hit)
2312 silly packumentCache full:https://registry.npmjs.org/react-dom set size:9447690 disposed:false
2313 silly placeDep ROOT fast-equals@5.4.3 OK for: react-smooth@4.0.4 want: ^5.0.1
2314 silly placeDep ROOT react-transition-group@4.4.5 OK for: react-smooth@4.0.4 want: ^4.4.5
2315 silly fetch manifest @babel/runtime@^7.5.5
2316 silly packumentCache full:https://registry.npmjs.org/@babel%2fruntime cache-miss
2317 silly fetch manifest dom-helpers@^5.0.1
2318 silly packumentCache full:https://registry.npmjs.org/dom-helpers cache-miss
2319 http cache https://registry.npmjs.org/dom-helpers 9ms (cache hit)
2320 silly packumentCache full:https://registry.npmjs.org/dom-helpers set size:76331 disposed:false
2321 http cache https://registry.npmjs.org/@babel%2fruntime 20ms (cache hit)
2322 silly packumentCache full:https://registry.npmjs.org/@babel%2fruntime set size:3488363 disposed:false
2323 silly placeDep ROOT @babel/runtime@7.29.7 OK for: react-transition-group@4.4.5 want: ^7.5.5
2324 silly placeDep ROOT dom-helpers@5.2.1 OK for: react-transition-group@4.4.5 want: ^5.0.1
2325 silly placeDep ROOT decimal.js-light@2.5.1 OK for: recharts-scale@0.4.5 want: ^2.4.1
2326 silly placeDep ROOT node-exports-info@1.6.2 OK for: resolve@2.0.0-next.7 want: ^1.6.0
2327 silly placeDep ROOT path-parse@1.0.7 OK for: resolve@2.0.0-next.7 want: ^1.0.7
2328 silly placeDep ROOT supports-preserve-symlinks-flag@1.0.0 OK for: resolve@2.0.0-next.7 want: ^1.0.0
2329 silly placeDep node_modules/node-exports-info semver@6.3.1 OK for: node-exports-info@1.6.2 want: ^6.3.1
2330 silly placeDep ROOT glob@7.2.3 OK for: rimraf@3.0.2 want: ^7.1.3
2331 silly fetch manifest once@^1.3.0
2332 silly packumentCache full:https://registry.npmjs.org/once cache-miss
2333 silly fetch manifest inflight@^1.0.4
2334 silly packumentCache full:https://registry.npmjs.org/inflight cache-miss
2335 silly fetch manifest inherits@2
2336 silly packumentCache full:https://registry.npmjs.org/inherits cache-miss
2337 silly fetch manifest fs.realpath@^1.0.0
2338 silly packumentCache full:https://registry.npmjs.org/fs.realpath cache-miss
2339 silly fetch manifest path-is-absolute@^1.0.0
2340 silly packumentCache full:https://registry.npmjs.org/path-is-absolute cache-miss
2341 http cache https://registry.npmjs.org/inflight 25ms (cache hit)
2342 silly packumentCache full:https://registry.npmjs.org/inflight set size:13140 disposed:false
2343 http cache https://registry.npmjs.org/inherits 26ms (cache hit)
2344 silly packumentCache full:https://registry.npmjs.org/inherits set size:12925 disposed:false
2345 http cache https://registry.npmjs.org/fs.realpath 28ms (cache hit)
2346 silly packumentCache full:https://registry.npmjs.org/fs.realpath set size:4806 disposed:false
2347 http cache https://registry.npmjs.org/once 31ms (cache hit)
2348 silly packumentCache full:https://registry.npmjs.org/once set size:11752 disposed:false
2349 http cache https://registry.npmjs.org/path-is-absolute 30ms (cache hit)
2350 silly packumentCache full:https://registry.npmjs.org/path-is-absolute set size:8253 disposed:false
2351 silly placeDep ROOT fs.realpath@1.0.0 OK for: glob@7.2.3 want: ^1.0.0
2352 silly placeDep ROOT inflight@1.0.6 OK for: glob@7.2.3 want: ^1.0.4
2353 silly placeDep ROOT inherits@2.0.4 OK for: glob@7.2.3 want: 2
2354 silly placeDep ROOT once@1.4.0 OK for: glob@7.2.3 want: ^1.3.0
2355 silly placeDep ROOT path-is-absolute@1.0.1 OK for: glob@7.2.3 want: ^1.0.0
2356 silly fetch manifest wrappy@1
2357 silly packumentCache full:https://registry.npmjs.org/wrappy cache-miss
2358 silly fetch manifest wrappy@1
2359 silly packumentCache full:https://registry.npmjs.org/wrappy cache-miss
2360 http cache https://registry.npmjs.org/wrappy 8ms (cache hit)
2361 silly packumentCache full:https://registry.npmjs.org/wrappy set size:7682 disposed:false
2362 http cache https://registry.npmjs.org/wrappy 9ms (cache hit)
2363 silly packumentCache full:https://registry.npmjs.org/wrappy set size:7682 disposed:false
2364 silly packumentCache full:https://registry.npmjs.org/wrappy dispose
2365 silly placeDep ROOT wrappy@1.0.2 OK for: inflight@1.0.6 want: 1
2366 silly placeDep ROOT queue-microtask@1.2.3 OK for: run-parallel@1.2.0 want: ^1.2.2
2367 silly placeDep ROOT isarray@2.0.5 OK for: safe-array-concat@1.1.4 want: ^2.0.5
2368 silly placeDep ROOT @img/colour@1.1.0 OK for: sharp@0.35.5 want: ^1.1.0
2369 silly placeDep ROOT @img/sharp-darwin-arm64@0.35.5 OK for: sharp@0.35.5 want: 0.35.5
2370 silly placeDep ROOT @img/sharp-darwin-x64@0.35.5 OK for: sharp@0.35.5 want: 0.35.5
2371 silly placeDep ROOT @img/sharp-freebsd-wasm32@0.35.5 OK for: sharp@0.35.5 want: 0.35.5
2372 silly placeDep ROOT @img/sharp-libvips-darwin-arm64@1.3.4 OK for: sharp@0.35.5 want: 1.3.4
2373 silly placeDep ROOT @img/sharp-libvips-darwin-x64@1.3.4 OK for: sharp@0.35.5 want: 1.3.4
2374 silly placeDep ROOT @img/sharp-libvips-linux-arm@1.3.4 OK for: sharp@0.35.5 want: 1.3.4
2375 silly placeDep ROOT @img/sharp-libvips-linux-arm64@1.3.4 OK for: sharp@0.35.5 want: 1.3.4
2376 silly placeDep ROOT @img/sharp-libvips-linux-ppc64@1.3.4 OK for: sharp@0.35.5 want: 1.3.4
2377 silly placeDep ROOT @img/sharp-libvips-linux-riscv64@1.3.4 OK for: sharp@0.35.5 want: 1.3.4
2378 silly placeDep ROOT @img/sharp-libvips-linux-s390x@1.3.4 OK for: sharp@0.35.5 want: 1.3.4
2379 silly placeDep ROOT @img/sharp-libvips-linux-x64@1.3.4 OK for: sharp@0.35.5 want: 1.3.4
2380 silly placeDep ROOT @img/sharp-libvips-linuxmusl-arm64@1.3.4 OK for: sharp@0.35.5 want: 1.3.4
2381 silly placeDep ROOT @img/sharp-libvips-linuxmusl-x64@1.3.4 OK for: sharp@0.35.5 want: 1.3.4
2382 silly placeDep ROOT @img/sharp-linux-arm@0.35.5 OK for: sharp@0.35.5 want: 0.35.5
2383 silly placeDep ROOT @img/sharp-linux-arm64@0.35.5 OK for: sharp@0.35.5 want: 0.35.5
2384 silly placeDep ROOT @img/sharp-linux-ppc64@0.35.5 OK for: sharp@0.35.5 want: 0.35.5
2385 silly placeDep ROOT @img/sharp-linux-riscv64@0.35.5 OK for: sharp@0.35.5 want: 0.35.5
2386 silly placeDep ROOT @img/sharp-linux-s390x@0.35.5 OK for: sharp@0.35.5 want: 0.35.5
2387 silly placeDep ROOT @img/sharp-linux-x64@0.35.5 OK for: sharp@0.35.5 want: 0.35.5
2388 silly placeDep ROOT @img/sharp-linuxmusl-arm64@0.35.5 OK for: sharp@0.35.5 want: 0.35.5
2389 silly placeDep ROOT @img/sharp-linuxmusl-x64@0.35.5 OK for: sharp@0.35.5 want: 0.35.5
2390 silly placeDep ROOT @img/sharp-webcontainers-wasm32@0.35.5 OK for: sharp@0.35.5 want: 0.35.5
2391 silly placeDep ROOT @img/sharp-win32-arm64@0.35.5 OK for: sharp@0.35.5 want: 0.35.5
2392 silly placeDep ROOT @img/sharp-win32-ia32@0.35.5 OK for: sharp@0.35.5 want: 0.35.5
2393 silly placeDep ROOT @img/sharp-win32-x64@0.35.5 OK for: sharp@0.35.5 want: 0.35.5
2394 silly placeDep ROOT detect-libc@2.1.2 OK for: sharp@0.35.5 want: ^2.1.2
2395 silly fetch manifest @img/sharp-wasm32@0.35.5
2396 silly packumentCache full:https://registry.npmjs.org/@img%2fsharp-wasm32 cache-miss
2397 silly fetch manifest @img/sharp-wasm32@0.35.5
2398 silly packumentCache full:https://registry.npmjs.org/@img%2fsharp-wasm32 cache-miss
2399 http cache https://registry.npmjs.org/@img%2fsharp-wasm32 11ms (cache hit)
2400 silly packumentCache full:https://registry.npmjs.org/@img%2fsharp-wasm32 set size:110142 disposed:false
2401 http cache https://registry.npmjs.org/@img%2fsharp-wasm32 15ms (cache hit)
2402 silly packumentCache full:https://registry.npmjs.org/@img%2fsharp-wasm32 set size:110142 disposed:false
2403 silly packumentCache full:https://registry.npmjs.org/@img%2fsharp-wasm32 dispose
2404 silly placeDep ROOT @img/sharp-wasm32@0.35.5 OK for: @img/sharp-freebsd-wasm32@0.35.5 want: 0.35.5
2405 silly fetch manifest @emnapi/runtime@^1.11.3
2406 silly packumentCache full:https://registry.npmjs.org/@emnapi%2fruntime cache-miss
2407 http cache https://registry.npmjs.org/@emnapi%2fruntime 9ms (cache hit)
2408 silly packumentCache full:https://registry.npmjs.org/@emnapi%2fruntime set size:127256 disposed:false
2409 silly placeDep ROOT @emnapi/runtime@1.11.3 OK for: @img/sharp-wasm32@0.35.5 want: ^1.11.3
2410 silly placeDep ROOT shebang-regex@3.0.0 OK for: shebang-command@2.0.0 want: ^3.0.0
2411 silly placeDep ROOT side-channel-list@1.0.1 OK for: side-channel@1.1.1 want: ^1.0.1
2412 silly placeDep ROOT side-channel-map@1.0.1 OK for: side-channel@1.1.1 want: ^1.0.1
2413 silly placeDep ROOT side-channel-weakmap@1.0.2 OK for: side-channel@1.1.1 want: ^1.0.2
2414 silly placeDep ROOT ansi-regex@5.0.1 OK for: strip-ansi@6.0.1 want: ^5.0.1
2415 silly placeDep ROOT client-only@0.0.1 OK for: styled-jsx@5.1.6 want: 0.0.1
2416 silly placeDep ROOT has-flag@4.0.0 OK for: supports-color@7.2.0 want: ^4.0.0
2417 silly fetch manifest postcss@^8.4.47
2418 silly packumentCache full:https://registry.npmjs.org/postcss cache-hit
2419 silly fetch manifest tsx@^4.8.1
2420 silly packumentCache full:https://registry.npmjs.org/tsx cache-miss
2421 http cache https://registry.npmjs.org/tsx 9ms (cache hit)
2422 silly packumentCache full:https://registry.npmjs.org/tsx set size:349770 disposed:false
2423 silly fetch manifest yaml@^2.4.2
2424 silly packumentCache full:https://registry.npmjs.org/yaml cache-miss
2425 http cache https://registry.npmjs.org/yaml 10ms (cache hit)
2426 silly packumentCache full:https://registry.npmjs.org/yaml set size:386415 disposed:false
2427 silly placeDep ROOT @alloc/quick-lru@5.3.0 OK for: tailwindcss@3.4.19 want: ^5.2.0
2428 silly placeDep ROOT arg@5.0.2 OK for: tailwindcss@3.4.19 want: ^5.0.2
2429 silly placeDep ROOT chokidar@3.6.0 OK for: tailwindcss@3.4.19 want: ^3.6.0
2430 silly placeDep ROOT didyoumean@1.2.2 OK for: tailwindcss@3.4.19 want: ^1.2.2
2431 silly placeDep ROOT dlv@1.1.3 OK for: tailwindcss@3.4.19 want: ^1.1.3
2432 silly placeDep node_modules/tailwindcss fast-glob@3.3.3 OK for: tailwindcss@3.4.19 want: ^3.3.2
2433 silly placeDep ROOT jiti@1.21.7 OK for: tailwindcss@3.4.19 want: ^1.21.7
2434 silly placeDep ROOT lilconfig@3.1.3 OK for: tailwindcss@3.4.19 want: ^3.1.3
2435 silly placeDep ROOT normalize-path@3.0.0 OK for: tailwindcss@3.4.19 want: ^3.0.0
2436 silly placeDep ROOT object-hash@3.0.0 OK for: tailwindcss@3.4.19 want: ^3.0.0
2437 silly placeDep ROOT postcss-import@15.1.0 OK for: tailwindcss@3.4.19 want: ^15.1.0
2438 silly placeDep ROOT postcss-js@4.1.0 OK for: tailwindcss@3.4.19 want: ^4.0.1
2439 silly placeDep ROOT postcss-load-config@6.0.1 OK for: tailwindcss@3.4.19 want: ^4.0.2 || ^5.0 || ^6.0
2440 silly placeDep ROOT postcss-nested@6.2.0 OK for: tailwindcss@3.4.19 want: ^6.2.0
2441 silly placeDep ROOT postcss-selector-parser@6.1.4 OK for: tailwindcss@3.4.19 want: ^6.1.2
2442 silly placeDep node_modules/tailwindcss resolve@1.22.12 OK for: tailwindcss@3.4.19 want: ^1.22.8
2443 silly placeDep ROOT sucrase@3.35.1 OK for: tailwindcss@3.4.19 want: ^3.35.0
2444 silly fetch manifest anymatch@~3.1.2
2445 silly packumentCache full:https://registry.npmjs.org/anymatch cache-miss
2446 silly fetch manifest readdirp@~3.6.0
2447 silly packumentCache full:https://registry.npmjs.org/readdirp cache-miss
2448 silly fetch manifest glob-parent@~5.1.2
2449 silly packumentCache full:https://registry.npmjs.org/glob-parent cache-hit
2450 silly fetch manifest is-binary-path@~2.1.0
2451 silly packumentCache full:https://registry.npmjs.org/is-binary-path cache-miss
2452 silly fetch manifest normalize-path@~3.0.0
2453 silly packumentCache full:https://registry.npmjs.org/normalize-path cache-hit
2454 silly fetch manifest fsevents@~2.3.2
2455 silly packumentCache full:https://registry.npmjs.org/fsevents cache-miss
2456 silly fetch manifest resolve@^1.1.7
2457 silly packumentCache full:https://registry.npmjs.org/resolve cache-hit
2458 silly fetch manifest read-cache@^1.0.0
2459 silly packumentCache full:https://registry.npmjs.org/read-cache cache-miss
2460 silly fetch manifest camelcase-css@^2.0.1
2461 silly packumentCache full:https://registry.npmjs.org/camelcase-css cache-miss
2462 silly fetch manifest postcss-selector-parser@^6.1.1
2463 silly packumentCache full:https://registry.npmjs.org/postcss-selector-parser cache-hit
2464 silly fetch manifest cssesc@^3.0.0
2465 silly packumentCache full:https://registry.npmjs.org/cssesc cache-miss
2466 silly fetch manifest util-deprecate@^1.0.2
2467 silly packumentCache full:https://registry.npmjs.org/util-deprecate cache-miss
2468 silly fetch manifest @jridgewell/gen-mapping@^0.3.2
2469 silly packumentCache full:https://registry.npmjs.org/@jridgewell%2fgen-mapping cache-miss
2470 silly fetch manifest commander@^4.0.0
2471 silly packumentCache full:https://registry.npmjs.org/commander cache-miss
2472 silly fetch manifest lines-and-columns@^1.1.6
2473 silly packumentCache full:https://registry.npmjs.org/lines-and-columns cache-miss
2474 http cache https://registry.npmjs.org/read-cache 37ms (cache hit)
2475 silly packumentCache full:https://registry.npmjs.org/read-cache set size:6739 disposed:false
2476 silly fetch manifest mz@^2.7.0
2477 silly packumentCache full:https://registry.npmjs.org/mz cache-miss
2478 http cache https://registry.npmjs.org/readdirp 43ms (cache hit)
2479 silly packumentCache full:https://registry.npmjs.org/readdirp set size:110119 disposed:false
2480 silly fetch manifest pirates@^4.0.1
2481 silly packumentCache full:https://registry.npmjs.org/pirates cache-miss
2482 http cache https://registry.npmjs.org/fsevents 47ms (cache hit)
2483 silly packumentCache full:https://registry.npmjs.org/fsevents set size:182472 disposed:false
2484 silly fetch manifest ts-interface-checker@^0.1.9
2485 silly packumentCache full:https://registry.npmjs.org/ts-interface-checker cache-miss
2486 http cache https://registry.npmjs.org/anymatch 56ms (cache hit)
2487 silly packumentCache full:https://registry.npmjs.org/anymatch set size:42974 disposed:false
2488 http cache https://registry.npmjs.org/camelcase-css 53ms (cache hit)
2489 silly packumentCache full:https://registry.npmjs.org/camelcase-css set size:9392 disposed:false
2490 http cache https://registry.npmjs.org/cssesc 52ms (cache hit)
2491 silly packumentCache full:https://registry.npmjs.org/cssesc set size:18815 disposed:false
2492 http cache https://registry.npmjs.org/@jridgewell%2fgen-mapping 51ms (cache hit)
2493 silly packumentCache full:https://registry.npmjs.org/@jridgewell%2fgen-mapping set size:75941 disposed:false
2494 http cache https://registry.npmjs.org/is-binary-path 61ms (cache hit)
2495 silly packumentCache full:https://registry.npmjs.org/is-binary-path set size:13475 disposed:false
2496 http cache https://registry.npmjs.org/util-deprecate 55ms (cache hit)
2497 silly packumentCache full:https://registry.npmjs.org/util-deprecate set size:6674 disposed:false
2498 http cache https://registry.npmjs.org/commander 55ms (cache hit)
2499 silly packumentCache full:https://registry.npmjs.org/commander set size:353104 disposed:false
2500 http cache https://registry.npmjs.org/lines-and-columns 60ms (cache hit)
2501 silly packumentCache full:https://registry.npmjs.org/lines-and-columns set size:73796 disposed:false
2502 http cache https://registry.npmjs.org/mz 41ms (cache hit)
2503 silly packumentCache full:https://registry.npmjs.org/mz set size:42731 disposed:false
2504 http cache https://registry.npmjs.org/ts-interface-checker 31ms (cache hit)
2505 silly packumentCache full:https://registry.npmjs.org/ts-interface-checker set size:58946 disposed:false
2506 http cache https://registry.npmjs.org/pirates 40ms (cache hit)
2507 silly packumentCache full:https://registry.npmjs.org/pirates set size:51327 disposed:false
2508 silly placeDep ROOT anymatch@3.1.3 OK for: chokidar@3.6.0 want: ~3.1.2
2509 silly placeDep ROOT fsevents@2.3.3 OK for: chokidar@3.6.0 want: ~2.3.2
2510 silly placeDep node_modules/chokidar glob-parent@5.1.2 OK for: chokidar@3.6.0 want: ~5.1.2
2511 silly placeDep ROOT is-binary-path@2.1.0 OK for: chokidar@3.6.0 want: ~2.1.0
2512 silly placeDep ROOT readdirp@3.6.0 OK for: chokidar@3.6.0 want: ~3.6.0
2513 silly fetch manifest binary-extensions@^2.0.0
2514 silly packumentCache full:https://registry.npmjs.org/binary-extensions cache-miss
2515 http cache https://registry.npmjs.org/binary-extensions 8ms (cache hit)
2516 silly packumentCache full:https://registry.npmjs.org/binary-extensions set size:53598 disposed:false
2517 silly placeDep ROOT binary-extensions@2.3.0 OK for: is-binary-path@2.1.0 want: ^2.0.0
2518 silly placeDep ROOT read-cache@1.0.2 OK for: postcss-import@15.1.0 want: ^1.0.0
2519 silly placeDep node_modules/postcss-import resolve@1.22.12 OK for: postcss-import@15.1.0 want: ^1.1.7
2520 silly placeDep ROOT camelcase-css@2.0.1 OK for: postcss-js@4.1.0 want: ^2.0.1
2521 silly placeDep ROOT cssesc@3.0.0 OK for: postcss-selector-parser@6.1.4 want: ^3.0.0
2522 silly placeDep ROOT util-deprecate@1.0.2 OK for: postcss-selector-parser@6.1.4 want: ^1.0.2
2523 silly placeDep ROOT @jridgewell/gen-mapping@0.3.13 OK for: sucrase@3.35.1 want: ^0.3.2
2524 silly placeDep ROOT commander@4.1.1 OK for: sucrase@3.35.1 want: ^4.0.0
2525 silly placeDep ROOT lines-and-columns@1.2.4 OK for: sucrase@3.35.1 want: ^1.1.6
2526 silly placeDep ROOT mz@2.7.0 OK for: sucrase@3.35.1 want: ^2.7.0
2527 silly placeDep ROOT pirates@4.0.7 OK for: sucrase@3.35.1 want: ^4.0.1
2528 silly placeDep ROOT ts-interface-checker@0.1.13 OK for: sucrase@3.35.1 want: ^0.1.9
2529 silly fetch manifest @jridgewell/trace-mapping@^0.3.24
2530 silly packumentCache full:https://registry.npmjs.org/@jridgewell%2ftrace-mapping cache-miss
2531 silly fetch manifest @jridgewell/sourcemap-codec@^1.5.0
2532 silly packumentCache full:https://registry.npmjs.org/@jridgewell%2fsourcemap-codec cache-miss
2533 silly fetch manifest any-promise@^1.0.0
2534 silly packumentCache full:https://registry.npmjs.org/any-promise cache-miss
2535 silly fetch manifest thenify-all@^1.0.0
2536 silly packumentCache full:https://registry.npmjs.org/thenify-all cache-miss
2537 http cache https://registry.npmjs.org/any-promise 28ms (cache hit)
2538 silly packumentCache full:https://registry.npmjs.org/any-promise set size:20233 disposed:false
2539 http cache https://registry.npmjs.org/thenify-all 35ms (cache hit)
2540 silly packumentCache full:https://registry.npmjs.org/thenify-all set size:18488 disposed:false
2541 http cache https://registry.npmjs.org/@jridgewell%2ftrace-mapping 40ms (cache hit)
2542 silly packumentCache full:https://registry.npmjs.org/@jridgewell%2ftrace-mapping set size:170909 disposed:false
2543 http cache https://registry.npmjs.org/@jridgewell%2fsourcemap-codec 47ms (cache hit)
2544 silly packumentCache full:https://registry.npmjs.org/@jridgewell%2fsourcemap-codec set size:65255 disposed:false
2545 silly placeDep ROOT @jridgewell/sourcemap-codec@1.6.0 OK for: @jridgewell/gen-mapping@0.3.13 want: ^1.5.0
2546 silly placeDep ROOT @jridgewell/trace-mapping@0.3.31 OK for: @jridgewell/gen-mapping@0.3.13 want: ^0.3.24
2547 silly fetch manifest @jridgewell/resolve-uri@^3.1.0
2548 silly packumentCache full:https://registry.npmjs.org/@jridgewell%2fresolve-uri cache-miss
2549 http cache https://registry.npmjs.org/@jridgewell%2fresolve-uri 10ms (cache hit)
2550 silly packumentCache full:https://registry.npmjs.org/@jridgewell%2fresolve-uri set size:57361 disposed:false
2551 silly placeDep ROOT @jridgewell/resolve-uri@3.1.2 OK for: @jridgewell/trace-mapping@0.3.31 want: ^3.1.0
2552 silly placeDep ROOT any-promise@1.3.0 OK for: mz@2.7.0 want: ^1.0.0
2553 silly placeDep ROOT thenify-all@1.6.0 OK for: mz@2.7.0 want: ^1.0.0
2554 silly fetch manifest thenify@>= 3.1.0 < 4
2555 silly packumentCache full:https://registry.npmjs.org/thenify cache-miss
2556 http cache https://registry.npmjs.org/thenify 7ms (cache hit)
2557 silly packumentCache full:https://registry.npmjs.org/thenify set size:21379 disposed:false
2558 silly placeDep ROOT thenify@3.3.1 OK for: thenify-all@1.6.0 want: >= 3.1.0 < 4
2559 silly placeDep node_modules/tinyglobby fdir@6.5.0 OK for: tinyglobby@0.2.17 want: ^6.5.0
2560 silly placeDep node_modules/tinyglobby picomatch@4.0.7 OK for: fdir@6.5.0 want: ^3 || ^4
2561 silly placeDep ROOT is-number@7.0.0 OK for: to-regex-range@5.0.1 want: ^7.0.0
2562 silly placeDep ROOT @types/json5@0.0.29 OK for: tsconfig-paths@3.15.0 want: ^0.0.29
2563 silly placeDep ROOT json5@1.0.2 OK for: tsconfig-paths@3.15.0 want: ^1.0.2
2564 silly placeDep ROOT minimist@1.2.8 OK for: tsconfig-paths@3.15.0 want: ^1.2.6
2565 silly placeDep ROOT strip-bom@3.0.0 OK for: tsconfig-paths@3.15.0 want: ^3.0.0
2566 silly fetch manifest minimist@^1.2.0
2567 silly packumentCache full:https://registry.npmjs.org/minimist cache-miss
2568 http cache https://registry.npmjs.org/minimist 8ms (cache hit)
2569 silly packumentCache full:https://registry.npmjs.org/minimist set size:77063 disposed:false
2570 silly placeDep ROOT for-each@0.3.5 OK for: typed-array-byte-length@1.0.3 want: ^0.3.3
2571 silly placeDep ROOT reflect.getprototypeof@1.0.10 OK for: typed-array-byte-offset@1.0.5 want: ^1.0.10
2572 silly fetch manifest which-builtin-type@^1.2.1
2573 silly packumentCache full:https://registry.npmjs.org/which-builtin-type cache-miss
2574 http cache https://registry.npmjs.org/which-builtin-type 7ms (cache hit)
2575 silly packumentCache full:https://registry.npmjs.org/which-builtin-type set size:39107 disposed:false
2576 silly placeDep ROOT which-builtin-type@1.2.1 OK for: reflect.getprototypeof@1.0.10 want: ^1.2.1
2577 silly fetch manifest is-async-function@^2.0.0
2578 silly packumentCache full:https://registry.npmjs.org/is-async-function cache-miss
2579 silly fetch manifest is-finalizationregistry@^1.1.0
2580 silly packumentCache full:https://registry.npmjs.org/is-finalizationregistry cache-miss
2581 silly fetch manifest is-generator-function@^1.0.10
2582 silly packumentCache full:https://registry.npmjs.org/is-generator-function cache-miss
2583 silly fetch manifest which-boxed-primitive@^1.1.0
2584 silly packumentCache full:https://registry.npmjs.org/which-boxed-primitive cache-miss
2585 silly fetch manifest which-collection@^1.0.2
2586 silly packumentCache full:https://registry.npmjs.org/which-collection cache-miss
2587 http cache https://registry.npmjs.org/is-finalizationregistry 14ms (cache hit)
2588 silly packumentCache full:https://registry.npmjs.org/is-finalizationregistry set size:19800 disposed:false
2589 http cache https://registry.npmjs.org/is-async-function 15ms (cache hit)
2590 silly packumentCache full:https://registry.npmjs.org/is-async-function set size:51614 disposed:false
2591 http cache https://registry.npmjs.org/is-generator-function 17ms (cache hit)
2592 silly packumentCache full:https://registry.npmjs.org/is-generator-function set size:44643 disposed:false
2593 http cache https://registry.npmjs.org/which-boxed-primitive 19ms (cache hit)
2594 silly packumentCache full:https://registry.npmjs.org/which-boxed-primitive set size:19407 disposed:false
2595 http cache https://registry.npmjs.org/which-collection 19ms (cache hit)
2596 silly packumentCache full:https://registry.npmjs.org/which-collection set size:13607 disposed:false
2597 silly placeDep ROOT has-bigints@1.1.0 OK for: unbox-primitive@1.1.0 want: ^1.0.2
2598 silly placeDep ROOT which-boxed-primitive@1.1.1 OK for: unbox-primitive@1.1.0 want: ^1.1.1
2599 silly fetch manifest is-bigint@^1.1.0
2600 silly packumentCache full:https://registry.npmjs.org/is-bigint cache-miss
2601 silly fetch manifest is-boolean-object@^1.2.1
2602 silly packumentCache full:https://registry.npmjs.org/is-boolean-object cache-miss
2603 silly fetch manifest is-number-object@^1.1.1
2604 silly packumentCache full:https://registry.npmjs.org/is-number-object cache-miss
2605 http cache https://registry.npmjs.org/is-boolean-object 9ms (cache hit)
2606 silly packumentCache full:https://registry.npmjs.org/is-boolean-object set size:31341 disposed:false
2607 http cache https://registry.npmjs.org/is-bigint 11ms (cache hit)
2608 silly packumentCache full:https://registry.npmjs.org/is-bigint set size:20283 disposed:false
2609 http cache https://registry.npmjs.org/is-number-object 11ms (cache hit)
2610 silly packumentCache full:https://registry.npmjs.org/is-number-object set size:31189 disposed:false
2611 silly placeDep ROOT @unrs/resolver-binding-android-arm-eabi@1.12.2 OK for: unrs-resolver@1.12.2 want: 1.12.2
2612 silly placeDep ROOT @unrs/resolver-binding-android-arm64@1.12.2 OK for: unrs-resolver@1.12.2 want: 1.12.2
2613 silly placeDep ROOT @unrs/resolver-binding-darwin-arm64@1.12.2 OK for: unrs-resolver@1.12.2 want: 1.12.2
2614 silly placeDep ROOT @unrs/resolver-binding-darwin-x64@1.12.2 OK for: unrs-resolver@1.12.2 want: 1.12.2
2615 silly placeDep ROOT @unrs/resolver-binding-freebsd-x64@1.12.2 OK for: unrs-resolver@1.12.2 want: 1.12.2
2616 silly placeDep ROOT @unrs/resolver-binding-linux-arm-gnueabihf@1.12.2 OK for: unrs-resolver@1.12.2 want: 1.12.2
2617 silly placeDep ROOT @unrs/resolver-binding-linux-arm-musleabihf@1.12.2 OK for: unrs-resolver@1.12.2 want: 1.12.2
2618 silly placeDep ROOT @unrs/resolver-binding-linux-arm64-gnu@1.12.2 OK for: unrs-resolver@1.12.2 want: 1.12.2
2619 silly placeDep ROOT @unrs/resolver-binding-linux-arm64-musl@1.12.2 OK for: unrs-resolver@1.12.2 want: 1.12.2
2620 silly placeDep ROOT @unrs/resolver-binding-linux-loong64-gnu@1.12.2 OK for: unrs-resolver@1.12.2 want: 1.12.2
2621 silly placeDep ROOT @unrs/resolver-binding-linux-loong64-musl@1.12.2 OK for: unrs-resolver@1.12.2 want: 1.12.2
2622 silly placeDep ROOT @unrs/resolver-binding-linux-ppc64-gnu@1.12.2 OK for: unrs-resolver@1.12.2 want: 1.12.2
2623 silly placeDep ROOT @unrs/resolver-binding-linux-riscv64-gnu@1.12.2 OK for: unrs-resolver@1.12.2 want: 1.12.2
2624 silly placeDep ROOT @unrs/resolver-binding-linux-riscv64-musl@1.12.2 OK for: unrs-resolver@1.12.2 want: 1.12.2
2625 silly placeDep ROOT @unrs/resolver-binding-linux-s390x-gnu@1.12.2 OK for: unrs-resolver@1.12.2 want: 1.12.2
2626 silly placeDep ROOT @unrs/resolver-binding-linux-x64-gnu@1.12.2 OK for: unrs-resolver@1.12.2 want: 1.12.2
2627 silly placeDep ROOT @unrs/resolver-binding-linux-x64-musl@1.12.2 OK for: unrs-resolver@1.12.2 want: 1.12.2
2628 silly placeDep ROOT @unrs/resolver-binding-openharmony-arm64@1.12.2 OK for: unrs-resolver@1.12.2 want: 1.12.2
2629 silly placeDep ROOT @unrs/resolver-binding-wasm32-wasi@1.12.2 OK for: unrs-resolver@1.12.2 want: 1.12.2
2630 silly placeDep ROOT @unrs/resolver-binding-win32-arm64-msvc@1.12.2 OK for: unrs-resolver@1.12.2 want: 1.12.2
2631 silly placeDep ROOT @unrs/resolver-binding-win32-ia32-msvc@1.12.2 OK for: unrs-resolver@1.12.2 want: 1.12.2
2632 silly placeDep ROOT @unrs/resolver-binding-win32-x64-msvc@1.12.2 OK for: unrs-resolver@1.12.2 want: 1.12.2
2633 silly placeDep ROOT napi-postinstall@0.3.4 OK for: unrs-resolver@1.12.2 want: ^0.3.4
2634 silly fetch manifest @napi-rs/wasm-runtime@^1.1.4
2635 silly packumentCache full:https://registry.npmjs.org/@napi-rs%2fwasm-runtime cache-miss
2636 silly fetch manifest @emnapi/core@1.10.0
2637 silly packumentCache full:https://registry.npmjs.org/@emnapi%2fcore cache-miss
2638 silly fetch manifest @emnapi/runtime@1.10.0
2639 silly packumentCache full:https://registry.npmjs.org/@emnapi%2fruntime cache-hit
2640 http cache https://registry.npmjs.org/@napi-rs%2fwasm-runtime 15ms (cache hit)
2641 silly packumentCache full:https://registry.npmjs.org/@napi-rs%2fwasm-runtime set size:90458 disposed:false
2642 http cache https://registry.npmjs.org/@emnapi%2fcore 18ms (cache hit)
2643 silly packumentCache full:https://registry.npmjs.org/@emnapi%2fcore set size:126418 disposed:false
2644 silly placeDep ROOT @emnapi/core@1.10.0 OK for: @unrs/resolver-binding-wasm32-wasi@1.12.2 want: 1.10.0
2645 silly placeDep node_modules/@unrs/resolver-binding-wasm32-wasi @emnapi/runtime@1.10.0 OK for: @unrs/resolver-binding-wasm32-wasi@1.12.2 want: 1.10.0
2646 silly placeDep ROOT @napi-rs/wasm-runtime@1.2.4 OK for: @unrs/resolver-binding-wasm32-wasi@1.12.2 want: ^1.1.4
2647 silly fetch manifest @emnapi/wasi-threads@1.2.1
2648 silly packumentCache full:https://registry.npmjs.org/@emnapi%2fwasi-threads cache-miss
2649 silly fetch manifest @tybys/wasm-util@^0.10.3
2650 silly packumentCache full:https://registry.npmjs.org/@tybys%2fwasm-util cache-miss
2651 http cache https://registry.npmjs.org/@emnapi%2fwasi-threads 9ms (cache hit)
2652 silly packumentCache full:https://registry.npmjs.org/@emnapi%2fwasi-threads set size:35327 disposed:false
2653 http cache https://registry.npmjs.org/@tybys%2fwasm-util 9ms (cache hit)
2654 silly packumentCache full:https://registry.npmjs.org/@tybys%2fwasm-util set size:62627 disposed:false
2655 silly placeDep ROOT @emnapi/wasi-threads@1.2.1 OK for: @emnapi/core@1.10.0 want: 1.2.1
2656 silly placeDep ROOT @tybys/wasm-util@0.10.4 OK for: @napi-rs/wasm-runtime@1.2.4 want: ^0.10.3
2657 silly placeDep ROOT escalade@3.2.0 OK for: update-browserslist-db@1.3.3 want: ^3.2.0
2658 silly placeDep ROOT punycode@2.3.1 OK for: uri-js@4.4.1 want: ^2.1.0
2659 silly placeDep ROOT @types/d3-array@3.2.2 OK for: victory-vendor@36.9.2 want: ^3.0.3
2660 silly placeDep ROOT @types/d3-ease@3.0.2 OK for: victory-vendor@36.9.2 want: ^3.0.0
2661 silly placeDep ROOT @types/d3-interpolate@3.0.4 OK for: victory-vendor@36.9.2 want: ^3.0.1
2662 silly placeDep ROOT @types/d3-scale@4.0.9 OK for: victory-vendor@36.9.2 want: ^4.0.2
2663 silly placeDep ROOT @types/d3-shape@3.2.0 OK for: victory-vendor@36.9.2 want: ^3.1.0
2664 silly placeDep ROOT @types/d3-time@3.0.4 OK for: victory-vendor@36.9.2 want: ^3.0.0
2665 silly placeDep ROOT @types/d3-timer@3.0.2 OK for: victory-vendor@36.9.2 want: ^3.0.0
2666 silly placeDep ROOT d3-array@3.2.4 OK for: victory-vendor@36.9.2 want: ^3.1.6
2667 silly placeDep ROOT d3-ease@3.0.1 OK for: victory-vendor@36.9.2 want: ^3.0.1
2668 silly placeDep ROOT d3-interpolate@3.0.1 OK for: victory-vendor@36.9.2 want: ^3.0.1
2669 silly placeDep ROOT d3-scale@4.0.2 OK for: victory-vendor@36.9.2 want: ^4.0.2
2670 silly placeDep ROOT d3-shape@3.2.0 OK for: victory-vendor@36.9.2 want: ^3.1.0
2671 silly placeDep ROOT d3-time@3.1.0 OK for: victory-vendor@36.9.2 want: ^3.0.0
2672 silly placeDep ROOT d3-timer@3.0.1 OK for: victory-vendor@36.9.2 want: ^3.0.1
2673 silly fetch manifest @types/d3-color@*
2674 silly packumentCache full:https://registry.npmjs.org/@types%2fd3-color cache-miss
2675 silly fetch manifest @types/d3-time@*
2676 silly packumentCache full:https://registry.npmjs.org/@types%2fd3-time cache-hit
2677 silly fetch manifest @types/d3-path@*
2678 silly packumentCache full:https://registry.npmjs.org/@types%2fd3-path cache-miss
2679 silly fetch manifest internmap@1 - 2
2680 silly packumentCache full:https://registry.npmjs.org/internmap cache-miss
2681 silly fetch manifest d3-color@1 - 3
2682 silly packumentCache full:https://registry.npmjs.org/d3-color cache-miss
2683 silly fetch manifest d3-format@1 - 3
2684 silly packumentCache full:https://registry.npmjs.org/d3-format cache-miss
2685 silly fetch manifest d3-time@2.1.1 - 3
2686 silly packumentCache full:https://registry.npmjs.org/d3-time cache-hit
2687 silly fetch manifest d3-time-format@2 - 4
2688 silly packumentCache full:https://registry.npmjs.org/d3-time-format cache-miss
2689 silly fetch manifest d3-path@^3.1.0
2690 silly packumentCache full:https://registry.npmjs.org/d3-path cache-miss
2691 http cache https://registry.npmjs.org/@types%2fd3-color 17ms (cache hit)
2692 silly packumentCache full:https://registry.npmjs.org/@types%2fd3-color set size:69998 disposed:false
2693 http cache https://registry.npmjs.org/@types%2fd3-path 18ms (cache hit)
2694 silly packumentCache full:https://registry.npmjs.org/@types%2fd3-path set size:41268 disposed:false
2695 http cache https://registry.npmjs.org/internmap 19ms (cache hit)
2696 silly packumentCache full:https://registry.npmjs.org/internmap set size:19637 disposed:false
2697 http cache https://registry.npmjs.org/d3-format 19ms (cache hit)
2698 silly packumentCache full:https://registry.npmjs.org/d3-format set size:107249 disposed:false
2699 http cache https://registry.npmjs.org/d3-color 22ms (cache hit)
2700 silly packumentCache full:https://registry.npmjs.org/d3-color set size:142335 disposed:false
2701 http cache https://registry.npmjs.org/d3-path 22ms (cache hit)
2702 silly packumentCache full:https://registry.npmjs.org/d3-path set size:77883 disposed:false
2703 http cache https://registry.npmjs.org/d3-time-format 24ms (cache hit)
2704 silly packumentCache full:https://registry.npmjs.org/d3-time-format set size:124514 disposed:false
2705 silly placeDep ROOT @types/d3-color@3.1.3 OK for: @types/d3-interpolate@3.0.4 want: *
2706 silly placeDep ROOT @types/d3-path@3.1.1 OK for: @types/d3-shape@3.2.0 want: *
2707 silly placeDep ROOT internmap@2.0.3 OK for: d3-array@3.2.4 want: 1 - 2
2708 silly placeDep ROOT d3-color@3.1.0 OK for: d3-interpolate@3.0.1 want: 1 - 3
2709 silly placeDep ROOT d3-format@3.1.2 OK for: d3-scale@4.0.2 want: 1 - 3
2710 silly placeDep ROOT d3-time-format@4.1.0 OK for: d3-scale@4.0.2 want: 2 - 4
2711 silly placeDep ROOT d3-path@3.1.0 OK for: d3-shape@3.2.0 want: ^3.1.0
2712 silly placeDep ROOT isexe@2.0.0 OK for: which@2.0.2 want: ^2.0.0
2713 silly placeDep ROOT is-bigint@1.1.0 OK for: which-boxed-primitive@1.1.1 want: ^1.1.0
2714 silly placeDep ROOT is-boolean-object@1.2.2 OK for: which-boxed-primitive@1.1.1 want: ^1.2.1
2715 silly placeDep ROOT is-number-object@1.1.1 OK for: which-boxed-primitive@1.1.1 want: ^1.1.1
2716 silly placeDep ROOT is-async-function@2.1.1 OK for: which-builtin-type@1.2.1 want: ^2.0.0
2717 silly placeDep ROOT is-finalizationregistry@1.1.1 OK for: which-builtin-type@1.2.1 want: ^1.1.0
2718 silly placeDep ROOT is-generator-function@1.1.2 OK for: which-builtin-type@1.2.1 want: ^1.0.10
2719 silly placeDep ROOT which-collection@1.0.2 OK for: which-builtin-type@1.2.1 want: ^1.0.2
2720 silly fetch manifest async-function@^1.0.0
2721 silly packumentCache full:https://registry.npmjs.org/async-function cache-miss
2722 silly fetch manifest generator-function@^2.0.0
2723 silly packumentCache full:https://registry.npmjs.org/generator-function cache-miss
2724 silly fetch manifest is-map@^2.0.3
2725 silly packumentCache full:https://registry.npmjs.org/is-map cache-miss
2726 silly fetch manifest is-weakmap@^2.0.2
2727 silly packumentCache full:https://registry.npmjs.org/is-weakmap cache-miss
2728 silly fetch manifest is-weakset@^2.0.3
2729 silly packumentCache full:https://registry.npmjs.org/is-weakset cache-miss
2730 http cache https://registry.npmjs.org/async-function 12ms (cache hit)
2731 silly packumentCache full:https://registry.npmjs.org/async-function set size:7150 disposed:false
2732 http cache https://registry.npmjs.org/generator-function 13ms (cache hit)
2733 silly packumentCache full:https://registry.npmjs.org/generator-function set size:10401 disposed:false
2734 http cache https://registry.npmjs.org/is-map 14ms (cache hit)
2735 silly packumentCache full:https://registry.npmjs.org/is-map set size:18079 disposed:false
2736 http cache https://registry.npmjs.org/is-weakmap 15ms (cache hit)
2737 silly packumentCache full:https://registry.npmjs.org/is-weakmap set size:15163 disposed:false
2738 http cache https://registry.npmjs.org/is-weakset 15ms (cache hit)
2739 silly packumentCache full:https://registry.npmjs.org/is-weakset set size:21965 disposed:false
2740 silly placeDep ROOT async-function@1.0.0 OK for: is-async-function@2.1.1 want: ^1.0.0
2741 silly placeDep ROOT generator-function@2.0.1 OK for: is-generator-function@1.1.2 want: ^2.0.0
2742 silly placeDep ROOT is-map@2.0.3 OK for: which-collection@1.0.2 want: ^2.0.3
2743 silly placeDep ROOT is-weakmap@2.0.2 OK for: which-collection@1.0.2 want: ^2.0.2
2744 silly placeDep ROOT is-weakset@2.0.4 OK for: which-collection@1.0.2 want: ^2.0.3
2745 silly placeDep ROOT cliui@6.0.0 OK for: yargs@15.4.1 want: ^6.0.0
2746 silly placeDep ROOT decamelize@1.2.0 OK for: yargs@15.4.1 want: ^1.2.0
2747 silly placeDep node_modules/yargs find-up@4.1.0 OK for: yargs@15.4.1 want: ^4.1.0
2748 silly placeDep ROOT get-caller-file@2.0.5 OK for: yargs@15.4.1 want: ^2.0.1
2749 silly placeDep ROOT require-directory@2.1.1 OK for: yargs@15.4.1 want: ^2.1.1
2750 silly placeDep ROOT require-main-filename@2.0.0 OK for: yargs@15.4.1 want: ^2.0.0
2751 silly placeDep ROOT set-blocking@2.0.0 OK for: yargs@15.4.1 want: ^2.0.0
2752 silly placeDep ROOT string-width@4.2.3 OK for: yargs@15.4.1 want: ^4.2.0
2753 silly placeDep ROOT which-module@2.0.1 OK for: yargs@15.4.1 want: ^2.0.0
2754 silly placeDep ROOT y18n@4.0.3 OK for: yargs@15.4.1 want: ^4.0.0
2755 silly placeDep ROOT yargs-parser@18.1.3 OK for: yargs@15.4.1 want: ^18.1.2
2756 silly fetch manifest wrap-ansi@^6.2.0
2757 silly packumentCache full:https://registry.npmjs.org/wrap-ansi cache-miss
2758 silly fetch manifest locate-path@^5.0.0
2759 silly packumentCache full:https://registry.npmjs.org/locate-path cache-hit
2760 silly fetch manifest emoji-regex@^8.0.0
2761 silly packumentCache full:https://registry.npmjs.org/emoji-regex cache-hit
2762 silly fetch manifest is-fullwidth-code-point@^3.0.0
2763 silly packumentCache full:https://registry.npmjs.org/is-fullwidth-code-point cache-miss
2764 silly fetch manifest camelcase@^5.0.0
2765 silly packumentCache full:https://registry.npmjs.org/camelcase cache-miss
2766 http cache https://registry.npmjs.org/wrap-ansi 10ms (cache hit)
2767 silly packumentCache full:https://registry.npmjs.org/wrap-ansi set size:59620 disposed:false
2768 http cache https://registry.npmjs.org/is-fullwidth-code-point 10ms (cache hit)
2769 silly packumentCache full:https://registry.npmjs.org/is-fullwidth-code-point set size:14578 disposed:false
2770 http cache https://registry.npmjs.org/camelcase 12ms (cache hit)
2771 silly packumentCache full:https://registry.npmjs.org/camelcase set size:60255 disposed:false
2772 silly placeDep ROOT wrap-ansi@6.2.0 OK for: cliui@6.0.0 want: ^6.2.0
2773 silly placeDep node_modules/string-width emoji-regex@8.0.0 OK for: string-width@4.2.3 want: ^8.0.0
2774 silly placeDep ROOT is-fullwidth-code-point@3.0.0 OK for: string-width@4.2.3 want: ^3.0.0
2775 silly placeDep ROOT camelcase@5.3.1 OK for: yargs-parser@18.1.3 want: ^5.0.0
2776 silly placeDep node_modules/@typescript-eslint/typescript-estree brace-expansion@5.0.12 OK for: minimatch@10.2.6 want: ^5.0.8
2777 silly fetch manifest balanced-match@^4.0.2
2778 silly packumentCache full:https://registry.npmjs.org/balanced-match cache-hit
2779 silly placeDep node_modules/@typescript-eslint/typescript-estree balanced-match@4.0.4 OK for: brace-expansion@5.0.12 want: ^4.0.2
2780 silly placeDep node_modules/next nanoid@3.3.19 OK for: postcss@8.4.31 want: ^3.3.6
2781 silly placeDep node_modules/tailwindcss/node_modules/fast-glob glob-parent@5.1.2 OK for: fast-glob@3.3.3 want: ^5.1.2
2782 silly placeDep node_modules/yargs locate-path@5.0.0 OK for: find-up@4.1.0 want: ^5.0.0
2783 silly fetch manifest p-locate@^4.1.0
2784 silly packumentCache full:https://registry.npmjs.org/p-locate cache-hit
2785 silly placeDep node_modules/yargs p-locate@4.1.0 OK for: locate-path@5.0.0 want: ^4.1.0
2786 silly fetch manifest p-limit@^2.2.0
2787 silly packumentCache full:https://registry.npmjs.org/p-limit cache-hit
2788 silly placeDep node_modules/yargs p-limit@2.3.0 OK for: p-locate@4.1.0 want: ^2.2.0
2789 silly fetch manifest p-try@^2.0.0
2790 silly packumentCache full:https://registry.npmjs.org/p-try cache-miss
2791 http cache https://registry.npmjs.org/p-try 6ms (cache hit)
2792 silly packumentCache full:https://registry.npmjs.org/p-try set size:13014 disposed:false
2793 silly placeDep ROOT p-try@2.2.0 OK for: p-limit@2.3.0 want: ^2.0.0
2794 silly reify moves {}
2795 silly audit bulk request {
2795 silly audit   '@supabase/ssr': [ '0.5.2' ],
2795 silly audit   '@supabase/supabase-js': [ '2.117.2' ],
2795 silly audit   '@types/node': [ '20.19.43' ],
2795 silly audit   '@types/qrcode': [ '1.5.6' ],
2795 silly audit   '@types/react': [ '19.3.0' ],
2795 silly audit   '@types/react-dom': [ '19.3.0' ],
2795 silly audit   autoprefixer: [ '10.6.1' ],
2795 silly audit   postcss: [ '8.5.28', '8.4.31' ],
2795 silly audit   eslint: [ '8.57.1' ],
2795 silly audit   'eslint-config-next': [ '15.5.26' ],
2795 silly audit   nanoid: [ '5.1.16', '3.3.19' ],
2795 silly audit   next: [ '15.5.26' ],
2795 silly audit   react: [ '19.3.0' ],
2795 silly audit   'react-dom': [ '19.3.0' ],
2795 silly audit   qrcode: [ '1.5.4' ],
2795 silly audit   recharts: [ '2.15.4' ],
2795 silly audit   tailwindcss: [ '3.4.19' ],
2795 silly audit   typescript: [ '5.9.3' ],
2795 silly audit   'ua-parser-js': [ '1.0.41' ],
2795 silly audit   zod: [ '3.25.76' ],
2795 silly audit   '@types/cookie': [ '0.6.0' ],
2795 silly audit   cookie: [ '0.7.2' ],
2795 silly audit   '@supabase/auth-js': [ '2.117.2' ],
2795 silly audit   '@supabase/functions-js': [ '2.117.2' ],
2795 silly audit   '@supabase/postgrest-js': [ '2.117.2' ],
2795 silly audit   '@supabase/realtime-js': [ '2.117.2' ],
2795 silly audit   '@supabase/storage-js': [ '2.117.2' ],
2795 silly audit   tslib: [ '2.8.1' ],
2795 silly audit   '@supabase/phoenix': [ '0.4.5' ],
2795 silly audit   'iceberg-js': [ '0.8.1' ],
2795 silly audit   'undici-types': [ '6.21.0' ],
2795 silly audit   csstype: [ '3.2.3' ],
2795 silly audit   browserslist: [ '4.29.3' ],
2795 silly audit   'caniuse-lite': [ '1.0.30001814' ],
2795 silly audit   'fraction.js': [ '5.3.4' ],
2795 silly audit   picocolors: [ '1.1.1' ],
2795 silly audit   'postcss-value-parser': [ '4.2.0' ],
2795 silly audit   'baseline-browser-mapping': [ '2.11.26' ],
2795 silly audit   'electron-to-chromium': [ '1.5.442' ],
2795 silly audit   'node-releases': [ '2.0.57' ],
2795 silly audit   'update-browserslist-db': [ '1.3.3' ],
2795 silly audit   '@eslint-community/eslint-utils': [ '4.10.1' ],
2795 silly audit   '@eslint-community/regexpp': [ '4.12.2' ],
2795 silly audit   '@eslint/eslintrc': [ '2.1.4' ],
2795 silly audit   '@eslint/js': [ '8.57.1' ],
2795 silly audit   '@humanwhocodes/config-array': [ '0.13.0' ],
2795 silly audit   '@humanwhocodes/module-importer': [ '1.0.1' ],
2795 silly audit   '@nodelib/fs.walk': [ '1.2.8' ],
2795 silly audit   '@ungap/structured-clone': [ '1.4.0' ],
2795 silly audit   ajv: [ '6.15.0' ],
2795 silly audit   chalk: [ '4.1.2' ],
2795 silly audit   'cross-spawn': [ '7.0.6' ],
2795 silly audit   debug: [ '4.4.3', '3.2.7' ],
2795 silly audit   doctrine: [ '3.0.0', '2.1.0' ],
2795 silly audit   'escape-string-regexp': [ '4.0.0' ],
2795 silly audit   'eslint-scope': [ '7.2.2' ],
2795 silly audit   'eslint-visitor-keys': [ '3.4.3', '5.0.1' ],
2795 silly audit   espree: [ '9.6.1' ],
2795 silly audit   esquery: [ '1.7.0' ],
2795 silly audit   esutils: [ '2.0.3' ],
2795 silly audit   'fast-deep-equal': [ '3.1.3' ],
2795 silly audit   'file-entry-cache': [ '6.0.1' ],
2795 silly audit   'find-up': [ '5.0.0', '4.1.0' ],
2795 silly audit   'glob-parent': [ '6.0.2', '5.1.2' ],
2795 silly audit   globals: [ '13.24.0' ],
2795 silly audit   graphemer: [ '1.4.0' ],
2795 silly audit   ignore: [ '5.3.2', '7.0.10' ],
2795 silly audit   imurmurhash: [ '0.1.4' ],
2795 silly audit   'is-glob': [ '4.0.3' ],
2795 silly audit   'is-path-inside': [ '3.0.3' ],
2795 silly audit   'js-yaml': [ '4.3.2' ],
2795 silly audit   'json-stable-stringify-without-jsonify': [ '1.0.1' ],
2795 silly audit   levn: [ '0.4.1' ],
2795 silly audit   'lodash.merge': [ '4.6.2' ],
2795 silly audit   minimatch: [ '3.1.5', '10.2.6' ],
2795 silly audit   'natural-compare': [ '1.4.0' ],
2795 silly audit   optionator: [ '0.9.4' ],
2795 silly audit   'strip-ansi': [ '6.0.1' ],
2795 silly audit   'text-table': [ '0.2.0' ],
2795 silly audit   'import-fresh': [ '3.3.1' ],
2795 silly audit   'strip-json-comments': [ '3.1.1' ],
2795 silly audit   '@humanwhocodes/object-schema': [ '2.0.3' ],
2795 silly audit   '@nodelib/fs.scandir': [ '2.1.5' ],
2795 silly audit   fastq: [ '1.20.3' ],
2795 silly audit   '@nodelib/fs.stat': [ '2.0.5' ],
2795 silly audit   'run-parallel': [ '1.2.0' ],
2795 silly audit   'fast-json-stable-stringify': [ '2.1.0' ],
2795 silly audit   'json-schema-traverse': [ '0.4.1' ],
2795 silly audit   'uri-js': [ '4.4.1' ],
2795 silly audit   'ansi-styles': [ '4.3.0' ],
2795 silly audit   'supports-color': [ '7.2.0' ],
2795 silly audit   'color-convert': [ '2.0.1' ],
2795 silly audit   'color-name': [ '1.1.4' ],
2795 silly audit   'path-key': [ '3.1.1' ],
2795 silly audit   'shebang-command': [ '2.0.0' ],
2795 silly audit   which: [ '2.0.2' ],
2795 silly audit   ms: [ '2.1.3' ],
2795 silly audit   '@next/eslint-plugin-next': [ '15.5.26' ],
2795 silly audit   '@rushstack/eslint-patch': [ '1.16.1' ],
2795 silly audit   '@typescript-eslint/eslint-plugin': [ '8.71.0' ],
2795 silly audit   '@typescript-eslint/parser': [ '8.71.0' ],
2795 silly audit   'eslint-import-resolver-node': [ '0.3.10' ],
2795 silly audit   'eslint-import-resolver-typescript': [ '3.10.1' ],
2795 silly audit   'eslint-plugin-import': [ '2.32.0' ],
2795 silly audit   'eslint-plugin-jsx-a11y': [ '6.10.2' ],
2795 silly audit   'eslint-plugin-react': [ '7.37.5' ],
2795 silly audit   'eslint-plugin-react-hooks': [ '5.2.0' ],
2795 silly audit   'fast-glob': [ '3.3.1', '3.3.3' ],
2795 silly audit   '@typescript-eslint/scope-manager': [ '8.71.0' ],
2795 silly audit   '@typescript-eslint/type-utils': [ '8.71.0' ],
2795 silly audit   '@typescript-eslint/utils': [ '8.71.0' ],
2795 silly audit   '@typescript-eslint/visitor-keys': [ '8.71.0' ],
2795 silly audit   'ts-api-utils': [ '2.5.0' ],
2795 silly audit   '@typescript-eslint/types': [ '8.71.0' ],
2795 silly audit   '@typescript-eslint/typescript-estree': [ '8.71.0' ],
2795 silly audit   '@typescript-eslint/project-service': [ '8.71.0' ],
2795 silly audit   '@typescript-eslint/tsconfig-utils': [ '8.71.0' ],
2795 silly audit   semver: [ '7.8.5', '6.3.1' ],
2795 silly audit   tinyglobby: [ '0.2.17' ],
2795 silly audit   'is-core-module': [ '2.17.0' ],
2795 silly audit   resolve: [ '2.0.0-next.7', '1.22.12' ],
2795 silly audit   '@nolyfill/is-core-module': [ '1.0.39' ],
2795 silly audit   'get-tsconfig': [ '4.14.3' ],
2795 silly audit   'is-bun-module': [ '2.0.0' ],
2795 silly audit   'stable-hash': [ '0.0.5' ],
2795 silly audit   'unrs-resolver': [ '1.12.2' ],
2795 silly audit   '@rtsao/scc': [ '1.1.0' ],
2795 silly audit   'array-includes': [ '3.2.0' ],
2795 silly audit   'array.prototype.findlastindex': [ '1.2.6' ],
2795 silly audit   'array.prototype.flat': [ '1.3.3' ],
2795 silly audit   'array.prototype.flatmap': [ '1.3.3' ],
2795 silly audit   'eslint-module-utils': [ '2.14.0' ],
2795 silly audit   hasown: [ '2.0.4' ],
2795 silly audit   'object.fromentries': [ '2.0.8' ],
2795 silly audit   'object.groupby': [ '1.0.3' ],
2795 silly audit   'object.values': [ '1.2.1' ],
2795 silly audit   'string.prototype.trimend': [ '1.0.10' ],
2795 silly audit   'tsconfig-paths': [ '3.15.0' ],
2795 silly audit   'call-bind': [ '1.0.9' ],
2795 silly audit   'call-bound': [ '1.0.4' ],
2795 silly audit   'define-properties': [ '1.2.1' ],
2795 silly audit   'es-abstract': [ '1.24.2' ],
2795 silly audit   'es-object-atoms': [ '1.1.2' ],
2795 silly audit   'es-shim-unscopables': [ '1.1.0' ],
2795 silly audit   'is-string': [ '1.1.1' ],
2795 silly audit   'math-intrinsics': [ '1.1.0' ],
2795 silly audit   'es-errors': [ '1.3.0' ],
2795 silly audit   'call-bind-apply-helpers': [ '1.0.2' ],
2795 silly audit   'es-define-property': [ '1.0.1' ],
2795 silly audit   'get-intrinsic': [ '1.3.0' ],
2795 silly audit   'set-function-length': [ '1.2.2' ],
2795 silly audit   'function-bind': [ '1.1.2' ],
2795 silly audit   'define-data-property': [ '1.1.4' ],
2795 silly audit   'has-property-descriptors': [ '1.0.2' ],
2795 silly audit   'object-keys': [ '1.1.1' ],
2795 silly audit   gopd: [ '1.2.0' ],
2795 silly audit   'array-buffer-byte-length': [ '1.0.2' ],
2795 silly audit   'arraybuffer.prototype.slice': [ '1.0.4' ],
2795 silly audit   'available-typed-arrays': [ '1.0.7' ],
2795 silly audit   'data-view-buffer': [ '1.0.2' ],
2795 silly audit   'data-view-byte-length': [ '1.0.2' ],
2795 silly audit   'data-view-byte-offset': [ '1.0.1' ],
2795 silly audit   'es-set-tostringtag': [ '2.1.0' ],
2795 silly audit   'es-to-primitive': [ '1.3.4' ],
2795 silly audit   'function.prototype.name': [ '1.2.0' ],
2795 silly audit   'get-proto': [ '1.0.1' ],
2795 silly audit   'get-symbol-description': [ '1.1.0' ],
2795 silly audit   globalthis: [ '1.0.4' ],
2795 silly audit   'has-proto': [ '1.2.0' ],
2795 silly audit   'has-symbols': [ '1.1.0' ],
2795 silly audit   'internal-slot': [ '1.1.0' ],
2795 silly audit   'is-array-buffer': [ '3.0.5' ],
2795 silly audit   'is-callable': [ '1.2.7' ],
2795 silly audit   'is-data-view': [ '1.0.2' ],
2795 silly audit   'is-negative-zero': [ '2.0.3' ],
2795 silly audit   'is-regex': [ '1.2.1' ],
2795 silly audit   'is-set': [ '2.0.3' ],
2795 silly audit   'is-shared-array-buffer': [ '1.0.4' ],
2795 silly audit   'is-typed-array': [ '1.1.15' ],
2795 silly audit   'is-weakref': [ '1.1.1' ],
2795 silly audit   'object-inspect': [ '1.13.4' ],
2795 silly audit   'object.assign': [ '4.1.7' ],
2795 silly audit   'own-keys': [ '1.0.2' ],
2795 silly audit   'regexp.prototype.flags': [ '1.5.4' ],
2795 silly audit   'safe-array-concat': [ '1.1.4' ],
2795 silly audit   'safe-push-apply': [ '1.0.0' ],
2795 silly audit   'safe-regex-test': [ '1.1.0' ],
2795 silly audit   'set-proto': [ '1.0.0' ],
2795 silly audit   'stop-iteration-iterator': [ '1.1.0' ],
2795 silly audit   'string.prototype.trim': [ '1.2.11' ],
2795 silly audit   'string.prototype.trimstart': [ '1.0.8' ],
2795 silly audit   'typed-array-buffer': [ '1.0.3' ],
2795 silly audit   'typed-array-byte-length': [ '1.0.3' ],
2795 silly audit   'typed-array-byte-offset': [ '1.0.5' ],
2795 silly audit   'typed-array-length': [ '1.0.8' ],
2795 silly audit   'unbox-primitive': [ '1.1.0' ],
2795 silly audit   'which-typed-array': [ '1.1.24' ],
2795 silly audit   'possible-typed-array-names': [ '1.1.0' ],
2795 silly audit   'has-tostringtag': [ '1.0.2' ],
2795 silly audit   'es-abstract-get': [ '1.0.0' ],
2795 silly audit   'is-date-object': [ '1.1.0' ],
2795 silly audit   'is-symbol': [ '1.1.1' ],
2795 silly audit   'aria-query': [ '5.3.2' ],
2795 silly audit   'ast-types-flow': [ '0.0.8' ],
2795 silly audit   'axe-core': [ '4.13.0' ],
2795 silly audit   'axobject-query': [ '4.1.0' ],
2795 silly audit   'damerau-levenshtein': [ '1.0.8' ],
2795 silly audit   'emoji-regex': [ '9.2.2', '8.0.0' ],
2795 silly audit   'jsx-ast-utils': [ '3.3.5' ],
2795 silly audit   'language-tags': [ '1.0.9' ],
2795 silly audit   'string.prototype.includes': [ '2.0.1' ],
2795 silly audit   'array.prototype.findlast': [ '1.2.5' ],
2795 silly audit   'array.prototype.tosorted': [ '1.1.4' ],
2795 silly audit   'es-iterator-helpers': [ '1.4.0' ],
2795 silly audit   estraverse: [ '5.3.0' ],
2795 silly audit   'object.entries': [ '1.1.9' ],
2795 silly audit   'prop-types': [ '15.8.1' ],
2795 silly audit   'string.prototype.matchall': [ '4.1.0' ],
2795 silly audit   'string.prototype.repeat': [ '1.0.0' ],
2795 silly audit   'iterator.prototype': [ '1.1.5' ],
2795 silly audit   esrecurse: [ '4.3.0' ],
2795 silly audit   acorn: [ '8.18.0' ],
2795 silly audit   'acorn-jsx': [ '5.3.2' ],
2795 silly audit   merge2: [ '1.4.1' ],
2795 silly audit   micromatch: [ '4.0.8' ],
2795 silly audit   reusify: [ '1.1.0' ],
2795 silly audit   'flat-cache': [ '3.2.0' ],
2795 silly audit   'locate-path': [ '6.0.0', '5.0.0' ],
2795 silly audit   'path-exists': [ '4.0.0' ],
2795 silly audit   flatted: [ '3.4.4' ],
2795 silly audit   keyv: [ '4.5.4' ],
2795 silly audit   rimraf: [ '3.0.2' ],
2795 silly audit   'functions-have-names': [ '1.2.3' ],
2795 silly audit   'is-document.all': [ '1.0.0' ],
2795 silly audit   'dunder-proto': [ '1.0.1' ],
2795 silly audit   'resolve-pkg-maps': [ '1.0.0' ],
2795 silly audit   'type-fest': [ '0.20.2' ],
2795 silly audit   'parent-module': [ '1.0.1' ],
2795 silly audit   'resolve-from': [ '4.0.0' ],
2795 silly audit   'side-channel': [ '1.1.1' ],
2795 silly audit   'is-extglob': [ '2.1.1' ],
2795 silly audit   'set-function-name': [ '2.0.2' ],
2795 silly audit   argparse: [ '2.0.1' ],
2795 silly audit   'json-buffer': [ '3.0.1' ],
2795 silly audit   'language-subtag-registry': [ '0.3.23' ],
2795 silly audit   'prelude-ls': [ '1.2.1' ],
2795 silly audit   'type-check': [ '0.4.0' ],
2795 silly audit   'p-locate': [ '5.0.0', '4.1.0' ],
2795 silly audit   braces: [ '3.0.3' ],
2795 silly audit   picomatch: [ '2.3.2', '4.0.7' ],
2795 silly audit   'fill-range': [ '7.1.1' ],
2795 silly audit   'to-regex-range': [ '5.0.1' ],
2795 silly audit   'brace-expansion': [ '1.1.21', '5.0.12' ],
2795 silly audit   'balanced-match': [ '1.0.2', '4.0.4' ],
2795 silly audit   'concat-map': [ '0.0.1' ],
2795 silly audit   '@next/env': [ '15.5.26' ],
2795 silly audit   '@next/swc-darwin-arm64': [ '15.5.26' ],
2795 silly audit   '@next/swc-darwin-x64': [ '15.5.26' ],
2795 silly audit   '@next/swc-linux-arm64-gnu': [ '15.5.26' ],
2795 silly audit   '@next/swc-linux-arm64-musl': [ '15.5.26' ],
2795 silly audit   '@next/swc-linux-x64-gnu': [ '15.5.26' ],
2795 silly audit   '@next/swc-linux-x64-musl': [ '15.5.26' ],
2795 silly audit   '@next/swc-win32-arm64-msvc': [ '15.5.26' ],
2795 silly audit   '@next/swc-win32-x64-msvc': [ '15.5.26' ],
2795 silly audit   '@swc/helpers': [ '0.5.15' ],
2795 silly audit   sharp: [ '0.35.5' ],
2795 silly audit   'styled-jsx': [ '5.1.6' ],
2795 silly audit   'deep-is': [ '0.1.4' ],
2795 silly audit   'fast-levenshtein': [ '2.0.6' ],
2795 silly audit   'word-wrap': [ '1.2.5' ],
2795 silly audit   'p-limit': [ '3.1.0', '2.3.0' ],
2795 silly audit   'yocto-queue': [ '0.1.0' ],
2795 silly audit   callsites: [ '3.1.0' ],
2795 silly audit   'source-map-js': [ '1.2.1' ],
2795 silly audit   'loose-envify': [ '1.4.0' ],
2795 silly audit   'object-assign': [ '4.1.1' ],
2795 silly audit   'react-is': [ '16.13.1', '18.3.1' ],
2795 silly audit   'js-tokens': [ '4.0.0' ],
2795 silly audit   dijkstrajs: [ '1.0.3' ],
2795 silly audit   pngjs: [ '5.0.0' ],
2795 silly audit   yargs: [ '15.4.1' ],
2795 silly audit   scheduler: [ '0.28.0' ],
2795 silly audit   clsx: [ '2.1.1' ],
2795 silly audit   eventemitter3: [ '4.0.7' ],
2795 silly audit   lodash: [ '4.18.1' ],
2795 silly audit   'react-smooth': [ '4.0.4' ],
2795 silly audit   'recharts-scale': [ '0.4.5' ],
2795 silly audit   'tiny-invariant': [ '1.3.3' ],
2795 silly audit   'victory-vendor': [ '36.9.2' ],
2795 silly audit   'fast-equals': [ '5.4.3' ],
2795 silly audit   'react-transition-group': [ '4.4.5' ],
2795 silly audit   '@babel/runtime': [ '7.29.7' ],
2795 silly audit   'dom-helpers': [ '5.2.1' ],
2795 silly audit   'decimal.js-light': [ '2.5.1' ],
2795 silly audit   'node-exports-info': [ '1.6.2' ],
2795 silly audit   'path-parse': [ '1.0.7' ],
2795 silly audit   'supports-preserve-symlinks-flag': [ '1.0.0' ],
2795 silly audit   glob: [ '7.2.3' ],
2795 silly audit   'fs.realpath': [ '1.0.0' ],
2795 silly audit   inflight: [ '1.0.6' ],
2795 silly audit   inherits: [ '2.0.4' ],
2795 silly audit   once: [ '1.4.0' ],
2795 silly audit   'path-is-absolute': [ '1.0.1' ],
2795 silly audit   wrappy: [ '1.0.2' ],
2795 silly audit   'queue-microtask': [ '1.2.3' ],
2795 silly audit   isarray: [ '2.0.5' ],
2795 silly audit   '@img/colour': [ '1.1.0' ],
2795 silly audit   '@img/sharp-darwin-arm64': [ '0.35.5' ],
2795 silly audit   '@img/sharp-darwin-x64': [ '0.35.5' ],
2795 silly audit   '@img/sharp-freebsd-wasm32': [ '0.35.5' ],
2795 silly audit   '@img/sharp-libvips-darwin-arm64': [ '1.3.4' ],
2795 silly audit   '@img/sharp-libvips-darwin-x64': [ '1.3.4' ],
2795 silly audit   '@img/sharp-libvips-linux-arm': [ '1.3.4' ],
2795 silly audit   '@img/sharp-libvips-linux-arm64': [ '1.3.4' ],
2795 silly audit   '@img/sharp-libvips-linux-ppc64': [ '1.3.4' ],
2795 silly audit   '@img/sharp-libvips-linux-riscv64': [ '1.3.4' ],
2795 silly audit   '@img/sharp-libvips-linux-s390x': [ '1.3.4' ],
2795 silly audit   '@img/sharp-libvips-linux-x64': [ '1.3.4' ],
2795 silly audit   '@img/sharp-libvips-linuxmusl-arm64': [ '1.3.4' ],
2795 silly audit   '@img/sharp-libvips-linuxmusl-x64': [ '1.3.4' ],
2795 silly audit   '@img/sharp-linux-arm': [ '0.35.5' ],
2795 silly audit   '@img/sharp-linux-arm64': [ '0.35.5' ],
2795 silly audit   '@img/sharp-linux-ppc64': [ '0.35.5' ],
2795 silly audit   '@img/sharp-linux-riscv64': [ '0.35.5' ],
2795 silly audit   '@img/sharp-linux-s390x': [ '0.35.5' ],
2795 silly audit   '@img/sharp-linux-x64': [ '0.35.5' ],
2795 silly audit   '@img/sharp-linuxmusl-arm64': [ '0.35.5' ],
2795 silly audit   '@img/sharp-linuxmusl-x64': [ '0.35.5' ],
2795 silly audit   '@img/sharp-webcontainers-wasm32': [ '0.35.5' ],
2795 silly audit   '@img/sharp-win32-arm64': [ '0.35.5' ],
2795 silly audit   '@img/sharp-win32-ia32': [ '0.35.5' ],
2795 silly audit   '@img/sharp-win32-x64': [ '0.35.5' ],
2795 silly audit   'detect-libc': [ '2.1.2' ],
2795 silly audit   '@img/sharp-wasm32': [ '0.35.5' ],
2795 silly audit   '@emnapi/runtime': [ '1.11.3', '1.10.0' ],
2795 silly audit   'shebang-regex': [ '3.0.0' ],
2795 silly audit   'side-channel-list': [ '1.0.1' ],
2795 silly audit   'side-channel-map': [ '1.0.1' ],
2795 silly audit   'side-channel-weakmap': [ '1.0.2' ],
2795 silly audit   'ansi-regex': [ '5.0.1' ],
2795 silly audit   'client-only': [ '0.0.1' ],
2795 silly audit   'has-flag': [ '4.0.0' ],
2795 silly audit   '@alloc/quick-lru': [ '5.3.0' ],
2795 silly audit   arg: [ '5.0.2' ],
2795 silly audit   chokidar: [ '3.6.0' ],
2795 silly audit   didyoumean: [ '1.2.2' ],
2795 silly audit   dlv: [ '1.1.3' ],
2795 silly audit   jiti: [ '1.21.7' ],
2795 silly audit   lilconfig: [ '3.1.3' ],
2795 silly audit   'normalize-path': [ '3.0.0' ],
2795 silly audit   'object-hash': [ '3.0.0' ],
2795 silly audit   'postcss-import': [ '15.1.0' ],
2795 silly audit   'postcss-js': [ '4.1.0' ],
2795 silly audit   'postcss-load-config': [ '6.0.1' ],
2795 silly audit   'postcss-nested': [ '6.2.0' ],
2795 silly audit   'postcss-selector-parser': [ '6.1.4' ],
2795 silly audit   sucrase: [ '3.35.1' ],
2795 silly audit   anymatch: [ '3.1.3' ],
2795 silly audit   fsevents: [ '2.3.3' ],
2795 silly audit   'is-binary-path': [ '2.1.0' ],
2795 silly audit   readdirp: [ '3.6.0' ],
2795 silly audit   'binary-extensions': [ '2.3.0' ],
2795 silly audit   'read-cache': [ '1.0.2' ],
2795 silly audit   'camelcase-css': [ '2.0.1' ],
2795 silly audit   cssesc: [ '3.0.0' ],
2795 silly audit   'util-deprecate': [ '1.0.2' ],
2795 silly audit   '@jridgewell/gen-mapping': [ '0.3.13' ],
2795 silly audit   commander: [ '4.1.1' ],
2795 silly audit   'lines-and-columns': [ '1.2.4' ],
2795 silly audit   mz: [ '2.7.0' ],
2795 silly audit   pirates: [ '4.0.7' ],
2795 silly audit   'ts-interface-checker': [ '0.1.13' ],
2795 silly audit   '@jridgewell/sourcemap-codec': [ '1.6.0' ],
2795 silly audit   '@jridgewell/trace-mapping': [ '0.3.31' ],
2795 silly audit   '@jridgewell/resolve-uri': [ '3.1.2' ],
2795 silly audit   'any-promise': [ '1.3.0' ],
2795 silly audit   'thenify-all': [ '1.6.0' ],
2795 silly audit   thenify: [ '3.3.1' ],
2795 silly audit   fdir: [ '6.5.0' ],
2795 silly audit   'is-number': [ '7.0.0' ],
2795 silly audit   '@types/json5': [ '0.0.29' ],
2795 silly audit   json5: [ '1.0.2' ],
2795 silly audit   minimist: [ '1.2.8' ],
2795 silly audit   'strip-bom': [ '3.0.0' ],
2795 silly audit   'for-each': [ '0.3.5' ],
2795 silly audit   'reflect.getprototypeof': [ '1.0.10' ],
2795 silly audit   'which-builtin-type': [ '1.2.1' ],
2795 silly audit   'has-bigints': [ '1.1.0' ],
2795 silly audit   'which-boxed-primitive': [ '1.1.1' ],
2795 silly audit   '@unrs/resolver-binding-android-arm-eabi': [ '1.12.2' ],
2795 silly audit   '@unrs/resolver-binding-android-arm64': [ '1.12.2' ],
2795 silly audit   '@unrs/resolver-binding-darwin-arm64': [ '1.12.2' ],
2795 silly audit   '@unrs/resolver-binding-darwin-x64': [ '1.12.2' ],
2795 silly audit   '@unrs/resolver-binding-freebsd-x64': [ '1.12.2' ],
2795 silly audit   '@unrs/resolver-binding-linux-arm-gnueabihf': [ '1.12.2' ],
2795 silly audit   '@unrs/resolver-binding-linux-arm-musleabihf': [ '1.12.2' ],
2795 silly audit   '@unrs/resolver-binding-linux-arm64-gnu': [ '1.12.2' ],
2795 silly audit   '@unrs/resolver-binding-linux-arm64-musl': [ '1.12.2' ],
2795 silly audit   '@unrs/resolver-binding-linux-loong64-gnu': [ '1.12.2' ],
2795 silly audit   '@unrs/resolver-binding-linux-loong64-musl': [ '1.12.2' ],
2795 silly audit   '@unrs/resolver-binding-linux-ppc64-gnu': [ '1.12.2' ],
2795 silly audit   '@unrs/resolver-binding-linux-riscv64-gnu': [ '1.12.2' ],
2795 silly audit   '@unrs/resolver-binding-linux-riscv64-musl': [ '1.12.2' ],
2795 silly audit   '@unrs/resolver-binding-linux-s390x-gnu': [ '1.12.2' ],
2795 silly audit   '@unrs/resolver-binding-linux-x64-gnu': [ '1.12.2' ],
2795 silly audit   '@unrs/resolver-binding-linux-x64-musl': [ '1.12.2' ],
2795 silly audit   '@unrs/resolver-binding-openharmony-arm64': [ '1.12.2' ],
2795 silly audit   '@unrs/resolver-binding-wasm32-wasi': [ '1.12.2' ],
2795 silly audit   '@unrs/resolver-binding-win32-arm64-msvc': [ '1.12.2' ],
2795 silly audit   '@unrs/resolver-binding-win32-ia32-msvc': [ '1.12.2' ],
2795 silly audit   '@unrs/resolver-binding-win32-x64-msvc': [ '1.12.2' ],
2795 silly audit   'napi-postinstall': [ '0.3.4' ],
2795 silly audit   '@emnapi/core': [ '1.10.0' ],
2795 silly audit   '@napi-rs/wasm-runtime': [ '1.2.4' ],
2795 silly audit   '@emnapi/wasi-threads': [ '1.2.1' ],
2795 silly audit   '@tybys/wasm-util': [ '0.10.4' ],
2795 silly audit   escalade: [ '3.2.0' ],
2795 silly audit   punycode: [ '2.3.1' ],
2795 silly audit   '@types/d3-array': [ '3.2.2' ],
2795 silly audit   '@types/d3-ease': [ '3.0.2' ],
2795 silly audit   '@types/d3-interpolate': [ '3.0.4' ],
2795 silly audit   '@types/d3-scale': [ '4.0.9' ],
2795 silly audit   '@types/d3-shape': [ '3.2.0' ],
2795 silly audit   '@types/d3-time': [ '3.0.4' ],
2795 silly audit   '@types/d3-timer': [ '3.0.2' ],
2795 silly audit   'd3-array': [ '3.2.4' ],
2795 silly audit   'd3-ease': [ '3.0.1' ],
2795 silly audit   'd3-interpolate': [ '3.0.1' ],
2795 silly audit   'd3-scale': [ '4.0.2' ],
2795 silly audit   'd3-shape': [ '3.2.0' ],
2795 silly audit   'd3-time': [ '3.1.0' ],
2795 silly audit   'd3-timer': [ '3.0.1' ],
2795 silly audit   '@types/d3-color': [ '3.1.3' ],
2795 silly audit   '@types/d3-path': [ '3.1.1' ],
2795 silly audit   internmap: [ '2.0.3' ],
2795 silly audit   'd3-color': [ '3.1.0' ],
2795 silly audit   'd3-format': [ '3.1.2' ],
2795 silly audit   'd3-time-format': [ '4.1.0' ],
2795 silly audit   'd3-path': [ '3.1.0' ],
2795 silly audit   isexe: [ '2.0.0' ],
2795 silly audit   'is-bigint': [ '1.1.0' ],
2795 silly audit   'is-boolean-object': [ '1.2.2' ],
2795 silly audit   'is-number-object': [ '1.1.1' ],
2795 silly audit   'is-async-function': [ '2.1.1' ],
2795 silly audit   'is-finalizationregistry': [ '1.1.1' ],
2795 silly audit   'is-generator-function': [ '1.1.2' ],
2795 silly audit   'which-collection': [ '1.0.2' ],
2795 silly audit   'async-function': [ '1.0.0' ],
2795 silly audit   'generator-function': [ '2.0.1' ],
2795 silly audit   'is-map': [ '2.0.3' ],
2795 silly audit   'is-weakmap': [ '2.0.2' ],
2795 silly audit   'is-weakset': [ '2.0.4' ],
2795 silly audit   cliui: [ '6.0.0' ],
2795 silly audit   decamelize: [ '1.2.0' ],
2795 silly audit   'get-caller-file': [ '2.0.5' ],
2795 silly audit   'require-directory': [ '2.1.1' ],
2795 silly audit   'require-main-filename': [ '2.0.0' ],
2795 silly audit   'set-blocking': [ '2.0.0' ],
2795 silly audit   'string-width': [ '4.2.3' ],
2795 silly audit   'which-module': [ '2.0.1' ],
2795 silly audit   y18n: [ '4.0.3' ],
2795 silly audit   'yargs-parser': [ '18.1.3' ],
2795 silly audit   'wrap-ansi': [ '6.2.0' ],
2795 silly audit   'is-fullwidth-code-point': [ '3.0.0' ],
2795 silly audit   camelcase: [ '5.3.1' ],
2795 silly audit   'p-try': [ '2.2.0' ]
2795 silly audit }
2796 http cache p-try@https://registry.npmjs.org/p-try/-/p-try-2.2.0.tgz 0ms (cache hit)
2797 http cache camelcase@https://registry.npmjs.org/camelcase/-/camelcase-5.3.1.tgz 0ms (cache hit)
2798 http cache is-fullwidth-code-point@https://registry.npmjs.org/is-fullwidth-code-point/-/is-fullwidth-code-point-3.0.0.tgz 0ms (cache hit)
2799 http cache wrap-ansi@https://registry.npmjs.org/wrap-ansi/-/wrap-ansi-6.2.0.tgz 0ms (cache hit)
2800 http cache yargs-parser@https://registry.npmjs.org/yargs-parser/-/yargs-parser-18.1.3.tgz 0ms (cache hit)
2801 http cache which-module@https://registry.npmjs.org/which-module/-/which-module-2.0.1.tgz 0ms (cache hit)
2802 http cache y18n@https://registry.npmjs.org/y18n/-/y18n-4.0.3.tgz 0ms (cache hit)
2803 http cache string-width@https://registry.npmjs.org/string-width/-/string-width-4.2.3.tgz 0ms (cache hit)
2804 http cache set-blocking@https://registry.npmjs.org/set-blocking/-/set-blocking-2.0.0.tgz 0ms (cache hit)
2805 http cache require-main-filename@https://registry.npmjs.org/require-main-filename/-/require-main-filename-2.0.0.tgz 0ms (cache hit)
2806 http cache require-directory@https://registry.npmjs.org/require-directory/-/require-directory-2.1.1.tgz 0ms (cache hit)
2807 http cache get-caller-file@https://registry.npmjs.org/get-caller-file/-/get-caller-file-2.0.5.tgz 0ms (cache hit)
2808 http cache decamelize@https://registry.npmjs.org/decamelize/-/decamelize-1.2.0.tgz 0ms (cache hit)
2809 http cache cliui@https://registry.npmjs.org/cliui/-/cliui-6.0.0.tgz 0ms (cache hit)
2810 http cache is-weakset@https://registry.npmjs.org/is-weakset/-/is-weakset-2.0.4.tgz 0ms (cache hit)
2811 http cache is-weakmap@https://registry.npmjs.org/is-weakmap/-/is-weakmap-2.0.2.tgz 0ms (cache hit)
2812 http cache is-map@https://registry.npmjs.org/is-map/-/is-map-2.0.3.tgz 0ms (cache hit)
2813 http cache generator-function@https://registry.npmjs.org/generator-function/-/generator-function-2.0.1.tgz 0ms (cache hit)
2814 http cache is-finalizationregistry@https://registry.npmjs.org/is-finalizationregistry/-/is-finalizationregistry-1.1.1.tgz 0ms (cache hit)
2815 http cache which-collection@https://registry.npmjs.org/which-collection/-/which-collection-1.0.2.tgz 0ms (cache hit)
2816 http cache async-function@https://registry.npmjs.org/async-function/-/async-function-1.0.0.tgz 0ms (cache hit)
2817 http cache is-async-function@https://registry.npmjs.org/is-async-function/-/is-async-function-2.1.1.tgz 0ms (cache hit)
2818 http cache is-generator-function@https://registry.npmjs.org/is-generator-function/-/is-generator-function-1.1.2.tgz 0ms (cache hit)
2819 http cache is-number-object@https://registry.npmjs.org/is-number-object/-/is-number-object-1.1.1.tgz 0ms (cache hit)
2820 http cache is-bigint@https://registry.npmjs.org/is-bigint/-/is-bigint-1.1.0.tgz 0ms (cache hit)
2821 http cache isexe@https://registry.npmjs.org/isexe/-/isexe-2.0.0.tgz 0ms (cache hit)
2822 http cache d3-time-format@https://registry.npmjs.org/d3-time-format/-/d3-time-format-4.1.0.tgz 0ms (cache hit)
2823 http cache is-boolean-object@https://registry.npmjs.org/is-boolean-object/-/is-boolean-object-1.2.2.tgz 0ms (cache hit)
2824 http cache d3-path@https://registry.npmjs.org/d3-path/-/d3-path-3.1.0.tgz 0ms (cache hit)
2825 http cache d3-format@https://registry.npmjs.org/d3-format/-/d3-format-3.1.2.tgz 0ms (cache hit)
2826 http cache d3-color@https://registry.npmjs.org/d3-color/-/d3-color-3.1.0.tgz 0ms (cache hit)
2827 http cache internmap@https://registry.npmjs.org/internmap/-/internmap-2.0.3.tgz 0ms (cache hit)
2828 http cache @types/d3-path@https://registry.npmjs.org/@types/d3-path/-/d3-path-3.1.1.tgz 0ms (cache hit)
2829 http cache d3-time@https://registry.npmjs.org/d3-time/-/d3-time-3.1.0.tgz 0ms (cache hit)
2830 http cache @types/d3-color@https://registry.npmjs.org/@types/d3-color/-/d3-color-3.1.3.tgz 0ms (cache hit)
2831 http cache d3-shape@https://registry.npmjs.org/d3-shape/-/d3-shape-3.2.0.tgz 0ms (cache hit)
2832 http cache d3-timer@https://registry.npmjs.org/d3-timer/-/d3-timer-3.0.1.tgz 0ms (cache hit)
2833 http cache d3-scale@https://registry.npmjs.org/d3-scale/-/d3-scale-4.0.2.tgz 0ms (cache hit)
2834 http cache @types/d3-timer@https://registry.npmjs.org/@types/d3-timer/-/d3-timer-3.0.2.tgz 0ms (cache hit)
2835 http cache @types/d3-time@https://registry.npmjs.org/@types/d3-time/-/d3-time-3.0.4.tgz 0ms (cache hit)
2836 http cache @types/d3-shape@https://registry.npmjs.org/@types/d3-shape/-/d3-shape-3.2.0.tgz 0ms (cache hit)
2837 http cache @types/d3-scale@https://registry.npmjs.org/@types/d3-scale/-/d3-scale-4.0.9.tgz 0ms (cache hit)
2838 http cache @types/d3-ease@https://registry.npmjs.org/@types/d3-ease/-/d3-ease-3.0.2.tgz 0ms (cache hit)
2839 http cache @types/d3-interpolate@https://registry.npmjs.org/@types/d3-interpolate/-/d3-interpolate-3.0.4.tgz 0ms (cache hit)
2840 http cache d3-ease@https://registry.npmjs.org/d3-ease/-/d3-ease-3.0.1.tgz 0ms (cache hit)
2841 http cache @types/d3-array@https://registry.npmjs.org/@types/d3-array/-/d3-array-3.2.2.tgz 0ms (cache hit)
2842 http cache d3-interpolate@https://registry.npmjs.org/d3-interpolate/-/d3-interpolate-3.0.1.tgz 0ms (cache hit)
2843 http cache d3-array@https://registry.npmjs.org/d3-array/-/d3-array-3.2.4.tgz 0ms (cache hit)
2844 http cache @unrs/resolver-binding-win32-x64-msvc@https://registry.npmjs.org/@unrs/resolver-binding-win32-x64-msvc/-/resolver-binding-win32-x64-msvc-1.12.2.tgz 0ms (cache hit)
2845 http cache punycode@https://registry.npmjs.org/punycode/-/punycode-2.3.1.tgz 0ms (cache hit)
2846 http cache escalade@https://registry.npmjs.org/escalade/-/escalade-3.2.0.tgz 0ms (cache hit)
2847 http cache which-boxed-primitive@https://registry.npmjs.org/which-boxed-primitive/-/which-boxed-primitive-1.1.1.tgz 0ms (cache hit)
2848 http cache napi-postinstall@https://registry.npmjs.org/napi-postinstall/-/napi-postinstall-0.3.4.tgz 0ms (cache hit)
2849 http cache reflect.getprototypeof@https://registry.npmjs.org/reflect.getprototypeof/-/reflect.getprototypeof-1.0.10.tgz 0ms (cache hit)
2850 http cache has-bigints@https://registry.npmjs.org/has-bigints/-/has-bigints-1.1.0.tgz 0ms (cache hit)
2851 http cache which-builtin-type@https://registry.npmjs.org/which-builtin-type/-/which-builtin-type-1.2.1.tgz 0ms (cache hit)
2852 http cache for-each@https://registry.npmjs.org/for-each/-/for-each-0.3.5.tgz 0ms (cache hit)
2853 http cache @types/json5@https://registry.npmjs.org/@types/json5/-/json5-0.0.29.tgz 0ms (cache hit)
2854 http cache minimist@https://registry.npmjs.org/minimist/-/minimist-1.2.8.tgz 0ms (cache hit)
2855 http cache strip-bom@https://registry.npmjs.org/strip-bom/-/strip-bom-3.0.0.tgz 0ms (cache hit)
2856 http cache @jridgewell/resolve-uri@https://registry.npmjs.org/@jridgewell/resolve-uri/-/resolve-uri-3.1.2.tgz 0ms (cache hit)
2857 http cache json5@https://registry.npmjs.org/json5/-/json5-1.0.2.tgz 0ms (cache hit)
2858 http cache is-number@https://registry.npmjs.org/is-number/-/is-number-7.0.0.tgz 0ms (cache hit)
2859 http cache thenify@https://registry.npmjs.org/thenify/-/thenify-3.3.1.tgz 0ms (cache hit)
2860 http cache @jridgewell/trace-mapping@https://registry.npmjs.org/@jridgewell/trace-mapping/-/trace-mapping-0.3.31.tgz 0ms (cache hit)
2861 http cache thenify-all@https://registry.npmjs.org/thenify-all/-/thenify-all-1.6.0.tgz 0ms (cache hit)
2862 http cache @jridgewell/sourcemap-codec@https://registry.npmjs.org/@jridgewell/sourcemap-codec/-/sourcemap-codec-1.6.0.tgz 0ms (cache hit)
2863 http cache any-promise@https://registry.npmjs.org/any-promise/-/any-promise-1.3.0.tgz 0ms (cache hit)
2864 http cache pirates@https://registry.npmjs.org/pirates/-/pirates-4.0.7.tgz 0ms (cache hit)
2865 http cache @jridgewell/gen-mapping@https://registry.npmjs.org/@jridgewell/gen-mapping/-/gen-mapping-0.3.13.tgz 0ms (cache hit)
2866 http cache mz@https://registry.npmjs.org/mz/-/mz-2.7.0.tgz 1ms (cache hit)
2867 http cache ts-interface-checker@https://registry.npmjs.org/ts-interface-checker/-/ts-interface-checker-0.1.13.tgz 0ms (cache hit)
2868 http cache lines-and-columns@https://registry.npmjs.org/lines-and-columns/-/lines-and-columns-1.2.4.tgz 1ms (cache hit)
2869 http cache commander@https://registry.npmjs.org/commander/-/commander-4.1.1.tgz 0ms (cache hit)
2870 http cache util-deprecate@https://registry.npmjs.org/util-deprecate/-/util-deprecate-1.0.2.tgz 0ms (cache hit)
2871 http cache cssesc@https://registry.npmjs.org/cssesc/-/cssesc-3.0.0.tgz 0ms (cache hit)
2872 http cache camelcase-css@https://registry.npmjs.org/camelcase-css/-/camelcase-css-2.0.1.tgz 0ms (cache hit)
2873 http cache read-cache@https://registry.npmjs.org/read-cache/-/read-cache-1.0.2.tgz 0ms (cache hit)
2874 http cache binary-extensions@https://registry.npmjs.org/binary-extensions/-/binary-extensions-2.3.0.tgz 0ms (cache hit)
2875 http cache readdirp@https://registry.npmjs.org/readdirp/-/readdirp-3.6.0.tgz 1ms (cache hit)
2876 http cache sucrase@https://registry.npmjs.org/sucrase/-/sucrase-3.35.1.tgz 0ms (cache hit)
2877 http cache is-binary-path@https://registry.npmjs.org/is-binary-path/-/is-binary-path-2.1.0.tgz 0ms (cache hit)
2878 http cache anymatch@https://registry.npmjs.org/anymatch/-/anymatch-3.1.3.tgz 0ms (cache hit)
2879 http cache postcss-selector-parser@https://registry.npmjs.org/postcss-selector-parser/-/postcss-selector-parser-6.1.4.tgz 0ms (cache hit)
2880 http cache postcss-nested@https://registry.npmjs.org/postcss-nested/-/postcss-nested-6.2.0.tgz 0ms (cache hit)
2881 http cache postcss-js@https://registry.npmjs.org/postcss-js/-/postcss-js-4.1.0.tgz 0ms (cache hit)
2882 http cache postcss-load-config@https://registry.npmjs.org/postcss-load-config/-/postcss-load-config-6.0.1.tgz 0ms (cache hit)
2883 http cache postcss-import@https://registry.npmjs.org/postcss-import/-/postcss-import-15.1.0.tgz 0ms (cache hit)
2884 http cache normalize-path@https://registry.npmjs.org/normalize-path/-/normalize-path-3.0.0.tgz 0ms (cache hit)
2885 http cache object-hash@https://registry.npmjs.org/object-hash/-/object-hash-3.0.0.tgz 0ms (cache hit)
2886 http cache lilconfig@https://registry.npmjs.org/lilconfig/-/lilconfig-3.1.3.tgz 0ms (cache hit)
2887 http cache jiti@https://registry.npmjs.org/jiti/-/jiti-1.21.7.tgz 0ms (cache hit)
2888 http cache @alloc/quick-lru@https://registry.npmjs.org/@alloc/quick-lru/-/quick-lru-5.3.0.tgz 0ms (cache hit)
2889 http cache dlv@https://registry.npmjs.org/dlv/-/dlv-1.1.3.tgz 0ms (cache hit)
2890 http cache didyoumean@https://registry.npmjs.org/didyoumean/-/didyoumean-1.2.2.tgz 0ms (cache hit)
2891 http cache chokidar@https://registry.npmjs.org/chokidar/-/chokidar-3.6.0.tgz 0ms (cache hit)
2892 http cache arg@https://registry.npmjs.org/arg/-/arg-5.0.2.tgz 1ms (cache hit)
2893 http cache has-flag@https://registry.npmjs.org/has-flag/-/has-flag-4.0.0.tgz 0ms (cache hit)
2894 http cache client-only@https://registry.npmjs.org/client-only/-/client-only-0.0.1.tgz 0ms (cache hit)
2895 http cache ansi-regex@https://registry.npmjs.org/ansi-regex/-/ansi-regex-5.0.1.tgz 0ms (cache hit)
2896 http cache side-channel-weakmap@https://registry.npmjs.org/side-channel-weakmap/-/side-channel-weakmap-1.0.2.tgz 0ms (cache hit)
2897 http cache side-channel-map@https://registry.npmjs.org/side-channel-map/-/side-channel-map-1.0.1.tgz 0ms (cache hit)
2898 http cache @img/sharp-win32-x64@https://registry.npmjs.org/@img/sharp-win32-x64/-/sharp-win32-x64-0.35.5.tgz 0ms (cache hit)
2899 http cache @img/colour@https://registry.npmjs.org/@img/colour/-/colour-1.1.0.tgz 0ms (cache hit)
2900 http cache shebang-regex@https://registry.npmjs.org/shebang-regex/-/shebang-regex-3.0.0.tgz 0ms (cache hit)
2901 http cache detect-libc@https://registry.npmjs.org/detect-libc/-/detect-libc-2.1.2.tgz 0ms (cache hit)
2902 http cache isarray@https://registry.npmjs.org/isarray/-/isarray-2.0.5.tgz 0ms (cache hit)
2903 http cache side-channel-list@https://registry.npmjs.org/side-channel-list/-/side-channel-list-1.0.1.tgz 0ms (cache hit)
2904 http cache queue-microtask@https://registry.npmjs.org/queue-microtask/-/queue-microtask-1.2.3.tgz 0ms (cache hit)
2905 http cache wrappy@https://registry.npmjs.org/wrappy/-/wrappy-1.0.2.tgz 0ms (cache hit)
2906 http cache path-is-absolute@https://registry.npmjs.org/path-is-absolute/-/path-is-absolute-1.0.1.tgz 0ms (cache hit)
2907 http cache inherits@https://registry.npmjs.org/inherits/-/inherits-2.0.4.tgz 0ms (cache hit)
2908 http cache inflight@https://registry.npmjs.org/inflight/-/inflight-1.0.6.tgz 0ms (cache hit)
2909 http cache fs.realpath@https://registry.npmjs.org/fs.realpath/-/fs.realpath-1.0.0.tgz 0ms (cache hit)
2910 http cache once@https://registry.npmjs.org/once/-/once-1.4.0.tgz 0ms (cache hit)
2911 http cache glob@https://registry.npmjs.org/glob/-/glob-7.2.3.tgz 0ms (cache hit)
2912 http cache path-parse@https://registry.npmjs.org/path-parse/-/path-parse-1.0.7.tgz 0ms (cache hit)
2913 http cache @babel/runtime@https://registry.npmjs.org/@babel/runtime/-/runtime-7.29.7.tgz 0ms (cache hit)
2914 http cache node-exports-info@https://registry.npmjs.org/node-exports-info/-/node-exports-info-1.6.2.tgz 0ms (cache hit)
2915 http cache dom-helpers@https://registry.npmjs.org/dom-helpers/-/dom-helpers-5.2.1.tgz 0ms (cache hit)
2916 http cache supports-preserve-symlinks-flag@https://registry.npmjs.org/supports-preserve-symlinks-flag/-/supports-preserve-symlinks-flag-1.0.0.tgz 0ms (cache hit)
2917 http cache react-transition-group@https://registry.npmjs.org/react-transition-group/-/react-transition-group-4.4.5.tgz 0ms (cache hit)
2918 http cache fast-equals@https://registry.npmjs.org/fast-equals/-/fast-equals-5.4.3.tgz 0ms (cache hit)
2919 http cache victory-vendor@https://registry.npmjs.org/victory-vendor/-/victory-vendor-36.9.2.tgz 0ms (cache hit)
2920 http cache tiny-invariant@https://registry.npmjs.org/tiny-invariant/-/tiny-invariant-1.3.3.tgz 0ms (cache hit)
2921 http cache recharts-scale@https://registry.npmjs.org/recharts-scale/-/recharts-scale-0.4.5.tgz 0ms (cache hit)
2922 http cache lodash@https://registry.npmjs.org/lodash/-/lodash-4.18.1.tgz 0ms (cache hit)
2923 http cache react-smooth@https://registry.npmjs.org/react-smooth/-/react-smooth-4.0.4.tgz 0ms (cache hit)
2924 http cache clsx@https://registry.npmjs.org/clsx/-/clsx-2.1.1.tgz 0ms (cache hit)
2925 http cache eventemitter3@https://registry.npmjs.org/eventemitter3/-/eventemitter3-4.0.7.tgz 0ms (cache hit)
2926 http cache scheduler@https://registry.npmjs.org/scheduler/-/scheduler-0.28.0.tgz 1ms (cache hit)
2927 http cache decimal.js-light@https://registry.npmjs.org/decimal.js-light/-/decimal.js-light-2.5.1.tgz 0ms (cache hit)
2928 http cache pngjs@https://registry.npmjs.org/pngjs/-/pngjs-5.0.0.tgz 0ms (cache hit)
2929 http cache react-is@https://registry.npmjs.org/react-is/-/react-is-16.13.1.tgz 0ms (cache hit)
2930 http cache yargs@https://registry.npmjs.org/yargs/-/yargs-15.4.1.tgz 0ms (cache hit)
2931 http cache dijkstrajs@https://registry.npmjs.org/dijkstrajs/-/dijkstrajs-1.0.3.tgz 0ms (cache hit)
2932 http cache js-tokens@https://registry.npmjs.org/js-tokens/-/js-tokens-4.0.0.tgz 0ms (cache hit)
2933 http cache object-assign@https://registry.npmjs.org/object-assign/-/object-assign-4.1.1.tgz 0ms (cache hit)
2934 http cache loose-envify@https://registry.npmjs.org/loose-envify/-/loose-envify-1.4.0.tgz 0ms (cache hit)
2935 http cache yocto-queue@https://registry.npmjs.org/yocto-queue/-/yocto-queue-0.1.0.tgz 0ms (cache hit)
2936 http cache callsites@https://registry.npmjs.org/callsites/-/callsites-3.1.0.tgz 0ms (cache hit)
2937 http cache source-map-js@https://registry.npmjs.org/source-map-js/-/source-map-js-1.2.1.tgz 0ms (cache hit)
2938 http cache p-limit@https://registry.npmjs.org/p-limit/-/p-limit-3.1.0.tgz 0ms (cache hit)
2939 http cache fast-levenshtein@https://registry.npmjs.org/fast-levenshtein/-/fast-levenshtein-2.0.6.tgz 0ms (cache hit)
2940 http cache word-wrap@https://registry.npmjs.org/word-wrap/-/word-wrap-1.2.5.tgz 0ms (cache hit)
2941 http cache @swc/helpers@https://registry.npmjs.org/@swc/helpers/-/helpers-0.5.15.tgz 0ms (cache hit)
2942 http cache @next/swc-win32-x64-msvc@https://registry.npmjs.org/@next/swc-win32-x64-msvc/-/swc-win32-x64-msvc-15.5.26.tgz 0ms (cache hit)
2943 http cache @next/env@https://registry.npmjs.org/@next/env/-/env-15.5.26.tgz 0ms (cache hit)
2944 http cache deep-is@https://registry.npmjs.org/deep-is/-/deep-is-0.1.4.tgz 0ms (cache hit)
2945 http cache sharp@https://registry.npmjs.org/sharp/-/sharp-0.35.5.tgz 0ms (cache hit)
2946 http cache concat-map@https://registry.npmjs.org/concat-map/-/concat-map-0.0.1.tgz 0ms (cache hit)
2947 http cache balanced-match@https://registry.npmjs.org/balanced-match/-/balanced-match-1.0.2.tgz 0ms (cache hit)
2948 http cache styled-jsx@https://registry.npmjs.org/styled-jsx/-/styled-jsx-5.1.6.tgz 0ms (cache hit)
2949 http cache to-regex-range@https://registry.npmjs.org/to-regex-range/-/to-regex-range-5.0.1.tgz 0ms (cache hit)
2950 http cache fill-range@https://registry.npmjs.org/fill-range/-/fill-range-7.1.1.tgz 0ms (cache hit)
2951 http cache brace-expansion@https://registry.npmjs.org/brace-expansion/-/brace-expansion-1.1.21.tgz 0ms (cache hit)
2952 http cache picomatch@https://registry.npmjs.org/picomatch/-/picomatch-2.3.2.tgz 0ms (cache hit)
2953 http cache braces@https://registry.npmjs.org/braces/-/braces-3.0.3.tgz 0ms (cache hit)
2954 http cache p-locate@https://registry.npmjs.org/p-locate/-/p-locate-5.0.0.tgz 0ms (cache hit)
2955 http cache type-check@https://registry.npmjs.org/type-check/-/type-check-0.4.0.tgz 0ms (cache hit)
2956 http cache prelude-ls@https://registry.npmjs.org/prelude-ls/-/prelude-ls-1.2.1.tgz 0ms (cache hit)
2957 http cache language-subtag-registry@https://registry.npmjs.org/language-subtag-registry/-/language-subtag-registry-0.3.23.tgz 0ms (cache hit)
2958 http cache json-buffer@https://registry.npmjs.org/json-buffer/-/json-buffer-3.0.1.tgz 0ms (cache hit)
2959 http cache argparse@https://registry.npmjs.org/argparse/-/argparse-2.0.1.tgz 0ms (cache hit)
2960 http cache side-channel@https://registry.npmjs.org/side-channel/-/side-channel-1.1.1.tgz 0ms (cache hit)
2961 http cache is-extglob@https://registry.npmjs.org/is-extglob/-/is-extglob-2.1.1.tgz 0ms (cache hit)
2962 http cache set-function-name@https://registry.npmjs.org/set-function-name/-/set-function-name-2.0.2.tgz 0ms (cache hit)
2963 http cache parent-module@https://registry.npmjs.org/parent-module/-/parent-module-1.0.1.tgz 0ms (cache hit)
2964 http cache type-fest@https://registry.npmjs.org/type-fest/-/type-fest-0.20.2.tgz 0ms (cache hit)
2965 http cache dunder-proto@https://registry.npmjs.org/dunder-proto/-/dunder-proto-1.0.1.tgz 0ms (cache hit)
2966 http cache is-document.all@https://registry.npmjs.org/is-document.all/-/is-document.all-1.0.0.tgz 0ms (cache hit)
2967 http cache functions-have-names@https://registry.npmjs.org/functions-have-names/-/functions-have-names-1.2.3.tgz 0ms (cache hit)
2968 http cache resolve-from@https://registry.npmjs.org/resolve-from/-/resolve-from-4.0.0.tgz 0ms (cache hit)
2969 http cache rimraf@https://registry.npmjs.org/rimraf/-/rimraf-3.0.2.tgz 0ms (cache hit)
2970 http cache resolve-pkg-maps@https://registry.npmjs.org/resolve-pkg-maps/-/resolve-pkg-maps-1.0.0.tgz 0ms (cache hit)
2971 http cache flatted@https://registry.npmjs.org/flatted/-/flatted-3.4.4.tgz 0ms (cache hit)
2972 http cache keyv@https://registry.npmjs.org/keyv/-/keyv-4.5.4.tgz 0ms (cache hit)
2973 http cache path-exists@https://registry.npmjs.org/path-exists/-/path-exists-4.0.0.tgz 0ms (cache hit)
2974 http cache locate-path@https://registry.npmjs.org/locate-path/-/locate-path-6.0.0.tgz 0ms (cache hit)
2975 http cache flat-cache@https://registry.npmjs.org/flat-cache/-/flat-cache-3.2.0.tgz 0ms (cache hit)
2976 http cache reusify@https://registry.npmjs.org/reusify/-/reusify-1.1.0.tgz 0ms (cache hit)
2977 http cache acorn@https://registry.npmjs.org/acorn/-/acorn-8.18.0.tgz 0ms (cache hit)
2978 http cache merge2@https://registry.npmjs.org/merge2/-/merge2-1.4.1.tgz 0ms (cache hit)
2979 http cache esrecurse@https://registry.npmjs.org/esrecurse/-/esrecurse-4.3.0.tgz 0ms (cache hit)
2980 http cache acorn-jsx@https://registry.npmjs.org/acorn-jsx/-/acorn-jsx-5.3.2.tgz 0ms (cache hit)
2981 http cache micromatch@https://registry.npmjs.org/micromatch/-/micromatch-4.0.8.tgz 0ms (cache hit)
2982 http cache iterator.prototype@https://registry.npmjs.org/iterator.prototype/-/iterator.prototype-1.1.5.tgz 0ms (cache hit)
2983 http cache string.prototype.matchall@https://registry.npmjs.org/string.prototype.matchall/-/string.prototype.matchall-4.1.0.tgz 0ms (cache hit)
2984 http cache prop-types@https://registry.npmjs.org/prop-types/-/prop-types-15.8.1.tgz 0ms (cache hit)
2985 http cache object.entries@https://registry.npmjs.org/object.entries/-/object.entries-1.1.9.tgz 0ms (cache hit)
2986 http cache string.prototype.repeat@https://registry.npmjs.org/string.prototype.repeat/-/string.prototype.repeat-1.0.0.tgz 0ms (cache hit)
2987 http cache estraverse@https://registry.npmjs.org/estraverse/-/estraverse-5.3.0.tgz 0ms (cache hit)
2988 http cache array.prototype.tosorted@https://registry.npmjs.org/array.prototype.tosorted/-/array.prototype.tosorted-1.1.4.tgz 0ms (cache hit)
2989 http cache es-iterator-helpers@https://registry.npmjs.org/es-iterator-helpers/-/es-iterator-helpers-1.4.0.tgz 0ms (cache hit)
2990 http cache array.prototype.findlast@https://registry.npmjs.org/array.prototype.findlast/-/array.prototype.findlast-1.2.5.tgz 0ms (cache hit)
2991 http cache language-tags@https://registry.npmjs.org/language-tags/-/language-tags-1.0.9.tgz 0ms (cache hit)
2992 http cache jsx-ast-utils@https://registry.npmjs.org/jsx-ast-utils/-/jsx-ast-utils-3.3.5.tgz 0ms (cache hit)
2993 http cache string.prototype.includes@https://registry.npmjs.org/string.prototype.includes/-/string.prototype.includes-2.0.1.tgz 0ms (cache hit)
2994 http cache emoji-regex@https://registry.npmjs.org/emoji-regex/-/emoji-regex-9.2.2.tgz 1ms (cache hit)
2995 http cache damerau-levenshtein@https://registry.npmjs.org/damerau-levenshtein/-/damerau-levenshtein-1.0.8.tgz 0ms (cache hit)
2996 http cache axe-core@https://registry.npmjs.org/axe-core/-/axe-core-4.13.0.tgz 0ms (cache hit)
2997 http cache axobject-query@https://registry.npmjs.org/axobject-query/-/axobject-query-4.1.0.tgz 0ms (cache hit)
2998 http cache aria-query@https://registry.npmjs.org/aria-query/-/aria-query-5.3.2.tgz 0ms (cache hit)
2999 http cache ast-types-flow@https://registry.npmjs.org/ast-types-flow/-/ast-types-flow-0.0.8.tgz 0ms (cache hit)
3000 http cache is-date-object@https://registry.npmjs.org/is-date-object/-/is-date-object-1.1.0.tgz 0ms (cache hit)
3001 http cache is-symbol@https://registry.npmjs.org/is-symbol/-/is-symbol-1.1.1.tgz 0ms (cache hit)
3002 http cache which-typed-array@https://registry.npmjs.org/which-typed-array/-/which-typed-array-1.1.24.tgz 0ms (cache hit)
3003 http cache es-abstract-get@https://registry.npmjs.org/es-abstract-get/-/es-abstract-get-1.0.0.tgz 0ms (cache hit)
3004 http cache has-tostringtag@https://registry.npmjs.org/has-tostringtag/-/has-tostringtag-1.0.2.tgz 0ms (cache hit)
3005 http cache possible-typed-array-names@https://registry.npmjs.org/possible-typed-array-names/-/possible-typed-array-names-1.1.0.tgz 0ms (cache hit)
3006 http cache unbox-primitive@https://registry.npmjs.org/unbox-primitive/-/unbox-primitive-1.1.0.tgz 0ms (cache hit)
3007 http cache typed-array-length@https://registry.npmjs.org/typed-array-length/-/typed-array-length-1.0.8.tgz 0ms (cache hit)
3008 http cache typed-array-byte-offset@https://registry.npmjs.org/typed-array-byte-offset/-/typed-array-byte-offset-1.0.5.tgz 0ms (cache hit)
3009 http cache typed-array-byte-length@https://registry.npmjs.org/typed-array-byte-length/-/typed-array-byte-length-1.0.3.tgz 0ms (cache hit)
3010 http cache typed-array-buffer@https://registry.npmjs.org/typed-array-buffer/-/typed-array-buffer-1.0.3.tgz 0ms (cache hit)
3011 http cache string.prototype.trimstart@https://registry.npmjs.org/string.prototype.trimstart/-/string.prototype.trimstart-1.0.8.tgz 0ms (cache hit)
3012 http cache string.prototype.trim@https://registry.npmjs.org/string.prototype.trim/-/string.prototype.trim-1.2.11.tgz 0ms (cache hit)
3013 http cache set-proto@https://registry.npmjs.org/set-proto/-/set-proto-1.0.0.tgz 0ms (cache hit)
3014 http cache stop-iteration-iterator@https://registry.npmjs.org/stop-iteration-iterator/-/stop-iteration-iterator-1.1.0.tgz 0ms (cache hit)
3015 http cache safe-array-concat@https://registry.npmjs.org/safe-array-concat/-/safe-array-concat-1.1.4.tgz 0ms (cache hit)
3016 http cache safe-regex-test@https://registry.npmjs.org/safe-regex-test/-/safe-regex-test-1.1.0.tgz 0ms (cache hit)
3017 http cache safe-push-apply@https://registry.npmjs.org/safe-push-apply/-/safe-push-apply-1.0.0.tgz 0ms (cache hit)
3018 http cache regexp.prototype.flags@https://registry.npmjs.org/regexp.prototype.flags/-/regexp.prototype.flags-1.5.4.tgz 0ms (cache hit)
3019 http cache own-keys@https://registry.npmjs.org/own-keys/-/own-keys-1.0.2.tgz 0ms (cache hit)
3020 http cache object-inspect@https://registry.npmjs.org/object-inspect/-/object-inspect-1.13.4.tgz 0ms (cache hit)
3021 http cache object.assign@https://registry.npmjs.org/object.assign/-/object.assign-4.1.7.tgz 0ms (cache hit)
3022 http cache is-shared-array-buffer@https://registry.npmjs.org/is-shared-array-buffer/-/is-shared-array-buffer-1.0.4.tgz 0ms (cache hit)
3023 http cache is-weakref@https://registry.npmjs.org/is-weakref/-/is-weakref-1.1.1.tgz 0ms (cache hit)
3024 http cache is-typed-array@https://registry.npmjs.org/is-typed-array/-/is-typed-array-1.1.15.tgz 0ms (cache hit)
3025 http cache is-regex@https://registry.npmjs.org/is-regex/-/is-regex-1.2.1.tgz 0ms (cache hit)
3026 http cache is-set@https://registry.npmjs.org/is-set/-/is-set-2.0.3.tgz 0ms (cache hit)
3027 http cache is-data-view@https://registry.npmjs.org/is-data-view/-/is-data-view-1.0.2.tgz 0ms (cache hit)
3028 http cache is-negative-zero@https://registry.npmjs.org/is-negative-zero/-/is-negative-zero-2.0.3.tgz 0ms (cache hit)
3029 http cache is-callable@https://registry.npmjs.org/is-callable/-/is-callable-1.2.7.tgz 0ms (cache hit)
3030 http cache is-array-buffer@https://registry.npmjs.org/is-array-buffer/-/is-array-buffer-3.0.5.tgz 0ms (cache hit)
3031 http cache internal-slot@https://registry.npmjs.org/internal-slot/-/internal-slot-1.1.0.tgz 0ms (cache hit)
3032 http cache has-proto@https://registry.npmjs.org/has-proto/-/has-proto-1.2.0.tgz 0ms (cache hit)
3033 http cache has-symbols@https://registry.npmjs.org/has-symbols/-/has-symbols-1.1.0.tgz 0ms (cache hit)
3034 http cache globalthis@https://registry.npmjs.org/globalthis/-/globalthis-1.0.4.tgz 0ms (cache hit)
3035 http cache get-symbol-description@https://registry.npmjs.org/get-symbol-description/-/get-symbol-description-1.1.0.tgz 1ms (cache hit)
3036 http cache get-proto@https://registry.npmjs.org/get-proto/-/get-proto-1.0.1.tgz 0ms (cache hit)
3037 http cache function.prototype.name@https://registry.npmjs.org/function.prototype.name/-/function.prototype.name-1.2.0.tgz 0ms (cache hit)
3038 http cache es-set-tostringtag@https://registry.npmjs.org/es-set-tostringtag/-/es-set-tostringtag-2.1.0.tgz 0ms (cache hit)
3039 http cache data-view-byte-offset@https://registry.npmjs.org/data-view-byte-offset/-/data-view-byte-offset-1.0.1.tgz 0ms (cache hit)
3040 http cache es-to-primitive@https://registry.npmjs.org/es-to-primitive/-/es-to-primitive-1.3.4.tgz 0ms (cache hit)
3041 http cache data-view-byte-length@https://registry.npmjs.org/data-view-byte-length/-/data-view-byte-length-1.0.2.tgz 0ms (cache hit)
3042 http cache data-view-buffer@https://registry.npmjs.org/data-view-buffer/-/data-view-buffer-1.0.2.tgz 0ms (cache hit)
3043 http cache available-typed-arrays@https://registry.npmjs.org/available-typed-arrays/-/available-typed-arrays-1.0.7.tgz 0ms (cache hit)
3044 http cache arraybuffer.prototype.slice@https://registry.npmjs.org/arraybuffer.prototype.slice/-/arraybuffer.prototype.slice-1.0.4.tgz 0ms (cache hit)
3045 http cache array-buffer-byte-length@https://registry.npmjs.org/array-buffer-byte-length/-/array-buffer-byte-length-1.0.2.tgz 0ms (cache hit)
3046 http cache gopd@https://registry.npmjs.org/gopd/-/gopd-1.2.0.tgz 0ms (cache hit)
3047 http cache object-keys@https://registry.npmjs.org/object-keys/-/object-keys-1.1.1.tgz 0ms (cache hit)
3048 http cache has-property-descriptors@https://registry.npmjs.org/has-property-descriptors/-/has-property-descriptors-1.0.2.tgz 0ms (cache hit)
3049 http cache define-data-property@https://registry.npmjs.org/define-data-property/-/define-data-property-1.1.4.tgz 0ms (cache hit)
3050 http cache function-bind@https://registry.npmjs.org/function-bind/-/function-bind-1.1.2.tgz 0ms (cache hit)
3051 http cache set-function-length@https://registry.npmjs.org/set-function-length/-/set-function-length-1.2.2.tgz 0ms (cache hit)
3052 http cache es-define-property@https://registry.npmjs.org/es-define-property/-/es-define-property-1.0.1.tgz 0ms (cache hit)
3053 http cache call-bind-apply-helpers@https://registry.npmjs.org/call-bind-apply-helpers/-/call-bind-apply-helpers-1.0.2.tgz 0ms (cache hit)
3054 http cache get-intrinsic@https://registry.npmjs.org/get-intrinsic/-/get-intrinsic-1.3.0.tgz 0ms (cache hit)
3055 http cache es-errors@https://registry.npmjs.org/es-errors/-/es-errors-1.3.0.tgz 0ms (cache hit)
3056 http cache math-intrinsics@https://registry.npmjs.org/math-intrinsics/-/math-intrinsics-1.1.0.tgz 0ms (cache hit)
3057 http cache is-string@https://registry.npmjs.org/is-string/-/is-string-1.1.1.tgz 0ms (cache hit)
3058 http cache es-object-atoms@https://registry.npmjs.org/es-object-atoms/-/es-object-atoms-1.1.2.tgz 0ms (cache hit)
3059 http cache es-shim-unscopables@https://registry.npmjs.org/es-shim-unscopables/-/es-shim-unscopables-1.1.0.tgz 0ms (cache hit)
3060 http cache define-properties@https://registry.npmjs.org/define-properties/-/define-properties-1.2.1.tgz 0ms (cache hit)
3061 http cache call-bound@https://registry.npmjs.org/call-bound/-/call-bound-1.0.4.tgz 0ms (cache hit)
3062 http cache es-abstract@https://registry.npmjs.org/es-abstract/-/es-abstract-1.24.2.tgz 0ms (cache hit)
3063 http cache tsconfig-paths@https://registry.npmjs.org/tsconfig-paths/-/tsconfig-paths-3.15.0.tgz 0ms (cache hit)
3064 http cache call-bind@https://registry.npmjs.org/call-bind/-/call-bind-1.0.9.tgz 0ms (cache hit)
3065 http cache string.prototype.trimend@https://registry.npmjs.org/string.prototype.trimend/-/string.prototype.trimend-1.0.10.tgz 0ms (cache hit)
3066 http cache object.values@https://registry.npmjs.org/object.values/-/object.values-1.2.1.tgz 0ms (cache hit)
3067 http cache object.groupby@https://registry.npmjs.org/object.groupby/-/object.groupby-1.0.3.tgz 0ms (cache hit)
3068 http cache object.fromentries@https://registry.npmjs.org/object.fromentries/-/object.fromentries-2.0.8.tgz 0ms (cache hit)
3069 http cache array.prototype.flatmap@https://registry.npmjs.org/array.prototype.flatmap/-/array.prototype.flatmap-1.3.3.tgz 0ms (cache hit)
3070 http cache eslint-module-utils@https://registry.npmjs.org/eslint-module-utils/-/eslint-module-utils-2.14.0.tgz 0ms (cache hit)
3071 http cache hasown@https://registry.npmjs.org/hasown/-/hasown-2.0.4.tgz 0ms (cache hit)
3072 http cache array.prototype.findlastindex@https://registry.npmjs.org/array.prototype.findlastindex/-/array.prototype.findlastindex-1.2.6.tgz 0ms (cache hit)
3073 http cache array-includes@https://registry.npmjs.org/array-includes/-/array-includes-3.2.0.tgz 0ms (cache hit)
3074 http cache array.prototype.flat@https://registry.npmjs.org/array.prototype.flat/-/array.prototype.flat-1.3.3.tgz 0ms (cache hit)
3075 http cache @rtsao/scc@https://registry.npmjs.org/@rtsao/scc/-/scc-1.1.0.tgz 0ms (cache hit)
3076 http cache unrs-resolver@https://registry.npmjs.org/unrs-resolver/-/unrs-resolver-1.12.2.tgz 0ms (cache hit)
3077 http cache stable-hash@https://registry.npmjs.org/stable-hash/-/stable-hash-0.0.5.tgz 0ms (cache hit)
3078 http cache get-tsconfig@https://registry.npmjs.org/get-tsconfig/-/get-tsconfig-4.14.3.tgz 0ms (cache hit)
3079 http cache @nolyfill/is-core-module@https://registry.npmjs.org/@nolyfill/is-core-module/-/is-core-module-1.0.39.tgz 0ms (cache hit)
3080 http cache is-bun-module@https://registry.npmjs.org/is-bun-module/-/is-bun-module-2.0.0.tgz 0ms (cache hit)
3081 http cache resolve@https://registry.npmjs.org/resolve/-/resolve-2.0.0-next.7.tgz 0ms (cache hit)
3082 http cache semver@https://registry.npmjs.org/semver/-/semver-7.8.5.tgz 0ms (cache hit)
3083 http cache tinyglobby@https://registry.npmjs.org/tinyglobby/-/tinyglobby-0.2.17.tgz 0ms (cache hit)
3084 http cache is-core-module@https://registry.npmjs.org/is-core-module/-/is-core-module-2.17.0.tgz 0ms (cache hit)
3085 http cache @typescript-eslint/tsconfig-utils@https://registry.npmjs.org/@typescript-eslint/tsconfig-utils/-/tsconfig-utils-8.71.0.tgz 0ms (cache hit)
3086 http cache @typescript-eslint/project-service@https://registry.npmjs.org/@typescript-eslint/project-service/-/project-service-8.71.0.tgz 0ms (cache hit)
3087 http cache ts-api-utils@https://registry.npmjs.org/ts-api-utils/-/ts-api-utils-2.5.0.tgz 0ms (cache hit)
3088 http cache @typescript-eslint/typescript-estree@https://registry.npmjs.org/@typescript-eslint/typescript-estree/-/typescript-estree-8.71.0.tgz 0ms (cache hit)
3089 http cache @typescript-eslint/visitor-keys@https://registry.npmjs.org/@typescript-eslint/visitor-keys/-/visitor-keys-8.71.0.tgz 0ms (cache hit)
3090 http cache @typescript-eslint/types@https://registry.npmjs.org/@typescript-eslint/types/-/types-8.71.0.tgz 0ms (cache hit)
3091 http cache @typescript-eslint/type-utils@https://registry.npmjs.org/@typescript-eslint/type-utils/-/type-utils-8.71.0.tgz 0ms (cache hit)
3092 http cache @typescript-eslint/utils@https://registry.npmjs.org/@typescript-eslint/utils/-/utils-8.71.0.tgz 0ms (cache hit)
3093 http cache eslint-plugin-react-hooks@https://registry.npmjs.org/eslint-plugin-react-hooks/-/eslint-plugin-react-hooks-5.2.0.tgz 0ms (cache hit)
3094 http cache fast-glob@https://registry.npmjs.org/fast-glob/-/fast-glob-3.3.1.tgz 0ms (cache hit)
3095 http cache @typescript-eslint/scope-manager@https://registry.npmjs.org/@typescript-eslint/scope-manager/-/scope-manager-8.71.0.tgz 0ms (cache hit)
3096 http cache eslint-plugin-react@https://registry.npmjs.org/eslint-plugin-react/-/eslint-plugin-react-7.37.5.tgz 0ms (cache hit)
3097 http cache eslint-plugin-jsx-a11y@https://registry.npmjs.org/eslint-plugin-jsx-a11y/-/eslint-plugin-jsx-a11y-6.10.2.tgz 0ms (cache hit)
3098 http cache @typescript-eslint/parser@https://registry.npmjs.org/@typescript-eslint/parser/-/parser-8.71.0.tgz 0ms (cache hit)
3099 http cache eslint-plugin-import@https://registry.npmjs.org/eslint-plugin-import/-/eslint-plugin-import-2.32.0.tgz 0ms (cache hit)
3100 http cache @rushstack/eslint-patch@https://registry.npmjs.org/@rushstack/eslint-patch/-/eslint-patch-1.16.1.tgz 0ms (cache hit)
3101 http cache @typescript-eslint/eslint-plugin@https://registry.npmjs.org/@typescript-eslint/eslint-plugin/-/eslint-plugin-8.71.0.tgz 0ms (cache hit)
3102 http cache eslint-import-resolver-typescript@https://registry.npmjs.org/eslint-import-resolver-typescript/-/eslint-import-resolver-typescript-3.10.1.tgz 0ms (cache hit)
3103 http cache @next/eslint-plugin-next@https://registry.npmjs.org/@next/eslint-plugin-next/-/eslint-plugin-next-15.5.26.tgz 0ms (cache hit)
3104 http cache eslint-import-resolver-node@https://registry.npmjs.org/eslint-import-resolver-node/-/eslint-import-resolver-node-0.3.10.tgz 0ms (cache hit)
3105 http cache ms@https://registry.npmjs.org/ms/-/ms-2.1.3.tgz 0ms (cache hit)
3106 http cache which@https://registry.npmjs.org/which/-/which-2.0.2.tgz 0ms (cache hit)
3107 http cache path-key@https://registry.npmjs.org/path-key/-/path-key-3.1.1.tgz 0ms (cache hit)
3108 http cache shebang-command@https://registry.npmjs.org/shebang-command/-/shebang-command-2.0.0.tgz 0ms (cache hit)
3109 http cache color-name@https://registry.npmjs.org/color-name/-/color-name-1.1.4.tgz 0ms (cache hit)
3110 http cache color-convert@https://registry.npmjs.org/color-convert/-/color-convert-2.0.1.tgz 0ms (cache hit)
3111 http cache ansi-styles@https://registry.npmjs.org/ansi-styles/-/ansi-styles-4.3.0.tgz 0ms (cache hit)
3112 http cache supports-color@https://registry.npmjs.org/supports-color/-/supports-color-7.2.0.tgz 0ms (cache hit)
3113 http cache json-schema-traverse@https://registry.npmjs.org/json-schema-traverse/-/json-schema-traverse-0.4.1.tgz 0ms (cache hit)
3114 http cache uri-js@https://registry.npmjs.org/uri-js/-/uri-js-4.4.1.tgz 0ms (cache hit)
3115 http cache fast-json-stable-stringify@https://registry.npmjs.org/fast-json-stable-stringify/-/fast-json-stable-stringify-2.1.0.tgz 0ms (cache hit)
3116 http cache run-parallel@https://registry.npmjs.org/run-parallel/-/run-parallel-1.2.0.tgz 0ms (cache hit)
3117 http cache @nodelib/fs.scandir@https://registry.npmjs.org/@nodelib/fs.scandir/-/fs.scandir-2.1.5.tgz 0ms (cache hit)
3118 http cache @humanwhocodes/object-schema@https://registry.npmjs.org/@humanwhocodes/object-schema/-/object-schema-2.0.3.tgz 0ms (cache hit)
3119 http cache @nodelib/fs.stat@https://registry.npmjs.org/@nodelib/fs.stat/-/fs.stat-2.0.5.tgz 0ms (cache hit)
3120 http cache import-fresh@https://registry.npmjs.org/import-fresh/-/import-fresh-3.3.1.tgz 0ms (cache hit)
3121 http cache strip-json-comments@https://registry.npmjs.org/strip-json-comments/-/strip-json-comments-3.1.1.tgz 0ms (cache hit)
3122 http cache text-table@https://registry.npmjs.org/text-table/-/text-table-0.2.0.tgz 0ms (cache hit)
3123 http cache fastq@https://registry.npmjs.org/fastq/-/fastq-1.20.3.tgz 0ms (cache hit)
3124 http cache strip-ansi@https://registry.npmjs.org/strip-ansi/-/strip-ansi-6.0.1.tgz 0ms (cache hit)
3125 http cache natural-compare@https://registry.npmjs.org/natural-compare/-/natural-compare-1.4.0.tgz 0ms (cache hit)
3126 http cache optionator@https://registry.npmjs.org/optionator/-/optionator-0.9.4.tgz 0ms (cache hit)
3127 http cache minimatch@https://registry.npmjs.org/minimatch/-/minimatch-3.1.5.tgz 0ms (cache hit)
3128 http cache levn@https://registry.npmjs.org/levn/-/levn-0.4.1.tgz 0ms (cache hit)
3129 http cache lodash.merge@https://registry.npmjs.org/lodash.merge/-/lodash.merge-4.6.2.tgz 0ms (cache hit)
3130 http cache json-stable-stringify-without-jsonify@https://registry.npmjs.org/json-stable-stringify-without-jsonify/-/json-stable-stringify-without-jsonify-1.0.1.tgz 0ms (cache hit)
3131 http cache is-path-inside@https://registry.npmjs.org/is-path-inside/-/is-path-inside-3.0.3.tgz 0ms (cache hit)
3132 http cache js-yaml@https://registry.npmjs.org/js-yaml/-/js-yaml-4.3.2.tgz 0ms (cache hit)
3133 http cache is-glob@https://registry.npmjs.org/is-glob/-/is-glob-4.0.3.tgz 0ms (cache hit)
3134 http cache imurmurhash@https://registry.npmjs.org/imurmurhash/-/imurmurhash-0.1.4.tgz 0ms (cache hit)
3135 http cache ignore@https://registry.npmjs.org/ignore/-/ignore-5.3.2.tgz 0ms (cache hit)
3136 http cache graphemer@https://registry.npmjs.org/graphemer/-/graphemer-1.4.0.tgz 0ms (cache hit)
3137 http cache globals@https://registry.npmjs.org/globals/-/globals-13.24.0.tgz 0ms (cache hit)
3138 http cache find-up@https://registry.npmjs.org/find-up/-/find-up-5.0.0.tgz 0ms (cache hit)
3139 http cache glob-parent@https://registry.npmjs.org/glob-parent/-/glob-parent-6.0.2.tgz 0ms (cache hit)
3140 http cache esquery@https://registry.npmjs.org/esquery/-/esquery-1.7.0.tgz 0ms (cache hit)
3141 http cache file-entry-cache@https://registry.npmjs.org/file-entry-cache/-/file-entry-cache-6.0.1.tgz 0ms (cache hit)
3142 http cache fast-deep-equal@https://registry.npmjs.org/fast-deep-equal/-/fast-deep-equal-3.1.3.tgz 0ms (cache hit)
3143 http cache esutils@https://registry.npmjs.org/esutils/-/esutils-2.0.3.tgz 0ms (cache hit)
3144 http cache espree@https://registry.npmjs.org/espree/-/espree-9.6.1.tgz 0ms (cache hit)
3145 http cache eslint-visitor-keys@https://registry.npmjs.org/eslint-visitor-keys/-/eslint-visitor-keys-3.4.3.tgz 0ms (cache hit)
3146 http cache doctrine@https://registry.npmjs.org/doctrine/-/doctrine-3.0.0.tgz 0ms (cache hit)
3147 http cache escape-string-regexp@https://registry.npmjs.org/escape-string-regexp/-/escape-string-regexp-4.0.0.tgz 0ms (cache hit)
3148 http cache eslint-scope@https://registry.npmjs.org/eslint-scope/-/eslint-scope-7.2.2.tgz 0ms (cache hit)
3149 http cache debug@https://registry.npmjs.org/debug/-/debug-4.4.3.tgz 0ms (cache hit)
3150 http cache cross-spawn@https://registry.npmjs.org/cross-spawn/-/cross-spawn-7.0.6.tgz 0ms (cache hit)
3151 http cache chalk@https://registry.npmjs.org/chalk/-/chalk-4.1.2.tgz 0ms (cache hit)
3152 http cache @ungap/structured-clone@https://registry.npmjs.org/@ungap/structured-clone/-/structured-clone-1.4.0.tgz 0ms (cache hit)
3153 http cache @nodelib/fs.walk@https://registry.npmjs.org/@nodelib/fs.walk/-/fs.walk-1.2.8.tgz 0ms (cache hit)
3154 http cache ajv@https://registry.npmjs.org/ajv/-/ajv-6.15.0.tgz 0ms (cache hit)
3155 http cache @eslint/js@https://registry.npmjs.org/@eslint/js/-/js-8.57.1.tgz 0ms (cache hit)
3156 http cache @humanwhocodes/module-importer@https://registry.npmjs.org/@humanwhocodes/module-importer/-/module-importer-1.0.1.tgz 0ms (cache hit)
3157 http cache @humanwhocodes/config-array@https://registry.npmjs.org/@humanwhocodes/config-array/-/config-array-0.13.0.tgz 0ms (cache hit)
3158 http cache @eslint/eslintrc@https://registry.npmjs.org/@eslint/eslintrc/-/eslintrc-2.1.4.tgz 0ms (cache hit)
3159 http cache update-browserslist-db@https://registry.npmjs.org/update-browserslist-db/-/update-browserslist-db-1.3.3.tgz 0ms (cache hit)
3160 http cache @eslint-community/regexpp@https://registry.npmjs.org/@eslint-community/regexpp/-/regexpp-4.12.2.tgz 0ms (cache hit)
3161 http cache @eslint-community/eslint-utils@https://registry.npmjs.org/@eslint-community/eslint-utils/-/eslint-utils-4.10.1.tgz 0ms (cache hit)
3162 http cache node-releases@https://registry.npmjs.org/node-releases/-/node-releases-2.0.57.tgz 0ms (cache hit)
3163 http cache baseline-browser-mapping@https://registry.npmjs.org/baseline-browser-mapping/-/baseline-browser-mapping-2.11.26.tgz 0ms (cache hit)
3164 http cache electron-to-chromium@https://registry.npmjs.org/electron-to-chromium/-/electron-to-chromium-1.5.442.tgz 0ms (cache hit)
3165 http cache postcss-value-parser@https://registry.npmjs.org/postcss-value-parser/-/postcss-value-parser-4.2.0.tgz 0ms (cache hit)
3166 http cache fraction.js@https://registry.npmjs.org/fraction.js/-/fraction.js-5.3.4.tgz 0ms (cache hit)
3167 http cache picocolors@https://registry.npmjs.org/picocolors/-/picocolors-1.1.1.tgz 0ms (cache hit)
3168 http cache caniuse-lite@https://registry.npmjs.org/caniuse-lite/-/caniuse-lite-1.0.30001814.tgz 0ms (cache hit)
3169 http cache browserslist@https://registry.npmjs.org/browserslist/-/browserslist-4.29.3.tgz 0ms (cache hit)
3170 http cache csstype@https://registry.npmjs.org/csstype/-/csstype-3.2.3.tgz 0ms (cache hit)
3171 http cache undici-types@https://registry.npmjs.org/undici-types/-/undici-types-6.21.0.tgz 0ms (cache hit)
3172 http cache iceberg-js@https://registry.npmjs.org/iceberg-js/-/iceberg-js-0.8.1.tgz 0ms (cache hit)
3173 http cache @supabase/storage-js@https://registry.npmjs.org/@supabase/storage-js/-/storage-js-2.117.2.tgz 0ms (cache hit)
3174 http cache @supabase/phoenix@https://registry.npmjs.org/@supabase/phoenix/-/phoenix-0.4.5.tgz 0ms (cache hit)
3175 http cache @supabase/realtime-js@https://registry.npmjs.org/@supabase/realtime-js/-/realtime-js-2.117.2.tgz 0ms (cache hit)
3176 http cache tslib@https://registry.npmjs.org/tslib/-/tslib-2.8.1.tgz 0ms (cache hit)
3177 http cache cookie@https://registry.npmjs.org/cookie/-/cookie-0.7.2.tgz 0ms (cache hit)
3178 http cache @supabase/postgrest-js@https://registry.npmjs.org/@supabase/postgrest-js/-/postgrest-js-2.117.2.tgz 0ms (cache hit)
3179 http cache @supabase/functions-js@https://registry.npmjs.org/@supabase/functions-js/-/functions-js-2.117.2.tgz 0ms (cache hit)
3180 http cache @types/cookie@https://registry.npmjs.org/@types/cookie/-/cookie-0.6.0.tgz 0ms (cache hit)
3181 http cache @supabase/auth-js@https://registry.npmjs.org/@supabase/auth-js/-/auth-js-2.117.2.tgz 0ms (cache hit)
3182 http cache zod@https://registry.npmjs.org/zod/-/zod-3.25.76.tgz 0ms (cache hit)
3183 http cache typescript@https://registry.npmjs.org/typescript/-/typescript-5.9.3.tgz 0ms (cache hit)
3184 http cache ua-parser-js@https://registry.npmjs.org/ua-parser-js/-/ua-parser-js-1.0.41.tgz 0ms (cache hit)
3185 http cache tailwindcss@https://registry.npmjs.org/tailwindcss/-/tailwindcss-3.4.19.tgz 0ms (cache hit)
3186 http cache recharts@https://registry.npmjs.org/recharts/-/recharts-2.15.4.tgz 0ms (cache hit)
3187 http cache react-dom@https://registry.npmjs.org/react-dom/-/react-dom-19.3.0.tgz 0ms (cache hit)
3188 http cache qrcode@https://registry.npmjs.org/qrcode/-/qrcode-1.5.4.tgz 0ms (cache hit)
3189 http cache react@https://registry.npmjs.org/react/-/react-19.3.0.tgz 0ms (cache hit)
3190 http cache eslint-config-next@https://registry.npmjs.org/eslint-config-next/-/eslint-config-next-15.5.26.tgz 0ms (cache hit)
3191 http cache next@https://registry.npmjs.org/next/-/next-15.5.26.tgz 0ms (cache hit)
3192 http cache nanoid@https://registry.npmjs.org/nanoid/-/nanoid-5.1.16.tgz 0ms (cache hit)
3193 http cache eslint@https://registry.npmjs.org/eslint/-/eslint-8.57.1.tgz 0ms (cache hit)
3194 http cache @types/react-dom@https://registry.npmjs.org/@types/react-dom/-/react-dom-19.3.0.tgz 0ms (cache hit)
3195 http cache @types/react@https://registry.npmjs.org/@types/react/-/react-19.3.0.tgz 0ms (cache hit)
3196 http cache autoprefixer@https://registry.npmjs.org/autoprefixer/-/autoprefixer-10.6.1.tgz 0ms (cache hit)
3197 http cache postcss@https://registry.npmjs.org/postcss/-/postcss-8.5.28.tgz 0ms (cache hit)
3198 http cache @types/qrcode@https://registry.npmjs.org/@types/qrcode/-/qrcode-1.5.6.tgz 0ms (cache hit)
3199 http cache @types/node@https://registry.npmjs.org/@types/node/-/node-20.19.43.tgz 0ms (cache hit)
3200 http cache @supabase/ssr@https://registry.npmjs.org/@supabase/ssr/-/ssr-0.5.2.tgz 0ms (cache hit)
3201 http cache @supabase/supabase-js@https://registry.npmjs.org/@supabase/supabase-js/-/supabase-js-2.117.2.tgz 0ms (cache hit)
3202 http cache emoji-regex@https://registry.npmjs.org/emoji-regex/-/emoji-regex-8.0.0.tgz 0ms (cache hit)
3203 http cache resolve@https://registry.npmjs.org/resolve/-/resolve-1.22.12.tgz 0ms (cache hit)
3204 http cache glob-parent@https://registry.npmjs.org/glob-parent/-/glob-parent-5.1.2.tgz 0ms (cache hit)
3205 http cache semver@https://registry.npmjs.org/semver/-/semver-6.3.1.tgz 0ms (cache hit)
3206 http cache p-locate@https://registry.npmjs.org/p-locate/-/p-locate-4.1.0.tgz 0ms (cache hit)
3207 http cache p-limit@https://registry.npmjs.org/p-limit/-/p-limit-2.3.0.tgz 0ms (cache hit)
3208 http cache debug@https://registry.npmjs.org/debug/-/debug-3.2.7.tgz 0ms (cache hit)
3209 http cache locate-path@https://registry.npmjs.org/locate-path/-/locate-path-5.0.0.tgz 0ms (cache hit)
3210 http cache find-up@https://registry.npmjs.org/find-up/-/find-up-4.1.0.tgz 0ms (cache hit)
3211 http cache picomatch@https://registry.npmjs.org/picomatch/-/picomatch-4.0.7.tgz 0ms (cache hit)
3212 http cache eslint-visitor-keys@https://registry.npmjs.org/eslint-visitor-keys/-/eslint-visitor-keys-5.0.1.tgz 0ms (cache hit)
3213 http cache balanced-match@https://registry.npmjs.org/balanced-match/-/balanced-match-4.0.4.tgz 0ms (cache hit)
3214 http cache fdir@https://registry.npmjs.org/fdir/-/fdir-6.5.0.tgz 0ms (cache hit)
3215 http cache glob-parent@https://registry.npmjs.org/glob-parent/-/glob-parent-5.1.2.tgz 0ms (cache hit)
3216 http cache doctrine@https://registry.npmjs.org/doctrine/-/doctrine-2.1.0.tgz 0ms (cache hit)
3217 http cache minimatch@https://registry.npmjs.org/minimatch/-/minimatch-10.2.6.tgz 0ms (cache hit)
3218 http cache brace-expansion@https://registry.npmjs.org/brace-expansion/-/brace-expansion-5.0.12.tgz 0ms (cache hit)
3219 http cache semver@https://registry.npmjs.org/semver/-/semver-6.3.1.tgz 0ms (cache hit)
3220 http cache ignore@https://registry.npmjs.org/ignore/-/ignore-7.0.10.tgz 0ms (cache hit)
3221 http cache debug@https://registry.npmjs.org/debug/-/debug-3.2.7.tgz 0ms (cache hit)
3222 http cache resolve@https://registry.npmjs.org/resolve/-/resolve-1.22.12.tgz 0ms (cache hit)
3223 http cache debug@https://registry.npmjs.org/debug/-/debug-3.2.7.tgz 0ms (cache hit)
3224 http cache semver@https://registry.npmjs.org/semver/-/semver-6.3.1.tgz 0ms (cache hit)
3225 http cache doctrine@https://registry.npmjs.org/doctrine/-/doctrine-2.1.0.tgz 0ms (cache hit)
3226 http cache glob-parent@https://registry.npmjs.org/glob-parent/-/glob-parent-5.1.2.tgz 0ms (cache hit)
3227 http cache fast-glob@https://registry.npmjs.org/fast-glob/-/fast-glob-3.3.3.tgz 0ms (cache hit)
3228 http cache react-is@https://registry.npmjs.org/react-is/-/react-is-18.3.1.tgz 0ms (cache hit)
3229 http cache nanoid@https://registry.npmjs.org/nanoid/-/nanoid-3.3.19.tgz 0ms (cache hit)
3230 http cache postcss@https://registry.npmjs.org/postcss/-/postcss-8.4.31.tgz 0ms (cache hit)
3231 http cache nanoid@https://registry.npmjs.org/nanoid/-/nanoid-3.3.19.tgz 0ms (cache hit)
3232 silly tarball no local data for which-module@https://registry.npmjs.org/which-module/-/which-module-2.0.1.tgz. Extracting by manifest.
3233 silly tarball no local data for set-blocking@https://registry.npmjs.org/set-blocking/-/set-blocking-2.0.0.tgz. Extracting by manifest.
3234 silly tarball no local data for require-main-filename@https://registry.npmjs.org/require-main-filename/-/require-main-filename-2.0.0.tgz. Extracting by manifest.
3235 silly tarball no local data for require-directory@https://registry.npmjs.org/require-directory/-/require-directory-2.1.1.tgz. Extracting by manifest.
3236 silly tarball no local data for get-caller-file@https://registry.npmjs.org/get-caller-file/-/get-caller-file-2.0.5.tgz. Extracting by manifest.
3237 silly tarball no local data for decamelize@https://registry.npmjs.org/decamelize/-/decamelize-1.2.0.tgz. Extracting by manifest.
3238 silly tarball no local data for cliui@https://registry.npmjs.org/cliui/-/cliui-6.0.0.tgz. Extracting by manifest.
3239 silly tarball no local data for is-weakmap@https://registry.npmjs.org/is-weakmap/-/is-weakmap-2.0.2.tgz. Extracting by manifest.
3240 silly tarball no local data for is-map@https://registry.npmjs.org/is-map/-/is-map-2.0.3.tgz. Extracting by manifest.
3241 silly tarball no local data for generator-function@https://registry.npmjs.org/generator-function/-/generator-function-2.0.1.tgz. Extracting by manifest.
3242 silly tarball no local data for is-finalizationregistry@https://registry.npmjs.org/is-finalizationregistry/-/is-finalizationregistry-1.1.1.tgz. Extracting by manifest.
3243 silly tarball no local data for which-collection@https://registry.npmjs.org/which-collection/-/which-collection-1.0.2.tgz. Extracting by manifest.
3244 silly tarball no local data for is-async-function@https://registry.npmjs.org/is-async-function/-/is-async-function-2.1.1.tgz. Extracting by manifest.
3245 silly tarball no local data for is-generator-function@https://registry.npmjs.org/is-generator-function/-/is-generator-function-1.1.2.tgz. Extracting by manifest.
3246 silly tarball no local data for is-number-object@https://registry.npmjs.org/is-number-object/-/is-number-object-1.1.1.tgz. Extracting by manifest.
3247 silly tarball no local data for is-bigint@https://registry.npmjs.org/is-bigint/-/is-bigint-1.1.0.tgz. Extracting by manifest.
3248 silly tarball no local data for isexe@https://registry.npmjs.org/isexe/-/isexe-2.0.0.tgz. Extracting by manifest.
3249 silly tarball no local data for d3-time-format@https://registry.npmjs.org/d3-time-format/-/d3-time-format-4.1.0.tgz. Extracting by manifest.
3250 silly tarball no local data for is-boolean-object@https://registry.npmjs.org/is-boolean-object/-/is-boolean-object-1.2.2.tgz. Extracting by manifest.
3251 silly tarball no local data for d3-path@https://registry.npmjs.org/d3-path/-/d3-path-3.1.0.tgz. Extracting by manifest.
3252 silly tarball no local data for d3-format@https://registry.npmjs.org/d3-format/-/d3-format-3.1.2.tgz. Extracting by manifest.
3253 silly tarball no local data for d3-color@https://registry.npmjs.org/d3-color/-/d3-color-3.1.0.tgz. Extracting by manifest.
3254 silly tarball no local data for internmap@https://registry.npmjs.org/internmap/-/internmap-2.0.3.tgz. Extracting by manifest.
3255 silly tarball no local data for @types/d3-path@https://registry.npmjs.org/@types/d3-path/-/d3-path-3.1.1.tgz. Extracting by manifest.
3256 silly tarball no local data for d3-time@https://registry.npmjs.org/d3-time/-/d3-time-3.1.0.tgz. Extracting by manifest.
3257 silly tarball no local data for @types/d3-color@https://registry.npmjs.org/@types/d3-color/-/d3-color-3.1.3.tgz. Extracting by manifest.
3258 silly tarball no local data for d3-shape@https://registry.npmjs.org/d3-shape/-/d3-shape-3.2.0.tgz. Extracting by manifest.
3259 silly tarball no local data for d3-timer@https://registry.npmjs.org/d3-timer/-/d3-timer-3.0.1.tgz. Extracting by manifest.
3260 silly tarball no local data for d3-scale@https://registry.npmjs.org/d3-scale/-/d3-scale-4.0.2.tgz. Extracting by manifest.
3261 silly tarball no local data for @types/d3-timer@https://registry.npmjs.org/@types/d3-timer/-/d3-timer-3.0.2.tgz. Extracting by manifest.
3262 silly tarball no local data for @types/d3-time@https://registry.npmjs.org/@types/d3-time/-/d3-time-3.0.4.tgz. Extracting by manifest.
3263 silly tarball no local data for @types/d3-shape@https://registry.npmjs.org/@types/d3-shape/-/d3-shape-3.2.0.tgz. Extracting by manifest.
3264 silly tarball no local data for @types/d3-scale@https://registry.npmjs.org/@types/d3-scale/-/d3-scale-4.0.9.tgz. Extracting by manifest.
3265 silly tarball no local data for @types/d3-ease@https://registry.npmjs.org/@types/d3-ease/-/d3-ease-3.0.2.tgz. Extracting by manifest.
3266 silly tarball no local data for @types/d3-interpolate@https://registry.npmjs.org/@types/d3-interpolate/-/d3-interpolate-3.0.4.tgz. Extracting by manifest.
3267 silly tarball no local data for d3-ease@https://registry.npmjs.org/d3-ease/-/d3-ease-3.0.1.tgz. Extracting by manifest.
3268 silly tarball no local data for @types/d3-array@https://registry.npmjs.org/@types/d3-array/-/d3-array-3.2.2.tgz. Extracting by manifest.
3269 silly tarball no local data for d3-interpolate@https://registry.npmjs.org/d3-interpolate/-/d3-interpolate-3.0.1.tgz. Extracting by manifest.
3270 silly tarball no local data for d3-array@https://registry.npmjs.org/d3-array/-/d3-array-3.2.4.tgz. Extracting by manifest.
3271 silly tarball no local data for @unrs/resolver-binding-win32-x64-msvc@https://registry.npmjs.org/@unrs/resolver-binding-win32-x64-msvc/-/resolver-binding-win32-x64-msvc-1.12.2.tgz. Extracting by manifest.
3272 silly tarball no local data for punycode@https://registry.npmjs.org/punycode/-/punycode-2.3.1.tgz. Extracting by manifest.
3273 silly tarball no local data for escalade@https://registry.npmjs.org/escalade/-/escalade-3.2.0.tgz. Extracting by manifest.
3274 silly tarball no local data for which-boxed-primitive@https://registry.npmjs.org/which-boxed-primitive/-/which-boxed-primitive-1.1.1.tgz. Extracting by manifest.
3275 silly tarball no local data for napi-postinstall@https://registry.npmjs.org/napi-postinstall/-/napi-postinstall-0.3.4.tgz. Extracting by manifest.
3276 silly tarball no local data for has-bigints@https://registry.npmjs.org/has-bigints/-/has-bigints-1.1.0.tgz. Extracting by manifest.
3277 silly tarball no local data for reflect.getprototypeof@https://registry.npmjs.org/reflect.getprototypeof/-/reflect.getprototypeof-1.0.10.tgz. Extracting by manifest.
3278 silly tarball no local data for which-builtin-type@https://registry.npmjs.org/which-builtin-type/-/which-builtin-type-1.2.1.tgz. Extracting by manifest.
3279 silly tarball no local data for for-each@https://registry.npmjs.org/for-each/-/for-each-0.3.5.tgz. Extracting by manifest.
3280 silly tarball no local data for @types/json5@https://registry.npmjs.org/@types/json5/-/json5-0.0.29.tgz. Extracting by manifest.
3281 silly tarball no local data for minimist@https://registry.npmjs.org/minimist/-/minimist-1.2.8.tgz. Extracting by manifest.
3282 silly tarball no local data for strip-bom@https://registry.npmjs.org/strip-bom/-/strip-bom-3.0.0.tgz. Extracting by manifest.
3283 silly tarball no local data for @jridgewell/resolve-uri@https://registry.npmjs.org/@jridgewell/resolve-uri/-/resolve-uri-3.1.2.tgz. Extracting by manifest.
3284 silly tarball no local data for json5@https://registry.npmjs.org/json5/-/json5-1.0.2.tgz. Extracting by manifest.
3285 silly tarball no local data for is-number@https://registry.npmjs.org/is-number/-/is-number-7.0.0.tgz. Extracting by manifest.
3286 silly tarball no local data for thenify@https://registry.npmjs.org/thenify/-/thenify-3.3.1.tgz. Extracting by manifest.
3287 silly tarball no local data for @jridgewell/trace-mapping@https://registry.npmjs.org/@jridgewell/trace-mapping/-/trace-mapping-0.3.31.tgz. Extracting by manifest.
3288 silly tarball no local data for thenify-all@https://registry.npmjs.org/thenify-all/-/thenify-all-1.6.0.tgz. Extracting by manifest.
3289 silly tarball no local data for @jridgewell/sourcemap-codec@https://registry.npmjs.org/@jridgewell/sourcemap-codec/-/sourcemap-codec-1.6.0.tgz. Extracting by manifest.
3290 silly tarball no local data for any-promise@https://registry.npmjs.org/any-promise/-/any-promise-1.3.0.tgz. Extracting by manifest.
3291 silly tarball no local data for pirates@https://registry.npmjs.org/pirates/-/pirates-4.0.7.tgz. Extracting by manifest.
3292 silly tarball no local data for @jridgewell/gen-mapping@https://registry.npmjs.org/@jridgewell/gen-mapping/-/gen-mapping-0.3.13.tgz. Extracting by manifest.
3293 silly tarball no local data for mz@https://registry.npmjs.org/mz/-/mz-2.7.0.tgz. Extracting by manifest.
3294 silly tarball no local data for ts-interface-checker@https://registry.npmjs.org/ts-interface-checker/-/ts-interface-checker-0.1.13.tgz. Extracting by manifest.
3295 silly tarball no local data for lines-and-columns@https://registry.npmjs.org/lines-and-columns/-/lines-and-columns-1.2.4.tgz. Extracting by manifest.
3296 silly tarball no local data for commander@https://registry.npmjs.org/commander/-/commander-4.1.1.tgz. Extracting by manifest.
3297 silly tarball no local data for util-deprecate@https://registry.npmjs.org/util-deprecate/-/util-deprecate-1.0.2.tgz. Extracting by manifest.
3298 silly tarball no local data for cssesc@https://registry.npmjs.org/cssesc/-/cssesc-3.0.0.tgz. Extracting by manifest.
3299 silly tarball no local data for camelcase-css@https://registry.npmjs.org/camelcase-css/-/camelcase-css-2.0.1.tgz. Extracting by manifest.
3300 silly tarball no local data for read-cache@https://registry.npmjs.org/read-cache/-/read-cache-1.0.2.tgz. Extracting by manifest.
3301 silly tarball no local data for binary-extensions@https://registry.npmjs.org/binary-extensions/-/binary-extensions-2.3.0.tgz. Extracting by manifest.
3302 silly tarball no local data for readdirp@https://registry.npmjs.org/readdirp/-/readdirp-3.6.0.tgz. Extracting by manifest.
3303 silly tarball no local data for sucrase@https://registry.npmjs.org/sucrase/-/sucrase-3.35.1.tgz. Extracting by manifest.
3304 silly tarball no local data for is-binary-path@https://registry.npmjs.org/is-binary-path/-/is-binary-path-2.1.0.tgz. Extracting by manifest.
3305 silly tarball no local data for anymatch@https://registry.npmjs.org/anymatch/-/anymatch-3.1.3.tgz. Extracting by manifest.
3306 silly tarball no local data for postcss-selector-parser@https://registry.npmjs.org/postcss-selector-parser/-/postcss-selector-parser-6.1.4.tgz. Extracting by manifest.
3307 silly tarball no local data for postcss-nested@https://registry.npmjs.org/postcss-nested/-/postcss-nested-6.2.0.tgz. Extracting by manifest.
3308 silly tarball no local data for postcss-js@https://registry.npmjs.org/postcss-js/-/postcss-js-4.1.0.tgz. Extracting by manifest.
3309 silly tarball no local data for postcss-load-config@https://registry.npmjs.org/postcss-load-config/-/postcss-load-config-6.0.1.tgz. Extracting by manifest.
3310 silly tarball no local data for postcss-import@https://registry.npmjs.org/postcss-import/-/postcss-import-15.1.0.tgz. Extracting by manifest.
3311 silly tarball no local data for normalize-path@https://registry.npmjs.org/normalize-path/-/normalize-path-3.0.0.tgz. Extracting by manifest.
3312 silly tarball no local data for object-hash@https://registry.npmjs.org/object-hash/-/object-hash-3.0.0.tgz. Extracting by manifest.
3313 silly tarball no local data for lilconfig@https://registry.npmjs.org/lilconfig/-/lilconfig-3.1.3.tgz. Extracting by manifest.
3314 silly tarball no local data for jiti@https://registry.npmjs.org/jiti/-/jiti-1.21.7.tgz. Extracting by manifest.
3315 silly tarball no local data for @alloc/quick-lru@https://registry.npmjs.org/@alloc/quick-lru/-/quick-lru-5.3.0.tgz. Extracting by manifest.
3316 silly tarball no local data for dlv@https://registry.npmjs.org/dlv/-/dlv-1.1.3.tgz. Extracting by manifest.
3317 silly tarball no local data for didyoumean@https://registry.npmjs.org/didyoumean/-/didyoumean-1.2.2.tgz. Extracting by manifest.
3318 silly tarball no local data for chokidar@https://registry.npmjs.org/chokidar/-/chokidar-3.6.0.tgz. Extracting by manifest.
3319 silly tarball no local data for arg@https://registry.npmjs.org/arg/-/arg-5.0.2.tgz. Extracting by manifest.
3320 silly tarball no local data for has-flag@https://registry.npmjs.org/has-flag/-/has-flag-4.0.0.tgz. Extracting by manifest.
3321 silly tarball no local data for client-only@https://registry.npmjs.org/client-only/-/client-only-0.0.1.tgz. Extracting by manifest.
3322 silly tarball no local data for ansi-regex@https://registry.npmjs.org/ansi-regex/-/ansi-regex-5.0.1.tgz. Extracting by manifest.
3323 silly tarball no local data for side-channel-weakmap@https://registry.npmjs.org/side-channel-weakmap/-/side-channel-weakmap-1.0.2.tgz. Extracting by manifest.
3324 silly tarball no local data for side-channel-map@https://registry.npmjs.org/side-channel-map/-/side-channel-map-1.0.1.tgz. Extracting by manifest.
3325 silly tarball no local data for @img/sharp-win32-x64@https://registry.npmjs.org/@img/sharp-win32-x64/-/sharp-win32-x64-0.35.5.tgz. Extracting by manifest.
3326 silly tarball no local data for @img/colour@https://registry.npmjs.org/@img/colour/-/colour-1.1.0.tgz. Extracting by manifest.
3327 silly tarball no local data for shebang-regex@https://registry.npmjs.org/shebang-regex/-/shebang-regex-3.0.0.tgz. Extracting by manifest.
3328 silly tarball no local data for detect-libc@https://registry.npmjs.org/detect-libc/-/detect-libc-2.1.2.tgz. Extracting by manifest.
3329 silly tarball no local data for isarray@https://registry.npmjs.org/isarray/-/isarray-2.0.5.tgz. Extracting by manifest.
3330 silly tarball no local data for side-channel-list@https://registry.npmjs.org/side-channel-list/-/side-channel-list-1.0.1.tgz. Extracting by manifest.
3331 silly tarball no local data for queue-microtask@https://registry.npmjs.org/queue-microtask/-/queue-microtask-1.2.3.tgz. Extracting by manifest.
3332 silly tarball no local data for wrappy@https://registry.npmjs.org/wrappy/-/wrappy-1.0.2.tgz. Extracting by manifest.
3333 silly tarball no local data for path-is-absolute@https://registry.npmjs.org/path-is-absolute/-/path-is-absolute-1.0.1.tgz. Extracting by manifest.
3334 silly tarball no local data for inherits@https://registry.npmjs.org/inherits/-/inherits-2.0.4.tgz. Extracting by manifest.
3335 silly tarball no local data for inflight@https://registry.npmjs.org/inflight/-/inflight-1.0.6.tgz. Extracting by manifest.
3336 silly tarball no local data for fs.realpath@https://registry.npmjs.org/fs.realpath/-/fs.realpath-1.0.0.tgz. Extracting by manifest.
3337 silly tarball no local data for once@https://registry.npmjs.org/once/-/once-1.4.0.tgz. Extracting by manifest.
3338 silly tarball no local data for glob@https://registry.npmjs.org/glob/-/glob-7.2.3.tgz. Extracting by manifest.
3339 silly tarball no local data for path-parse@https://registry.npmjs.org/path-parse/-/path-parse-1.0.7.tgz. Extracting by manifest.
3340 silly tarball no local data for @babel/runtime@https://registry.npmjs.org/@babel/runtime/-/runtime-7.29.7.tgz. Extracting by manifest.
3341 silly tarball no local data for node-exports-info@https://registry.npmjs.org/node-exports-info/-/node-exports-info-1.6.2.tgz. Extracting by manifest.
3342 silly tarball no local data for dom-helpers@https://registry.npmjs.org/dom-helpers/-/dom-helpers-5.2.1.tgz. Extracting by manifest.
3343 silly tarball no local data for supports-preserve-symlinks-flag@https://registry.npmjs.org/supports-preserve-symlinks-flag/-/supports-preserve-symlinks-flag-1.0.0.tgz. Extracting by manifest.
3344 silly tarball no local data for react-transition-group@https://registry.npmjs.org/react-transition-group/-/react-transition-group-4.4.5.tgz. Extracting by manifest.
3345 silly tarball no local data for fast-equals@https://registry.npmjs.org/fast-equals/-/fast-equals-5.4.3.tgz. Extracting by manifest.
3346 silly tarball no local data for victory-vendor@https://registry.npmjs.org/victory-vendor/-/victory-vendor-36.9.2.tgz. Extracting by manifest.
3347 silly tarball no local data for tiny-invariant@https://registry.npmjs.org/tiny-invariant/-/tiny-invariant-1.3.3.tgz. Extracting by manifest.
3348 silly tarball no local data for recharts-scale@https://registry.npmjs.org/recharts-scale/-/recharts-scale-0.4.5.tgz. Extracting by manifest.
3349 silly tarball no local data for lodash@https://registry.npmjs.org/lodash/-/lodash-4.18.1.tgz. Extracting by manifest.
3350 silly tarball no local data for react-smooth@https://registry.npmjs.org/react-smooth/-/react-smooth-4.0.4.tgz. Extracting by manifest.
3351 silly tarball no local data for clsx@https://registry.npmjs.org/clsx/-/clsx-2.1.1.tgz. Extracting by manifest.
3352 silly tarball no local data for eventemitter3@https://registry.npmjs.org/eventemitter3/-/eventemitter3-4.0.7.tgz. Extracting by manifest.
3353 silly tarball no local data for scheduler@https://registry.npmjs.org/scheduler/-/scheduler-0.28.0.tgz. Extracting by manifest.
3354 silly tarball no local data for decimal.js-light@https://registry.npmjs.org/decimal.js-light/-/decimal.js-light-2.5.1.tgz. Extracting by manifest.
3355 silly tarball no local data for pngjs@https://registry.npmjs.org/pngjs/-/pngjs-5.0.0.tgz. Extracting by manifest.
3356 silly tarball no local data for react-is@https://registry.npmjs.org/react-is/-/react-is-16.13.1.tgz. Extracting by manifest.
3357 silly tarball no local data for yargs@https://registry.npmjs.org/yargs/-/yargs-15.4.1.tgz. Extracting by manifest.
3358 silly tarball no local data for dijkstrajs@https://registry.npmjs.org/dijkstrajs/-/dijkstrajs-1.0.3.tgz. Extracting by manifest.
3359 silly tarball no local data for js-tokens@https://registry.npmjs.org/js-tokens/-/js-tokens-4.0.0.tgz. Extracting by manifest.
3360 silly tarball no local data for object-assign@https://registry.npmjs.org/object-assign/-/object-assign-4.1.1.tgz. Extracting by manifest.
3361 silly tarball no local data for loose-envify@https://registry.npmjs.org/loose-envify/-/loose-envify-1.4.0.tgz. Extracting by manifest.
3362 silly tarball no local data for yocto-queue@https://registry.npmjs.org/yocto-queue/-/yocto-queue-0.1.0.tgz. Extracting by manifest.
3363 silly tarball no local data for callsites@https://registry.npmjs.org/callsites/-/callsites-3.1.0.tgz. Extracting by manifest.
3364 silly tarball no local data for source-map-js@https://registry.npmjs.org/source-map-js/-/source-map-js-1.2.1.tgz. Extracting by manifest.
3365 silly tarball no local data for p-limit@https://registry.npmjs.org/p-limit/-/p-limit-3.1.0.tgz. Extracting by manifest.
3366 silly tarball no local data for fast-levenshtein@https://registry.npmjs.org/fast-levenshtein/-/fast-levenshtein-2.0.6.tgz. Extracting by manifest.
3367 silly tarball no local data for word-wrap@https://registry.npmjs.org/word-wrap/-/word-wrap-1.2.5.tgz. Extracting by manifest.
3368 silly tarball no local data for @swc/helpers@https://registry.npmjs.org/@swc/helpers/-/helpers-0.5.15.tgz. Extracting by manifest.
3369 silly tarball no local data for @next/swc-win32-x64-msvc@https://registry.npmjs.org/@next/swc-win32-x64-msvc/-/swc-win32-x64-msvc-15.5.26.tgz. Extracting by manifest.
3370 silly tarball no local data for @next/env@https://registry.npmjs.org/@next/env/-/env-15.5.26.tgz. Extracting by manifest.
3371 silly tarball no local data for deep-is@https://registry.npmjs.org/deep-is/-/deep-is-0.1.4.tgz. Extracting by manifest.
3372 silly tarball no local data for sharp@https://registry.npmjs.org/sharp/-/sharp-0.35.5.tgz. Extracting by manifest.
3373 silly tarball no local data for concat-map@https://registry.npmjs.org/concat-map/-/concat-map-0.0.1.tgz. Extracting by manifest.
3374 silly tarball no local data for balanced-match@https://registry.npmjs.org/balanced-match/-/balanced-match-1.0.2.tgz. Extracting by manifest.
3375 silly tarball no local data for styled-jsx@https://registry.npmjs.org/styled-jsx/-/styled-jsx-5.1.6.tgz. Extracting by manifest.
3376 silly tarball no local data for to-regex-range@https://registry.npmjs.org/to-regex-range/-/to-regex-range-5.0.1.tgz. Extracting by manifest.
3377 silly tarball no local data for fill-range@https://registry.npmjs.org/fill-range/-/fill-range-7.1.1.tgz. Extracting by manifest.
3378 silly tarball no local data for brace-expansion@https://registry.npmjs.org/brace-expansion/-/brace-expansion-1.1.21.tgz. Extracting by manifest.
3379 silly tarball no local data for picomatch@https://registry.npmjs.org/picomatch/-/picomatch-2.3.2.tgz. Extracting by manifest.
3380 silly tarball no local data for braces@https://registry.npmjs.org/braces/-/braces-3.0.3.tgz. Extracting by manifest.
3381 silly tarball no local data for p-locate@https://registry.npmjs.org/p-locate/-/p-locate-5.0.0.tgz. Extracting by manifest.
3382 silly tarball no local data for type-check@https://registry.npmjs.org/type-check/-/type-check-0.4.0.tgz. Extracting by manifest.
3383 silly tarball no local data for prelude-ls@https://registry.npmjs.org/prelude-ls/-/prelude-ls-1.2.1.tgz. Extracting by manifest.
3384 silly tarball no local data for language-subtag-registry@https://registry.npmjs.org/language-subtag-registry/-/language-subtag-registry-0.3.23.tgz. Extracting by manifest.
3385 silly tarball no local data for json-buffer@https://registry.npmjs.org/json-buffer/-/json-buffer-3.0.1.tgz. Extracting by manifest.
3386 silly tarball no local data for argparse@https://registry.npmjs.org/argparse/-/argparse-2.0.1.tgz. Extracting by manifest.
3387 silly tarball no local data for side-channel@https://registry.npmjs.org/side-channel/-/side-channel-1.1.1.tgz. Extracting by manifest.
3388 silly tarball no local data for is-extglob@https://registry.npmjs.org/is-extglob/-/is-extglob-2.1.1.tgz. Extracting by manifest.
3389 silly tarball no local data for set-function-name@https://registry.npmjs.org/set-function-name/-/set-function-name-2.0.2.tgz. Extracting by manifest.
3390 silly tarball no local data for parent-module@https://registry.npmjs.org/parent-module/-/parent-module-1.0.1.tgz. Extracting by manifest.
3391 silly tarball no local data for type-fest@https://registry.npmjs.org/type-fest/-/type-fest-0.20.2.tgz. Extracting by manifest.
3392 silly tarball no local data for dunder-proto@https://registry.npmjs.org/dunder-proto/-/dunder-proto-1.0.1.tgz. Extracting by manifest.
3393 silly tarball no local data for is-document.all@https://registry.npmjs.org/is-document.all/-/is-document.all-1.0.0.tgz. Extracting by manifest.
3394 silly tarball no local data for functions-have-names@https://registry.npmjs.org/functions-have-names/-/functions-have-names-1.2.3.tgz. Extracting by manifest.
3395 silly tarball no local data for resolve-from@https://registry.npmjs.org/resolve-from/-/resolve-from-4.0.0.tgz. Extracting by manifest.
3396 silly tarball no local data for rimraf@https://registry.npmjs.org/rimraf/-/rimraf-3.0.2.tgz. Extracting by manifest.
3397 silly tarball no local data for resolve-pkg-maps@https://registry.npmjs.org/resolve-pkg-maps/-/resolve-pkg-maps-1.0.0.tgz. Extracting by manifest.
3398 silly tarball no local data for flatted@https://registry.npmjs.org/flatted/-/flatted-3.4.4.tgz. Extracting by manifest.
3399 silly tarball no local data for keyv@https://registry.npmjs.org/keyv/-/keyv-4.5.4.tgz. Extracting by manifest.
3400 silly tarball no local data for path-exists@https://registry.npmjs.org/path-exists/-/path-exists-4.0.0.tgz. Extracting by manifest.
3401 silly tarball no local data for locate-path@https://registry.npmjs.org/locate-path/-/locate-path-6.0.0.tgz. Extracting by manifest.
3402 silly tarball no local data for flat-cache@https://registry.npmjs.org/flat-cache/-/flat-cache-3.2.0.tgz. Extracting by manifest.
3403 silly tarball no local data for reusify@https://registry.npmjs.org/reusify/-/reusify-1.1.0.tgz. Extracting by manifest.
3404 silly tarball no local data for acorn@https://registry.npmjs.org/acorn/-/acorn-8.18.0.tgz. Extracting by manifest.
3405 silly tarball no local data for merge2@https://registry.npmjs.org/merge2/-/merge2-1.4.1.tgz. Extracting by manifest.
3406 silly tarball no local data for esrecurse@https://registry.npmjs.org/esrecurse/-/esrecurse-4.3.0.tgz. Extracting by manifest.
3407 silly tarball no local data for acorn-jsx@https://registry.npmjs.org/acorn-jsx/-/acorn-jsx-5.3.2.tgz. Extracting by manifest.
3408 silly tarball no local data for micromatch@https://registry.npmjs.org/micromatch/-/micromatch-4.0.8.tgz. Extracting by manifest.
3409 silly tarball no local data for iterator.prototype@https://registry.npmjs.org/iterator.prototype/-/iterator.prototype-1.1.5.tgz. Extracting by manifest.
3410 silly tarball no local data for string.prototype.matchall@https://registry.npmjs.org/string.prototype.matchall/-/string.prototype.matchall-4.1.0.tgz. Extracting by manifest.
3411 silly tarball no local data for prop-types@https://registry.npmjs.org/prop-types/-/prop-types-15.8.1.tgz. Extracting by manifest.
3412 silly tarball no local data for object.entries@https://registry.npmjs.org/object.entries/-/object.entries-1.1.9.tgz. Extracting by manifest.
3413 silly tarball no local data for string.prototype.repeat@https://registry.npmjs.org/string.prototype.repeat/-/string.prototype.repeat-1.0.0.tgz. Extracting by manifest.
3414 silly tarball no local data for estraverse@https://registry.npmjs.org/estraverse/-/estraverse-5.3.0.tgz. Extracting by manifest.
3415 silly tarball no local data for array.prototype.tosorted@https://registry.npmjs.org/array.prototype.tosorted/-/array.prototype.tosorted-1.1.4.tgz. Extracting by manifest.
3416 silly tarball no local data for es-iterator-helpers@https://registry.npmjs.org/es-iterator-helpers/-/es-iterator-helpers-1.4.0.tgz. Extracting by manifest.
3417 silly tarball no local data for array.prototype.findlast@https://registry.npmjs.org/array.prototype.findlast/-/array.prototype.findlast-1.2.5.tgz. Extracting by manifest.
3418 silly tarball no local data for language-tags@https://registry.npmjs.org/language-tags/-/language-tags-1.0.9.tgz. Extracting by manifest.
3419 silly tarball no local data for jsx-ast-utils@https://registry.npmjs.org/jsx-ast-utils/-/jsx-ast-utils-3.3.5.tgz. Extracting by manifest.
3420 silly tarball no local data for string.prototype.includes@https://registry.npmjs.org/string.prototype.includes/-/string.prototype.includes-2.0.1.tgz. Extracting by manifest.
3421 silly tarball no local data for emoji-regex@https://registry.npmjs.org/emoji-regex/-/emoji-regex-9.2.2.tgz. Extracting by manifest.
3422 silly tarball no local data for damerau-levenshtein@https://registry.npmjs.org/damerau-levenshtein/-/damerau-levenshtein-1.0.8.tgz. Extracting by manifest.
3423 silly tarball no local data for axe-core@https://registry.npmjs.org/axe-core/-/axe-core-4.13.0.tgz. Extracting by manifest.
3424 silly tarball no local data for axobject-query@https://registry.npmjs.org/axobject-query/-/axobject-query-4.1.0.tgz. Extracting by manifest.
3425 silly tarball no local data for aria-query@https://registry.npmjs.org/aria-query/-/aria-query-5.3.2.tgz. Extracting by manifest.
3426 silly tarball no local data for ast-types-flow@https://registry.npmjs.org/ast-types-flow/-/ast-types-flow-0.0.8.tgz. Extracting by manifest.
3427 silly tarball no local data for is-date-object@https://registry.npmjs.org/is-date-object/-/is-date-object-1.1.0.tgz. Extracting by manifest.
3428 silly tarball no local data for is-symbol@https://registry.npmjs.org/is-symbol/-/is-symbol-1.1.1.tgz. Extracting by manifest.
3429 silly tarball no local data for which-typed-array@https://registry.npmjs.org/which-typed-array/-/which-typed-array-1.1.24.tgz. Extracting by manifest.
3430 silly tarball no local data for es-abstract-get@https://registry.npmjs.org/es-abstract-get/-/es-abstract-get-1.0.0.tgz. Extracting by manifest.
3431 silly tarball no local data for has-tostringtag@https://registry.npmjs.org/has-tostringtag/-/has-tostringtag-1.0.2.tgz. Extracting by manifest.
3432 silly tarball no local data for possible-typed-array-names@https://registry.npmjs.org/possible-typed-array-names/-/possible-typed-array-names-1.1.0.tgz. Extracting by manifest.
3433 silly tarball no local data for unbox-primitive@https://registry.npmjs.org/unbox-primitive/-/unbox-primitive-1.1.0.tgz. Extracting by manifest.
3434 silly tarball no local data for typed-array-length@https://registry.npmjs.org/typed-array-length/-/typed-array-length-1.0.8.tgz. Extracting by manifest.
3435 silly tarball no local data for typed-array-byte-offset@https://registry.npmjs.org/typed-array-byte-offset/-/typed-array-byte-offset-1.0.5.tgz. Extracting by manifest.
3436 silly tarball no local data for typed-array-byte-length@https://registry.npmjs.org/typed-array-byte-length/-/typed-array-byte-length-1.0.3.tgz. Extracting by manifest.
3437 silly tarball no local data for typed-array-buffer@https://registry.npmjs.org/typed-array-buffer/-/typed-array-buffer-1.0.3.tgz. Extracting by manifest.
3438 silly tarball no local data for string.prototype.trimstart@https://registry.npmjs.org/string.prototype.trimstart/-/string.prototype.trimstart-1.0.8.tgz. Extracting by manifest.
3439 silly tarball no local data for string.prototype.trim@https://registry.npmjs.org/string.prototype.trim/-/string.prototype.trim-1.2.11.tgz. Extracting by manifest.
3440 silly tarball no local data for set-proto@https://registry.npmjs.org/set-proto/-/set-proto-1.0.0.tgz. Extracting by manifest.
3441 silly tarball no local data for stop-iteration-iterator@https://registry.npmjs.org/stop-iteration-iterator/-/stop-iteration-iterator-1.1.0.tgz. Extracting by manifest.
3442 silly tarball no local data for safe-array-concat@https://registry.npmjs.org/safe-array-concat/-/safe-array-concat-1.1.4.tgz. Extracting by manifest.
3443 silly tarball no local data for safe-regex-test@https://registry.npmjs.org/safe-regex-test/-/safe-regex-test-1.1.0.tgz. Extracting by manifest.
3444 silly tarball no local data for safe-push-apply@https://registry.npmjs.org/safe-push-apply/-/safe-push-apply-1.0.0.tgz. Extracting by manifest.
3445 silly tarball no local data for regexp.prototype.flags@https://registry.npmjs.org/regexp.prototype.flags/-/regexp.prototype.flags-1.5.4.tgz. Extracting by manifest.
3446 silly tarball no local data for own-keys@https://registry.npmjs.org/own-keys/-/own-keys-1.0.2.tgz. Extracting by manifest.
3447 silly tarball no local data for object-inspect@https://registry.npmjs.org/object-inspect/-/object-inspect-1.13.4.tgz. Extracting by manifest.
3448 silly tarball no local data for object.assign@https://registry.npmjs.org/object.assign/-/object.assign-4.1.7.tgz. Extracting by manifest.
3449 silly tarball no local data for is-shared-array-buffer@https://registry.npmjs.org/is-shared-array-buffer/-/is-shared-array-buffer-1.0.4.tgz. Extracting by manifest.
3450 silly tarball no local data for is-weakref@https://registry.npmjs.org/is-weakref/-/is-weakref-1.1.1.tgz. Extracting by manifest.
3451 silly tarball no local data for is-typed-array@https://registry.npmjs.org/is-typed-array/-/is-typed-array-1.1.15.tgz. Extracting by manifest.
3452 silly tarball no local data for is-regex@https://registry.npmjs.org/is-regex/-/is-regex-1.2.1.tgz. Extracting by manifest.
3453 silly tarball no local data for is-set@https://registry.npmjs.org/is-set/-/is-set-2.0.3.tgz. Extracting by manifest.
3454 silly tarball no local data for is-data-view@https://registry.npmjs.org/is-data-view/-/is-data-view-1.0.2.tgz. Extracting by manifest.
3455 silly tarball no local data for is-negative-zero@https://registry.npmjs.org/is-negative-zero/-/is-negative-zero-2.0.3.tgz. Extracting by manifest.
3456 silly tarball no local data for is-callable@https://registry.npmjs.org/is-callable/-/is-callable-1.2.7.tgz. Extracting by manifest.
3457 silly tarball no local data for is-array-buffer@https://registry.npmjs.org/is-array-buffer/-/is-array-buffer-3.0.5.tgz. Extracting by manifest.
3458 silly tarball no local data for internal-slot@https://registry.npmjs.org/internal-slot/-/internal-slot-1.1.0.tgz. Extracting by manifest.
3459 silly tarball no local data for has-proto@https://registry.npmjs.org/has-proto/-/has-proto-1.2.0.tgz. Extracting by manifest.
3460 silly tarball no local data for has-symbols@https://registry.npmjs.org/has-symbols/-/has-symbols-1.1.0.tgz. Extracting by manifest.
3461 silly tarball no local data for globalthis@https://registry.npmjs.org/globalthis/-/globalthis-1.0.4.tgz. Extracting by manifest.
3462 silly tarball no local data for get-symbol-description@https://registry.npmjs.org/get-symbol-description/-/get-symbol-description-1.1.0.tgz. Extracting by manifest.
3463 silly tarball no local data for get-proto@https://registry.npmjs.org/get-proto/-/get-proto-1.0.1.tgz. Extracting by manifest.
3464 silly tarball no local data for function.prototype.name@https://registry.npmjs.org/function.prototype.name/-/function.prototype.name-1.2.0.tgz. Extracting by manifest.
3465 silly tarball no local data for es-set-tostringtag@https://registry.npmjs.org/es-set-tostringtag/-/es-set-tostringtag-2.1.0.tgz. Extracting by manifest.
3466 silly tarball no local data for data-view-byte-offset@https://registry.npmjs.org/data-view-byte-offset/-/data-view-byte-offset-1.0.1.tgz. Extracting by manifest.
3467 silly tarball no local data for es-to-primitive@https://registry.npmjs.org/es-to-primitive/-/es-to-primitive-1.3.4.tgz. Extracting by manifest.
3468 silly tarball no local data for data-view-byte-length@https://registry.npmjs.org/data-view-byte-length/-/data-view-byte-length-1.0.2.tgz. Extracting by manifest.
3469 silly tarball no local data for data-view-buffer@https://registry.npmjs.org/data-view-buffer/-/data-view-buffer-1.0.2.tgz. Extracting by manifest.
3470 silly tarball no local data for available-typed-arrays@https://registry.npmjs.org/available-typed-arrays/-/available-typed-arrays-1.0.7.tgz. Extracting by manifest.
3471 silly tarball no local data for arraybuffer.prototype.slice@https://registry.npmjs.org/arraybuffer.prototype.slice/-/arraybuffer.prototype.slice-1.0.4.tgz. Extracting by manifest.
3472 silly tarball no local data for array-buffer-byte-length@https://registry.npmjs.org/array-buffer-byte-length/-/array-buffer-byte-length-1.0.2.tgz. Extracting by manifest.
3473 silly tarball no local data for gopd@https://registry.npmjs.org/gopd/-/gopd-1.2.0.tgz. Extracting by manifest.
3474 silly tarball no local data for object-keys@https://registry.npmjs.org/object-keys/-/object-keys-1.1.1.tgz. Extracting by manifest.
3475 silly tarball no local data for has-property-descriptors@https://registry.npmjs.org/has-property-descriptors/-/has-property-descriptors-1.0.2.tgz. Extracting by manifest.
3476 silly tarball no local data for define-data-property@https://registry.npmjs.org/define-data-property/-/define-data-property-1.1.4.tgz. Extracting by manifest.
3477 silly tarball no local data for function-bind@https://registry.npmjs.org/function-bind/-/function-bind-1.1.2.tgz. Extracting by manifest.
3478 silly tarball no local data for set-function-length@https://registry.npmjs.org/set-function-length/-/set-function-length-1.2.2.tgz. Extracting by manifest.
3479 silly tarball no local data for es-define-property@https://registry.npmjs.org/es-define-property/-/es-define-property-1.0.1.tgz. Extracting by manifest.
3480 silly tarball no local data for call-bind-apply-helpers@https://registry.npmjs.org/call-bind-apply-helpers/-/call-bind-apply-helpers-1.0.2.tgz. Extracting by manifest.
3481 silly tarball no local data for get-intrinsic@https://registry.npmjs.org/get-intrinsic/-/get-intrinsic-1.3.0.tgz. Extracting by manifest.
3482 silly tarball no local data for es-errors@https://registry.npmjs.org/es-errors/-/es-errors-1.3.0.tgz. Extracting by manifest.
3483 silly tarball no local data for math-intrinsics@https://registry.npmjs.org/math-intrinsics/-/math-intrinsics-1.1.0.tgz. Extracting by manifest.
3484 silly tarball no local data for is-string@https://registry.npmjs.org/is-string/-/is-string-1.1.1.tgz. Extracting by manifest.
3485 silly tarball no local data for es-object-atoms@https://registry.npmjs.org/es-object-atoms/-/es-object-atoms-1.1.2.tgz. Extracting by manifest.
3486 silly tarball no local data for es-shim-unscopables@https://registry.npmjs.org/es-shim-unscopables/-/es-shim-unscopables-1.1.0.tgz. Extracting by manifest.
3487 silly tarball no local data for define-properties@https://registry.npmjs.org/define-properties/-/define-properties-1.2.1.tgz. Extracting by manifest.
3488 silly tarball no local data for call-bound@https://registry.npmjs.org/call-bound/-/call-bound-1.0.4.tgz. Extracting by manifest.
3489 silly tarball no local data for es-abstract@https://registry.npmjs.org/es-abstract/-/es-abstract-1.24.2.tgz. Extracting by manifest.
3490 silly tarball no local data for tsconfig-paths@https://registry.npmjs.org/tsconfig-paths/-/tsconfig-paths-3.15.0.tgz. Extracting by manifest.
3491 silly tarball no local data for call-bind@https://registry.npmjs.org/call-bind/-/call-bind-1.0.9.tgz. Extracting by manifest.
3492 silly tarball no local data for string.prototype.trimend@https://registry.npmjs.org/string.prototype.trimend/-/string.prototype.trimend-1.0.10.tgz. Extracting by manifest.
3493 silly tarball no local data for object.values@https://registry.npmjs.org/object.values/-/object.values-1.2.1.tgz. Extracting by manifest.
3494 silly tarball no local data for object.groupby@https://registry.npmjs.org/object.groupby/-/object.groupby-1.0.3.tgz. Extracting by manifest.
3495 silly tarball no local data for object.fromentries@https://registry.npmjs.org/object.fromentries/-/object.fromentries-2.0.8.tgz. Extracting by manifest.
3496 silly tarball no local data for array.prototype.flatmap@https://registry.npmjs.org/array.prototype.flatmap/-/array.prototype.flatmap-1.3.3.tgz. Extracting by manifest.
3497 silly tarball no local data for eslint-module-utils@https://registry.npmjs.org/eslint-module-utils/-/eslint-module-utils-2.14.0.tgz. Extracting by manifest.
3498 silly tarball no local data for hasown@https://registry.npmjs.org/hasown/-/hasown-2.0.4.tgz. Extracting by manifest.
3499 silly tarball no local data for array.prototype.findlastindex@https://registry.npmjs.org/array.prototype.findlastindex/-/array.prototype.findlastindex-1.2.6.tgz. Extracting by manifest.
3500 silly tarball no local data for array-includes@https://registry.npmjs.org/array-includes/-/array-includes-3.2.0.tgz. Extracting by manifest.
3501 silly tarball no local data for array.prototype.flat@https://registry.npmjs.org/array.prototype.flat/-/array.prototype.flat-1.3.3.tgz. Extracting by manifest.
3502 silly tarball no local data for @rtsao/scc@https://registry.npmjs.org/@rtsao/scc/-/scc-1.1.0.tgz. Extracting by manifest.
3503 silly tarball no local data for unrs-resolver@https://registry.npmjs.org/unrs-resolver/-/unrs-resolver-1.12.2.tgz. Extracting by manifest.
3504 silly tarball no local data for stable-hash@https://registry.npmjs.org/stable-hash/-/stable-hash-0.0.5.tgz. Extracting by manifest.
3505 silly tarball no local data for get-tsconfig@https://registry.npmjs.org/get-tsconfig/-/get-tsconfig-4.14.3.tgz. Extracting by manifest.
3506 silly tarball no local data for @nolyfill/is-core-module@https://registry.npmjs.org/@nolyfill/is-core-module/-/is-core-module-1.0.39.tgz. Extracting by manifest.
3507 silly tarball no local data for is-bun-module@https://registry.npmjs.org/is-bun-module/-/is-bun-module-2.0.0.tgz. Extracting by manifest.
3508 silly tarball no local data for resolve@https://registry.npmjs.org/resolve/-/resolve-2.0.0-next.7.tgz. Extracting by manifest.
3509 silly tarball no local data for semver@https://registry.npmjs.org/semver/-/semver-7.8.5.tgz. Extracting by manifest.
3510 silly tarball no local data for tinyglobby@https://registry.npmjs.org/tinyglobby/-/tinyglobby-0.2.17.tgz. Extracting by manifest.
3511 silly tarball no local data for is-core-module@https://registry.npmjs.org/is-core-module/-/is-core-module-2.17.0.tgz. Extracting by manifest.
3512 silly tarball no local data for @typescript-eslint/tsconfig-utils@https://registry.npmjs.org/@typescript-eslint/tsconfig-utils/-/tsconfig-utils-8.71.0.tgz. Extracting by manifest.
3513 silly tarball no local data for @typescript-eslint/project-service@https://registry.npmjs.org/@typescript-eslint/project-service/-/project-service-8.71.0.tgz. Extracting by manifest.
3514 silly tarball no local data for ts-api-utils@https://registry.npmjs.org/ts-api-utils/-/ts-api-utils-2.5.0.tgz. Extracting by manifest.
3515 silly tarball no local data for @typescript-eslint/typescript-estree@https://registry.npmjs.org/@typescript-eslint/typescript-estree/-/typescript-estree-8.71.0.tgz. Extracting by manifest.
3516 silly tarball no local data for @typescript-eslint/visitor-keys@https://registry.npmjs.org/@typescript-eslint/visitor-keys/-/visitor-keys-8.71.0.tgz. Extracting by manifest.
3517 silly tarball no local data for @typescript-eslint/types@https://registry.npmjs.org/@typescript-eslint/types/-/types-8.71.0.tgz. Extracting by manifest.
3518 silly tarball no local data for @typescript-eslint/type-utils@https://registry.npmjs.org/@typescript-eslint/type-utils/-/type-utils-8.71.0.tgz. Extracting by manifest.
3519 silly tarball no local data for @typescript-eslint/utils@https://registry.npmjs.org/@typescript-eslint/utils/-/utils-8.71.0.tgz. Extracting by manifest.
3520 silly tarball no local data for eslint-plugin-react-hooks@https://registry.npmjs.org/eslint-plugin-react-hooks/-/eslint-plugin-react-hooks-5.2.0.tgz. Extracting by manifest.
3521 silly tarball no local data for fast-glob@https://registry.npmjs.org/fast-glob/-/fast-glob-3.3.1.tgz. Extracting by manifest.
3522 silly tarball no local data for @typescript-eslint/scope-manager@https://registry.npmjs.org/@typescript-eslint/scope-manager/-/scope-manager-8.71.0.tgz. Extracting by manifest.
3523 silly tarball no local data for eslint-plugin-react@https://registry.npmjs.org/eslint-plugin-react/-/eslint-plugin-react-7.37.5.tgz. Extracting by manifest.
3524 silly tarball no local data for eslint-plugin-jsx-a11y@https://registry.npmjs.org/eslint-plugin-jsx-a11y/-/eslint-plugin-jsx-a11y-6.10.2.tgz. Extracting by manifest.
3525 silly tarball no local data for @typescript-eslint/parser@https://registry.npmjs.org/@typescript-eslint/parser/-/parser-8.71.0.tgz. Extracting by manifest.
3526 silly tarball no local data for eslint-plugin-import@https://registry.npmjs.org/eslint-plugin-import/-/eslint-plugin-import-2.32.0.tgz. Extracting by manifest.
3527 silly tarball no local data for @rushstack/eslint-patch@https://registry.npmjs.org/@rushstack/eslint-patch/-/eslint-patch-1.16.1.tgz. Extracting by manifest.
3528 silly tarball no local data for @typescript-eslint/eslint-plugin@https://registry.npmjs.org/@typescript-eslint/eslint-plugin/-/eslint-plugin-8.71.0.tgz. Extracting by manifest.
3529 silly tarball no local data for eslint-import-resolver-typescript@https://registry.npmjs.org/eslint-import-resolver-typescript/-/eslint-import-resolver-typescript-3.10.1.tgz. Extracting by manifest.
3530 silly tarball no local data for @next/eslint-plugin-next@https://registry.npmjs.org/@next/eslint-plugin-next/-/eslint-plugin-next-15.5.26.tgz. Extracting by manifest.
3531 silly tarball no local data for eslint-import-resolver-node@https://registry.npmjs.org/eslint-import-resolver-node/-/eslint-import-resolver-node-0.3.10.tgz. Extracting by manifest.
3532 silly tarball no local data for ms@https://registry.npmjs.org/ms/-/ms-2.1.3.tgz. Extracting by manifest.
3533 silly tarball no local data for which@https://registry.npmjs.org/which/-/which-2.0.2.tgz. Extracting by manifest.
3534 silly tarball no local data for path-key@https://registry.npmjs.org/path-key/-/path-key-3.1.1.tgz. Extracting by manifest.
3535 silly tarball no local data for shebang-command@https://registry.npmjs.org/shebang-command/-/shebang-command-2.0.0.tgz. Extracting by manifest.
3536 silly tarball no local data for color-name@https://registry.npmjs.org/color-name/-/color-name-1.1.4.tgz. Extracting by manifest.
3537 silly tarball no local data for color-convert@https://registry.npmjs.org/color-convert/-/color-convert-2.0.1.tgz. Extracting by manifest.
3538 silly tarball no local data for ansi-styles@https://registry.npmjs.org/ansi-styles/-/ansi-styles-4.3.0.tgz. Extracting by manifest.
3539 silly tarball no local data for supports-color@https://registry.npmjs.org/supports-color/-/supports-color-7.2.0.tgz. Extracting by manifest.
3540 silly tarball no local data for json-schema-traverse@https://registry.npmjs.org/json-schema-traverse/-/json-schema-traverse-0.4.1.tgz. Extracting by manifest.
3541 silly tarball no local data for uri-js@https://registry.npmjs.org/uri-js/-/uri-js-4.4.1.tgz. Extracting by manifest.
3542 silly tarball no local data for fast-json-stable-stringify@https://registry.npmjs.org/fast-json-stable-stringify/-/fast-json-stable-stringify-2.1.0.tgz. Extracting by manifest.
3543 silly tarball no local data for run-parallel@https://registry.npmjs.org/run-parallel/-/run-parallel-1.2.0.tgz. Extracting by manifest.
3544 silly tarball no local data for @nodelib/fs.scandir@https://registry.npmjs.org/@nodelib/fs.scandir/-/fs.scandir-2.1.5.tgz. Extracting by manifest.
3545 silly tarball no local data for @humanwhocodes/object-schema@https://registry.npmjs.org/@humanwhocodes/object-schema/-/object-schema-2.0.3.tgz. Extracting by manifest.
3546 silly tarball no local data for @nodelib/fs.stat@https://registry.npmjs.org/@nodelib/fs.stat/-/fs.stat-2.0.5.tgz. Extracting by manifest.
3547 silly tarball no local data for import-fresh@https://registry.npmjs.org/import-fresh/-/import-fresh-3.3.1.tgz. Extracting by manifest.
3548 silly tarball no local data for strip-json-comments@https://registry.npmjs.org/strip-json-comments/-/strip-json-comments-3.1.1.tgz. Extracting by manifest.
3549 silly tarball no local data for text-table@https://registry.npmjs.org/text-table/-/text-table-0.2.0.tgz. Extracting by manifest.
3550 silly tarball no local data for fastq@https://registry.npmjs.org/fastq/-/fastq-1.20.3.tgz. Extracting by manifest.
3551 silly tarball no local data for strip-ansi@https://registry.npmjs.org/strip-ansi/-/strip-ansi-6.0.1.tgz. Extracting by manifest.
3552 silly tarball no local data for natural-compare@https://registry.npmjs.org/natural-compare/-/natural-compare-1.4.0.tgz. Extracting by manifest.
3553 silly tarball no local data for optionator@https://registry.npmjs.org/optionator/-/optionator-0.9.4.tgz. Extracting by manifest.
3554 silly tarball no local data for minimatch@https://registry.npmjs.org/minimatch/-/minimatch-3.1.5.tgz. Extracting by manifest.
3555 silly tarball no local data for levn@https://registry.npmjs.org/levn/-/levn-0.4.1.tgz. Extracting by manifest.
3556 silly tarball no local data for lodash.merge@https://registry.npmjs.org/lodash.merge/-/lodash.merge-4.6.2.tgz. Extracting by manifest.
3557 silly tarball no local data for json-stable-stringify-without-jsonify@https://registry.npmjs.org/json-stable-stringify-without-jsonify/-/json-stable-stringify-without-jsonify-1.0.1.tgz. Extracting by manifest.
3558 silly tarball no local data for is-path-inside@https://registry.npmjs.org/is-path-inside/-/is-path-inside-3.0.3.tgz. Extracting by manifest.
3559 silly tarball no local data for js-yaml@https://registry.npmjs.org/js-yaml/-/js-yaml-4.3.2.tgz. Extracting by manifest.
3560 silly tarball no local data for is-glob@https://registry.npmjs.org/is-glob/-/is-glob-4.0.3.tgz. Extracting by manifest.
3561 silly tarball no local data for imurmurhash@https://registry.npmjs.org/imurmurhash/-/imurmurhash-0.1.4.tgz. Extracting by manifest.
3562 silly tarball no local data for ignore@https://registry.npmjs.org/ignore/-/ignore-5.3.2.tgz. Extracting by manifest.
3563 silly tarball no local data for graphemer@https://registry.npmjs.org/graphemer/-/graphemer-1.4.0.tgz. Extracting by manifest.
3564 silly tarball no local data for globals@https://registry.npmjs.org/globals/-/globals-13.24.0.tgz. Extracting by manifest.
3565 silly tarball no local data for find-up@https://registry.npmjs.org/find-up/-/find-up-5.0.0.tgz. Extracting by manifest.
3566 silly tarball no local data for glob-parent@https://registry.npmjs.org/glob-parent/-/glob-parent-6.0.2.tgz. Extracting by manifest.
3567 silly tarball no local data for esquery@https://registry.npmjs.org/esquery/-/esquery-1.7.0.tgz. Extracting by manifest.
3568 silly tarball no local data for file-entry-cache@https://registry.npmjs.org/file-entry-cache/-/file-entry-cache-6.0.1.tgz. Extracting by manifest.
3569 silly tarball no local data for fast-deep-equal@https://registry.npmjs.org/fast-deep-equal/-/fast-deep-equal-3.1.3.tgz. Extracting by manifest.
3570 silly tarball no local data for esutils@https://registry.npmjs.org/esutils/-/esutils-2.0.3.tgz. Extracting by manifest.
3571 silly tarball no local data for espree@https://registry.npmjs.org/espree/-/espree-9.6.1.tgz. Extracting by manifest.
3572 silly tarball no local data for eslint-visitor-keys@https://registry.npmjs.org/eslint-visitor-keys/-/eslint-visitor-keys-3.4.3.tgz. Extracting by manifest.
3573 silly tarball no local data for doctrine@https://registry.npmjs.org/doctrine/-/doctrine-3.0.0.tgz. Extracting by manifest.
3574 silly tarball no local data for escape-string-regexp@https://registry.npmjs.org/escape-string-regexp/-/escape-string-regexp-4.0.0.tgz. Extracting by manifest.
3575 silly tarball no local data for eslint-scope@https://registry.npmjs.org/eslint-scope/-/eslint-scope-7.2.2.tgz. Extracting by manifest.
3576 silly tarball no local data for debug@https://registry.npmjs.org/debug/-/debug-4.4.3.tgz. Extracting by manifest.
3577 silly tarball no local data for cross-spawn@https://registry.npmjs.org/cross-spawn/-/cross-spawn-7.0.6.tgz. Extracting by manifest.
3578 silly tarball no local data for chalk@https://registry.npmjs.org/chalk/-/chalk-4.1.2.tgz. Extracting by manifest.
3579 silly tarball no local data for @ungap/structured-clone@https://registry.npmjs.org/@ungap/structured-clone/-/structured-clone-1.4.0.tgz. Extracting by manifest.
3580 silly tarball no local data for @nodelib/fs.walk@https://registry.npmjs.org/@nodelib/fs.walk/-/fs.walk-1.2.8.tgz. Extracting by manifest.
3581 silly tarball no local data for ajv@https://registry.npmjs.org/ajv/-/ajv-6.15.0.tgz. Extracting by manifest.
3582 silly tarball no local data for @eslint/js@https://registry.npmjs.org/@eslint/js/-/js-8.57.1.tgz. Extracting by manifest.
3583 silly tarball no local data for @humanwhocodes/module-importer@https://registry.npmjs.org/@humanwhocodes/module-importer/-/module-importer-1.0.1.tgz. Extracting by manifest.
3584 silly tarball no local data for @humanwhocodes/config-array@https://registry.npmjs.org/@humanwhocodes/config-array/-/config-array-0.13.0.tgz. Extracting by manifest.
3585 silly tarball no local data for @eslint/eslintrc@https://registry.npmjs.org/@eslint/eslintrc/-/eslintrc-2.1.4.tgz. Extracting by manifest.
3586 silly tarball no local data for update-browserslist-db@https://registry.npmjs.org/update-browserslist-db/-/update-browserslist-db-1.3.3.tgz. Extracting by manifest.
3587 silly tarball no local data for @eslint-community/regexpp@https://registry.npmjs.org/@eslint-community/regexpp/-/regexpp-4.12.2.tgz. Extracting by manifest.
3588 silly tarball no local data for @eslint-community/eslint-utils@https://registry.npmjs.org/@eslint-community/eslint-utils/-/eslint-utils-4.10.1.tgz. Extracting by manifest.
3589 silly tarball no local data for node-releases@https://registry.npmjs.org/node-releases/-/node-releases-2.0.57.tgz. Extracting by manifest.
3590 silly tarball no local data for baseline-browser-mapping@https://registry.npmjs.org/baseline-browser-mapping/-/baseline-browser-mapping-2.11.26.tgz. Extracting by manifest.
3591 silly tarball no local data for electron-to-chromium@https://registry.npmjs.org/electron-to-chromium/-/electron-to-chromium-1.5.442.tgz. Extracting by manifest.
3592 silly tarball no local data for postcss-value-parser@https://registry.npmjs.org/postcss-value-parser/-/postcss-value-parser-4.2.0.tgz. Extracting by manifest.
3593 silly tarball no local data for fraction.js@https://registry.npmjs.org/fraction.js/-/fraction.js-5.3.4.tgz. Extracting by manifest.
3594 silly tarball no local data for picocolors@https://registry.npmjs.org/picocolors/-/picocolors-1.1.1.tgz. Extracting by manifest.
3595 silly tarball no local data for caniuse-lite@https://registry.npmjs.org/caniuse-lite/-/caniuse-lite-1.0.30001814.tgz. Extracting by manifest.
3596 silly tarball no local data for browserslist@https://registry.npmjs.org/browserslist/-/browserslist-4.29.3.tgz. Extracting by manifest.
3597 silly tarball no local data for csstype@https://registry.npmjs.org/csstype/-/csstype-3.2.3.tgz. Extracting by manifest.
3598 silly tarball no local data for undici-types@https://registry.npmjs.org/undici-types/-/undici-types-6.21.0.tgz. Extracting by manifest.
3599 silly tarball no local data for iceberg-js@https://registry.npmjs.org/iceberg-js/-/iceberg-js-0.8.1.tgz. Extracting by manifest.
3600 silly tarball no local data for @supabase/storage-js@https://registry.npmjs.org/@supabase/storage-js/-/storage-js-2.117.2.tgz. Extracting by manifest.
3601 silly tarball no local data for @supabase/phoenix@https://registry.npmjs.org/@supabase/phoenix/-/phoenix-0.4.5.tgz. Extracting by manifest.
3602 silly tarball no local data for @supabase/realtime-js@https://registry.npmjs.org/@supabase/realtime-js/-/realtime-js-2.117.2.tgz. Extracting by manifest.
3603 silly tarball no local data for tslib@https://registry.npmjs.org/tslib/-/tslib-2.8.1.tgz. Extracting by manifest.
3604 silly tarball no local data for cookie@https://registry.npmjs.org/cookie/-/cookie-0.7.2.tgz. Extracting by manifest.
3605 silly tarball no local data for @supabase/postgrest-js@https://registry.npmjs.org/@supabase/postgrest-js/-/postgrest-js-2.117.2.tgz. Extracting by manifest.
3606 silly tarball no local data for @supabase/functions-js@https://registry.npmjs.org/@supabase/functions-js/-/functions-js-2.117.2.tgz. Extracting by manifest.
3607 silly tarball no local data for @types/cookie@https://registry.npmjs.org/@types/cookie/-/cookie-0.6.0.tgz. Extracting by manifest.
3608 silly tarball no local data for @supabase/auth-js@https://registry.npmjs.org/@supabase/auth-js/-/auth-js-2.117.2.tgz. Extracting by manifest.
3609 silly tarball no local data for zod@https://registry.npmjs.org/zod/-/zod-3.25.76.tgz. Extracting by manifest.
3610 silly tarball no local data for typescript@https://registry.npmjs.org/typescript/-/typescript-5.9.3.tgz. Extracting by manifest.
3611 silly tarball no local data for ua-parser-js@https://registry.npmjs.org/ua-parser-js/-/ua-parser-js-1.0.41.tgz. Extracting by manifest.
3612 silly tarball no local data for tailwindcss@https://registry.npmjs.org/tailwindcss/-/tailwindcss-3.4.19.tgz. Extracting by manifest.
3613 silly tarball no local data for recharts@https://registry.npmjs.org/recharts/-/recharts-2.15.4.tgz. Extracting by manifest.
3614 silly tarball no local data for react-dom@https://registry.npmjs.org/react-dom/-/react-dom-19.3.0.tgz. Extracting by manifest.
3615 silly tarball no local data for qrcode@https://registry.npmjs.org/qrcode/-/qrcode-1.5.4.tgz. Extracting by manifest.
3616 silly tarball no local data for react@https://registry.npmjs.org/react/-/react-19.3.0.tgz. Extracting by manifest.
3617 silly tarball no local data for eslint-config-next@https://registry.npmjs.org/eslint-config-next/-/eslint-config-next-15.5.26.tgz. Extracting by manifest.
3618 silly tarball no local data for next@https://registry.npmjs.org/next/-/next-15.5.26.tgz. Extracting by manifest.
3619 silly tarball no local data for nanoid@https://registry.npmjs.org/nanoid/-/nanoid-5.1.16.tgz. Extracting by manifest.
3620 silly tarball no local data for eslint@https://registry.npmjs.org/eslint/-/eslint-8.57.1.tgz. Extracting by manifest.
3621 silly tarball no local data for @types/react-dom@https://registry.npmjs.org/@types/react-dom/-/react-dom-19.3.0.tgz. Extracting by manifest.
3622 silly tarball no local data for @types/react@https://registry.npmjs.org/@types/react/-/react-19.3.0.tgz. Extracting by manifest.
3623 silly tarball no local data for autoprefixer@https://registry.npmjs.org/autoprefixer/-/autoprefixer-10.6.1.tgz. Extracting by manifest.
3624 silly tarball no local data for postcss@https://registry.npmjs.org/postcss/-/postcss-8.5.28.tgz. Extracting by manifest.
3625 silly tarball no local data for @types/qrcode@https://registry.npmjs.org/@types/qrcode/-/qrcode-1.5.6.tgz. Extracting by manifest.
3626 silly tarball no local data for @types/node@https://registry.npmjs.org/@types/node/-/node-20.19.43.tgz. Extracting by manifest.
3627 silly tarball no local data for @supabase/ssr@https://registry.npmjs.org/@supabase/ssr/-/ssr-0.5.2.tgz. Extracting by manifest.
3628 silly tarball no local data for @supabase/supabase-js@https://registry.npmjs.org/@supabase/supabase-js/-/supabase-js-2.117.2.tgz. Extracting by manifest.
3629 silly tarball no local data for emoji-regex@https://registry.npmjs.org/emoji-regex/-/emoji-regex-8.0.0.tgz. Extracting by manifest.
3630 silly tarball no local data for resolve@https://registry.npmjs.org/resolve/-/resolve-1.22.12.tgz. Extracting by manifest.
3631 silly tarball no local data for glob-parent@https://registry.npmjs.org/glob-parent/-/glob-parent-5.1.2.tgz. Extracting by manifest.
3632 silly tarball no local data for semver@https://registry.npmjs.org/semver/-/semver-6.3.1.tgz. Extracting by manifest.
3633 silly tarball no local data for p-locate@https://registry.npmjs.org/p-locate/-/p-locate-4.1.0.tgz. Extracting by manifest.
3634 silly tarball no local data for p-limit@https://registry.npmjs.org/p-limit/-/p-limit-2.3.0.tgz. Extracting by manifest.
3635 silly tarball no local data for debug@https://registry.npmjs.org/debug/-/debug-3.2.7.tgz. Extracting by manifest.
3636 silly tarball no local data for locate-path@https://registry.npmjs.org/locate-path/-/locate-path-5.0.0.tgz. Extracting by manifest.
3637 silly tarball no local data for find-up@https://registry.npmjs.org/find-up/-/find-up-4.1.0.tgz. Extracting by manifest.
3638 silly tarball no local data for picomatch@https://registry.npmjs.org/picomatch/-/picomatch-4.0.7.tgz. Extracting by manifest.
3639 silly tarball no local data for eslint-visitor-keys@https://registry.npmjs.org/eslint-visitor-keys/-/eslint-visitor-keys-5.0.1.tgz. Extracting by manifest.
3640 silly tarball no local data for balanced-match@https://registry.npmjs.org/balanced-match/-/balanced-match-4.0.4.tgz. Extracting by manifest.
3641 silly tarball no local data for fdir@https://registry.npmjs.org/fdir/-/fdir-6.5.0.tgz. Extracting by manifest.
3642 silly tarball no local data for glob-parent@https://registry.npmjs.org/glob-parent/-/glob-parent-5.1.2.tgz. Extracting by manifest.
3643 silly tarball no local data for doctrine@https://registry.npmjs.org/doctrine/-/doctrine-2.1.0.tgz. Extracting by manifest.
3644 silly tarball no local data for minimatch@https://registry.npmjs.org/minimatch/-/minimatch-10.2.6.tgz. Extracting by manifest.
3645 silly tarball no local data for brace-expansion@https://registry.npmjs.org/brace-expansion/-/brace-expansion-5.0.12.tgz. Extracting by manifest.
3646 silly tarball no local data for semver@https://registry.npmjs.org/semver/-/semver-6.3.1.tgz. Extracting by manifest.
3647 silly tarball no local data for ignore@https://registry.npmjs.org/ignore/-/ignore-7.0.10.tgz. Extracting by manifest.
3648 silly tarball no local data for debug@https://registry.npmjs.org/debug/-/debug-3.2.7.tgz. Extracting by manifest.
3649 silly tarball no local data for resolve@https://registry.npmjs.org/resolve/-/resolve-1.22.12.tgz. Extracting by manifest.
3650 silly tarball no local data for debug@https://registry.npmjs.org/debug/-/debug-3.2.7.tgz. Extracting by manifest.
3651 silly tarball no local data for semver@https://registry.npmjs.org/semver/-/semver-6.3.1.tgz. Extracting by manifest.
3652 silly tarball no local data for doctrine@https://registry.npmjs.org/doctrine/-/doctrine-2.1.0.tgz. Extracting by manifest.
3653 silly tarball no local data for glob-parent@https://registry.npmjs.org/glob-parent/-/glob-parent-5.1.2.tgz. Extracting by manifest.
3654 silly tarball no local data for fast-glob@https://registry.npmjs.org/fast-glob/-/fast-glob-3.3.3.tgz. Extracting by manifest.
3655 silly tarball no local data for react-is@https://registry.npmjs.org/react-is/-/react-is-18.3.1.tgz. Extracting by manifest.
3656 silly tarball no local data for nanoid@https://registry.npmjs.org/nanoid/-/nanoid-3.3.19.tgz. Extracting by manifest.
3657 silly tarball no local data for postcss@https://registry.npmjs.org/postcss/-/postcss-8.4.31.tgz. Extracting by manifest.
3658 silly tarball no local data for nanoid@https://registry.npmjs.org/nanoid/-/nanoid-3.3.19.tgz. Extracting by manifest.
3659 http fetch POST 200 https://registry.npmjs.org/-/npm/v1/security/advisories/bulk 1288ms
3660 silly audit report {
3660 silly audit report   postcss: [
3660 silly audit report     {
3660 silly audit report       id: 1130709,
3660 silly audit report       url: 'https://github.com/advisories/GHSA-fxqj-rqcc-2cmp',
3660 silly audit report       title: 'PostCSS: incomplete fix of GHSA-6g55-p6wh-862q — attacker-controlled sourceMappingURL reads arbitrary .map files when `from` is unset',
3660 silly audit report       severity: 'moderate',
3660 silly audit report       vulnerable_versions: '<=8.5.22',
3660 silly audit report       cwe: [Array],
3660 silly audit report       cvss: [Object]
3660 silly audit report     },
3660 silly audit report     {
3660 silly audit report       id: 1117015,
3660 silly audit report       url: 'https://github.com/advisories/GHSA-qx2v-qp2m-jg93',
3660 silly audit report       title: 'PostCSS has XSS via Unescaped </style> in its CSS Stringify Output',
3660 silly audit report       severity: 'moderate',
3660 silly audit report       vulnerable_versions: '<8.5.10',
3660 silly audit report       cwe: [Array],
3660 silly audit report       cvss: [Object]
3660 silly audit report     },
3660 silly audit report     {
3660 silly audit report       id: 1124252,
3660 silly audit report       url: 'https://github.com/advisories/GHSA-6g55-p6wh-862q',
3660 silly audit report       title: 'PostCSS: Arbitrary file read and information disclosure via attacker-controlled sourceMappingURL in CSS comments',
3660 silly audit report       severity: 'high',
3660 silly audit report       vulnerable_versions: '<=8.5.11',
3660 silly audit report       cwe: [Array],
3660 silly audit report       cvss: [Object]
3660 silly audit report     },
3660 silly audit report     {
3660 silly audit report       id: 1139510,
3660 silly audit report       url: 'https://github.com/advisories/GHSA-r28c-9q8g-f849',
3660 silly audit report       title: 'PostCSS: Path Traversal in Previous Source Map Auto-Loading (sourceMappingURL) leads to Arbitrary .map File Disclosure',
3660 silly audit report       severity: 'high',
3660 silly audit report       vulnerable_versions: '<=8.5.17',
3660 silly audit report       cwe: [Array],
3660 silly audit report       cvss: [Object]
3660 silly audit report     }
3660 silly audit report   ]
3660 silly audit report }
3661 silly packumentCache corgi:https://registry.npmjs.org/postcss cache-miss
3662 http fetch GET 200 https://registry.npmjs.org/require-directory/-/require-directory-2.1.1.tgz 796ms (cache miss)
3663 http cache https://registry.npmjs.org/is-map/-/is-map-2.0.3.tgz 797ms (cache hit)
3664 http cache https://registry.npmjs.org/generator-function/-/generator-function-2.0.1.tgz 798ms (cache hit)
3665 http cache https://registry.npmjs.org/is-finalizationregistry/-/is-finalizationregistry-1.1.1.tgz 800ms (cache hit)
3666 http cache https://registry.npmjs.org/which-collection/-/which-collection-1.0.2.tgz 802ms (cache hit)
3667 http cache https://registry.npmjs.org/is-generator-function/-/is-generator-function-1.1.2.tgz 801ms (cache hit)
3668 http fetch GET 200 https://registry.npmjs.org/require-main-filename/-/require-main-filename-2.0.0.tgz 814ms (cache miss)
3669 http fetch GET 200 https://registry.npmjs.org/get-caller-file/-/get-caller-file-2.0.5.tgz 817ms (cache miss)
3670 http fetch GET 200 https://registry.npmjs.org/d3-format/-/d3-format-3.1.2.tgz 849ms (cache miss)
3671 http fetch GET 200 https://registry.npmjs.org/internmap/-/internmap-2.0.3.tgz 847ms (cache miss)
3672 http fetch GET 200 https://registry.npmjs.org/d3-color/-/d3-color-3.1.0.tgz 852ms (cache miss)
3673 http fetch GET 200 https://registry.npmjs.org/@types/d3-path/-/d3-path-3.1.1.tgz 901ms (cache miss)
3674 http fetch GET 200 https://registry.npmjs.org/which-module/-/which-module-2.0.1.tgz 942ms (cache miss)
3675 http fetch GET 200 https://registry.npmjs.org/decamelize/-/decamelize-1.2.0.tgz 944ms (cache miss)
3676 http fetch GET 200 https://registry.npmjs.org/set-blocking/-/set-blocking-2.0.0.tgz 956ms (cache miss)
3677 http fetch GET 200 https://registry.npmjs.org/@types/d3-color/-/d3-color-3.1.3.tgz 942ms (cache miss)
3678 http fetch GET 200 https://registry.npmjs.org/d3-path/-/d3-path-3.1.0.tgz 1000ms (cache miss)
3679 http fetch GET 200 https://registry.npmjs.org/d3-time/-/d3-time-3.1.0.tgz 1017ms (cache miss)
3680 http fetch GET 200 https://registry.npmjs.org/isexe/-/isexe-2.0.0.tgz 1183ms (cache miss)
3681 warn tar TAR_ENTRY_ERROR ENOENT: no such file or directory, rename 'C:\Users\ricar\Documents\Codex\2026-09-30\build-a-link-shortener-with-click\node_modules\is-async-function\test\index.js' -> 'C:\Users\ricar\Documents\Codex\2026-09-30\build-a-link-shortener-with-click\node_modules\is-async-function\test\index.js.DELETE.9cf636c3d65fcadad41be60a196f655e'
3682 silly tar TAR_ENTRY_ERROR ENOENT: no such file or directory, rename 'C:\Users\ricar\Documents\Codex\2026-09-30\build-a-link-shortener-with-click\node_modules\is-async-function\test\index.js' -> 'C:\Users\ricar\Documents\Codex\2026-09-30\build-a-link-shortener-with-click\node_modules\is-async-function\test\index.js.DELETE.9cf636c3d65fcadad41be60a196f655e' [Error: ENOENT: no such file or directory, rename 'C:\Users\ricar\Documents\Codex\2026-09-30\build-a-link-shortener-with-click\node_modules\is-async-function\test\index.js' -> 'C:\Users\ricar\Documents\Codex\2026-09-30\build-a-link-shortener-with-click\node_modules\is-async-function\test\index.js.DELETE.9cf636c3d65fcadad41be60a196f655e'] {
3682 silly tar   errno: -4058,
3682 silly tar   code: 'ENOENT',
3682 silly tar   syscall: 'rename',
3682 silly tar   path: 'C:\\Users\\ricar\\Documents\\Codex\\2026-09-30\\build-a-link-shortener-with-click\\node_modules\\is-async-function\\test\\index.js',
3682 silly tar   dest: 'C:\\Users\\ricar\\Documents\\Codex\\2026-09-30\\build-a-link-shortener-with-click\\node_modules\\is-async-function\\test\\index.js.DELETE.9cf636c3d65fcadad41be60a196f655e',
3682 silly tar   entry: Is {
3682 silly tar     _events: [Object: null prototype] {
3682 silly tar       end: [Function (anonymous)],
3682 silly tar       drain: [Function]
3682 silly tar     },
3682 silly tar     _eventsCount: 2,
3682 silly tar     _maxListeners: undefined,
3682 silly tar     writable: true,
3682 silly tar     readable: true,
3682 silly tar     extended: undefined,
3682 silly tar     globalExtended: undefined,
3682 silly tar     header: Ls {
3682 silly tar       cksumValid: true,
3682 silly tar       needPax: false,
3682 silly tar       nullBlock: false,
3682 silly tar       block: undefined,
3682 silly tar       path: 'package/test/index.js',
3682 silly tar       mode: 420,
3682 silly tar       uid: undefined,
3682 silly tar       gid: undefined,
3682 silly tar       size: 2990,
3682 silly tar       cksum: 5072,
3682 silly tar       linkpath: '',
3682 silly tar       uname: '',
3682 silly tar       gname: '',
3682 silly tar       devmaj: 0,
3682 silly tar       devmin: 0,
3682 silly tar       atime: undefined,
3682 silly tar       ctime: undefined,
3682 silly tar       mtime: 1985-10-26T08:15:00.000Z,
3682 silly tar       charset: undefined,
3682 silly tar       comment: undefined
3682 silly tar     },
3682 silly tar     startBlockSize: 3072,
3682 silly tar     blockRemain: 2285,
3682 silly tar     remain: 2203,
3682 silly tar     type: 'File',
3682 silly tar     meta: false,
3682 silly tar     ignore: false,
3682 silly tar     path: 'test/index.js',
3682 silly tar     mode: 438,
3682 silly tar     uid: undefined,
3682 silly tar     gid: undefined,
3682 silly tar     uname: '',
3682 silly tar     gname: '',
3682 silly tar     size: 2990,
3682 silly tar     mtime: 1985-10-26T08:15:00.000Z,
3682 silly tar     atime: undefined,
3682 silly tar     ctime: undefined,
3682 silly tar     linkpath: undefined,
3682 silly tar     dev: undefined,
3682 silly tar     ino: undefined,
3682 silly tar     nlink: undefined,
3682 silly tar     invalid: false,
3682 silly tar     absolute: 'C:/Users/ricar/Documents/Codex/2026-09-30/build-a-link-shortener-with-click/node_modules/is-async-function/test/index.js',
3682 silly tar     unsupported: false,
3682 silly tar     Symbol(shapeMode): false,
3682 silly tar     Symbol(kCapture): false,
3682 silly tar     Symbol(flowing): false,
3682 silly tar     Symbol(paused): true,
3682 silly tar     Symbol(pipes): [],
3682 silly tar     Symbol(buffer): [
3682 silly tar       <Buffer 27 75 73 65 20 73 74 72 69 63 74 27 3b 0a 0a 2f 2a 20 67 6c 6f 62 61 6c 73 20 77 69 6e 64 6f 77 20 2a 2f 0a 0a 76 61 72 20 74 65 73 74 20 3d 20 72 65 ... 737 more bytes>
3682 silly tar     ],
3682 silly tar     Symbol(objectMode): false,
3682 silly tar     Symbol(encoding): null,
3682 silly tar     Symbol(async): false,
3682 silly tar     Symbol(decoder): null,
3682 silly tar     Symbol(EOF): false,
3682 silly tar     Symbol(emittedEnd): false,
3682 silly tar     Symbol(emittingEnd): false,
3682 silly tar     Symbol(closed): false,
3682 silly tar     Symbol(emittedError): null,
3682 silly tar     Symbol(bufferLength): 787,
3682 silly tar     Symbol(destroyed): false,
3682 silly tar     Symbol(signal): undefined,
3682 silly tar     Symbol(aborted): false,
3682 silly tar     Symbol(dataListeners): 0,
3682 silly tar     Symbol(discarded): false
3682 silly tar   },
3682 silly tar   cwd: 'C:/Users/ricar/Documents/Codex/2026-09-30/build-a-link-shortener-with-click/node_modules/is-async-function',
3682 silly tar   tarCode: 'TAR_ENTRY_ERROR'
3682 silly tar }
3683 http fetch GET 200 https://registry.npmjs.org/is-async-function/-/is-async-function-2.1.1.tgz 1221ms (cache miss)
3684 http fetch GET 200 https://registry.npmjs.org/@types/d3-ease/-/d3-ease-3.0.2.tgz 1340ms (cache miss)
3685 http fetch GET 200 https://registry.npmjs.org/@types/d3-interpolate/-/d3-interpolate-3.0.4.tgz 1355ms (cache miss)
3686 http fetch GET 200 https://registry.npmjs.org/d3-timer/-/d3-timer-3.0.1.tgz 1365ms (cache miss)
3687 http fetch GET 200 https://registry.npmjs.org/@types/d3-time/-/d3-time-3.0.4.tgz 1388ms (cache miss)
3688 http fetch GET 200 https://registry.npmjs.org/@types/d3-shape/-/d3-shape-3.2.0.tgz 1497ms (cache miss)
3689 http fetch GET 200 https://registry.npmjs.org/@types/d3-array/-/d3-array-3.2.2.tgz 1506ms (cache miss)
3690 http fetch GET 200 https://registry.npmjs.org/@types/d3-scale/-/d3-scale-4.0.9.tgz 1521ms (cache miss)
3691 http fetch GET 200 https://registry.npmjs.org/d3-ease/-/d3-ease-3.0.1.tgz 1569ms (cache miss)
3692 http fetch GET 200 https://registry.npmjs.org/@types/d3-timer/-/d3-timer-3.0.2.tgz 1638ms (cache miss)
3693 http fetch GET 200 https://registry.npmjs.org/d3-scale/-/d3-scale-4.0.2.tgz 1661ms (cache miss)
3694 http fetch GET 200 https://registry.npmjs.org/has-bigints/-/has-bigints-1.1.0.tgz 1673ms (cache miss)
3695 http fetch GET 200 https://registry.npmjs.org/d3-shape/-/d3-shape-3.2.0.tgz 1708ms (cache miss)
3696 http fetch GET 200 https://registry.npmjs.org/reflect.getprototypeof/-/reflect.getprototypeof-1.0.10.tgz 1766ms (cache miss)
3697 http fetch GET 200 https://registry.npmjs.org/which-boxed-primitive/-/which-boxed-primitive-1.1.1.tgz 1834ms (cache miss)
3698 http fetch GET 200 https://registry.npmjs.org/for-each/-/for-each-0.3.5.tgz 1923ms (cache miss)
3699 http fetch GET 200 https://registry.npmjs.org/punycode/-/punycode-2.3.1.tgz 1974ms (cache miss)
3700 http fetch GET 200 https://registry.npmjs.org/d3-interpolate/-/d3-interpolate-3.0.1.tgz 1978ms (cache miss)
3701 http fetch GET 200 https://registry.npmjs.org/napi-postinstall/-/napi-postinstall-0.3.4.tgz 1983ms (cache miss)
3702 http fetch GET 200 https://registry.npmjs.org/escalade/-/escalade-3.2.0.tgz 1993ms (cache miss)
3703 http fetch GET 200 https://registry.npmjs.org/@jridgewell/resolve-uri/-/resolve-uri-3.1.2.tgz 2011ms (cache miss)
3704 http fetch GET 200 https://registry.npmjs.org/which-builtin-type/-/which-builtin-type-1.2.1.tgz 2030ms (cache miss)
3705 http fetch GET 200 https://registry.npmjs.org/thenify/-/thenify-3.3.1.tgz 2063ms (cache miss)
3706 http fetch GET 200 https://registry.npmjs.org/@types/json5/-/json5-0.0.29.tgz 2073ms (cache miss)
3707 http fetch GET 200 https://registry.npmjs.org/json5/-/json5-1.0.2.tgz 2165ms (cache miss)
3708 http fetch GET 200 https://registry.npmjs.org/thenify-all/-/thenify-all-1.6.0.tgz 2177ms (cache miss)
3709 http fetch GET 200 https://registry.npmjs.org/is-number/-/is-number-7.0.0.tgz 2186ms (cache miss)
3710 http fetch GET 200 https://registry.npmjs.org/d3-array/-/d3-array-3.2.4.tgz 2197ms (cache miss)
3711 http fetch GET 200 https://registry.npmjs.org/any-promise/-/any-promise-1.3.0.tgz 2319ms (cache miss)
3712 http fetch GET 200 https://registry.npmjs.org/pirates/-/pirates-4.0.7.tgz 2372ms (cache miss)
3713 http fetch GET 200 https://registry.npmjs.org/ts-interface-checker/-/ts-interface-checker-0.1.13.tgz 2408ms (cache miss)
3714 http fetch GET 200 https://registry.npmjs.org/mz/-/mz-2.7.0.tgz 2460ms (cache miss)
3715 http fetch GET 200 https://registry.npmjs.org/lines-and-columns/-/lines-and-columns-1.2.4.tgz 2487ms (cache miss)
3716 http fetch GET 200 https://registry.npmjs.org/commander/-/commander-4.1.1.tgz 2552ms (cache miss)
3717 http fetch GET 200 https://registry.npmjs.org/strip-bom/-/strip-bom-3.0.0.tgz 2737ms (cache miss)
3718 http fetch GET 200 https://registry.npmjs.org/minimist/-/minimist-1.2.8.tgz 2774ms (cache miss)
3719 http fetch GET 200 https://registry.npmjs.org/util-deprecate/-/util-deprecate-1.0.2.tgz 2939ms (cache miss)
3720 http fetch GET 200 https://registry.npmjs.org/@jridgewell/sourcemap-codec/-/sourcemap-codec-1.6.0.tgz 3205ms (cache miss)
3721 http fetch GET 200 https://registry.npmjs.org/binary-extensions/-/binary-extensions-2.3.0.tgz 3251ms (cache miss)
3722 http fetch GET 200 https://registry.npmjs.org/readdirp/-/readdirp-3.6.0.tgz 3253ms (cache miss)
3723 http fetch GET 200 https://registry.npmjs.org/camelcase-css/-/camelcase-css-2.0.1.tgz 3265ms (cache miss)
3724 http fetch GET 200 https://registry.npmjs.org/@jridgewell/gen-mapping/-/gen-mapping-0.3.13.tgz 3340ms (cache miss)
3725 http fetch GET 200 https://registry.npmjs.org/@jridgewell/trace-mapping/-/trace-mapping-0.3.31.tgz 3345ms (cache miss)
3726 http fetch GET 200 https://registry.npmjs.org/cssesc/-/cssesc-3.0.0.tgz 3337ms (cache miss)
3727 http fetch GET 200 https://registry.npmjs.org/is-binary-path/-/is-binary-path-2.1.0.tgz 3366ms (cache miss)
3728 http fetch GET 200 https://registry.npmjs.org/postcss-nested/-/postcss-nested-6.2.0.tgz 3563ms (cache miss)
3729 http fetch GET 200 https://registry.npmjs.org/postcss-load-config/-/postcss-load-config-6.0.1.tgz 3611ms (cache miss)
3730 http fetch GET 200 https://registry.npmjs.org/anymatch/-/anymatch-3.1.3.tgz 3638ms (cache miss)
3731 http fetch GET 200 https://registry.npmjs.org/postcss-js/-/postcss-js-4.1.0.tgz 3698ms (cache miss)
3732 http fetch GET 200 https://registry.npmjs.org/normalize-path/-/normalize-path-3.0.0.tgz 3823ms (cache miss)
3733 http fetch GET 200 https://registry.npmjs.org/object-hash/-/object-hash-3.0.0.tgz 3840ms (cache miss)
3734 http fetch GET 200 https://registry.npmjs.org/dlv/-/dlv-1.1.3.tgz 3942ms (cache miss)
3735 http fetch GET 200 https://registry.npmjs.org/@alloc/quick-lru/-/quick-lru-5.3.0.tgz 3984ms (cache miss)
3736 http fetch GET 200 https://registry.npmjs.org/didyoumean/-/didyoumean-1.2.2.tgz 4171ms (cache miss)
3737 http fetch GET 200 https://registry.npmjs.org/postcss-import/-/postcss-import-15.1.0.tgz 4269ms (cache miss)
3738 http fetch GET 200 https://registry.npmjs.org/chokidar/-/chokidar-3.6.0.tgz 4280ms (cache miss)
3739 http fetch GET 200 https://registry.npmjs.org/read-cache/-/read-cache-1.0.2.tgz 4312ms (cache miss)
3740 http fetch GET 200 https://registry.npmjs.org/arg/-/arg-5.0.2.tgz 4462ms (cache miss)
3741 http fetch GET 200 https://registry.npmjs.org/postcss-selector-parser/-/postcss-selector-parser-6.1.4.tgz 4511ms (cache miss)
3742 http fetch GET 200 https://registry.npmjs.org/has-flag/-/has-flag-4.0.0.tgz 4502ms (cache miss)
3743 http fetch GET 200 https://registry.npmjs.org/lilconfig/-/lilconfig-3.1.3.tgz 4565ms (cache miss)
3744 http fetch GET 200 https://registry.npmjs.org/client-only/-/client-only-0.0.1.tgz 4699ms (cache miss)
3745 http fetch GET 200 https://registry.npmjs.org/ansi-regex/-/ansi-regex-5.0.1.tgz 4699ms (cache miss)
3746 http fetch GET 200 https://registry.npmjs.org/side-channel-weakmap/-/side-channel-weakmap-1.0.2.tgz 4824ms (cache miss)
3747 http fetch GET 200 https://registry.npmjs.org/side-channel-map/-/side-channel-map-1.0.1.tgz 4953ms (cache miss)
3748 http fetch GET 200 https://registry.npmjs.org/shebang-regex/-/shebang-regex-3.0.0.tgz 5128ms (cache miss)
3749 http fetch GET 200 https://registry.npmjs.org/detect-libc/-/detect-libc-2.1.2.tgz 5159ms (cache miss)
3750 http fetch GET 200 https://registry.npmjs.org/isarray/-/isarray-2.0.5.tgz 5180ms (cache miss)
3751 http fetch GET 200 https://registry.npmjs.org/side-channel-list/-/side-channel-list-1.0.1.tgz 5353ms (cache miss)
3752 http fetch GET 200 https://registry.npmjs.org/wrappy/-/wrappy-1.0.2.tgz 5505ms (cache miss)
3753 http fetch GET 200 https://registry.npmjs.org/path-is-absolute/-/path-is-absolute-1.0.1.tgz 5535ms (cache miss)
3754 http fetch GET 200 https://registry.npmjs.org/inherits/-/inherits-2.0.4.tgz 5697ms (cache miss)
3755 http fetch GET 200 https://registry.npmjs.org/queue-microtask/-/queue-microtask-1.2.3.tgz 5707ms (cache miss)
3756 http fetch GET 200 https://registry.npmjs.org/fs.realpath/-/fs.realpath-1.0.0.tgz 5852ms (cache miss)
3757 http fetch GET 200 https://registry.npmjs.org/inflight/-/inflight-1.0.6.tgz 5883ms (cache miss)
3758 warn deprecated inflight@1.0.6: This module is not supported, and leaks memory. Do not use it. Check out lru-cache if you want a good and tested way to coalesce async requests by a key value, which is much more comprehensive and powerful.
3759 http fetch GET 200 https://registry.npmjs.org/once/-/once-1.4.0.tgz 6003ms (cache miss)
3760 http fetch GET 200 https://registry.npmjs.org/path-parse/-/path-parse-1.0.7.tgz 6119ms (cache miss)
3761 http fetch GET 200 https://registry.npmjs.org/@img/colour/-/colour-1.1.0.tgz 6349ms (cache miss)
3762 http fetch GET 200 https://registry.npmjs.org/supports-preserve-symlinks-flag/-/supports-preserve-symlinks-flag-1.0.0.tgz 6586ms (cache miss)
3763 http fetch GET 200 https://registry.npmjs.org/node-exports-info/-/node-exports-info-1.6.2.tgz 6669ms (cache miss)
3764 http fetch GET 200 https://registry.npmjs.org/glob/-/glob-7.2.3.tgz 6748ms (cache miss)
3765 warn deprecated glob@7.2.3: Old versions of glob are not supported, and contain widely publicized security vulnerabilities, which have been fixed in the current version. Please update. Support for old versions may be purchased (at exorbitant rates) by contacting i@izs.me
3766 http fetch GET 200 https://registry.npmjs.org/react-transition-group/-/react-transition-group-4.4.5.tgz 6969ms (cache miss)
3767 http fetch GET 200 https://registry.npmjs.org/tiny-invariant/-/tiny-invariant-1.3.3.tgz 7389ms (cache miss)
3768 http fetch GET 200 https://registry.npmjs.org/recharts-scale/-/recharts-scale-0.4.5.tgz 7419ms (cache miss)
3769 http fetch GET 200 https://registry.npmjs.org/sucrase/-/sucrase-3.35.1.tgz 7650ms (cache miss)
3770 http fetch GET 200 https://registry.npmjs.org/react-smooth/-/react-smooth-4.0.4.tgz 7789ms (cache miss)
3771 http fetch GET 200 https://registry.npmjs.org/@babel/runtime/-/runtime-7.29.7.tgz 8164ms (cache miss)
3772 http fetch GET 200 https://registry.npmjs.org/dom-helpers/-/dom-helpers-5.2.1.tgz 8197ms (cache miss)
3773 http fetch GET 200 https://registry.npmjs.org/clsx/-/clsx-2.1.1.tgz 8330ms (cache miss)
3774 http fetch GET 200 https://registry.npmjs.org/eventemitter3/-/eventemitter3-4.0.7.tgz 8553ms (cache miss)
3775 http fetch GET 200 https://registry.npmjs.org/fast-equals/-/fast-equals-5.4.3.tgz 8576ms (cache miss)
3776 http fetch GET 200 https://registry.npmjs.org/victory-vendor/-/victory-vendor-36.9.2.tgz 9077ms (cache miss)
3777 http fetch GET 200 https://registry.npmjs.org/react-is/-/react-is-16.13.1.tgz 9153ms (cache miss)
3778 http fetch GET 200 https://registry.npmjs.org/dijkstrajs/-/dijkstrajs-1.0.3.tgz 9609ms (cache miss)
3779 http fetch GET 200 https://registry.npmjs.org/scheduler/-/scheduler-0.28.0.tgz 10039ms (cache miss)
3780 http fetch GET 200 https://registry.npmjs.org/yargs/-/yargs-15.4.1.tgz 10049ms (cache miss)
3781 http fetch GET 200 https://registry.npmjs.org/decimal.js-light/-/decimal.js-light-2.5.1.tgz 10117ms (cache miss)
3782 http fetch GET 200 https://registry.npmjs.org/js-tokens/-/js-tokens-4.0.0.tgz 10267ms (cache miss)
3783 http fetch GET 200 https://registry.npmjs.org/object-assign/-/object-assign-4.1.1.tgz 10285ms (cache miss)
3784 http fetch GET 200 https://registry.npmjs.org/yocto-queue/-/yocto-queue-0.1.0.tgz 10562ms (cache miss)
3785 http fetch GET 200 https://registry.npmjs.org/loose-envify/-/loose-envify-1.4.0.tgz 10691ms (cache miss)
3786 http fetch GET 200 https://registry.npmjs.org/callsites/-/callsites-3.1.0.tgz 10837ms (cache miss)
3787 http fetch GET 200 https://registry.npmjs.org/p-limit/-/p-limit-3.1.0.tgz 10960ms (cache miss)
3788 http fetch GET 200 https://registry.npmjs.org/pngjs/-/pngjs-5.0.0.tgz 11096ms (cache miss)
3789 http fetch GET 200 https://registry.npmjs.org/fast-levenshtein/-/fast-levenshtein-2.0.6.tgz 11108ms (cache miss)
3790 http fetch GET 200 https://registry.npmjs.org/word-wrap/-/word-wrap-1.2.5.tgz 11362ms (cache miss)
3791 http fetch GET 200 https://registry.npmjs.org/@next/env/-/env-15.5.26.tgz 11516ms (cache miss)
3792 http fetch GET https://registry.npmjs.org/d3-time-format/-/d3-time-format-4.1.0.tgz attempt 1 failed with ECONNRESET
3793 http fetch GET https://registry.npmjs.org/is-number-object/-/is-number-object-1.1.1.tgz attempt 1 failed with ECONNRESET
3794 http fetch GET https://registry.npmjs.org/is-weakmap/-/is-weakmap-2.0.2.tgz attempt 1 failed with ECONNRESET
3795 http fetch GET https://registry.npmjs.org/is-bigint/-/is-bigint-1.1.0.tgz attempt 1 failed with ECONNRESET
3796 http fetch GET 200 https://registry.npmjs.org/source-map-js/-/source-map-js-1.2.1.tgz 12410ms (cache miss)
3797 http fetch GET 200 https://registry.npmjs.org/deep-is/-/deep-is-0.1.4.tgz 12443ms (cache miss)
3798 http fetch GET 200 https://registry.npmjs.org/fill-range/-/fill-range-7.1.1.tgz 12907ms (cache miss)
3799 http fetch GET 200 https://registry.npmjs.org/brace-expansion/-/brace-expansion-1.1.21.tgz 13131ms (cache miss)
3800 http fetch GET 200 https://registry.npmjs.org/p-locate/-/p-locate-5.0.0.tgz 13428ms (cache miss)
3801 http fetch GET 200 https://registry.npmjs.org/picomatch/-/picomatch-2.3.2.tgz 13494ms (cache miss)
3802 http fetch GET 200 https://registry.npmjs.org/type-check/-/type-check-0.4.0.tgz 13776ms (cache miss)
3803 http fetch GET 200 https://registry.npmjs.org/braces/-/braces-3.0.3.tgz 13895ms (cache miss)
3804 http fetch GET 200 https://registry.npmjs.org/@swc/helpers/-/helpers-0.5.15.tgz 13929ms (cache miss)
3805 http fetch GET 200 https://registry.npmjs.org/lodash/-/lodash-4.18.1.tgz 14018ms (cache miss)
3806 http fetch GET 200 https://registry.npmjs.org/json-buffer/-/json-buffer-3.0.1.tgz 14154ms (cache miss)
3807 http fetch GET 200 https://registry.npmjs.org/prelude-ls/-/prelude-ls-1.2.1.tgz 14278ms (cache miss)
3808 http fetch GET 200 https://registry.npmjs.org/side-channel/-/side-channel-1.1.1.tgz 14509ms (cache miss)
3809 http fetch GET 200 https://registry.npmjs.org/is-extglob/-/is-extglob-2.1.1.tgz 14689ms (cache miss)
3810 http fetch GET 200 https://registry.npmjs.org/set-function-name/-/set-function-name-2.0.2.tgz 14954ms (cache miss)
3811 http fetch GET 200 https://registry.npmjs.org/parent-module/-/parent-module-1.0.1.tgz 15147ms (cache miss)
3812 http fetch GET 200 https://registry.npmjs.org/sharp/-/sharp-0.35.5.tgz 15524ms (cache miss)
3813 http fetch GET 200 https://registry.npmjs.org/dunder-proto/-/dunder-proto-1.0.1.tgz 15524ms (cache miss)
3814 http fetch GET 200 https://registry.npmjs.org/is-document.all/-/is-document.all-1.0.0.tgz 15824ms (cache miss)
3815 http fetch GET 200 https://registry.npmjs.org/argparse/-/argparse-2.0.1.tgz 15922ms (cache miss)
3816 http fetch GET 200 https://registry.npmjs.org/type-fest/-/type-fest-0.20.2.tgz 16015ms (cache miss)
3817 http fetch GET 200 https://registry.npmjs.org/functions-have-names/-/functions-have-names-1.2.3.tgz 16143ms (cache miss)
3818 http fetch GET 200 https://registry.npmjs.org/resolve-from/-/resolve-from-4.0.0.tgz 16242ms (cache miss)
3819 http fetch GET 200 https://registry.npmjs.org/resolve-pkg-maps/-/resolve-pkg-maps-1.0.0.tgz 16356ms (cache miss)
3820 http fetch GET 200 https://registry.npmjs.org/path-exists/-/path-exists-4.0.0.tgz 16774ms (cache miss)
3821 http fetch GET 200 https://registry.npmjs.org/rimraf/-/rimraf-3.0.2.tgz 17634ms (cache miss)
3822 warn deprecated rimraf@3.0.2: Rimraf versions prior to v4 are no longer supported
3823 http fetch GET 200 https://registry.npmjs.org/locate-path/-/locate-path-6.0.0.tgz 17729ms (cache miss)
3824 http fetch GET 200 https://registry.npmjs.org/flatted/-/flatted-3.4.4.tgz 17736ms (cache miss)
3825 http fetch GET 200 https://registry.npmjs.org/keyv/-/keyv-4.5.4.tgz 17797ms (cache miss)
3826 http fetch GET 200 https://registry.npmjs.org/merge2/-/merge2-1.4.1.tgz 18103ms (cache miss)
3827 http fetch GET 200 https://registry.npmjs.org/reusify/-/reusify-1.1.0.tgz 18140ms (cache miss)
3828 http fetch GET 200 https://registry.npmjs.org/jiti/-/jiti-1.21.7.tgz 18451ms (cache miss)
3829 http fetch GET 200 https://registry.npmjs.org/esrecurse/-/esrecurse-4.3.0.tgz 18431ms (cache miss)
3830 http fetch GET 200 https://registry.npmjs.org/flat-cache/-/flat-cache-3.2.0.tgz 18454ms (cache miss)
3831 http fetch GET 200 https://registry.npmjs.org/language-subtag-registry/-/language-subtag-registry-0.3.23.tgz 18529ms (cache miss)
3832 http fetch GET 200 https://registry.npmjs.org/acorn-jsx/-/acorn-jsx-5.3.2.tgz 19290ms (cache miss)
3833 http fetch GET 200 https://registry.npmjs.org/iterator.prototype/-/iterator.prototype-1.1.5.tgz 19324ms (cache miss)
3834 http fetch GET 200 https://registry.npmjs.org/micromatch/-/micromatch-4.0.8.tgz 19372ms (cache miss)
3835 http fetch GET https://registry.npmjs.org/is-boolean-object/-/is-boolean-object-1.2.2.tgz attempt 1 failed with ECONNRESET
3836 http fetch GET https://registry.npmjs.org/cliui/-/cliui-6.0.0.tgz attempt 1 failed with ECONNRESET
3837 http fetch GET 200 https://registry.npmjs.org/object.entries/-/object.entries-1.1.9.tgz 19801ms (cache miss)
3838 http fetch GET 200 https://registry.npmjs.org/string.prototype.repeat/-/string.prototype.repeat-1.0.0.tgz 19804ms (cache miss)
3839 http fetch GET 200 https://registry.npmjs.org/language-tags/-/language-tags-1.0.9.tgz 20472ms (cache miss)
3840 http fetch GET 200 https://registry.npmjs.org/array.prototype.findlast/-/array.prototype.findlast-1.2.5.tgz 20552ms (cache miss)
3841 http fetch GET 200 https://registry.npmjs.org/estraverse/-/estraverse-5.3.0.tgz 20658ms (cache miss)
3842 http fetch GET 200 https://registry.npmjs.org/string.prototype.includes/-/string.prototype.includes-2.0.1.tgz 21033ms (cache miss)
3843 http fetch GET 200 https://registry.npmjs.org/prop-types/-/prop-types-15.8.1.tgz 21184ms (cache miss)
3844 http fetch GET 200 https://registry.npmjs.org/emoji-regex/-/emoji-regex-9.2.2.tgz 21223ms (cache miss)
3845 http fetch GET 200 https://registry.npmjs.org/damerau-levenshtein/-/damerau-levenshtein-1.0.8.tgz 21526ms (cache miss)
3846 http fetch GET 200 https://registry.npmjs.org/jsx-ast-utils/-/jsx-ast-utils-3.3.5.tgz 22054ms (cache miss)
3847 http fetch GET 200 https://registry.npmjs.org/ast-types-flow/-/ast-types-flow-0.0.8.tgz 22124ms (cache miss)
3848 http fetch GET 200 https://registry.npmjs.org/string.prototype.matchall/-/string.prototype.matchall-4.1.0.tgz 22474ms (cache miss)
3849 http fetch GET 200 https://registry.npmjs.org/is-date-object/-/is-date-object-1.1.0.tgz 22520ms (cache miss)
3850 http fetch GET 200 https://registry.npmjs.org/es-abstract-get/-/es-abstract-get-1.0.0.tgz 22728ms (cache miss)
3851 http fetch GET 200 https://registry.npmjs.org/has-tostringtag/-/has-tostringtag-1.0.2.tgz 22855ms (cache miss)
3852 http fetch GET 200 https://registry.npmjs.org/is-symbol/-/is-symbol-1.1.1.tgz 22887ms (cache miss)
3853 http fetch GET 200 https://registry.npmjs.org/axobject-query/-/axobject-query-4.1.0.tgz 22942ms (cache miss)
3854 http fetch GET 200 https://registry.npmjs.org/possible-typed-array-names/-/possible-typed-array-names-1.1.0.tgz 23079ms (cache miss)
3855 http fetch GET 200 https://registry.npmjs.org/aria-query/-/aria-query-5.3.2.tgz 23193ms (cache miss)
3856 http fetch GET 200 https://registry.npmjs.org/typed-array-byte-offset/-/typed-array-byte-offset-1.0.5.tgz 23318ms (cache miss)
3857 http fetch GET 200 https://registry.npmjs.org/typed-array-length/-/typed-array-length-1.0.8.tgz 23327ms (cache miss)
3858 http fetch GET https://registry.npmjs.org/concat-map/-/concat-map-0.0.1.tgz attempt 1 failed with ECONNRESET
3859 http fetch GET https://registry.npmjs.org/to-regex-range/-/to-regex-range-5.0.1.tgz attempt 1 failed with ECONNRESET
3860 http fetch GET https://registry.npmjs.org/styled-jsx/-/styled-jsx-5.1.6.tgz attempt 1 failed with ECONNRESET
3861 http fetch GET 200 https://registry.npmjs.org/unbox-primitive/-/unbox-primitive-1.1.0.tgz 23554ms (cache miss)
3862 http fetch GET 200 https://registry.npmjs.org/typed-array-byte-length/-/typed-array-byte-length-1.0.3.tgz 23581ms (cache miss)
3863 http fetch GET https://registry.npmjs.org/balanced-match/-/balanced-match-1.0.2.tgz attempt 1 failed with ECONNRESET
3864 http fetch GET 200 https://registry.npmjs.org/stop-iteration-iterator/-/stop-iteration-iterator-1.1.0.tgz 23812ms (cache miss)
3865 http fetch GET 200 https://registry.npmjs.org/safe-push-apply/-/safe-push-apply-1.0.0.tgz 24189ms (cache miss)
3866 http fetch GET 200 https://registry.npmjs.org/typed-array-buffer/-/typed-array-buffer-1.0.3.tgz 24396ms (cache miss)
3867 http fetch GET 200 https://registry.npmjs.org/which-typed-array/-/which-typed-array-1.1.24.tgz 24605ms (cache miss)
3868 http fetch GET 200 https://registry.npmjs.org/safe-array-concat/-/safe-array-concat-1.1.4.tgz 24626ms (cache miss)
3869 http fetch GET 200 https://registry.npmjs.org/@unrs/resolver-binding-win32-x64-msvc/-/resolver-binding-win32-x64-msvc-1.12.2.tgz 24773ms (cache miss)
3870 http fetch GET 200 https://registry.npmjs.org/own-keys/-/own-keys-1.0.2.tgz 24669ms (cache miss)
3871 http fetch GET 200 https://registry.npmjs.org/is-shared-array-buffer/-/is-shared-array-buffer-1.0.4.tgz 25098ms (cache miss)
3872 http fetch GET 200 https://registry.npmjs.org/string.prototype.trimstart/-/string.prototype.trimstart-1.0.8.tgz 25139ms (cache miss)
3873 http fetch GET 200 https://registry.npmjs.org/is-weakref/-/is-weakref-1.1.1.tgz 25192ms (cache miss)
3874 http fetch GET 200 https://registry.npmjs.org/regexp.prototype.flags/-/regexp.prototype.flags-1.5.4.tgz 25301ms (cache miss)
3875 http fetch GET 200 https://registry.npmjs.org/object-inspect/-/object-inspect-1.13.4.tgz 25442ms (cache miss)
3876 http fetch GET 200 https://registry.npmjs.org/is-set/-/is-set-2.0.3.tgz 25437ms (cache miss)
3877 http fetch GET 200 https://registry.npmjs.org/is-data-view/-/is-data-view-1.0.2.tgz 25599ms (cache miss)
3878 http fetch GET 200 https://registry.npmjs.org/object.assign/-/object.assign-4.1.7.tgz 25692ms (cache miss)
3879 http fetch GET 200 https://registry.npmjs.org/is-typed-array/-/is-typed-array-1.1.15.tgz 25780ms (cache miss)
3880 http fetch GET 200 https://registry.npmjs.org/is-array-buffer/-/is-array-buffer-3.0.5.tgz 25876ms (cache miss)
3881 http fetch GET 200 https://registry.npmjs.org/is-callable/-/is-callable-1.2.7.tgz 25900ms (cache miss)
3882 http fetch GET 200 https://registry.npmjs.org/is-regex/-/is-regex-1.2.1.tgz 25965ms (cache miss)
3883 http fetch GET 200 https://registry.npmjs.org/internal-slot/-/internal-slot-1.1.0.tgz 25980ms (cache miss)
3884 http fetch GET 200 https://registry.npmjs.org/is-negative-zero/-/is-negative-zero-2.0.3.tgz 26027ms (cache miss)
3885 http fetch GET 200 https://registry.npmjs.org/globalthis/-/globalthis-1.0.4.tgz 26192ms (cache miss)
3886 http fetch GET 200 https://registry.npmjs.org/get-proto/-/get-proto-1.0.1.tgz 26203ms (cache miss)
3887 http fetch GET 200 https://registry.npmjs.org/has-proto/-/has-proto-1.2.0.tgz 26224ms (cache miss)
3888 http fetch GET 200 https://registry.npmjs.org/has-symbols/-/has-symbols-1.1.0.tgz 26231ms (cache miss)
3889 http fetch GET 200 https://registry.npmjs.org/acorn/-/acorn-8.18.0.tgz 26370ms (cache miss)
3890 http fetch GET 200 https://registry.npmjs.org/data-view-byte-offset/-/data-view-byte-offset-1.0.1.tgz 26383ms (cache miss)
3891 http fetch GET 200 https://registry.npmjs.org/data-view-byte-length/-/data-view-byte-length-1.0.2.tgz 26385ms (cache miss)
3892 http fetch GET 200 https://registry.npmjs.org/function.prototype.name/-/function.prototype.name-1.2.0.tgz 26643ms (cache miss)
3893 http fetch GET 200 https://registry.npmjs.org/get-symbol-description/-/get-symbol-description-1.1.0.tgz 26666ms (cache miss)
3894 http fetch GET 200 https://registry.npmjs.org/es-set-tostringtag/-/es-set-tostringtag-2.1.0.tgz 26670ms (cache miss)
3895 http fetch GET 200 https://registry.npmjs.org/arraybuffer.prototype.slice/-/arraybuffer.prototype.slice-1.0.4.tgz 26704ms (cache miss)
3896 http fetch GET 200 https://registry.npmjs.org/es-to-primitive/-/es-to-primitive-1.3.4.tgz 26753ms (cache miss)
3897 http fetch GET 200 https://registry.npmjs.org/data-view-buffer/-/data-view-buffer-1.0.2.tgz 26944ms (cache miss)
3898 http fetch GET 200 https://registry.npmjs.org/array-buffer-byte-length/-/array-buffer-byte-length-1.0.2.tgz 27067ms (cache miss)
3899 http fetch GET 200 https://registry.npmjs.org/gopd/-/gopd-1.2.0.tgz 27091ms (cache miss)
3900 http fetch GET 200 https://registry.npmjs.org/has-property-descriptors/-/has-property-descriptors-1.0.2.tgz 27089ms (cache miss)
3901 http fetch GET 200 https://registry.npmjs.org/object-keys/-/object-keys-1.1.1.tgz 27109ms (cache miss)
3902 http fetch GET 200 https://registry.npmjs.org/available-typed-arrays/-/available-typed-arrays-1.0.7.tgz 27152ms (cache miss)
3903 http fetch GET 200 https://registry.npmjs.org/call-bind-apply-helpers/-/call-bind-apply-helpers-1.0.2.tgz 27329ms (cache miss)
3904 http fetch GET 200 https://registry.npmjs.org/set-function-length/-/set-function-length-1.2.2.tgz 27352ms (cache miss)
3905 http fetch GET 200 https://registry.npmjs.org/es-define-property/-/es-define-property-1.0.1.tgz 27439ms (cache miss)
3906 http fetch GET 200 https://registry.npmjs.org/define-data-property/-/define-data-property-1.1.4.tgz 27538ms (cache miss)
3907 http fetch GET 200 https://registry.npmjs.org/function-bind/-/function-bind-1.1.2.tgz 27744ms (cache miss)
3908 http fetch GET 200 https://registry.npmjs.org/es-object-atoms/-/es-object-atoms-1.1.2.tgz 27757ms (cache miss)
3909 http fetch GET 200 https://registry.npmjs.org/es-shim-unscopables/-/es-shim-unscopables-1.1.0.tgz 27767ms (cache miss)
3910 http fetch GET 200 https://registry.npmjs.org/is-string/-/is-string-1.1.1.tgz 27866ms (cache miss)
3911 http fetch GET 200 https://registry.npmjs.org/math-intrinsics/-/math-intrinsics-1.1.0.tgz 27924ms (cache miss)
3912 http fetch GET 200 https://registry.npmjs.org/es-errors/-/es-errors-1.3.0.tgz 27994ms (cache miss)
3913 http fetch GET 200 https://registry.npmjs.org/get-intrinsic/-/get-intrinsic-1.3.0.tgz 28089ms (cache miss)
3914 http fetch GET 200 https://registry.npmjs.org/call-bind/-/call-bind-1.0.9.tgz 28185ms (cache miss)
3915 http fetch GET 200 https://registry.npmjs.org/define-properties/-/define-properties-1.2.1.tgz 28233ms (cache miss)
3916 http fetch GET 200 https://registry.npmjs.org/string.prototype.trimend/-/string.prototype.trimend-1.0.10.tgz 28497ms (cache miss)
3917 http fetch GET 200 https://registry.npmjs.org/call-bound/-/call-bound-1.0.4.tgz 28504ms (cache miss)
3918 http fetch GET 200 https://registry.npmjs.org/object.values/-/object.values-1.2.1.tgz 28543ms (cache miss)
3919 http fetch GET 200 https://registry.npmjs.org/object.groupby/-/object.groupby-1.0.3.tgz 28559ms (cache miss)
3920 http fetch GET 200 https://registry.npmjs.org/object.fromentries/-/object.fromentries-2.0.8.tgz 28709ms (cache miss)
3921 http fetch GET 200 https://registry.npmjs.org/array.prototype.flatmap/-/array.prototype.flatmap-1.3.3.tgz 28800ms (cache miss)
3922 http fetch GET 200 https://registry.npmjs.org/@rtsao/scc/-/scc-1.1.0.tgz 29082ms (cache miss)
3923 http fetch GET 200 https://registry.npmjs.org/hasown/-/hasown-2.0.4.tgz 29101ms (cache miss)
3924 http fetch GET 200 https://registry.npmjs.org/array.prototype.flat/-/array.prototype.flat-1.3.3.tgz 29148ms (cache miss)
3925 http fetch GET 200 https://registry.npmjs.org/stable-hash/-/stable-hash-0.0.5.tgz 29217ms (cache miss)
3926 http fetch GET 200 https://registry.npmjs.org/array-includes/-/array-includes-3.2.0.tgz 29356ms (cache miss)
3927 http fetch GET 200 https://registry.npmjs.org/@nolyfill/is-core-module/-/is-core-module-1.0.39.tgz 29352ms (cache miss)
3928 http fetch GET 200 https://registry.npmjs.org/tsconfig-paths/-/tsconfig-paths-3.15.0.tgz 29391ms (cache miss)
3929 http fetch GET 200 https://registry.npmjs.org/array.prototype.findlastindex/-/array.prototype.findlastindex-1.2.6.tgz 29391ms (cache miss)
3930 http fetch GET 200 https://registry.npmjs.org/is-bun-module/-/is-bun-module-2.0.0.tgz 29420ms (cache miss)
3931 http fetch GET 200 https://registry.npmjs.org/eslint-module-utils/-/eslint-module-utils-2.14.0.tgz 29455ms (cache miss)
3932 http fetch GET 200 https://registry.npmjs.org/unrs-resolver/-/unrs-resolver-1.12.2.tgz 29458ms (cache miss)
3933 http fetch GET 200 https://registry.npmjs.org/tinyglobby/-/tinyglobby-0.2.17.tgz 29894ms (cache miss)
3934 http fetch GET 200 https://registry.npmjs.org/is-core-module/-/is-core-module-2.17.0.tgz 29909ms (cache miss)
3935 http fetch GET 200 https://registry.npmjs.org/@typescript-eslint/project-service/-/project-service-8.71.0.tgz 30227ms (cache miss)
3936 http fetch GET 200 https://registry.npmjs.org/semver/-/semver-7.8.5.tgz 30258ms (cache miss)
3937 http fetch GET 200 https://registry.npmjs.org/@typescript-eslint/tsconfig-utils/-/tsconfig-utils-8.71.0.tgz 30270ms (cache miss)
3938 http fetch GET 200 https://registry.npmjs.org/resolve/-/resolve-2.0.0-next.7.tgz 30492ms (cache miss)
3939 http fetch GET 200 https://registry.npmjs.org/@typescript-eslint/types/-/types-8.71.0.tgz 31023ms (cache miss)
3940 http fetch GET 200 https://registry.npmjs.org/@typescript-eslint/visitor-keys/-/visitor-keys-8.71.0.tgz 31154ms (cache miss)
3941 http fetch GET 200 https://registry.npmjs.org/@typescript-eslint/type-utils/-/type-utils-8.71.0.tgz 31178ms (cache miss)
3942 http fetch GET 200 https://registry.npmjs.org/get-tsconfig/-/get-tsconfig-4.14.3.tgz 31641ms (cache miss)
3943 http fetch GET 200 https://registry.npmjs.org/fast-glob/-/fast-glob-3.3.1.tgz 31861ms (cache miss)
3944 http fetch GET 200 https://registry.npmjs.org/ts-api-utils/-/ts-api-utils-2.5.0.tgz 31889ms (cache miss)
3945 http fetch GET 200 https://registry.npmjs.org/@typescript-eslint/utils/-/utils-8.71.0.tgz 32462ms (cache miss)
3946 http fetch GET https://registry.npmjs.org/es-iterator-helpers/-/es-iterator-helpers-1.4.0.tgz attempt 1 failed with ECONNRESET
3947 http fetch GET https://registry.npmjs.org/array.prototype.tosorted/-/array.prototype.tosorted-1.1.4.tgz attempt 1 failed with ECONNRESET
3948 http fetch GET 200 https://registry.npmjs.org/eslint-plugin-react-hooks/-/eslint-plugin-react-hooks-5.2.0.tgz 33477ms (cache miss)
3949 http fetch GET 200 https://registry.npmjs.org/@typescript-eslint/parser/-/parser-8.71.0.tgz 33739ms (cache miss)
3950 http fetch GET 200 https://registry.npmjs.org/eslint-import-resolver-typescript/-/eslint-import-resolver-typescript-3.10.1.tgz 34161ms (cache miss)
3951 http fetch GET 200 https://registry.npmjs.org/eslint-import-resolver-node/-/eslint-import-resolver-node-0.3.10.tgz 34305ms (cache miss)
3952 http fetch GET 200 https://registry.npmjs.org/which/-/which-2.0.2.tgz 34522ms (cache miss)
3953 http fetch GET 200 https://registry.npmjs.org/ms/-/ms-2.1.3.tgz 34539ms (cache miss)
3954 http fetch GET 200 https://registry.npmjs.org/axe-core/-/axe-core-4.13.0.tgz 34687ms (cache miss)
3955 http fetch GET 200 https://registry.npmjs.org/color-name/-/color-name-1.1.4.tgz 34724ms (cache miss)
3956 http fetch GET 200 https://registry.npmjs.org/path-key/-/path-key-3.1.1.tgz 34728ms (cache miss)
3957 http fetch GET https://registry.npmjs.org/set-proto/-/set-proto-1.0.0.tgz attempt 1 failed with ECONNRESET
3958 http fetch GET 200 https://registry.npmjs.org/supports-color/-/supports-color-7.2.0.tgz 34814ms (cache miss)
3959 http fetch GET 200 https://registry.npmjs.org/shebang-command/-/shebang-command-2.0.0.tgz 34851ms (cache miss)
3960 http fetch GET 200 https://registry.npmjs.org/json-schema-traverse/-/json-schema-traverse-0.4.1.tgz 34894ms (cache miss)
3961 http fetch GET 200 https://registry.npmjs.org/color-convert/-/color-convert-2.0.1.tgz 35069ms (cache miss)
3962 http fetch GET 200 https://registry.npmjs.org/fast-json-stable-stringify/-/fast-json-stable-stringify-2.1.0.tgz 35072ms (cache miss)
3963 http fetch GET 200 https://registry.npmjs.org/run-parallel/-/run-parallel-1.2.0.tgz 35079ms (cache miss)
3964 http fetch GET 200 https://registry.npmjs.org/import-fresh/-/import-fresh-3.3.1.tgz 35162ms (cache miss)
3965 http fetch GET 200 https://registry.npmjs.org/@next/eslint-plugin-next/-/eslint-plugin-next-15.5.26.tgz 35305ms (cache miss)
3966 http fetch GET https://registry.npmjs.org/safe-regex-test/-/safe-regex-test-1.1.0.tgz attempt 1 failed with ECONNRESET
3967 http fetch GET 200 https://registry.npmjs.org/@typescript-eslint/typescript-estree/-/typescript-estree-8.71.0.tgz 35471ms (cache miss)
3968 http fetch GET 200 https://registry.npmjs.org/@nodelib/fs.stat/-/fs.stat-2.0.5.tgz 35853ms (cache miss)
3969 http fetch GET 200 https://registry.npmjs.org/text-table/-/text-table-0.2.0.tgz 35857ms (cache miss)
3970 http fetch GET 200 https://registry.npmjs.org/@nodelib/fs.scandir/-/fs.scandir-2.1.5.tgz 35878ms (cache miss)
3971 http fetch GET 200 https://registry.npmjs.org/strip-ansi/-/strip-ansi-6.0.1.tgz 35921ms (cache miss)
3972 http fetch GET 200 https://registry.npmjs.org/natural-compare/-/natural-compare-1.4.0.tgz 35931ms (cache miss)
3973 http fetch GET 200 https://registry.npmjs.org/strip-json-comments/-/strip-json-comments-3.1.1.tgz 36039ms (cache miss)
3974 http fetch GET 200 https://registry.npmjs.org/levn/-/levn-0.4.1.tgz 36077ms (cache miss)
3975 http fetch GET 200 https://registry.npmjs.org/minimatch/-/minimatch-3.1.5.tgz 36085ms (cache miss)
3976 http fetch GET 200 https://registry.npmjs.org/@humanwhocodes/object-schema/-/object-schema-2.0.3.tgz 36138ms (cache miss)
3977 warn deprecated @humanwhocodes/object-schema@2.0.3: Use @eslint/object-schema instead
3978 http fetch GET 200 https://registry.npmjs.org/optionator/-/optionator-0.9.4.tgz 36266ms (cache miss)
3979 http fetch GET 200 https://registry.npmjs.org/is-path-inside/-/is-path-inside-3.0.3.tgz 36280ms (cache miss)
3980 http fetch GET 200 https://registry.npmjs.org/imurmurhash/-/imurmurhash-0.1.4.tgz 36364ms (cache miss)
3981 http fetch GET 200 https://registry.npmjs.org/json-stable-stringify-without-jsonify/-/json-stable-stringify-without-jsonify-1.0.1.tgz 36404ms (cache miss)
3982 http fetch GET 200 https://registry.npmjs.org/is-glob/-/is-glob-4.0.3.tgz 36458ms (cache miss)
3983 http fetch GET 200 https://registry.npmjs.org/ignore/-/ignore-5.3.2.tgz 36577ms (cache miss)
3984 http fetch GET 200 https://registry.npmjs.org/find-up/-/find-up-5.0.0.tgz 36758ms (cache miss)
3985 http fetch GET 200 https://registry.npmjs.org/glob-parent/-/glob-parent-6.0.2.tgz 36760ms (cache miss)
3986 http fetch GET 200 https://registry.npmjs.org/graphemer/-/graphemer-1.4.0.tgz 36768ms (cache miss)
3987 http fetch GET 200 https://registry.npmjs.org/globals/-/globals-13.24.0.tgz 36809ms (cache miss)
3988 http fetch GET 200 https://registry.npmjs.org/file-entry-cache/-/file-entry-cache-6.0.1.tgz 36837ms (cache miss)
3989 http fetch GET 200 https://registry.npmjs.org/esutils/-/esutils-2.0.3.tgz 37042ms (cache miss)
3990 http fetch GET 200 https://registry.npmjs.org/fast-deep-equal/-/fast-deep-equal-3.1.3.tgz 37050ms (cache miss)
3991 http fetch GET 200 https://registry.npmjs.org/eslint-visitor-keys/-/eslint-visitor-keys-3.4.3.tgz 37265ms (cache miss)
3992 http fetch GET 200 https://registry.npmjs.org/espree/-/espree-9.6.1.tgz 37278ms (cache miss)
3993 http fetch GET 200 https://registry.npmjs.org/escape-string-regexp/-/escape-string-regexp-4.0.0.tgz 37295ms (cache miss)
3994 http fetch GET 200 https://registry.npmjs.org/doctrine/-/doctrine-3.0.0.tgz 37325ms (cache miss)
3995 http fetch GET 200 https://registry.npmjs.org/ansi-styles/-/ansi-styles-4.3.0.tgz 37524ms (cache miss)
3996 http fetch GET 200 https://registry.npmjs.org/debug/-/debug-4.4.3.tgz 37873ms (cache miss)
3997 http fetch GET 200 https://registry.npmjs.org/cross-spawn/-/cross-spawn-7.0.6.tgz 37880ms (cache miss)
3998 http fetch GET 200 https://registry.npmjs.org/eslint-scope/-/eslint-scope-7.2.2.tgz 37943ms (cache miss)
3999 http fetch GET 200 https://registry.npmjs.org/chalk/-/chalk-4.1.2.tgz 38243ms (cache miss)
4000 http fetch GET 200 https://registry.npmjs.org/@ungap/structured-clone/-/structured-clone-1.4.0.tgz 38516ms (cache miss)
4001 http fetch GET 200 https://registry.npmjs.org/@nodelib/fs.walk/-/fs.walk-1.2.8.tgz 38527ms (cache miss)
4002 http fetch GET 200 https://registry.npmjs.org/@typescript-eslint/scope-manager/-/scope-manager-8.71.0.tgz 38674ms (cache miss)
4003 http fetch GET 200 https://registry.npmjs.org/esquery/-/esquery-1.7.0.tgz 38661ms (cache miss)
4004 http fetch GET 200 https://registry.npmjs.org/lodash.merge/-/lodash.merge-4.6.2.tgz 38879ms (cache miss)
4005 http fetch GET 200 https://registry.npmjs.org/eslint-plugin-jsx-a11y/-/eslint-plugin-jsx-a11y-6.10.2.tgz 38926ms (cache miss)
4006 http fetch GET 200 https://registry.npmjs.org/@eslint/js/-/js-8.57.1.tgz 39232ms (cache miss)
4007 http fetch GET 200 https://registry.npmjs.org/@humanwhocodes/config-array/-/config-array-0.13.0.tgz 39296ms (cache miss)
4008 warn deprecated @humanwhocodes/config-array@0.13.0: Use @eslint/config-array instead
4009 http fetch GET 200 https://registry.npmjs.org/node-releases/-/node-releases-2.0.57.tgz 39500ms (cache miss)
4010 http fetch GET 200 https://registry.npmjs.org/update-browserslist-db/-/update-browserslist-db-1.3.3.tgz 40036ms (cache miss)
4011 http fetch GET 200 https://registry.npmjs.org/baseline-browser-mapping/-/baseline-browser-mapping-2.11.26.tgz 40194ms (cache miss)
4012 http fetch GET 200 https://registry.npmjs.org/postcss-value-parser/-/postcss-value-parser-4.2.0.tgz 40535ms (cache miss)
4013 http fetch GET 200 https://registry.npmjs.org/@eslint-community/regexpp/-/regexpp-4.12.2.tgz 40968ms (cache miss)
4014 http fetch GET 200 https://registry.npmjs.org/picocolors/-/picocolors-1.1.1.tgz 41103ms (cache miss)
4015 http fetch GET 200 https://registry.npmjs.org/fraction.js/-/fraction.js-5.3.4.tgz 41155ms (cache miss)
4016 http fetch GET 200 https://registry.npmjs.org/@humanwhocodes/module-importer/-/module-importer-1.0.1.tgz 41388ms (cache miss)
4017 http fetch GET 200 https://registry.npmjs.org/@eslint-community/eslint-utils/-/eslint-utils-4.10.1.tgz 41579ms (cache miss)
4018 http fetch GET 200 https://registry.npmjs.org/browserslist/-/browserslist-4.29.3.tgz 41838ms (cache miss)
4019 http fetch GET 200 https://registry.npmjs.org/electron-to-chromium/-/electron-to-chromium-1.5.442.tgz 42106ms (cache miss)
4020 http fetch GET 200 https://registry.npmjs.org/@typescript-eslint/eslint-plugin/-/eslint-plugin-8.71.0.tgz 42357ms (cache miss)
4021 http fetch GET 200 https://registry.npmjs.org/eslint-plugin-react/-/eslint-plugin-react-7.37.5.tgz 42366ms (cache miss)
4022 http fetch GET 200 https://registry.npmjs.org/undici-types/-/undici-types-6.21.0.tgz 42289ms (cache miss)
4023 http fetch GET 200 https://registry.npmjs.org/ajv/-/ajv-6.15.0.tgz 43259ms (cache miss)
4024 http fetch GET https://registry.npmjs.org/string.prototype.trim/-/string.prototype.trim-1.2.11.tgz attempt 1 failed with ECONNRESET
4025 http fetch GET 200 https://registry.npmjs.org/iceberg-js/-/iceberg-js-0.8.1.tgz 43576ms (cache miss)
4026 http fetch GET 200 https://registry.npmjs.org/@eslint/eslintrc/-/eslintrc-2.1.4.tgz 44029ms (cache miss)
4027 http fetch GET 200 https://registry.npmjs.org/tslib/-/tslib-2.8.1.tgz 44214ms (cache miss)
4028 http fetch GET https://registry.npmjs.org/@rushstack/eslint-patch/-/eslint-patch-1.16.1.tgz attempt 1 failed with ECONNRESET
4029 http fetch GET https://registry.npmjs.org/eslint-plugin-import/-/eslint-plugin-import-2.32.0.tgz attempt 1 failed with ECONNRESET
4030 http fetch GET 200 https://registry.npmjs.org/@supabase/functions-js/-/functions-js-2.117.2.tgz 45754ms (cache miss)
4031 http fetch GET 200 https://registry.npmjs.org/@supabase/phoenix/-/phoenix-0.4.5.tgz 45821ms (cache miss)
4032 http fetch GET https://registry.npmjs.org/uri-js/-/uri-js-4.4.1.tgz attempt 1 failed with ECONNRESET
4033 http fetch GET 200 https://registry.npmjs.org/@supabase/realtime-js/-/realtime-js-2.117.2.tgz 46174ms (cache miss)
4034 http fetch GET 200 https://registry.npmjs.org/ua-parser-js/-/ua-parser-js-1.0.41.tgz 47159ms (cache miss)
4035 http fetch GET https://registry.npmjs.org/fastq/-/fastq-1.20.3.tgz attempt 1 failed with ECONNRESET
4036 http fetch GET 200 https://registry.npmjs.org/js-yaml/-/js-yaml-4.3.2.tgz 48048ms (cache miss)
4037 http fetch GET 200 https://registry.npmjs.org/react/-/react-19.3.0.tgz 50140ms (cache miss)
4038 http fetch GET 200 https://registry.npmjs.org/eslint-config-next/-/eslint-config-next-15.5.26.tgz 50205ms (cache miss)
4039 http fetch GET 200 https://registry.npmjs.org/nanoid/-/nanoid-5.1.16.tgz 50610ms (cache miss)
4040 http fetch GET 200 https://registry.npmjs.org/@types/react-dom/-/react-dom-19.3.0.tgz 51985ms (cache miss)
4041 http fetch GET 200 https://registry.npmjs.org/@supabase/storage-js/-/storage-js-2.117.2.tgz 52195ms (cache miss)
4042 http fetch GET 200 https://registry.npmjs.org/csstype/-/csstype-3.2.3.tgz 54770ms (cache miss)
4043 http fetch GET https://registry.npmjs.org/cookie/-/cookie-0.7.2.tgz attempt 1 failed with ECONNRESET
4044 http fetch GET 200 https://registry.npmjs.org/@types/qrcode/-/qrcode-1.5.6.tgz 55137ms (cache miss)
4045 http fetch GET https://registry.npmjs.org/@types/cookie/-/cookie-0.6.0.tgz attempt 1 failed with ECONNRESET
4046 http fetch GET https://registry.npmjs.org/@supabase/auth-js/-/auth-js-2.117.2.tgz attempt 1 failed with ECONNRESET
4047 http fetch GET 200 https://registry.npmjs.org/@types/react/-/react-19.3.0.tgz 56252ms (cache miss)
4048 http fetch GET https://registry.npmjs.org/recharts/-/recharts-2.15.4.tgz attempt 1 failed with ECONNRESET
4049 http fetch GET 200 https://registry.npmjs.org/@supabase/postgrest-js/-/postgrest-js-2.117.2.tgz 57134ms (cache miss)
4050 http fetch GET 200 https://registry.npmjs.org/glob-parent/-/glob-parent-5.1.2.tgz 57106ms (cache miss)
4051 http fetch GET 200 https://registry.npmjs.org/p-locate/-/p-locate-4.1.0.tgz 57127ms (cache miss)
4052 http fetch GET 200 https://registry.npmjs.org/p-limit/-/p-limit-2.3.0.tgz 57230ms (cache miss)
4053 http fetch GET 200 https://registry.npmjs.org/locate-path/-/locate-path-5.0.0.tgz 57469ms (cache miss)
4054 http fetch GET 200 https://registry.npmjs.org/find-up/-/find-up-4.1.0.tgz 57899ms (cache miss)
4055 http fetch GET 200 https://registry.npmjs.org/balanced-match/-/balanced-match-4.0.4.tgz 58063ms (cache miss)
4056 http fetch GET 200 https://registry.npmjs.org/fdir/-/fdir-6.5.0.tgz 58075ms (cache miss)
4057 http fetch GET 200 https://registry.npmjs.org/eslint-visitor-keys/-/eslint-visitor-keys-5.0.1.tgz 58080ms (cache miss)
4058 http fetch GET 200 https://registry.npmjs.org/semver/-/semver-6.3.1.tgz 58097ms (cache miss)
4059 http fetch GET 200 https://registry.npmjs.org/glob-parent/-/glob-parent-5.1.2.tgz 58120ms (cache miss)
4060 http fetch GET 200 https://registry.npmjs.org/picomatch/-/picomatch-4.0.7.tgz 58231ms (cache miss)
4061 http fetch GET 200 https://registry.npmjs.org/brace-expansion/-/brace-expansion-5.0.12.tgz 58532ms (cache miss)
4062 http fetch GET 200 https://registry.npmjs.org/semver/-/semver-6.3.1.tgz 58602ms (cache miss)
4063 http fetch GET 200 https://registry.npmjs.org/ignore/-/ignore-7.0.10.tgz 59011ms (cache miss)
4064 http fetch GET 200 https://registry.npmjs.org/glob-parent/-/glob-parent-5.1.2.tgz 59192ms (cache miss)
4065 http fetch GET https://registry.npmjs.org/qrcode/-/qrcode-1.5.4.tgz attempt 1 failed with ECONNRESET
4066 http fetch GET 200 https://registry.npmjs.org/doctrine/-/doctrine-2.1.0.tgz 59251ms (cache miss)
4067 http fetch GET 200 https://registry.npmjs.org/semver/-/semver-6.3.1.tgz 59251ms (cache miss)
4068 http fetch GET 200 https://registry.npmjs.org/debug/-/debug-3.2.7.tgz 59266ms (cache miss)
4069 http fetch GET 200 https://registry.npmjs.org/react-is/-/react-is-18.3.1.tgz 59262ms (cache miss)
4070 http fetch GET 200 https://registry.npmjs.org/nanoid/-/nanoid-3.3.19.tgz 59379ms (cache miss)
4071 http fetch GET 200 https://registry.npmjs.org/doctrine/-/doctrine-2.1.0.tgz 59677ms (cache miss)
4072 http fetch GET 200 https://registry.npmjs.org/debug/-/debug-3.2.7.tgz 59713ms (cache miss)
4073 http fetch GET 200 https://registry.npmjs.org/nanoid/-/nanoid-3.3.19.tgz 59829ms (cache miss)
4074 http fetch GET 200 https://registry.npmjs.org/is-boolean-object/-/is-boolean-object-1.2.2.tgz 60396ms attempt #2 (cache miss)
4075 http fetch GET 200 https://registry.npmjs.org/is-bigint/-/is-bigint-1.1.0.tgz 60398ms attempt #2 (cache miss)
4076 http fetch GET 200 https://registry.npmjs.org/cliui/-/cliui-6.0.0.tgz 60413ms attempt #2 (cache miss)
4077 http fetch GET 200 https://registry.npmjs.org/concat-map/-/concat-map-0.0.1.tgz 60329ms attempt #2 (cache miss)
4078 http fetch GET 200 https://registry.npmjs.org/to-regex-range/-/to-regex-range-5.0.1.tgz 60327ms attempt #2 (cache miss)
4079 http fetch GET 200 https://registry.npmjs.org/postcss/-/postcss-8.5.28.tgz 60159ms (cache miss)
4080 http fetch GET 200 https://registry.npmjs.org/is-weakmap/-/is-weakmap-2.0.2.tgz 60584ms attempt #2 (cache miss)
4081 http fetch GET 200 https://registry.npmjs.org/balanced-match/-/balanced-match-1.0.2.tgz 60481ms attempt #2 (cache miss)
4082 http fetch GET 200 https://registry.npmjs.org/is-number-object/-/is-number-object-1.1.1.tgz 60629ms attempt #2 (cache miss)
4083 http fetch GET 200 https://registry.npmjs.org/set-proto/-/set-proto-1.0.0.tgz 60490ms attempt #2 (cache miss)
4084 http fetch GET 200 https://registry.npmjs.org/string.prototype.trim/-/string.prototype.trim-1.2.11.tgz 60999ms attempt #2 (cache miss)
4085 http fetch GET 200 https://registry.npmjs.org/safe-regex-test/-/safe-regex-test-1.1.0.tgz 61208ms attempt #2 (cache miss)
4086 http fetch GET 200 https://registry.npmjs.org/react-dom/-/react-dom-19.3.0.tgz 61393ms (cache miss)
4087 http fetch GET 200 https://registry.npmjs.org/fastq/-/fastq-1.20.3.tgz 61488ms attempt #2 (cache miss)
4088 http fetch GET 200 https://registry.npmjs.org/cookie/-/cookie-0.7.2.tgz 61680ms attempt #2 (cache miss)
4089 http fetch GET 200 https://registry.npmjs.org/@types/cookie/-/cookie-0.6.0.tgz 61780ms attempt #2 (cache miss)
4090 http fetch GET 200 https://registry.npmjs.org/@supabase/supabase-js/-/supabase-js-2.117.2.tgz 61805ms (cache miss)
4091 http fetch GET 200 https://registry.npmjs.org/array.prototype.tosorted/-/array.prototype.tosorted-1.1.4.tgz 62090ms attempt #2 (cache miss)
4092 http fetch GET 200 https://registry.npmjs.org/styled-jsx/-/styled-jsx-5.1.6.tgz 62258ms attempt #2 (cache miss)
4093 http fetch GET 200 https://registry.npmjs.org/d3-time-format/-/d3-time-format-4.1.0.tgz 62564ms attempt #2 (cache miss)
4094 http fetch GET 200 https://registry.npmjs.org/autoprefixer/-/autoprefixer-10.6.1.tgz 62294ms (cache miss)
4095 http fetch GET 200 https://registry.npmjs.org/minimatch/-/minimatch-10.2.6.tgz 62330ms (cache miss)
4096 http fetch GET 200 https://registry.npmjs.org/postcss/-/postcss-8.4.31.tgz 62360ms (cache miss)
4097 http fetch GET 200 https://registry.npmjs.org/fast-glob/-/fast-glob-3.3.3.tgz 62561ms (cache miss)
4098 http fetch GET https://registry.npmjs.org/@supabase/ssr/-/ssr-0.5.2.tgz attempt 1 failed with ECONNRESET
4099 http fetch GET 200 https://registry.npmjs.org/resolve/-/resolve-1.22.12.tgz 67042ms (cache miss)
4100 http fetch GET 200 https://registry.npmjs.org/@types/node/-/node-20.19.43.tgz 67084ms (cache miss)
4101 http fetch GET 200 https://registry.npmjs.org/qrcode/-/qrcode-1.5.4.tgz 67540ms attempt #2 (cache miss)
4102 http fetch GET https://registry.npmjs.org/emoji-regex/-/emoji-regex-8.0.0.tgz attempt 1 failed with ECONNRESET
4103 http fetch GET 200 https://registry.npmjs.org/emoji-regex/-/emoji-regex-8.0.0.tgz 69001ms attempt #2 (cache miss)
4104 http fetch GET 200 https://registry.npmjs.org/uri-js/-/uri-js-4.4.1.tgz 69376ms attempt #2 (cache miss)
4105 http fetch GET 200 https://registry.npmjs.org/resolve/-/resolve-1.22.12.tgz 69461ms (cache miss)
4106 http fetch GET https://registry.npmjs.org/debug/-/debug-3.2.7.tgz attempt 1 failed with ECONNRESET
4107 http fetch GET 200 https://registry.npmjs.org/tailwindcss/-/tailwindcss-3.4.19.tgz 69953ms (cache miss)
4108 http fetch GET 200 https://registry.npmjs.org/caniuse-lite/-/caniuse-lite-1.0.30001814.tgz 70339ms (cache miss)
4109 http fetch GET https://registry.npmjs.org/postcss attempt 1 failed with ECONNRESET
4110 http fetch GET 200 https://registry.npmjs.org/es-iterator-helpers/-/es-iterator-helpers-1.4.0.tgz 70941ms attempt #2 (cache miss)
4111 http fetch GET 200 https://registry.npmjs.org/eslint-plugin-import/-/eslint-plugin-import-2.32.0.tgz 71510ms attempt #2 (cache miss)
4112 http fetch GET 200 https://registry.npmjs.org/@rushstack/eslint-patch/-/eslint-patch-1.16.1.tgz 71551ms attempt #2 (cache miss)
4113 http fetch GET 200 https://registry.npmjs.org/debug/-/debug-3.2.7.tgz 72366ms attempt #2 (cache miss)
4114 http fetch GET 200 https://registry.npmjs.org/typescript/-/typescript-5.9.3.tgz 72464ms (cache miss)
4115 http fetch GET 200 https://registry.npmjs.org/@supabase/ssr/-/ssr-0.5.2.tgz 72515ms attempt #2 (cache miss)
4116 http fetch GET 200 https://registry.npmjs.org/postcss 74596ms attempt #2 (cache miss)
4117 silly packumentCache corgi:https://registry.npmjs.org/postcss set size:undefined disposed:false
4118 silly packumentCache corgi:https://registry.npmjs.org/next cache-miss
4119 http cache https://registry.npmjs.org/next 490ms (cache hit)
4120 silly packumentCache corgi:https://registry.npmjs.org/next set size:25594459 disposed:false
4121 http fetch GET 200 https://registry.npmjs.org/@img/sharp-win32-x64/-/sharp-win32-x64-0.35.5.tgz 81513ms (cache miss)
4122 http fetch GET 200 https://registry.npmjs.org/@supabase/auth-js/-/auth-js-2.117.2.tgz 81228ms attempt #2 (cache miss)
4123 warn tar TAR_ENTRY_ERROR ENOENT: no such file or directory, rename 'C:\Users\ricar\Documents\Codex\2026-09-30\build-a-link-shortener-with-click\node_modules\recharts\types\shape\Curve.d.ts' -> 'C:\Users\ricar\Documents\Codex\2026-09-30\build-a-link-shortener-with-click\node_modules\recharts\types\shape\Curve.d.ts.DELETE.79aca8fbc3b3dc80aafe9544dd0cd915'
4124 silly tar TAR_ENTRY_ERROR ENOENT: no such file or directory, rename 'C:\Users\ricar\Documents\Codex\2026-09-30\build-a-link-shortener-with-click\node_modules\recharts\types\shape\Curve.d.ts' -> 'C:\Users\ricar\Documents\Codex\2026-09-30\build-a-link-shortener-with-click\node_modules\recharts\types\shape\Curve.d.ts.DELETE.79aca8fbc3b3dc80aafe9544dd0cd915' [Error: ENOENT: no such file or directory, rename 'C:\Users\ricar\Documents\Codex\2026-09-30\build-a-link-shortener-with-click\node_modules\recharts\types\shape\Curve.d.ts' -> 'C:\Users\ricar\Documents\Codex\2026-09-30\build-a-link-shortener-with-click\node_modules\recharts\types\shape\Curve.d.ts.DELETE.79aca8fbc3b3dc80aafe9544dd0cd915'] {
4124 silly tar   errno: -4058,
4124 silly tar   code: 'ENOENT',
4124 silly tar   syscall: 'rename',
4124 silly tar   path: 'C:\\Users\\ricar\\Documents\\Codex\\2026-09-30\\build-a-link-shortener-with-click\\node_modules\\recharts\\types\\shape\\Curve.d.ts',
4124 silly tar   dest: 'C:\\Users\\ricar\\Documents\\Codex\\2026-09-30\\build-a-link-shortener-with-click\\node_modules\\recharts\\types\\shape\\Curve.d.ts.DELETE.79aca8fbc3b3dc80aafe9544dd0cd915',
4124 silly tar   entry: Is {
4124 silly tar     _events: [Object: null prototype] { end: [Function (anonymous)] },
4124 silly tar     _eventsCount: 1,
4124 silly tar     _maxListeners: undefined,
4124 silly tar     writable: false,
4124 silly tar     readable: true,
4124 silly tar     extended: undefined,
4124 silly tar     globalExtended: undefined,
4124 silly tar     header: Ls {
4124 silly tar       cksumValid: true,
4124 silly tar       needPax: false,
4124 silly tar       nullBlock: false,
4124 silly tar       block: undefined,
4124 silly tar       path: 'package/types/shape/Curve.d.ts',
4124 silly tar       mode: 420,
4124 silly tar       uid: undefined,
4124 silly tar       gid: undefined,
4124 silly tar       size: 1220,
4124 silly tar       cksum: 5889,
4124 silly tar       linkpath: '',
4124 silly tar       uname: '',
4124 silly tar       gname: '',
4124 silly tar       devmaj: 0,
4124 silly tar       devmin: 0,
4124 silly tar       atime: undefined,
4124 silly tar       ctime: undefined,
4124 silly tar       mtime: 1985-10-26T08:15:00.000Z,
4124 silly tar       charset: undefined,
4124 silly tar       comment: undefined
4124 silly tar     },
4124 silly tar     startBlockSize: 1536,
4124 silly tar     blockRemain: 0,
4124 silly tar     remain: 0,
4124 silly tar     type: 'File',
4124 silly tar     meta: false,
4124 silly tar     ignore: false,
4124 silly tar     path: 'types/shape/Curve.d.ts',
4124 silly tar     mode: 438,
4124 silly tar     uid: undefined,
4124 silly tar     gid: undefined,
4124 silly tar     uname: '',
4124 silly tar     gname: '',
4124 silly tar     size: 1220,
4124 silly tar     mtime: 1985-10-26T08:15:00.000Z,
4124 silly tar     atime: undefined,
4124 silly tar     ctime: undefined,
4124 silly tar     linkpath: undefined,
4124 silly tar     dev: undefined,
4124 silly tar     ino: undefined,
4124 silly tar     nlink: undefined,
4124 silly tar     invalid: false,
4124 silly tar     absolute: 'C:/Users/ricar/Documents/Codex/2026-09-30/build-a-link-shortener-with-click/node_modules/recharts/types/shape/Curve.d.ts',
4124 silly tar     unsupported: false,
4124 silly tar     Symbol(shapeMode): false,
4124 silly tar     Symbol(kCapture): false,
4124 silly tar     Symbol(flowing): false,
4124 silly tar     Symbol(paused): true,
4124 silly tar     Symbol(pipes): [],
4124 silly tar     Symbol(buffer): [
4124 silly tar       <Buffer 2f 2a 2a 0a 20 2a 20 40 66 69 6c 65 4f 76 65 72 76 69 65 77 20 43 75 72 76 65 0a 20 2a 2f 0a 69 6d 70 6f 72 74 20 2a 20 61 73 20 52 65 61 63 74 20 66 ... 1170 more bytes>
4124 silly tar     ],
4124 silly tar     Symbol(objectMode): false,
4124 silly tar     Symbol(encoding): null,
4124 silly tar     Symbol(async): false,
4124 silly tar     Symbol(decoder): null,
4124 silly tar     Symbol(EOF): true,
4124 silly tar     Symbol(emittedEnd): false,
4124 silly tar     Symbol(emittingEnd): false,
4124 silly tar     Symbol(closed): false,
4124 silly tar     Symbol(emittedError): null,
4124 silly tar     Symbol(bufferLength): 1220,
4124 silly tar     Symbol(destroyed): false,
4124 silly tar     Symbol(signal): undefined,
4124 silly tar     Symbol(aborted): false,
4124 silly tar     Symbol(dataListeners): 0,
4124 silly tar     Symbol(discarded): false
4124 silly tar   },
4124 silly tar   cwd: 'C:/Users/ricar/Documents/Codex/2026-09-30/build-a-link-shortener-with-click/node_modules/recharts',
4124 silly tar   tarCode: 'TAR_ENTRY_ERROR'
4124 silly tar }
4125 http fetch GET 200 https://registry.npmjs.org/es-abstract/-/es-abstract-1.24.2.tgz 83269ms (cache miss)
4126 http fetch GET 200 https://registry.npmjs.org/recharts/-/recharts-2.15.4.tgz 85971ms attempt #2 (cache miss)
4127 warn tar TAR_ENTRY_ERROR ENOENT: no such file or directory, lstat 'C:\Users\ricar\Documents\Codex\2026-09-30\build-a-link-shortener-with-click\node_modules\zod\src\v4\mini\tests'
4128 silly tar TAR_ENTRY_ERROR ENOENT: no such file or directory, lstat 'C:\Users\ricar\Documents\Codex\2026-09-30\build-a-link-shortener-with-click\node_modules\zod\src\v4\mini\tests' [Error: ENOENT: no such file or directory, lstat 'C:\Users\ricar\Documents\Codex\2026-09-30\build-a-link-shortener-with-click\node_modules\zod\src\v4\mini\tests'] {
4128 silly tar   errno: -4058,
4128 silly tar   code: 'ENOENT',
4128 silly tar   syscall: 'lstat',
4128 silly tar   path: 'C:/Users/ricar/Documents/Codex/2026-09-30/build-a-link-shortener-with-click/node_modules/zod/src/v4/mini/tests',
4128 silly tar   entry: Is {
4128 silly tar     _events: [Object: null prototype] { end: [Function (anonymous)] },
4128 silly tar     _eventsCount: 1,
4128 silly tar     _maxListeners: undefined,
4128 silly tar     writable: false,
4128 silly tar     readable: true,
4128 silly tar     extended: undefined,
4128 silly tar     globalExtended: undefined,
4128 silly tar     header: Ls {
4128 silly tar       cksumValid: true,
4128 silly tar       needPax: false,
4128 silly tar       nullBlock: false,
4128 silly tar       block: undefined,
4128 silly tar       path: 'package/src/v4/mini/tests/prototypes.test.ts',
4128 silly tar       mode: 420,
4128 silly tar       uid: undefined,
4128 silly tar       gid: undefined,
4128 silly tar       size: 870,
4128 silly tar       cksum: 7346,
4128 silly tar       linkpath: '',
4128 silly tar       uname: '',
4128 silly tar       gname: '',
4128 silly tar       devmaj: 0,
4128 silly tar       devmin: 0,
4128 silly tar       atime: undefined,
4128 silly tar       ctime: undefined,
4128 silly tar       mtime: 1985-10-26T08:15:00.000Z,
4128 silly tar       charset: undefined,
4128 silly tar       comment: undefined
4128 silly tar     },
4128 silly tar     startBlockSize: 1024,
4128 silly tar     blockRemain: 0,
4128 silly tar     remain: 0,
4128 silly tar     type: 'File',
4128 silly tar     meta: false,
4128 silly tar     ignore: false,
4128 silly tar     path: 'src/v4/mini/tests/prototypes.test.ts',
4128 silly tar     mode: 438,
4128 silly tar     uid: undefined,
4128 silly tar     gid: undefined,
4128 silly tar     uname: '',
4128 silly tar     gname: '',
4128 silly tar     size: 870,
4128 silly tar     mtime: 1985-10-26T08:15:00.000Z,
4128 silly tar     atime: undefined,
4128 silly tar     ctime: undefined,
4128 silly tar     linkpath: undefined,
4128 silly tar     dev: undefined,
4128 silly tar     ino: undefined,
4128 silly tar     nlink: undefined,
4128 silly tar     invalid: false,
4128 silly tar     absolute: 'C:/Users/ricar/Documents/Codex/2026-09-30/build-a-link-shortener-with-click/node_modules/zod/src/v4/mini/tests/prototypes.test.ts',
4128 silly tar     unsupported: false,
4128 silly tar     Symbol(shapeMode): false,
4128 silly tar     Symbol(kCapture): false,
4128 silly tar     Symbol(flowing): false,
4128 silly tar     Symbol(paused): true,
4128 silly tar     Symbol(pipes): [],
4128 silly tar     Symbol(buffer): [
4128 silly tar       <Buffer 69 6d 70 6f 72 74 20 7b 20 65 78 70 65 63 74 2c 20 74 65 73 74 20 7d 20 66 72 6f 6d 20 22 76 69 74 65 73 74 22 3b 0a 69 6d 70 6f 72 74 20 2a 20 61 73 ... 820 more bytes>
4128 silly tar     ],
4128 silly tar     Symbol(objectMode): false,
4128 silly tar     Symbol(encoding): null,
4128 silly tar     Symbol(async): false,
4128 silly tar     Symbol(decoder): null,
4128 silly tar     Symbol(EOF): true,
4128 silly tar     Symbol(emittedEnd): false,
4128 silly tar     Symbol(emittingEnd): false,
4128 silly tar     Symbol(closed): false,
4128 silly tar     Symbol(emittedError): null,
4128 silly tar     Symbol(bufferLength): 870,
4128 silly tar     Symbol(destroyed): false,
4128 silly tar     Symbol(signal): undefined,
4128 silly tar     Symbol(aborted): false,
4128 silly tar     Symbol(dataListeners): 0,
4128 silly tar     Symbol(discarded): false
4128 silly tar   },
4128 silly tar   cwd: 'C:/Users/ricar/Documents/Codex/2026-09-30/build-a-link-shortener-with-click/node_modules/zod',
4128 silly tar   tarCode: 'TAR_ENTRY_ERROR'
4128 silly tar }
4129 warn deprecated recharts@2.15.4: 1.x and 2.x branches are no longer active. Bump to Recharts v3 to receive latest features and bugfixes. See https://github.com/recharts/recharts/wiki/3.0-migration-guide
4130 http fetch GET 200 https://registry.npmjs.org/eslint/-/eslint-8.57.1.tgz 86624ms (cache miss)
4131 warn deprecated eslint@8.57.1: This version is no longer supported. Please see https://eslint.org/version-support for other options.
4132 http fetch GET 200 https://registry.npmjs.org/zod/-/zod-3.25.76.tgz 88994ms (cache miss)
4133 http fetch GET 200 https://registry.npmjs.org/@next/swc-win32-x64-msvc/-/swc-win32-x64-msvc-15.5.26.tgz 97936ms (cache miss)
4134 http fetch GET 200 https://registry.npmjs.org/next/-/next-15.5.26.tgz 247220ms (cache miss)
4135 info run unrs-resolver@1.12.2 postinstall node_modules/unrs-resolver node postinstall.js
4136 info run unrs-resolver@1.12.2 postinstall { code: 0, signal: null }
4137 silly ADD node_modules/p-try
4138 silly ADD node_modules/camelcase
4139 silly ADD node_modules/is-fullwidth-code-point
4140 silly ADD node_modules/wrap-ansi
4141 silly ADD node_modules/yargs-parser
4142 silly ADD node_modules/y18n
4143 silly ADD node_modules/which-module
4144 silly ADD node_modules/string-width
4145 silly ADD node_modules/string-width/node_modules/emoji-regex
4146 silly ADD node_modules/set-blocking
4147 silly ADD node_modules/require-main-filename
4148 silly ADD node_modules/require-directory
4149 silly ADD node_modules/get-caller-file
4150 silly ADD node_modules/decamelize
4151 silly ADD node_modules/cliui
4152 silly ADD node_modules/is-weakset
4153 silly ADD node_modules/is-weakmap
4154 silly ADD node_modules/is-map
4155 silly ADD node_modules/generator-function
4156 silly ADD node_modules/async-function
4157 silly ADD node_modules/which-collection
4158 silly ADD node_modules/is-generator-function
4159 silly ADD node_modules/is-finalizationregistry
4160 silly ADD node_modules/is-async-function
4161 silly ADD node_modules/is-number-object
4162 silly ADD node_modules/is-boolean-object
4163 silly ADD node_modules/is-bigint
4164 silly ADD node_modules/isexe
4165 silly ADD node_modules/d3-path
4166 silly ADD node_modules/d3-time-format
4167 silly ADD node_modules/d3-format
4168 silly ADD node_modules/d3-color
4169 silly ADD node_modules/internmap
4170 silly ADD node_modules/@types/d3-path
4171 silly ADD node_modules/@types/d3-color
4172 silly ADD node_modules/d3-timer
4173 silly ADD node_modules/d3-time
4174 silly ADD node_modules/d3-shape
4175 silly ADD node_modules/d3-scale
4176 silly ADD node_modules/d3-interpolate
4177 silly ADD node_modules/d3-ease
4178 silly ADD node_modules/d3-array
4179 silly ADD node_modules/@types/d3-timer
4180 silly ADD node_modules/@types/d3-time
4181 silly ADD node_modules/@types/d3-shape
4182 silly ADD node_modules/@types/d3-scale
4183 silly ADD node_modules/@types/d3-interpolate
4184 silly ADD node_modules/@types/d3-ease
4185 silly ADD node_modules/@types/d3-array
4186 silly ADD node_modules/punycode
4187 silly ADD node_modules/escalade
4188 silly ADD node_modules/napi-postinstall
4189 silly ADD node_modules/@unrs/resolver-binding-win32-x64-msvc
4190 silly ADD node_modules/which-boxed-primitive
4191 silly ADD node_modules/has-bigints
4192 silly ADD node_modules/which-builtin-type
4193 silly ADD node_modules/reflect.getprototypeof
4194 silly ADD node_modules/for-each
4195 silly ADD node_modules/strip-bom
4196 silly ADD node_modules/minimist
4197 silly ADD node_modules/json5
4198 silly ADD node_modules/@types/json5
4199 silly ADD node_modules/is-number
4200 silly ADD node_modules/thenify
4201 silly ADD node_modules/thenify-all
4202 silly ADD node_modules/any-promise
4203 silly ADD node_modules/@jridgewell/resolve-uri
4204 silly ADD node_modules/@jridgewell/trace-mapping
4205 silly ADD node_modules/@jridgewell/sourcemap-codec
4206 silly ADD node_modules/ts-interface-checker
4207 silly ADD node_modules/pirates
4208 silly ADD node_modules/mz
4209 silly ADD node_modules/lines-and-columns
4210 silly ADD node_modules/commander
4211 silly ADD node_modules/@jridgewell/gen-mapping
4212 silly ADD node_modules/util-deprecate
4213 silly ADD node_modules/cssesc
4214 silly ADD node_modules/camelcase-css
4215 silly ADD node_modules/read-cache
4216 silly ADD node_modules/binary-extensions
4217 silly ADD node_modules/readdirp
4218 silly ADD node_modules/is-binary-path
4219 silly ADD node_modules/anymatch
4220 silly ADD node_modules/sucrase
4221 silly ADD node_modules/postcss-selector-parser
4222 silly ADD node_modules/postcss-nested
4223 silly ADD node_modules/postcss-load-config
4224 silly ADD node_modules/postcss-js
4225 silly ADD node_modules/postcss-import
4226 silly ADD node_modules/postcss-import/node_modules/resolve
4227 silly ADD node_modules/object-hash
4228 silly ADD node_modules/normalize-path
4229 silly ADD node_modules/lilconfig
4230 silly ADD node_modules/jiti
4231 silly ADD node_modules/dlv
4232 silly ADD node_modules/didyoumean
4233 silly ADD node_modules/chokidar
4234 silly ADD node_modules/chokidar/node_modules/glob-parent
4235 silly ADD node_modules/arg
4236 silly ADD node_modules/@alloc/quick-lru
4237 silly ADD node_modules/has-flag
4238 silly ADD node_modules/client-only
4239 silly ADD node_modules/ansi-regex
4240 silly ADD node_modules/side-channel-weakmap
4241 silly ADD node_modules/side-channel-map
4242 silly ADD node_modules/side-channel-list
4243 silly ADD node_modules/shebang-regex
4244 silly ADD node_modules/detect-libc
4245 silly ADD node_modules/@img/sharp-win32-x64
4246 silly ADD node_modules/@img/colour
4247 silly ADD node_modules/isarray
4248 silly ADD node_modules/queue-microtask
4249 silly ADD node_modules/wrappy
4250 silly ADD node_modules/path-is-absolute
4251 silly ADD node_modules/once
4252 silly ADD node_modules/inherits
4253 silly ADD node_modules/inflight
4254 silly ADD node_modules/fs.realpath
4255 silly ADD node_modules/glob
4256 silly ADD node_modules/supports-preserve-symlinks-flag
4257 silly ADD node_modules/path-parse
4258 silly ADD node_modules/node-exports-info
4259 silly ADD node_modules/node-exports-info/node_modules/semver
4260 silly ADD node_modules/decimal.js-light
4261 silly ADD node_modules/dom-helpers
4262 silly ADD node_modules/@babel/runtime
4263 silly ADD node_modules/react-transition-group
4264 silly ADD node_modules/fast-equals
4265 silly ADD node_modules/victory-vendor
4266 silly ADD node_modules/tiny-invariant
4267 silly ADD node_modules/recharts-scale
4268 silly ADD node_modules/react-smooth
4269 silly ADD node_modules/lodash
4270 silly ADD node_modules/eventemitter3
4271 silly ADD node_modules/clsx
4272 silly ADD node_modules/scheduler
4273 silly ADD node_modules/yargs
4274 silly ADD node_modules/yargs/node_modules/p-limit
4275 silly ADD node_modules/yargs/node_modules/p-locate
4276 silly ADD node_modules/yargs/node_modules/locate-path
4277 silly ADD node_modules/yargs/node_modules/find-up
4278 silly ADD node_modules/pngjs
4279 silly ADD node_modules/dijkstrajs
4280 silly ADD node_modules/js-tokens
4281 silly ADD node_modules/react-is
4282 silly ADD node_modules/object-assign
4283 silly ADD node_modules/loose-envify
4284 silly ADD node_modules/source-map-js
4285 silly ADD node_modules/callsites
4286 silly ADD node_modules/yocto-queue
4287 silly ADD node_modules/p-limit
4288 silly ADD node_modules/word-wrap
4289 silly ADD node_modules/fast-levenshtein
4290 silly ADD node_modules/deep-is
4291 silly ADD node_modules/styled-jsx
4292 silly ADD node_modules/sharp
4293 silly ADD node_modules/@swc/helpers
4294 silly ADD node_modules/@next/swc-win32-x64-msvc
4295 silly ADD node_modules/@next/env
4296 silly ADD node_modules/concat-map
4297 silly ADD node_modules/balanced-match
4298 silly ADD node_modules/brace-expansion
4299 silly ADD node_modules/to-regex-range
4300 silly ADD node_modules/fill-range
4301 silly ADD node_modules/picomatch
4302 silly ADD node_modules/braces
4303 silly ADD node_modules/p-locate
4304 silly ADD node_modules/type-check
4305 silly ADD node_modules/prelude-ls
4306 silly ADD node_modules/language-subtag-registry
4307 silly ADD node_modules/json-buffer
4308 silly ADD node_modules/argparse
4309 silly ADD node_modules/set-function-name
4310 silly ADD node_modules/is-extglob
4311 silly ADD node_modules/side-channel
4312 silly ADD node_modules/resolve-from
4313 silly ADD node_modules/parent-module
4314 silly ADD node_modules/type-fest
4315 silly ADD node_modules/resolve-pkg-maps
4316 silly ADD node_modules/dunder-proto
4317 silly ADD node_modules/is-document.all
4318 silly ADD node_modules/functions-have-names
4319 silly ADD node_modules/rimraf
4320 silly ADD node_modules/keyv
4321 silly ADD node_modules/flatted
4322 silly ADD node_modules/path-exists
4323 silly ADD node_modules/locate-path
4324 silly ADD node_modules/flat-cache
4325 silly ADD node_modules/reusify
4326 silly ADD node_modules/micromatch
4327 silly ADD node_modules/merge2
4328 silly ADD node_modules/acorn-jsx
4329 silly ADD node_modules/acorn
4330 silly ADD node_modules/esrecurse
4331 silly ADD node_modules/iterator.prototype
4332 silly ADD node_modules/string.prototype.repeat
4333 silly ADD node_modules/string.prototype.matchall
4334 silly ADD node_modules/prop-types
4335 silly ADD node_modules/object.entries
4336 silly ADD node_modules/estraverse
4337 silly ADD node_modules/es-iterator-helpers
4338 silly ADD node_modules/array.prototype.tosorted
4339 silly ADD node_modules/array.prototype.findlast
4340 silly ADD node_modules/string.prototype.includes
4341 silly ADD node_modules/language-tags
4342 silly ADD node_modules/jsx-ast-utils
4343 silly ADD node_modules/emoji-regex
4344 silly ADD node_modules/damerau-levenshtein
4345 silly ADD node_modules/axobject-query
4346 silly ADD node_modules/axe-core
4347 silly ADD node_modules/ast-types-flow
4348 silly ADD node_modules/aria-query
4349 silly ADD node_modules/is-symbol
4350 silly ADD node_modules/is-date-object
4351 silly ADD node_modules/es-abstract-get
4352 silly ADD node_modules/has-tostringtag
4353 silly ADD node_modules/possible-typed-array-names
4354 silly ADD node_modules/which-typed-array
4355 silly ADD node_modules/unbox-primitive
4356 silly ADD node_modules/typed-array-length
4357 silly ADD node_modules/typed-array-byte-offset
4358 silly ADD node_modules/typed-array-byte-length
4359 silly ADD node_modules/typed-array-buffer
4360 silly ADD node_modules/string.prototype.trimstart
4361 silly ADD node_modules/string.prototype.trim
4362 silly ADD node_modules/stop-iteration-iterator
4363 silly ADD node_modules/set-proto
4364 silly ADD node_modules/safe-regex-test
4365 silly ADD node_modules/safe-push-apply
4366 silly ADD node_modules/safe-array-concat
4367 silly ADD node_modules/regexp.prototype.flags
4368 silly ADD node_modules/own-keys
4369 silly ADD node_modules/object.assign
4370 silly ADD node_modules/object-inspect
4371 silly ADD node_modules/is-weakref
4372 silly ADD node_modules/is-typed-array
4373 silly ADD node_modules/is-shared-array-buffer
4374 silly ADD node_modules/is-set
4375 silly ADD node_modules/is-regex
4376 silly ADD node_modules/is-negative-zero
4377 silly ADD node_modules/is-data-view
4378 silly ADD node_modules/is-callable
4379 silly ADD node_modules/is-array-buffer
4380 silly ADD node_modules/internal-slot
4381 silly ADD node_modules/has-symbols
4382 silly ADD node_modules/has-proto
4383 silly ADD node_modules/globalthis
4384 silly ADD node_modules/get-symbol-description
4385 silly ADD node_modules/get-proto
4386 silly ADD node_modules/function.prototype.name
4387 silly ADD node_modules/es-to-primitive
4388 silly ADD node_modules/es-set-tostringtag
4389 silly ADD node_modules/data-view-byte-offset
4390 silly ADD node_modules/data-view-byte-length
4391 silly ADD node_modules/data-view-buffer
4392 silly ADD node_modules/available-typed-arrays
4393 silly ADD node_modules/arraybuffer.prototype.slice
4394 silly ADD node_modules/array-buffer-byte-length
4395 silly ADD node_modules/gopd
4396 silly ADD node_modules/object-keys
4397 silly ADD node_modules/has-property-descriptors
4398 silly ADD node_modules/define-data-property
4399 silly ADD node_modules/function-bind
4400 silly ADD node_modules/set-function-length
4401 silly ADD node_modules/get-intrinsic
4402 silly ADD node_modules/es-define-property
4403 silly ADD node_modules/call-bind-apply-helpers
4404 silly ADD node_modules/es-errors
4405 silly ADD node_modules/math-intrinsics
4406 silly ADD node_modules/is-string
4407 silly ADD node_modules/es-shim-unscopables
4408 silly ADD node_modules/es-object-atoms
4409 silly ADD node_modules/es-abstract
4410 silly ADD node_modules/define-properties
4411 silly ADD node_modules/call-bound
4412 silly ADD node_modules/call-bind
4413 silly ADD node_modules/tsconfig-paths
4414 silly ADD node_modules/string.prototype.trimend
4415 silly ADD node_modules/object.values
4416 silly ADD node_modules/object.groupby
4417 silly ADD node_modules/object.fromentries
4418 silly ADD node_modules/hasown
4419 silly ADD node_modules/eslint-module-utils
4420 silly ADD node_modules/eslint-module-utils/node_modules/debug
4421 silly ADD node_modules/array.prototype.flatmap
4422 silly ADD node_modules/array.prototype.flat
4423 silly ADD node_modules/array.prototype.findlastindex
4424 silly ADD node_modules/array-includes
4425 silly ADD node_modules/@rtsao/scc
4426 silly ADD node_modules/unrs-resolver
4427 silly ADD node_modules/stable-hash
4428 silly ADD node_modules/is-bun-module
4429 silly ADD node_modules/get-tsconfig
4430 silly ADD node_modules/@nolyfill/is-core-module
4431 silly ADD node_modules/resolve
4432 silly ADD node_modules/is-core-module
4433 silly ADD node_modules/tinyglobby
4434 silly ADD node_modules/tinyglobby/node_modules/picomatch
4435 silly ADD node_modules/tinyglobby/node_modules/fdir
4436 silly ADD node_modules/semver
4437 silly ADD node_modules/@typescript-eslint/tsconfig-utils
4438 silly ADD node_modules/@typescript-eslint/project-service
4439 silly ADD node_modules/@typescript-eslint/typescript-estree
4440 silly ADD node_modules/@typescript-eslint/typescript-estree/node_modules/balanced-match
4441 silly ADD node_modules/@typescript-eslint/typescript-estree/node_modules/brace-expansion
4442 silly ADD node_modules/@typescript-eslint/typescript-estree/node_modules/minimatch
4443 silly ADD node_modules/@typescript-eslint/types
4444 silly ADD node_modules/ts-api-utils
4445 silly ADD node_modules/@typescript-eslint/visitor-keys
4446 silly ADD node_modules/@typescript-eslint/visitor-keys/node_modules/eslint-visitor-keys
4447 silly ADD node_modules/@typescript-eslint/utils
4448 silly ADD node_modules/@typescript-eslint/type-utils
4449 silly ADD node_modules/@typescript-eslint/scope-manager
4450 silly ADD node_modules/fast-glob
4451 silly ADD node_modules/fast-glob/node_modules/glob-parent
4452 silly ADD node_modules/eslint-plugin-react-hooks
4453 silly ADD node_modules/eslint-plugin-react
4454 silly ADD node_modules/eslint-plugin-react/node_modules/semver
4455 silly ADD node_modules/eslint-plugin-react/node_modules/doctrine
4456 silly ADD node_modules/eslint-plugin-jsx-a11y
4457 silly ADD node_modules/eslint-plugin-import
4458 silly ADD node_modules/eslint-plugin-import/node_modules/semver
4459 silly ADD node_modules/eslint-plugin-import/node_modules/doctrine
4460 silly ADD node_modules/eslint-plugin-import/node_modules/debug
4461 silly ADD node_modules/eslint-import-resolver-typescript
4462 silly ADD node_modules/eslint-import-resolver-node
4463 silly ADD node_modules/eslint-import-resolver-node/node_modules/debug
4464 silly ADD node_modules/@typescript-eslint/parser
4465 silly ADD node_modules/@typescript-eslint/eslint-plugin
4466 silly ADD node_modules/@typescript-eslint/eslint-plugin/node_modules/ignore
4467 silly ADD node_modules/@rushstack/eslint-patch
4468 silly ADD node_modules/@next/eslint-plugin-next
4469 silly ADD node_modules/ms
4470 silly ADD node_modules/which
4471 silly ADD node_modules/shebang-command
4472 silly ADD node_modules/path-key
4473 silly ADD node_modules/color-name
4474 silly ADD node_modules/color-convert
4475 silly ADD node_modules/supports-color
4476 silly ADD node_modules/ansi-styles
4477 silly ADD node_modules/uri-js
4478 silly ADD node_modules/json-schema-traverse
4479 silly ADD node_modules/fast-json-stable-stringify
4480 silly ADD node_modules/run-parallel
4481 silly ADD node_modules/@nodelib/fs.stat
4482 silly ADD node_modules/fastq
4483 silly ADD node_modules/@nodelib/fs.scandir
4484 silly ADD node_modules/@humanwhocodes/object-schema
4485 silly ADD node_modules/strip-json-comments
4486 silly ADD node_modules/import-fresh
4487 silly ADD node_modules/text-table
4488 silly ADD node_modules/strip-ansi
4489 silly ADD node_modules/optionator
4490 silly ADD node_modules/natural-compare
4491 silly ADD node_modules/minimatch
4492 silly ADD node_modules/lodash.merge
4493 silly ADD node_modules/levn
4494 silly ADD node_modules/json-stable-stringify-without-jsonify
4495 silly ADD node_modules/js-yaml
4496 silly ADD node_modules/is-path-inside
4497 silly ADD node_modules/is-glob
4498 silly ADD node_modules/imurmurhash
4499 silly ADD node_modules/ignore
4500 silly ADD node_modules/graphemer
4501 silly ADD node_modules/globals
4502 silly ADD node_modules/glob-parent
4503 silly ADD node_modules/find-up
4504 silly ADD node_modules/file-entry-cache
4505 silly ADD node_modules/fast-deep-equal
4506 silly ADD node_modules/esutils
4507 silly ADD node_modules/esquery
4508 silly ADD node_modules/espree
4509 silly ADD node_modules/eslint-visitor-keys
4510 silly ADD node_modules/eslint-scope
4511 silly ADD node_modules/escape-string-regexp
4512 silly ADD node_modules/doctrine
4513 silly ADD node_modules/debug
4514 silly ADD node_modules/cross-spawn
4515 silly ADD node_modules/chalk
4516 silly ADD node_modules/ajv
4517 silly ADD node_modules/@ungap/structured-clone
4518 silly ADD node_modules/@nodelib/fs.walk
4519 silly ADD node_modules/@humanwhocodes/module-importer
4520 silly ADD node_modules/@humanwhocodes/config-array
4521 silly ADD node_modules/@eslint/js
4522 silly ADD node_modules/@eslint/eslintrc
4523 silly ADD node_modules/@eslint-community/regexpp
4524 silly ADD node_modules/@eslint-community/eslint-utils
4525 silly ADD node_modules/update-browserslist-db
4526 silly ADD node_modules/node-releases
4527 silly ADD node_modules/electron-to-chromium
4528 silly ADD node_modules/baseline-browser-mapping
4529 silly ADD node_modules/postcss-value-parser
4530 silly ADD node_modules/picocolors
4531 silly ADD node_modules/fraction.js
4532 silly ADD node_modules/caniuse-lite
4533 silly ADD node_modules/browserslist
4534 silly ADD node_modules/csstype
4535 silly ADD node_modules/undici-types
4536 silly ADD node_modules/iceberg-js
4537 silly ADD node_modules/@supabase/phoenix
4538 silly ADD node_modules/tslib
4539 silly ADD node_modules/@supabase/storage-js
4540 silly ADD node_modules/@supabase/realtime-js
4541 silly ADD node_modules/@supabase/postgrest-js
4542 silly ADD node_modules/@supabase/functions-js
4543 silly ADD node_modules/@supabase/auth-js
4544 silly ADD node_modules/cookie
4545 silly ADD node_modules/@types/cookie
4546 silly ADD node_modules/zod
4547 silly ADD node_modules/ua-parser-js
4548 silly ADD node_modules/typescript
4549 silly ADD node_modules/tailwindcss
4550 silly ADD node_modules/tailwindcss/node_modules/resolve
4551 silly ADD node_modules/tailwindcss/node_modules/fast-glob
4552 silly ADD node_modules/tailwindcss/node_modules/fast-glob/node_modules/glob-parent
4553 silly ADD node_modules/recharts
4554 silly ADD node_modules/recharts/node_modules/react-is
4555 silly ADD node_modules/qrcode
4556 silly ADD node_modules/react-dom
4557 silly ADD node_modules/react
4558 silly ADD node_modules/next
4559 silly ADD node_modules/next/node_modules/nanoid
4560 silly ADD node_modules/next/node_modules/postcss
4561 silly ADD node_modules/nanoid
4562 silly ADD node_modules/eslint-config-next
4563 silly ADD node_modules/eslint
4564 silly ADD node_modules/postcss
4565 silly ADD node_modules/postcss/node_modules/nanoid
4566 silly ADD node_modules/autoprefixer
4567 silly ADD node_modules/@types/react-dom
4568 silly ADD node_modules/@types/react
4569 silly ADD node_modules/@types/qrcode
4570 silly ADD node_modules/@types/node
4571 silly ADD node_modules/@supabase/supabase-js
4572 silly ADD node_modules/@supabase/ssr
4573 warn allow-scripts 1 package has install scripts not yet covered by allowScripts:
4573 warn allow-scripts   unrs-resolver@1.12.2 (postinstall: node postinstall.js)
4573 warn allow-scripts
4573 warn allow-scripts Run `npm approve-scripts --allow-scripts-pending` to review, or `npm approve-scripts <pkg>` to allow.
4574 verbose cwd C:\Users\ricar\Documents\Codex\2026-09-30\build-a-link-shortener-with-click
4575 verbose os Windows_NT 10.0.26200
4576 verbose node v24.19.0
4577 verbose npm  v11.17.0
4578 verbose exit 0
4579 info ok
